id,safra,y,VAR_6,VAR_20,VAR_19,VAR_25,VAR_44,VAR_9,VAR_57,VAR_33
1,201404,0,3277.0,8,45.0,12.0,11.0,500.0,45,18.0
2,201407,0,2443.0,12,18.0,9.0,9.0,1000.0,60,13.0
3,201405,0,1824.0,12,2.0,3.0,12.0,1893.35,31,2.0
4,201412,0,3796.0,12,11.0,0.0,6.0,3000.0,76,3.0
5,201403,1,437.0,12,0.0,0.0,0.0,2000.0,38,0.0
6,201405,0,140.0,10,0.0,0.0,0.0,400.0,33,0.0
7,201404,0,218.0,5,0.0,0.0,0.0,953.42,39,0.0
8,201409,0,301.0,9,0.0,0.0,0.0,800.0,35,0.0
9,201408,0,858.0,12,0.0,0.0,4.0,1000.0,49,0.0
10,201404,0,1716.0,12,7.0,12.0,12.0,1200.0,50,1.0
11,201403,0,1913.0,12,12.0,11.0,0.0,1000.0,52,3.0
12,201408,0,2941.0,12,5.0,0.0,0.0,1000.0,45,7.0
13,201411,1,489.0,12,0.0,0.0,0.0,1000.0,45,0.0
14,201401,0,1903.0,12,14.0,11.0,12.0,750.0,52,1.0
15,201412,0,1228.0,6,0.0,3.0,10.0,500.0,41,0.0
16,201402,1,1542.0,12,5.0,0.0,10.0,1500.0,42,1.0
17,201412,0,1100.0,12,0.0,0.0,12.0,2500.0,66,0.0
18,201404,0,407.0,12,0.0,0.0,0.0,600.0,45,0.0
19,201407,1,203.0,12,0.0,0.0,0.0,1985.5,51,0.0
20,201411,0,1466.0,12,0.0,6.0,6.0,2000.0,54,1.0
21,201406,0,101.0,12,0.0,0.0,0.0,600.0,27,0.0
22,201402,1,410.0,12,0.0,0.0,0.0,2500.0,68,0.0
23,201404,1,3418.0,12,41.0,0.0,4.0,3000.0,44,10.0
24,201401,0,210.0,12,0.0,0.0,0.0,1000.0,45,0.0
25,201401,0,628.0,12,0.0,0.0,0.0,2000.0,67,0.0
26,201402,1,275.0,12,0.0,0.0,0.0,1218.23,65,0.0
27,201401,0,887.0,5,0.0,0.0,6.0,500.0,55,0.0
28,201404,0,626.0,12,0.0,0.0,0.0,1200.0,56,0.0
29,201406,0,1302.0,8,0.0,6.0,9.0,2000.0,26,0.0
30,201405,0,4926.0,12,19.0,9.0,12.0,1000.0,46,16.0
31,201412,0,2521.0,7,28.0,7.0,12.0,500.0,35,6.0
32,201411,0,3758.0,12,66.0,11.0,12.0,600.0,32,10.0
33,201407,0,3975.0,12,39.0,6.0,11.0,2759.03,46,32.0
34,201408,0,1091.0,12,0.0,0.0,11.0,1000.0,36,0.0
35,201407,0,309.0,12,0.0,0.0,0.0,1735.39,32,0.0
36,201411,1,612.0,12,0.0,0.0,0.0,1600.0,41,0.0
37,201403,0,580.0,12,0.0,0.0,0.0,692.96,25,0.0
38,201405,0,2041.0,12,18.0,1.0,3.0,1000.0,55,2.0
39,201401,1,2653.0,12,16.0,0.0,0.0,1433.11,32,3.0
40,201408,1,878.0,12,0.0,0.0,4.0,1200.0,46,0.0
41,201410,0,1285.0,5,0.0,5.0,12.0,700.0,31,0.0
42,201401,0,4414.0,12,86.0,12.0,12.0,1000.0,69,3.0
43,201407,1,1622.0,12,5.0,6.0,0.0,2000.0,37,1.0
44,201401,1,495.0,6,0.0,0.0,0.0,200.0,32,0.0
45,201405,0,1793.0,6,10.0,10.0,12.0,700.0,35,1.0
46,201402,0,2157.0,10,9.0,0.0,3.0,1000.0,41,7.0
47,201411,0,254.0,8,0.0,0.0,0.0,600.0,64,0.0
48,201412,0,310.0,12,0.0,0.0,0.0,1200.0,57,0.0
49,201412,1,904.0,10,0.0,0.0,5.0,300.0,33,0.0
50,201406,0,1840.0,12,1.0,0.0,3.0,1000.0,30,1.0
51,201406,0,1016.0,10,0.0,0.0,9.0,1692.0,42,0.0
52,201405,0,875.0,12,0.0,0.0,2.0,2300.0,57,0.0
53,201401,1,2944.0,10,17.0,0.0,1.0,1300.0,31,4.0
54,201405,0,1378.0,4,0.0,4.0,0.0,1000.0,46,0.0
55,201409,1,2692.0,12,10.0,0.0,1.0,2500.0,39,3.0
56,201410,0,,12,,,,500.0,56,
57,201401,1,1626.0,10,5.0,4.0,6.0,800.0,66,1.0
58,201410,0,,12,,,,1200.0,70,
59,201411,0,2117.0,12,19.0,7.0,6.0,2289.18,44,3.0
60,201405,1,624.0,12,0.0,0.0,0.0,1878.36,35,0.0
61,201405,1,2125.0,12,19.0,5.0,9.0,1500.0,29,3.0
62,201410,0,241.0,6,0.0,0.0,0.0,320.0,41,0.0
63,201404,0,276.0,12,0.0,0.0,0.0,1000.0,73,0.0
64,201407,0,733.0,6,0.0,0.0,0.0,600.0,41,0.0
65,201406,0,694.0,6,0.0,0.0,0.0,1000.0,71,0.0
66,201403,1,995.0,10,0.0,0.0,9.0,1000.0,51,0.0
67,201410,0,2868.0,12,32.0,0.0,0.0,1500.0,47,4.0
68,201401,0,1930.0,12,12.0,12.0,10.0,500.0,37,4.0
69,201405,0,809.0,6,0.0,0.0,5.0,500.0,32,0.0
70,201404,0,226.0,12,0.0,0.0,0.0,1000.0,30,0.0
71,201407,0,4774.0,12,27.0,0.0,11.0,3000.0,70,12.0
72,201411,0,2899.0,12,20.0,0.0,6.0,700.0,63,6.0
73,201402,0,461.0,12,0.0,0.0,0.0,819.0,71,0.0
74,201408,0,3287.0,12,13.0,2.0,8.0,1960.3,35,13.0
75,201402,1,876.0,12,0.0,0.0,5.0,2668.0,38,0.0
76,201409,0,635.0,12,0.0,0.0,0.0,791.06,35,0.0
77,201408,1,341.0,5,0.0,0.0,0.0,390.0,31,0.0
78,201411,1,391.0,12,0.0,0.0,0.0,1000.0,47,0.0
79,201402,0,1206.0,12,0.0,1.0,12.0,1000.0,45,0.0
80,201405,0,1406.0,12,0.0,6.0,11.0,1000.0,44,0.0
81,201401,0,4632.0,12,48.0,9.0,11.0,900.0,69,22.0
82,201408,0,1045.0,6,0.0,0.0,8.0,1000.0,32,0.0
83,201404,0,1004.0,10,0.0,0.0,8.0,400.0,32,0.0
84,201407,0,1068.0,12,0.0,0.0,11.0,1500.0,55,0.0
85,201404,0,706.0,10,0.0,0.0,0.0,600.0,31,0.0
86,201402,1,875.0,12,0.0,0.0,4.0,500.0,32,0.0
87,201408,0,2444.0,12,29.0,11.0,11.0,1200.0,68,2.0
88,201404,0,999.0,12,0.0,0.0,9.0,713.41,68,0.0
89,201404,0,684.0,12,0.0,0.0,0.0,800.0,45,0.0
90,201402,1,191.0,12,0.0,0.0,0.0,2500.0,25,0.0
91,201410,1,2177.0,12,16.0,2.0,1.0,1000.0,74,3.0
92,201407,0,553.0,8,0.0,0.0,0.0,800.0,31,0.0
93,201409,0,3515.0,12,52.0,9.0,11.0,1500.0,54,13.0
94,201410,0,840.0,12,0.0,0.0,3.0,1085.98,24,0.0
95,201408,1,565.0,12,0.0,0.0,0.0,800.0,36,0.0
96,201408,0,604.0,12,0.0,0.0,0.0,1042.07,29,0.0
97,201407,0,1378.0,6,0.0,8.0,12.0,1000.0,47,0.0
98,201412,1,557.0,10,0.0,0.0,0.0,950.0,45,0.0
99,201407,0,3009.0,3,38.0,3.0,12.0,1000.0,46,1.0
100,201405,0,292.0,12,0.0,0.0,0.0,700.0,45,0.0
101,201412,0,3023.0,10,7.0,0.0,6.0,2000.0,39,28.0
102,201402,0,707.0,6,0.0,0.0,0.0,150.0,35,0.0
103,201410,0,2913.0,12,16.0,0.0,0.0,800.0,45,7.0
104,201401,1,529.0,12,0.0,0.0,0.0,1291.73,48,0.0
105,201408,1,165.0,12,0.0,0.0,0.0,800.0,30,0.0
106,201401,0,223.0,6,0.0,0.0,0.0,260.0,37,0.0
107,201402,0,1655.0,12,6.0,10.0,12.0,1000.0,55,1.0
108,201405,0,641.0,12,0.0,0.0,0.0,1550.0,52,0.0
109,201407,1,217.0,12,0.0,0.0,0.0,800.0,44,0.0
110,201406,1,244.0,12,0.0,0.0,0.0,1500.0,62,0.0
111,201406,0,683.0,12,0.0,0.0,0.0,1000.0,55,0.0
112,201410,1,2806.0,12,3.0,0.0,6.0,1000.0,32,2.0
113,201407,0,1170.0,12,0.0,2.0,12.0,1000.0,49,0.0
114,201401,0,210.0,12,0.0,0.0,0.0,1294.58,32,0.0
115,201402,0,801.0,12,0.0,0.0,3.0,1148.0,58,0.0
116,201412,1,1192.0,12,0.0,2.0,10.0,1539.93,31,0.0
117,201403,1,987.0,12,0.0,0.0,10.0,1000.0,45,0.0
118,201408,0,157.0,4,0.0,0.0,0.0,700.0,22,0.0
119,201406,0,600.0,12,0.0,0.0,0.0,2000.0,29,0.0
120,201405,0,1614.0,12,3.0,8.0,12.0,1380.0,40,2.0
121,201404,0,218.0,12,0.0,0.0,0.0,153.78,38,0.0
122,201402,1,357.0,12,0.0,0.0,0.0,1275.0,54,0.0
123,201411,0,792.0,12,0.0,0.0,2.0,1000.0,38,0.0
124,201405,0,2450.0,12,17.0,6.0,10.0,1000.0,31,11.0
125,201405,0,455.0,12,0.0,0.0,0.0,1776.05,48,0.0
126,201404,1,418.0,12,0.0,0.0,0.0,1200.0,47,0.0
127,201412,0,1570.0,12,1.0,4.0,12.0,1000.0,37,1.0
128,201402,0,1915.0,12,9.0,11.0,12.0,1500.0,28,6.0
129,201408,0,444.0,12,0.0,0.0,0.0,800.0,37,0.0
130,201408,0,511.0,10,0.0,0.0,0.0,500.0,33,0.0
131,201401,0,479.0,12,0.0,0.0,0.0,250.0,57,0.0
132,201408,0,301.0,12,0.0,0.0,0.0,3000.0,73,0.0
133,201407,0,596.0,12,0.0,0.0,0.0,2400.0,41,0.0
134,201406,1,177.0,12,0.0,0.0,0.0,919.0,53,0.0
135,201411,0,900.0,12,0.0,0.0,3.0,1000.0,24,0.0
136,201407,0,2916.0,12,23.0,7.0,3.0,1200.0,33,16.0
137,201405,0,805.0,12,0.0,0.0,6.0,1000.0,59,0.0
138,201406,0,1455.0,12,0.0,9.0,7.0,3000.0,55,0.0
139,201411,0,330.0,10,0.0,0.0,0.0,610.0,62,0.0
140,201408,1,1133.0,10,0.0,0.0,11.0,700.0,30,0.0
141,201401,0,730.0,12,0.0,0.0,0.0,2000.0,48,0.0
142,201408,0,252.0,12,0.0,0.0,0.0,1000.0,32,0.0
143,201406,0,516.0,4,0.0,0.0,0.0,400.0,30,0.0
144,201409,1,457.0,12,0.0,0.0,0.0,1400.0,44,0.0
145,201409,0,2693.0,3,8.0,2.0,3.0,910.49,45,5.0
146,201405,0,704.0,5,0.0,0.0,0.0,500.0,33,0.0
147,201402,1,2706.0,12,28.0,1.0,0.0,568.83,45,9.0
148,201408,0,1115.0,10,0.0,0.0,12.0,1000.0,44,0.0
149,201408,0,627.0,12,0.0,0.0,0.0,807.0,47,0.0
150,201405,1,876.0,12,0.0,0.0,4.0,1000.0,37,0.0
151,201408,0,4225.0,3,52.0,0.0,12.0,560.0,57,6.0
152,201411,0,1127.0,5,0.0,0.0,12.0,400.0,34,0.0
153,201408,0,1258.0,12,0.0,5.0,11.0,2252.69,57,0.0
154,201409,0,1786.0,12,8.0,8.0,7.0,2432.26,45,2.0
155,201403,1,1034.0,12,0.0,1.0,7.0,2458.39,33,0.0
156,201403,0,452.0,12,0.0,0.0,0.0,751.62,33,0.0
157,201405,0,893.0,12,0.0,0.0,5.0,1000.0,31,0.0
158,201408,0,808.0,12,0.0,0.0,3.0,943.45,37,0.0
159,201402,1,312.0,12,0.0,0.0,0.0,1000.0,47,0.0
160,201409,0,333.0,8,0.0,0.0,0.0,400.0,38,0.0
161,201409,1,2586.0,12,6.0,0.0,9.0,1500.0,54,3.0
162,201408,0,1257.0,10,0.0,5.0,12.0,1200.0,46,0.0
163,201406,1,622.0,12,0.0,0.0,0.0,2971.59,36,0.0
164,201409,0,440.0,5,0.0,0.0,0.0,548.46,29,0.0
165,201406,1,641.0,12,0.0,0.0,0.0,954.47,34,0.0
166,201407,0,2433.0,12,13.0,7.0,10.0,1196.0,39,4.0
167,201406,0,2799.0,12,38.0,10.0,11.0,1492.0,41,4.0
168,201408,1,232.0,12,0.0,0.0,0.0,2600.0,59,0.0
169,201407,0,1919.0,12,5.0,5.0,7.0,1000.0,39,3.0
170,201410,1,553.0,12,0.0,0.0,0.0,600.0,54,0.0
171,201404,0,313.0,12,0.0,0.0,0.0,1000.0,53,0.0
172,201406,1,359.0,12,0.0,0.0,0.0,330.0,46,0.0
173,201403,0,992.0,12,0.0,0.0,6.0,1000.0,43,0.0
174,201404,0,2907.0,12,29.0,9.0,12.0,2000.0,61,15.0
175,201412,1,822.0,12,0.0,0.0,7.0,1000.0,37,0.0
176,201409,1,364.0,12,0.0,0.0,0.0,2454.88,40,0.0
177,201404,0,3434.0,12,3.0,0.0,3.0,1500.0,31,15.0
178,201407,1,694.0,5,0.0,0.0,0.0,400.0,32,0.0
179,201403,0,1076.0,10,0.0,0.0,6.0,1000.0,47,0.0
180,201404,0,2553.0,12,18.0,0.0,3.0,1000.0,41,5.0
181,201412,1,442.0,9,0.0,0.0,0.0,1500.0,44,0.0
182,201402,0,556.0,3,0.0,0.0,0.0,200.0,72,0.0
183,201403,0,444.0,10,0.0,0.0,0.0,660.91,54,0.0
184,201405,0,1246.0,12,0.0,4.0,12.0,1500.0,36,0.0
185,201409,1,532.0,12,0.0,0.0,0.0,2076.98,54,0.0
186,201404,0,2375.0,12,30.0,12.0,11.0,1720.5,36,1.0
187,201403,1,986.0,12,0.0,0.0,6.0,800.23,28,0.0
188,201407,1,1944.0,12,12.0,10.0,11.0,3000.0,53,3.0
189,201411,0,477.0,4,0.0,0.0,0.0,400.0,34,0.0
190,201405,0,265.0,12,0.0,0.0,0.0,1500.0,48,0.0
191,201407,1,377.0,12,0.0,0.0,0.0,865.99,39,0.0
192,201407,0,301.0,12,0.0,0.0,0.0,800.0,51,0.0
193,201408,0,875.0,12,0.0,0.0,6.0,700.0,29,0.0
194,201403,0,1702.0,5,7.0,12.0,12.0,400.0,35,1.0
195,201409,0,1192.0,3,0.0,2.0,11.0,300.0,40,0.0
196,201404,0,1031.0,12,0.0,0.0,10.0,500.0,32,0.0
197,201410,0,2537.0,12,19.0,7.0,3.0,1000.0,42,7.0
198,201409,0,3257.0,12,7.0,0.0,6.0,1200.0,28,5.0
199,201407,0,2193.0,12,5.0,0.0,5.0,1000.0,43,14.0
200,201402,1,1071.0,12,0.0,0.0,11.0,1000.0,29,0.0
201,201402,1,794.0,12,0.0,0.0,3.0,2900.69,39,0.0
202,201405,0,441.0,5,0.0,0.0,0.0,500.0,44,0.0
203,201405,0,307.0,12,0.0,0.0,0.0,2000.0,49,0.0
204,201407,0,1931.0,12,14.0,9.0,12.0,2000.0,44,2.0
205,201407,0,2823.0,5,5.0,0.0,1.0,300.0,46,4.0
206,201410,1,298.0,10,0.0,0.0,0.0,1500.0,31,0.0
207,201408,1,1703.0,12,8.0,2.0,0.0,1200.0,30,1.0
208,201408,0,205.0,12,0.0,0.0,0.0,1654.76,54,0.0
209,201412,0,1339.0,10,0.0,5.0,8.0,1930.0,54,0.0
210,201404,0,1280.0,12,0.0,5.0,10.0,800.0,57,0.0
211,201412,0,1206.0,12,0.0,2.0,10.0,700.0,34,0.0
212,201411,1,168.0,12,0.0,0.0,0.0,850.0,45,0.0
213,201408,0,242.0,12,0.0,0.0,0.0,1500.0,40,0.0
214,201403,0,292.0,12,0.0,0.0,0.0,921.6,30,0.0
215,201403,1,250.0,12,0.0,0.0,0.0,300.0,31,0.0
216,201406,0,521.0,3,0.0,0.0,0.0,500.0,45,0.0
217,201408,0,813.0,5,0.0,0.0,5.0,300.0,30,0.0
218,201407,0,3606.0,12,28.0,0.0,7.0,2000.0,53,2.0
219,201405,0,843.0,3,0.0,0.0,4.0,500.0,54,0.0
220,201409,0,1529.0,10,2.0,10.0,12.0,1000.0,44,1.0
221,201404,0,211.0,12,0.0,0.0,0.0,900.0,29,0.0
222,201402,1,539.0,12,0.0,0.0,0.0,2000.0,52,0.0
223,201403,0,2460.0,3,19.0,10.0,8.0,200.0,28,14.0
224,201403,1,2698.0,12,15.0,3.0,1.0,500.0,30,4.0
225,201409,0,304.0,3,0.0,0.0,0.0,500.0,53,0.0
226,201405,0,2623.0,12,32.0,5.0,6.0,2060.0,52,8.0
227,201407,0,377.0,5,0.0,0.0,0.0,600.0,48,0.0
228,201403,0,3035.0,12,42.0,11.0,12.0,1000.0,61,9.0
229,201402,0,1096.0,12,0.0,0.0,10.0,1000.0,28,0.0
230,201402,0,4326.0,12,10.0,0.0,0.0,1300.0,47,8.0
231,201403,0,2689.0,10,27.0,9.0,10.0,1500.0,53,4.0
232,201405,0,,12,,,,1000.0,50,
233,201409,0,349.0,12,0.0,0.0,0.0,1200.0,53,0.0
234,201410,1,165.0,12,0.0,0.0,0.0,807.0,43,0.0
235,201402,0,1492.0,4,0.0,2.0,1.0,280.0,41,2.0
236,201405,0,743.0,12,0.0,0.0,3.0,1000.0,33,0.0
237,201402,1,235.0,12,0.0,0.0,0.0,2249.3,30,0.0
238,201403,0,837.0,12,0.0,0.0,3.0,1200.0,33,0.0
239,201401,1,602.0,12,0.0,0.0,0.0,1607.6,44,0.0
240,201412,0,362.0,12,0.0,0.0,0.0,2232.5,35,0.0
241,201401,0,770.0,12,0.0,0.0,2.0,2500.0,34,0.0
242,201410,1,732.0,12,0.0,0.0,0.0,800.0,42,0.0
243,201406,0,4239.0,4,17.0,4.0,10.0,330.0,67,6.0
244,201411,0,740.0,12,0.0,0.0,0.0,1000.0,37,0.0
245,201407,0,4455.0,10,41.0,5.0,11.0,1000.0,30,31.0
246,201401,1,752.0,6,0.0,0.0,1.0,1000.0,45,0.0
247,201407,0,1299.0,12,0.0,5.0,9.0,2330.43,29,0.0
248,201408,0,409.0,12,0.0,0.0,0.0,1000.0,32,0.0
249,201401,0,1078.0,12,0.0,1.0,6.0,1340.23,22,0.0
250,201412,0,635.0,12,0.0,0.0,0.0,1380.0,51,0.0
251,201403,0,3483.0,12,29.0,5.0,7.0,1000.0,43,34.0
252,201405,0,976.0,12,0.0,0.0,8.0,2000.0,67,0.0
253,201405,0,1124.0,12,0.0,0.0,11.0,1300.0,65,0.0
254,201401,0,793.0,6,0.0,0.0,2.0,1000.0,29,0.0
255,201405,0,1102.0,12,0.0,0.0,12.0,1228.02,46,0.0
256,201412,0,729.0,12,0.0,0.0,1.0,500.0,32,0.0
257,201406,0,193.0,12,0.0,0.0,0.0,1000.0,27,0.0
258,201407,0,259.0,12,0.0,0.0,0.0,1000.0,44,0.0
259,201411,0,4488.0,5,43.0,0.0,0.0,500.0,45,5.0
260,201405,1,386.0,3,0.0,0.0,0.0,200.0,45,0.0
261,201409,0,255.0,12,0.0,0.0,0.0,1000.0,26,0.0
262,201403,0,461.0,6,0.0,0.0,0.0,310.3,23,0.0
263,201407,0,990.0,12,0.0,0.0,9.0,1000.0,52,0.0
264,201403,0,1179.0,12,0.0,2.0,12.0,1000.0,46,0.0
265,201401,1,2229.0,10,19.0,6.0,8.0,705.12,38,6.0
266,201403,0,406.0,12,0.0,0.0,0.0,1000.0,30,0.0
267,201401,0,768.0,3,0.0,0.0,1.0,320.0,31,0.0
268,201409,1,484.0,12,0.0,0.0,0.0,1200.0,68,0.0
269,201408,0,711.0,5,0.0,0.0,0.0,578.29,54,0.0
270,201402,1,552.0,12,0.0,0.0,0.0,1159.0,35,0.0
271,201412,0,518.0,6,0.0,0.0,0.0,1000.0,46,0.0
272,201406,0,877.0,9,0.0,0.0,6.0,900.0,55,0.0
273,201411,1,236.0,12,0.0,0.0,0.0,758.25,34,0.0
274,201402,0,913.0,12,0.0,0.0,6.0,2500.0,34,0.0
275,201405,1,476.0,9,0.0,0.0,0.0,1000.0,52,0.0
276,201401,0,754.0,10,0.0,0.0,0.0,200.0,46,0.0
277,201409,1,676.0,8,0.0,0.0,0.0,1500.0,56,0.0
278,201406,0,732.0,10,0.0,0.0,1.0,832.87,31,0.0
279,201411,1,597.0,5,0.0,0.0,0.0,600.0,26,0.0
280,201401,1,1107.0,12,0.0,0.0,11.0,1300.0,59,0.0
281,201405,0,367.0,12,0.0,0.0,0.0,831.1,23,0.0
282,201404,0,497.0,12,0.0,0.0,0.0,1800.0,42,0.0
283,201405,0,2315.0,12,18.0,9.0,11.0,1040.0,45,8.0
284,201403,0,1081.0,12,0.0,0.0,11.0,730.0,45,0.0
285,201402,0,3844.0,10,68.0,9.0,11.0,2387.92,31,9.0
286,201409,1,778.0,12,0.0,0.0,2.0,1000.0,45,0.0
287,201407,0,2133.0,12,12.0,5.0,11.0,2000.0,61,10.0
288,201405,1,436.0,12,0.0,0.0,0.0,500.0,58,0.0
289,201402,0,500.0,12,0.0,0.0,0.0,600.0,45,0.0
290,201405,0,729.0,12,0.0,0.0,0.0,600.0,23,0.0
291,201402,0,2222.0,12,24.0,12.0,11.0,500.0,71,1.0
292,201402,0,1032.0,12,0.0,0.0,10.0,1979.69,40,0.0
293,201402,0,194.0,6,0.0,0.0,0.0,500.0,28,0.0
294,201407,0,1388.0,8,0.0,9.0,5.0,1000.0,33,0.0
295,201406,1,3105.0,5,18.0,1.0,0.0,370.0,31,14.0
296,201406,1,396.0,12,0.0,0.0,0.0,2600.0,63,0.0
297,201407,1,1395.0,12,0.0,9.0,11.0,2000.0,43,0.0
298,201403,1,539.0,12,0.0,0.0,0.0,800.0,74,0.0
299,201405,0,4623.0,12,104.0,11.0,12.0,1500.0,68,1.0
300,201412,0,274.0,12,0.0,0.0,0.0,800.0,31,0.0
301,201405,0,412.0,12,0.0,0.0,0.0,953.54,50,0.0
302,201410,1,455.0,12,0.0,0.0,0.0,1251.42,31,0.0
303,201406,0,2814.0,12,39.0,11.0,7.0,2000.0,65,6.0
304,201408,0,901.0,12,0.0,0.0,7.0,2393.16,40,0.0
305,201412,0,484.0,5,0.0,0.0,0.0,350.0,25,0.0
306,201412,1,239.0,12,0.0,0.0,0.0,892.36,18,0.0
307,201407,0,482.0,6,0.0,0.0,0.0,1000.0,67,0.0
308,201401,1,522.0,12,0.0,0.0,0.0,500.0,55,0.0
309,201401,0,1340.0,10,0.0,7.0,8.0,1000.0,27,0.0
310,201409,0,1855.0,8,9.0,7.0,8.0,600.0,76,4.0
311,201404,0,333.0,6,0.0,0.0,0.0,500.0,50,0.0
312,201407,1,218.0,12,0.0,0.0,0.0,2000.0,28,0.0
313,201407,0,1276.0,6,0.0,2.0,12.0,500.0,59,0.0
314,201407,0,675.0,6,0.0,0.0,0.0,500.0,55,0.0
315,201406,0,1988.0,12,15.0,10.0,12.0,1500.0,47,3.0
316,201402,0,3244.0,12,37.0,9.0,8.0,1500.0,68,17.0
317,201411,0,1147.0,10,0.0,1.0,11.0,1200.0,45,0.0
318,201410,0,2025.0,12,5.0,0.0,0.0,1000.0,49,1.0
319,201405,0,518.0,12,0.0,0.0,0.0,400.0,40,0.0
320,201411,0,268.0,6,0.0,0.0,0.0,1000.0,45,0.0
321,201403,0,231.0,5,0.0,0.0,0.0,500.0,32,0.0
322,201406,0,2460.0,12,8.0,11.0,10.0,3000.0,71,2.0
323,201412,0,1165.0,12,0.0,2.0,10.0,2000.0,60,0.0
324,201410,0,1078.0,12,0.0,0.0,7.0,2209.0,44,0.0
325,201408,0,3085.0,5,32.0,3.0,5.0,350.0,33,10.0
326,201401,0,775.0,12,0.0,0.0,4.0,1000.0,54,0.0
327,201404,1,2436.0,12,13.0,10.0,11.0,2000.0,34,4.0
328,201405,1,1484.0,12,1.0,9.0,10.0,600.0,30,1.0
329,201409,0,1441.0,5,0.0,6.0,11.0,350.0,28,0.0
330,201409,0,705.0,5,0.0,0.0,0.0,500.0,22,0.0
331,201404,1,479.0,8,0.0,0.0,0.0,622.12,22,0.0
332,201403,1,835.0,4,0.0,0.0,4.0,500.0,26,0.0
333,201405,1,3246.0,12,51.0,6.0,12.0,1000.0,33,6.0
334,201402,1,308.0,12,0.0,0.0,0.0,1744.24,31,0.0
335,201411,1,502.0,12,0.0,0.0,0.0,400.0,30,0.0
336,201405,1,622.0,12,0.0,0.0,0.0,600.0,32,0.0
337,201412,1,852.0,12,0.0,0.0,4.0,1500.0,44,0.0
338,201411,0,1736.0,6,8.0,12.0,10.0,884.0,53,1.0
339,201409,0,753.0,3,0.0,0.0,1.0,300.0,52,0.0
340,201409,1,522.0,10,0.0,0.0,0.0,1600.0,66,0.0
341,201407,1,3764.0,12,44.0,5.0,12.0,1500.0,66,28.0
342,201401,0,3916.0,12,52.0,9.0,3.0,770.0,65,16.0
343,201405,1,296.0,8,0.0,0.0,0.0,200.0,33,0.0
344,201404,0,773.0,8,0.0,0.0,2.0,500.0,27,0.0
345,201401,0,944.0,12,0.0,0.0,7.0,2100.0,45,0.0
346,201404,0,1928.0,3,11.0,4.0,10.0,200.0,26,3.0
347,201404,1,435.0,12,0.0,0.0,0.0,240.0,29,0.0
348,201403,0,3554.0,12,13.0,0.0,4.0,1900.0,43,7.0
349,201409,0,2500.0,12,31.0,12.0,12.0,3000.0,50,2.0
350,201410,0,763.0,12,0.0,0.0,1.0,1000.0,56,0.0
351,201412,0,231.0,12,0.0,0.0,0.0,1500.0,62,0.0
352,201406,0,976.0,12,0.0,1.0,12.0,988.78,55,0.0
353,201406,1,382.0,12,0.0,0.0,0.0,1874.78,52,0.0
354,201406,0,672.0,12,0.0,0.0,0.0,2015.06,30,0.0
355,201410,0,317.0,12,0.0,0.0,0.0,1500.0,46,0.0
356,201412,1,878.0,12,0.0,0.0,4.0,1931.06,34,0.0
357,201409,0,337.0,6,0.0,0.0,0.0,1000.0,44,0.0
358,201409,1,884.0,12,0.0,0.0,3.0,1500.0,38,0.0
359,201404,0,1256.0,12,0.0,4.0,12.0,1000.0,45,0.0
360,201412,0,388.0,6,0.0,0.0,0.0,750.0,45,0.0
361,201406,0,1316.0,10,0.0,6.0,12.0,2000.0,49,0.0
362,201407,0,561.0,12,0.0,0.0,0.0,1000.0,47,0.0
363,201412,1,422.0,12,0.0,0.0,0.0,1000.0,27,0.0
364,201411,1,2665.0,12,31.0,8.0,6.0,2700.0,55,5.0
365,201406,0,1065.0,12,0.0,0.0,6.0,1000.0,36,0.0
366,201402,0,3544.0,5,48.0,8.0,11.0,300.0,54,20.0
367,201409,0,325.0,12,0.0,0.0,0.0,600.0,28,0.0
368,201401,0,841.0,6,0.0,0.0,3.0,500.0,33,0.0
369,201405,0,2811.0,12,3.0,0.0,0.0,1000.0,29,2.0
370,201409,0,391.0,3,0.0,0.0,0.0,300.0,67,0.0
371,201406,0,1684.0,12,7.0,11.0,12.0,1155.03,44,1.0
372,201405,0,272.0,3,0.0,0.0,0.0,750.0,59,0.0
373,201406,1,267.0,12,0.0,0.0,0.0,1000.0,38,0.0
374,201410,0,455.0,12,0.0,0.0,0.0,1000.0,29,0.0
375,201408,0,1105.0,12,0.0,0.0,11.0,900.0,53,0.0
376,201409,0,151.0,12,0.0,0.0,0.0,3000.0,67,0.0
377,201412,0,969.0,4,0.0,0.0,7.0,200.0,30,0.0
378,201402,0,2776.0,12,32.0,0.0,0.0,1100.0,60,2.0
379,201404,0,452.0,12,0.0,0.0,0.0,1791.3,30,0.0
380,201402,1,1174.0,12,0.0,2.0,12.0,1420.0,53,0.0
381,201411,1,1854.0,12,6.0,0.0,0.0,1898.48,36,2.0
382,201412,1,3824.0,6,32.0,3.0,11.0,500.0,31,30.0
383,201401,0,326.0,5,0.0,0.0,0.0,800.0,51,0.0
384,201412,0,950.0,12,0.0,0.0,7.0,1829.74,45,0.0
385,201406,0,4633.0,6,6.0,3.0,0.0,400.0,45,24.0
386,201408,1,398.0,12,0.0,0.0,0.0,1300.0,29,0.0
387,201404,0,2658.0,12,35.0,0.0,5.0,1000.0,68,3.0
388,201404,0,1071.0,5,0.0,0.0,11.0,970.0,40,0.0
389,201404,1,346.0,12,0.0,0.0,0.0,1500.0,36,0.0
390,201409,0,243.0,12,0.0,0.0,0.0,800.0,52,0.0
391,201404,1,680.0,12,0.0,0.0,0.0,1000.0,31,0.0
392,201406,0,316.0,10,0.0,0.0,0.0,700.0,33,0.0
393,201405,1,535.0,12,0.0,0.0,0.0,1200.0,44,0.0
394,201401,1,1132.0,12,0.0,2.0,7.0,2500.0,31,0.0
395,201403,0,252.0,12,0.0,0.0,0.0,600.0,35,0.0
396,201403,0,378.0,10,0.0,0.0,0.0,450.0,59,0.0
397,201401,0,1944.0,12,2.0,4.0,0.0,1200.0,55,2.0
398,201409,0,3256.0,12,29.0,11.0,12.0,1600.0,57,19.0
399,201401,1,613.0,12,0.0,0.0,0.0,1000.0,65,0.0
400,201410,0,577.0,12,0.0,0.0,0.0,1500.0,46,0.0
401,201410,1,713.0,12,0.0,0.0,1.0,900.0,32,0.0
402,201403,1,902.0,12,0.0,0.0,5.0,853.85,29,0.0
403,201405,1,221.0,12,0.0,0.0,0.0,500.0,45,0.0
404,201405,1,252.0,12,0.0,0.0,0.0,2881.8,56,0.0
405,201401,0,464.0,12,0.0,0.0,0.0,500.0,27,0.0
406,201404,0,200.0,12,0.0,0.0,0.0,500.0,30,0.0
407,201403,0,298.0,12,0.0,0.0,0.0,800.0,23,0.0
408,201401,0,418.0,12,0.0,0.0,0.0,1867.25,50,0.0
409,201403,1,460.0,12,0.0,0.0,0.0,2164.82,32,0.0
410,201403,0,4808.0,6,57.0,8.0,12.0,300.0,54,11.0
411,201408,1,475.0,5,0.0,0.0,0.0,700.0,28,0.0
412,201404,0,2903.0,3,33.0,11.0,12.0,400.0,56,6.0
413,201405,0,358.0,4,0.0,0.0,0.0,170.0,53,0.0
414,201410,0,3340.0,12,45.0,10.0,12.0,1000.0,41,8.0
415,201402,1,854.0,12,0.0,0.0,4.0,1000.0,40,0.0
416,201403,1,2674.0,6,6.0,0.0,0.0,500.0,54,3.0
417,201407,0,793.0,4,0.0,0.0,3.0,320.0,35,0.0
418,201406,0,2236.0,3,15.0,2.0,10.0,250.0,53,6.0
419,201410,0,4565.0,12,67.0,8.0,12.0,2140.0,53,22.0
420,201409,0,560.0,12,0.0,0.0,0.0,1000.0,66,0.0
421,201407,0,3486.0,10,58.0,6.0,9.0,1500.0,53,9.0
422,201404,1,498.0,12,0.0,0.0,0.0,600.0,40,0.0
423,201410,0,828.0,12,0.0,0.0,3.0,1000.0,25,0.0
424,201404,0,3890.0,12,19.0,8.0,12.0,1000.0,69,4.0
425,201410,0,207.0,4,0.0,0.0,0.0,300.0,30,0.0
426,201404,1,610.0,12,0.0,0.0,0.0,1176.88,23,0.0
427,201412,0,1309.0,4,0.0,5.0,8.0,600.0,45,0.0
428,201402,0,615.0,12,0.0,0.0,0.0,800.0,34,0.0
429,201409,0,949.0,6,0.0,0.0,9.0,600.0,56,0.0
430,201407,1,549.0,12,0.0,0.0,0.0,1000.0,31,0.0
431,201401,1,555.0,10,0.0,0.0,0.0,1083.85,41,0.0
432,201407,1,826.0,12,0.0,0.0,3.0,1000.0,30,0.0
433,201410,1,837.0,12,0.0,0.0,4.0,2150.0,61,0.0
434,201407,0,785.0,8,0.0,0.0,2.0,500.0,27,0.0
435,201401,0,537.0,12,0.0,0.0,0.0,800.0,42,0.0
436,201409,0,532.0,12,0.0,0.0,0.0,2000.0,44,0.0
437,201403,0,216.0,12,0.0,0.0,0.0,447.24,24,0.0
438,201404,0,1382.0,12,0.0,7.0,2.0,911.15,45,0.0
439,201403,0,630.0,8,0.0,0.0,0.0,1000.0,32,0.0
440,201401,0,606.0,12,0.0,0.0,0.0,952.91,39,0.0
441,201402,0,800.0,12,0.0,0.0,2.0,1200.0,26,0.0
442,201409,1,199.0,10,0.0,0.0,0.0,600.0,49,0.0
443,201408,0,1342.0,12,0.0,7.0,10.0,954.11,38,0.0
444,201406,1,4156.0,12,65.0,9.0,10.0,3000.0,54,16.0
445,201411,0,260.0,12,0.0,0.0,0.0,600.0,33,0.0
446,201406,0,2513.0,6,21.0,0.0,3.0,500.0,37,2.0
447,201401,1,548.0,12,0.0,0.0,0.0,1040.0,39,0.0
448,201401,0,246.0,12,0.0,0.0,0.0,1000.0,46,0.0
449,201407,0,4869.0,12,63.0,8.0,12.0,2761.23,56,33.0
450,201411,0,853.0,3,0.0,0.0,4.0,200.0,31,0.0
451,201410,1,276.0,12,0.0,0.0,0.0,952.49,55,0.0
452,201407,0,486.0,12,0.0,0.0,0.0,800.0,23,0.0
453,201401,0,561.0,12,0.0,0.0,0.0,1000.0,52,0.0
454,201412,0,807.0,12,0.0,0.0,2.0,1000.0,31,0.0
455,201401,1,406.0,12,0.0,0.0,0.0,500.0,32,0.0
456,201405,0,259.0,12,0.0,0.0,0.0,955.35,52,0.0
457,201401,0,459.0,12,0.0,0.0,0.0,950.0,20,0.0
458,201408,1,2292.0,5,5.0,1.0,12.0,1000.0,53,3.0
459,201410,0,1350.0,12,0.0,7.0,12.0,1933.84,39,0.0
460,201412,0,1567.0,12,2.0,7.0,5.0,2000.0,47,2.0
461,201407,0,338.0,12,0.0,0.0,0.0,1000.0,37,0.0
462,201404,1,335.0,12,0.0,0.0,0.0,1343.65,56,0.0
463,201404,0,926.0,3,0.0,0.0,5.0,350.0,61,0.0
464,201408,0,351.0,5,0.0,0.0,0.0,300.0,32,0.0
465,201407,1,769.0,6,0.0,0.0,2.0,1024.78,48,0.0
466,201404,0,491.0,12,0.0,0.0,0.0,420.0,33,0.0
467,201405,1,232.0,12,0.0,0.0,0.0,812.5,42,0.0
468,201411,1,1471.0,12,0.0,5.0,5.0,2000.0,32,1.0
469,201412,1,721.0,12,0.0,0.0,0.0,1693.6,60,0.0
470,201401,1,792.0,12,0.0,0.0,2.0,2000.0,34,0.0
471,201410,1,329.0,12,0.0,0.0,0.0,1000.0,48,0.0
472,201408,0,593.0,8,0.0,0.0,0.0,500.0,57,0.0
473,201410,0,4835.0,6,40.0,0.0,10.0,1000.0,75,10.0
474,201412,0,1250.0,12,0.0,4.0,10.0,600.0,37,0.0
475,201401,0,675.0,12,0.0,0.0,0.0,1700.0,34,0.0
476,201405,0,597.0,8,0.0,0.0,0.0,1400.0,29,0.0
477,201409,1,2890.0,12,30.0,0.0,0.0,2509.35,78,3.0
478,201412,1,629.0,12,0.0,0.0,0.0,1400.0,24,0.0
479,201403,1,703.0,5,0.0,0.0,0.0,600.0,42,0.0
480,201409,0,495.0,12,0.0,0.0,0.0,600.0,28,0.0
481,201403,0,4938.0,12,86.0,5.0,8.0,652.38,47,20.0
482,201405,0,4683.0,12,14.0,0.0,0.0,2000.0,64,8.0
483,201409,0,297.0,6,0.0,0.0,0.0,250.0,30,0.0
484,201401,1,405.0,12,0.0,0.0,0.0,610.0,33,0.0
485,201404,0,288.0,4,0.0,0.0,0.0,466.0,31,0.0
486,201410,1,246.0,12,0.0,0.0,0.0,1424.85,45,0.0
487,201403,1,384.0,10,0.0,0.0,0.0,500.0,29,0.0
488,201406,0,188.0,12,0.0,0.0,0.0,500.0,55,0.0
489,201409,1,385.0,12,0.0,0.0,0.0,1200.0,43,0.0
490,201404,0,601.0,8,0.0,0.0,0.0,800.0,54,0.0
491,201405,0,1606.0,12,5.0,11.0,12.0,1000.0,45,3.0
492,201405,0,547.0,3,0.0,0.0,0.0,200.0,27,0.0
493,201410,1,716.0,12,0.0,0.0,0.0,1637.88,30,0.0
494,201402,0,478.0,12,0.0,0.0,0.0,1000.0,66,0.0
495,201401,1,610.0,12,0.0,0.0,0.0,1000.0,27,0.0
496,201402,0,823.0,12,0.0,0.0,4.0,3000.0,41,0.0
497,201410,0,350.0,12,0.0,0.0,0.0,1000.0,27,0.0
498,201408,0,2543.0,12,19.0,9.0,12.0,850.0,39,3.0
499,201405,1,748.0,6,0.0,0.0,0.0,600.0,54,0.0
500,201407,0,3804.0,8,31.0,5.0,4.0,1000.0,32,28.0
501,201410,0,244.0,10,0.0,0.0,0.0,500.0,31,0.0
502,201407,1,778.0,10,0.0,0.0,2.0,700.0,47,0.0
503,201408,0,251.0,12,0.0,0.0,0.0,979.96,44,0.0
504,201407,1,1345.0,6,0.0,3.0,12.0,930.0,43,0.0
505,201406,0,3950.0,12,34.0,6.0,12.0,1000.0,42,31.0
506,201401,1,889.0,10,0.0,0.0,5.0,500.0,30,0.0
507,201410,1,265.0,12,0.0,0.0,0.0,2098.04,46,0.0
508,201408,0,607.0,12,0.0,0.0,0.0,1000.0,64,0.0
509,201403,0,435.0,12,0.0,0.0,2.0,1300.0,48,0.0
510,201403,1,488.0,12,0.0,0.0,0.0,300.0,45,0.0
511,201403,0,390.0,12,0.0,0.0,0.0,818.25,37,0.0
512,201401,0,4810.0,12,37.0,10.0,12.0,2000.0,59,14.0
513,201408,0,2669.0,10,20.0,0.0,1.0,1000.0,44,17.0
514,201411,0,200.0,12,0.0,0.0,0.0,1000.0,53,0.0
515,201403,1,1049.0,12,0.0,0.0,10.0,998.0,30,0.0
516,201406,0,340.0,12,0.0,0.0,0.0,1498.2,30,0.0
517,201402,0,3008.0,12,3.0,0.0,0.0,1000.0,30,6.0
518,201407,0,537.0,6,0.0,0.0,0.0,606.83,30,0.0
519,201407,0,575.0,12,0.0,0.0,0.0,1000.0,24,0.0
520,201409,1,2396.0,6,21.0,10.0,12.0,1000.0,31,6.0
521,201407,1,147.0,12,0.0,0.0,0.0,818.4,24,0.0
522,201403,0,867.0,3,0.0,0.0,4.0,200.0,34,0.0
523,201401,0,1212.0,5,0.0,2.0,5.0,500.0,32,0.0
524,201411,0,388.0,12,0.0,0.0,0.0,800.0,58,0.0
525,201402,1,1065.0,6,0.0,0.0,11.0,400.0,38,0.0
526,201404,0,333.0,10,0.0,0.0,0.0,1000.0,61,0.0
527,201412,0,2229.0,8,15.0,9.0,9.0,581.0,54,10.0
528,201410,0,175.0,12,0.0,0.0,0.0,960.3,30,0.0
529,201406,0,824.0,12,0.0,0.0,6.0,1000.0,68,0.0
530,201401,0,943.0,3,0.0,0.0,5.0,400.0,27,0.0
531,201409,1,254.0,12,0.0,0.0,0.0,1000.0,45,0.0
532,201401,0,251.0,3,0.0,0.0,0.0,200.0,66,0.0
533,201412,1,921.0,12,0.0,0.0,7.0,600.0,37,0.0
534,201401,0,385.0,10,0.0,0.0,0.0,600.0,58,0.0
535,201407,0,622.0,12,0.0,0.0,0.0,600.0,60,0.0
536,201406,0,392.0,12,0.0,0.0,0.0,1500.0,60,0.0
537,201407,0,2084.0,8,10.0,1.0,0.0,500.0,53,4.0
538,201407,1,908.0,12,0.0,0.0,5.0,1500.0,43,0.0
539,201406,0,2431.0,12,10.0,0.0,0.0,1800.0,52,2.0
540,201406,1,454.0,9,0.0,0.0,0.0,718.29,27,0.0
541,201404,0,380.0,12,0.0,0.0,0.0,2000.0,67,0.0
542,201407,0,184.0,12,0.0,0.0,0.0,2000.0,53,0.0
543,201402,0,3895.0,12,47.0,8.0,7.0,400.0,50,16.0
544,201409,0,273.0,12,0.0,0.0,0.0,1000.0,44,0.0
545,201407,1,279.0,12,0.0,0.0,0.0,1200.0,56,0.0
546,201410,1,4293.0,12,8.0,2.0,5.0,1060.27,67,14.0
547,201407,1,3177.0,12,8.0,9.0,12.0,2000.0,32,5.0
548,201404,0,3568.0,12,5.0,0.0,10.0,1100.0,44,2.0
549,201409,0,2041.0,12,8.0,0.0,0.0,1300.0,30,3.0
550,201401,1,1554.0,12,3.0,2.0,5.0,1000.0,38,1.0
551,201411,1,152.0,12,0.0,0.0,0.0,1800.0,48,0.0
552,201403,0,85.0,12,0.0,0.0,0.0,1470.74,67,0.0
553,201404,1,337.0,12,0.0,0.0,0.0,695.97,31,0.0
554,201401,0,1247.0,12,0.0,5.0,6.0,2000.0,39,0.0
555,201408,0,473.0,5,0.0,0.0,0.0,500.0,32,0.0
556,201407,0,478.0,12,0.0,0.0,0.0,1136.76,23,0.0
557,201404,0,1222.0,12,0.0,1.0,6.0,760.85,32,0.0
558,201408,0,616.0,12,0.0,0.0,0.0,970.15,37,0.0
559,201408,0,4404.0,12,73.0,9.0,7.0,1000.0,43,20.0
560,201409,0,2303.0,12,27.0,11.0,12.0,1000.0,66,1.0
561,201405,0,735.0,4,0.0,0.0,0.0,450.0,23,0.0
562,201407,0,2735.0,12,24.0,0.0,0.0,3000.0,34,5.0
563,201407,1,1834.0,12,8.0,7.0,12.0,400.0,54,5.0
564,201407,0,2871.0,4,35.0,9.0,11.0,300.0,41,7.0
565,201402,0,1732.0,12,5.0,9.0,12.0,2500.0,49,4.0
566,201407,0,1584.0,12,3.0,12.0,12.0,1900.0,53,1.0
567,201409,0,270.0,6,0.0,0.0,0.0,500.0,29,0.0
568,201411,0,1557.0,5,3.0,3.0,9.0,800.0,28,1.0
569,201411,0,2302.0,12,22.0,9.0,10.0,1500.0,65,4.0
570,201411,0,164.0,12,0.0,0.0,0.0,1000.0,56,0.0
571,201405,1,878.0,12,0.0,0.0,5.0,2583.0,42,0.0
572,201412,0,598.0,12,0.0,0.0,0.0,1000.0,27,0.0
573,201411,0,4682.0,12,17.0,4.0,0.0,3000.0,45,4.0
574,201406,0,212.0,12,0.0,0.0,0.0,800.0,56,0.0
575,201408,0,374.0,6,0.0,0.0,0.0,1000.0,57,0.0
576,201403,0,234.0,12,1.0,0.0,0.0,1130.5,36,9.0
577,201410,0,796.0,12,0.0,0.0,2.0,1700.0,43,0.0
578,201411,1,1885.0,12,8.0,1.0,0.0,1000.0,40,1.0
579,201412,0,1456.0,6,0.0,5.0,3.0,500.0,22,0.0
580,201404,0,378.0,10,0.0,0.0,0.0,404.0,36,0.0
581,201406,0,406.0,8,0.0,0.0,0.0,600.0,37,0.0
582,201409,1,546.0,12,0.0,0.0,0.0,500.0,45,0.0
583,201407,0,492.0,12,0.0,0.0,0.0,677.0,24,0.0
584,201408,0,1803.0,12,3.0,0.0,0.0,600.0,55,4.0
585,201411,0,2888.0,5,12.0,6.0,10.0,600.0,48,7.0
586,201410,1,1365.0,10,0.0,6.0,7.0,1000.0,33,0.0
587,201405,0,2029.0,12,13.0,1.0,0.0,800.0,41,5.0
588,201405,0,1398.0,12,0.0,4.0,0.0,900.0,63,0.0
589,201409,0,2536.0,12,25.0,9.0,12.0,600.0,57,10.0
590,201411,1,633.0,12,0.0,0.0,0.0,3000.0,34,0.0
591,201403,1,1603.0,12,4.0,9.0,11.0,1300.0,39,1.0
592,201403,0,812.0,12,0.0,0.0,3.0,2187.0,40,0.0
593,201406,1,2534.0,12,18.0,5.0,11.0,2000.0,45,16.0
594,201408,0,351.0,12,0.0,0.0,0.0,1527.84,59,0.0
595,201410,1,4289.0,12,53.0,10.0,10.0,1000.0,62,12.0
596,201410,0,1766.0,12,9.0,6.0,10.0,2000.0,54,2.0
597,201404,0,1769.0,12,2.0,4.0,12.0,1500.0,25,1.0
598,201408,1,3494.0,12,52.0,7.0,12.0,2800.0,55,15.0
599,201408,0,269.0,9,0.0,0.0,0.0,700.0,42,0.0
600,201403,0,1638.0,12,4.0,9.0,12.0,2759.03,44,2.0
601,201409,1,189.0,12,0.0,0.0,0.0,800.0,32,0.0
602,201412,1,376.0,10,0.0,0.0,0.0,200.0,21,0.0
603,201406,0,1682.0,12,4.0,6.0,12.0,995.07,23,2.0
604,201404,1,1341.0,12,0.0,3.0,9.0,1600.0,61,0.0
605,201402,0,644.0,7,0.0,0.0,0.0,918.6,52,0.0
606,201402,0,3095.0,12,38.0,12.0,12.0,2000.0,70,10.0
607,201406,1,928.0,12,0.0,0.0,6.0,2000.0,42,0.0
608,201412,0,1833.0,12,8.0,4.0,4.0,3000.0,67,2.0
609,201410,0,1454.0,12,0.0,11.0,12.0,3000.0,65,0.0
610,201406,1,339.0,12,0.0,0.0,0.0,700.0,43,0.0
611,201412,0,2065.0,12,12.0,3.0,0.0,1000.0,31,7.0
612,201406,0,1062.0,12,0.0,0.0,11.0,500.0,37,0.0
613,201406,0,324.0,10,0.0,0.0,0.0,1000.0,55,0.0
614,201401,0,680.0,12,0.0,0.0,0.0,1500.0,55,0.0
615,201405,0,434.0,12,0.0,0.0,0.0,800.0,51,0.0
616,201402,0,855.0,12,0.0,0.0,3.0,1000.0,28,0.0
617,201406,1,242.0,12,0.0,0.0,0.0,908.17,45,0.0
618,201408,0,138.0,12,0.0,0.0,0.0,1000.0,42,0.0
619,201410,0,615.0,3,0.0,0.0,0.0,300.0,29,0.0
620,201405,0,309.0,12,0.0,0.0,0.0,800.0,41,0.0
621,201401,0,,12,,,,936.83,27,
622,201407,0,476.0,12,0.0,0.0,0.0,1500.0,55,0.0
623,201410,0,1770.0,4,12.0,12.0,11.0,400.0,39,2.0
624,201411,0,1169.0,12,0.0,3.0,8.0,1000.0,44,0.0
625,201412,1,302.0,12,0.0,0.0,0.0,1710.32,55,0.0
626,201407,0,261.0,12,0.0,0.0,0.0,1000.0,34,0.0
627,201405,0,557.0,12,0.0,0.0,0.0,800.0,20,0.0
628,201401,0,399.0,12,0.0,0.0,0.0,700.0,48,0.0
629,201404,0,3101.0,12,29.0,9.0,9.0,1000.0,46,8.0
630,201402,1,975.0,12,0.0,0.0,8.0,968.71,23,0.0
631,201404,0,1137.0,6,0.0,1.0,12.0,200.0,22,0.0
632,201405,0,845.0,10,0.0,0.0,4.0,1055.8,28,0.0
633,201403,0,569.0,12,0.0,0.0,0.0,677.28,32,0.0
634,201410,0,3553.0,12,30.0,8.0,4.0,3000.0,35,15.0
635,201408,0,468.0,6,0.0,0.0,0.0,1000.0,36,0.0
636,201407,0,651.0,12,0.0,0.0,0.0,800.0,23,0.0
637,201411,0,446.0,6,0.0,0.0,0.0,532.57,32,0.0
638,201407,1,2106.0,12,21.0,10.0,12.0,3000.0,55,1.0
639,201403,0,2049.0,12,13.0,1.0,7.0,2600.0,61,7.0
640,201403,1,363.0,12,0.0,0.0,0.0,1562.37,29,0.0
641,201408,1,556.0,12,0.0,0.0,0.0,1500.0,36,0.0
642,201409,0,542.0,12,0.0,0.0,0.0,1500.0,44,0.0
643,201407,1,651.0,12,0.0,0.0,0.0,1600.0,42,0.0
644,201401,0,698.0,12,0.0,0.0,0.0,2660.0,54,0.0
645,201408,0,146.0,12,0.0,0.0,0.0,600.0,27,0.0
646,201407,0,870.0,12,0.0,0.0,5.0,500.0,54,0.0
647,201406,0,1379.0,12,0.0,9.0,12.0,600.0,23,0.0
648,201402,1,331.0,12,0.0,0.0,0.0,1220.0,31,0.0
649,201406,0,1202.0,6,0.0,4.0,8.0,300.0,52,0.0
650,201410,0,444.0,12,0.0,0.0,0.0,3000.0,57,0.0
651,201412,0,539.0,12,0.0,0.0,0.0,600.0,28,0.0
652,201408,0,588.0,12,0.0,0.0,0.0,568.0,42,0.0
653,201402,0,1995.0,7,15.0,10.0,7.0,500.0,45,3.0
654,201410,1,172.0,10,0.0,0.0,0.0,1000.0,28,0.0
655,201407,1,4044.0,12,25.0,0.0,0.0,2497.5,49,7.0
656,201406,1,740.0,12,0.0,0.0,1.0,2331.76,51,0.0
657,201409,0,225.0,12,0.0,0.0,0.0,1020.17,67,0.0
658,201409,0,795.0,5,0.0,0.0,3.0,300.0,66,0.0
659,201407,0,503.0,6,0.0,0.0,0.0,400.0,72,0.0
660,201402,0,266.0,8,0.0,0.0,0.0,278.23,30,0.0
661,201410,0,2939.0,6,4.0,0.0,1.0,1600.0,43,1.0
662,201402,1,265.0,12,0.0,0.0,0.0,978.53,32,0.0
663,201405,0,1087.0,12,0.0,0.0,2.0,1000.0,40,0.0
664,201409,0,644.0,12,0.0,0.0,0.0,700.0,31,0.0
665,201405,1,910.0,12,0.0,0.0,4.0,1500.0,35,0.0
666,201408,0,4829.0,12,6.0,0.0,5.0,1500.0,47,31.0
667,201407,0,262.0,8,0.0,0.0,0.0,574.0,41,0.0
668,201407,0,1939.0,12,11.0,7.0,12.0,809.85,44,6.0
669,201401,0,1757.0,3,7.0,5.0,10.0,500.0,55,3.0
670,201401,0,498.0,12,0.0,0.0,0.0,1769.87,46,0.0
671,201402,0,248.0,12,0.0,0.0,0.0,2200.0,47,0.0
672,201410,1,952.0,12,0.0,0.0,8.0,1140.0,58,0.0
673,201401,0,346.0,6,0.0,0.0,0.0,880.0,29,0.0
674,201404,1,241.0,12,0.0,0.0,0.0,1108.5,21,0.0
675,201401,0,1864.0,12,13.0,11.0,11.0,2887.12,66,1.0
676,201402,1,351.0,5,0.0,0.0,0.0,500.0,24,0.0
677,201408,0,900.0,12,0.0,0.0,8.0,1300.0,43,0.0
678,201402,0,1051.0,12,0.0,0.0,10.0,1500.0,37,0.0
679,201409,0,1314.0,10,0.0,7.0,12.0,1800.0,39,0.0
680,201403,0,281.0,12,0.0,0.0,0.0,1000.0,44,0.0
681,201410,0,191.0,12,0.0,0.0,0.0,300.0,54,0.0
682,201401,1,359.0,12,0.0,0.0,0.0,800.0,48,0.0
683,201408,1,744.0,6,0.0,0.0,1.0,1000.0,41,0.0
684,201409,0,432.0,12,0.0,0.0,0.0,1000.0,77,0.0
685,201411,1,209.0,12,0.0,0.0,0.0,2000.0,61,0.0
686,201401,0,2174.0,8,21.0,10.0,11.0,400.0,38,3.0
687,201407,1,971.0,8,0.0,0.0,8.0,500.0,33,0.0
688,201409,0,3378.0,12,40.0,9.0,12.0,1000.0,31,17.0
689,201409,0,1450.0,12,0.0,3.0,9.0,1500.0,66,0.0
690,201408,1,435.0,12,0.0,0.0,0.0,2000.0,54,0.0
691,201406,0,766.0,12,0.0,0.0,1.0,1500.0,54,0.0
692,201412,0,407.0,3,0.0,0.0,0.0,300.0,61,0.0
693,201409,1,1126.0,12,0.0,0.0,12.0,1500.0,27,0.0
694,201404,0,575.0,12,0.0,0.0,0.0,700.0,52,0.0
695,201403,0,443.0,8,0.0,0.0,0.0,709.41,28,0.0
696,201404,1,1055.0,10,0.0,0.0,11.0,600.0,28,0.0
697,201405,0,2646.0,8,20.0,0.0,1.0,700.0,47,10.0
698,201402,0,336.0,12,0.0,0.0,0.0,1542.85,54,0.0
699,201408,0,3203.0,12,51.0,12.0,1.0,1843.93,37,3.0
700,201407,0,201.0,12,0.0,0.0,0.0,606.63,39,0.0
701,201412,0,771.0,9,0.0,0.0,1.0,1000.0,70,0.0
702,201403,0,890.0,12,0.0,0.0,5.0,500.0,30,0.0
703,201401,0,3159.0,12,14.0,0.0,0.0,1000.0,69,4.0
704,201412,0,350.0,6,0.0,0.0,0.0,400.0,33,0.0
705,201408,0,202.0,12,0.0,0.0,0.0,3000.0,49,0.0
706,201404,1,228.0,8,0.0,0.0,0.0,1500.0,36,0.0
707,201404,1,2525.0,12,24.0,2.0,1.0,670.91,27,12.0
708,201411,0,763.0,3,0.0,0.0,1.0,400.0,27,0.0
709,201405,1,633.0,7,0.0,0.0,0.0,400.0,21,0.0
710,201410,1,388.0,12,0.0,0.0,0.0,1000.0,53,0.0
711,201401,0,900.0,12,0.0,0.0,5.0,2000.0,67,0.0
712,201412,0,257.0,12,0.0,0.0,0.0,700.0,49,0.0
713,201403,0,1708.0,10,6.0,0.0,6.0,700.0,61,3.0
714,201409,0,1130.0,3,0.0,0.0,10.0,300.0,37,0.0
715,201408,0,1221.0,12,0.0,3.0,8.0,918.0,54,0.0
716,201410,1,583.0,12,0.0,0.0,0.0,1066.0,42,0.0
717,201405,0,588.0,12,0.0,0.0,0.0,2670.0,63,0.0
718,201411,0,4353.0,12,19.0,8.0,6.0,1000.0,54,32.0
719,201412,1,882.0,12,0.0,0.0,4.0,2000.0,44,0.0
720,201404,1,184.0,12,0.0,0.0,0.0,660.54,25,0.0
721,201411,0,1050.0,12,0.0,0.0,10.0,1310.9,35,0.0
722,201408,0,2959.0,10,35.0,11.0,9.0,500.0,45,8.0
723,201401,0,1027.0,12,0.0,0.0,12.0,1083.86,54,0.0
724,201401,0,362.0,12,0.0,0.0,0.0,646.94,33,0.0
725,201402,1,575.0,12,0.0,0.0,0.0,500.0,57,0.0
726,201406,0,472.0,12,0.0,0.0,0.0,1000.0,42,0.0
727,201405,1,172.0,12,0.0,0.0,0.0,539.0,25,0.0
728,201409,0,1508.0,4,1.0,6.0,12.0,900.0,33,1.0
729,201408,1,1208.0,10,0.0,2.0,12.0,700.0,49,0.0
730,201406,0,4911.0,12,16.0,0.0,7.0,700.0,44,28.0
731,201412,0,498.0,12,0.0,0.0,1.0,953.52,24,0.0
732,201411,1,481.0,12,0.0,0.0,0.0,1000.0,36,0.0
733,201410,1,4355.0,10,73.0,4.0,0.0,1000.0,38,7.0
734,201402,0,203.0,12,0.0,0.0,0.0,521.1,37,0.0
735,201410,0,935.0,7,0.0,0.0,7.0,1343.32,52,0.0
736,201409,1,761.0,12,0.0,0.0,1.0,2000.0,41,0.0
737,201406,0,2071.0,12,7.0,9.0,8.0,1000.0,50,5.0
738,201402,0,693.0,12,0.0,0.0,0.0,1000.0,50,0.0
739,201410,0,,10,0.0,0.0,0.0,1000.0,33,0.0
740,201411,0,1309.0,3,0.0,0.0,11.0,200.0,38,0.0
741,201407,0,1201.0,12,0.0,0.0,4.0,2000.0,58,0.0
742,201412,1,905.0,12,0.0,0.0,6.0,2000.0,27,0.0
743,201404,1,846.0,12,0.0,0.0,4.0,1000.0,52,0.0
744,201403,0,1341.0,12,0.0,2.0,9.0,700.0,22,0.0
745,201405,0,609.0,12,0.0,0.0,0.0,250.0,74,0.0
746,201405,0,439.0,12,0.0,0.0,0.0,300.0,43,0.0
747,201405,0,3230.0,12,48.0,11.0,12.0,2000.0,56,10.0
748,201411,0,260.0,12,0.0,0.0,0.0,1000.0,34,0.0
749,201401,0,985.0,12,0.0,0.0,9.0,1000.0,41,0.0
750,201411,1,2903.0,12,9.0,0.0,8.0,713.41,49,3.0
751,201405,0,217.0,10,0.0,0.0,0.0,1600.0,59,0.0
752,201406,0,222.0,12,0.0,0.0,0.0,1136.58,28,0.0
753,201412,0,1220.0,6,0.0,3.0,7.0,250.0,55,0.0
754,201407,0,401.0,12,0.0,0.0,0.0,2020.48,43,0.0
755,201410,0,493.0,12,0.0,0.0,0.0,798.22,19,0.0
756,201403,0,681.0,4,0.0,0.0,0.0,500.0,32,0.0
757,201411,0,2988.0,6,31.0,1.0,0.0,500.0,65,6.0
758,201403,0,303.0,6,0.0,0.0,0.0,350.0,29,0.0
759,201404,0,712.0,12,0.0,0.0,0.0,350.0,26,0.0
760,201408,1,755.0,6,0.0,0.0,0.0,700.0,29,0.0
761,201412,0,162.0,12,0.0,0.0,0.0,1000.0,44,0.0
762,201407,0,2759.0,12,3.0,7.0,12.0,1903.04,50,2.0
763,201406,0,1645.0,12,5.0,10.0,12.0,955.54,28,1.0
764,201412,1,729.0,12,0.0,0.0,0.0,1000.0,49,0.0
765,201411,0,375.0,12,0.0,0.0,0.0,1000.0,49,0.0
766,201410,1,433.0,12,0.0,0.0,0.0,1668.56,33,0.0
767,201410,0,362.0,12,0.0,0.0,0.0,1500.0,55,0.0
768,201410,0,455.0,4,0.0,0.0,0.0,700.0,57,0.0
769,201406,0,,12,,,,1022.08,71,
770,201408,1,2937.0,12,28.0,9.0,10.0,1577.69,27,7.0
771,201401,0,1284.0,10,0.0,5.0,12.0,800.0,25,0.0
772,201410,0,1299.0,12,0.0,6.0,0.0,1200.0,61,0.0
773,201404,1,558.0,8,0.0,0.0,0.0,264.0,28,0.0
774,201401,0,191.0,12,0.0,0.0,0.0,500.0,60,0.0
775,201408,0,616.0,12,0.0,0.0,0.0,500.0,30,0.0
776,201405,0,1020.0,12,0.0,0.0,12.0,1000.0,68,0.0
777,201406,1,304.0,12,0.0,0.0,0.0,1200.0,56,0.0
778,201403,1,3014.0,12,20.0,7.0,9.0,2268.17,48,24.0
779,201402,1,3131.0,3,12.0,0.0,0.0,300.0,37,5.0
780,201401,0,4037.0,12,18.0,2.0,11.0,1500.0,58,22.0
781,201403,0,213.0,10,0.0,0.0,0.0,300.0,35,0.0
782,201404,0,423.0,3,0.0,0.0,0.0,300.0,28,0.0
783,201411,1,314.0,12,0.0,0.0,0.0,1194.78,32,0.0
784,201408,0,3016.0,12,38.0,0.0,0.0,2235.05,50,7.0
785,201405,0,483.0,12,0.0,0.0,0.0,1500.0,24,0.0
786,201407,0,501.0,12,0.0,0.0,0.0,800.0,31,0.0
787,201403,0,308.0,7,0.0,0.0,0.0,623.0,34,0.0
788,201401,1,,12,,,,1000.0,48,
789,201408,1,521.0,12,0.0,0.0,0.0,1371.71,33,0.0
790,201407,1,3160.0,12,22.0,11.0,10.0,2094.0,40,26.0
791,201412,1,438.0,8,0.0,0.0,0.0,1000.0,38,0.0
792,201408,0,1183.0,12,0.0,1.0,0.0,1000.0,33,0.0
793,201403,1,1374.0,12,0.0,9.0,0.0,1833.0,36,0.0
794,201405,0,245.0,10,0.0,0.0,0.0,300.0,26,0.0
795,201403,0,428.0,12,0.0,0.0,0.0,1000.0,48,0.0
796,201403,0,857.0,12,0.0,0.0,4.0,300.0,30,0.0
797,201410,1,309.0,12,0.0,0.0,0.0,1000.0,50,0.0
798,201411,0,371.0,12,0.0,0.0,0.0,250.0,39,0.0
799,201404,0,684.0,12,0.0,0.0,0.0,858.08,48,0.0
800,201409,0,5035.0,5,65.0,3.0,12.0,1000.0,60,41.0
801,201403,1,2195.0,12,6.0,0.0,0.0,1420.0,37,3.0
802,201403,0,336.0,12,0.0,0.0,0.0,1200.0,28,0.0
803,201404,0,1562.0,10,2.0,7.0,12.0,500.0,24,2.0
804,201406,0,2149.0,12,3.0,5.0,8.0,950.0,40,2.0
805,201401,0,510.0,12,0.0,0.0,0.0,600.0,32,0.0
806,201406,1,1916.0,12,11.0,4.0,11.0,1000.0,32,5.0
807,201410,1,272.0,12,0.0,0.0,0.0,600.0,38,0.0
808,201408,0,1368.0,12,0.0,6.0,8.0,1700.0,28,0.0
809,201412,0,1743.0,12,4.0,0.0,0.0,1000.0,41,1.0
810,201402,0,2398.0,12,23.0,4.0,8.0,2900.69,45,5.0
811,201412,1,2357.0,12,7.0,0.0,1.0,902.18,52,6.0
812,201410,0,4476.0,6,34.0,8.0,12.0,1000.0,67,24.0
813,201406,0,251.0,12,0.0,0.0,0.0,500.0,56,0.0
814,201405,1,3317.0,11,49.0,10.0,8.0,2028.74,28,5.0
815,201402,1,353.0,12,0.0,0.0,0.0,870.11,26,0.0
816,201409,0,1291.0,10,0.0,4.0,12.0,2000.0,34,0.0
817,201412,1,1925.0,12,9.0,5.0,12.0,1200.0,24,7.0
818,201403,0,2022.0,12,10.0,5.0,12.0,800.0,26,5.0
819,201409,1,204.0,12,0.0,0.0,0.0,1000.0,39,0.0
820,201412,0,1236.0,10,0.0,3.0,11.0,950.0,58,0.0
821,201411,1,911.0,10,0.0,0.0,6.0,1868.48,58,0.0
822,201403,0,295.0,12,0.0,0.0,0.0,1403.98,56,0.0
823,201411,0,2786.0,5,19.0,2.0,12.0,500.0,53,7.0
824,201403,0,917.0,12,0.0,0.0,6.0,500.0,33,0.0
825,201407,0,1633.0,4,5.0,9.0,11.0,150.0,41,1.0
826,201412,0,536.0,12,0.0,0.0,0.0,1500.0,54,0.0
827,201409,0,246.0,12,0.0,0.0,0.0,2059.92,57,0.0
828,201403,0,251.0,12,0.0,0.0,0.0,2000.0,44,0.0
829,201404,0,293.0,12,0.0,0.0,0.0,2000.0,33,0.0
830,201411,0,1440.0,12,0.0,9.0,12.0,1500.0,55,0.0
831,201404,0,227.0,5,0.0,0.0,0.0,570.0,54,0.0
832,201405,1,654.0,10,0.0,0.0,0.0,568.0,25,0.0
833,201410,0,315.0,12,0.0,0.0,0.0,500.0,48,0.0
834,201403,1,262.0,12,0.0,0.0,0.0,1000.0,48,0.0
835,201409,1,1091.0,12,0.0,0.0,11.0,2234.01,53,0.0
836,201406,0,996.0,6,0.0,0.0,9.0,700.0,61,0.0
837,201411,1,500.0,5,0.0,0.0,0.0,500.0,44,0.0
838,201412,0,1321.0,12,0.0,6.0,12.0,2000.0,59,0.0
839,201406,0,460.0,12,0.0,0.0,0.0,1200.0,48,0.0
840,201402,0,358.0,10,0.0,0.0,0.0,400.0,39,0.0
841,201408,1,4006.0,12,74.0,11.0,11.0,2311.83,45,4.0
842,201403,0,4531.0,12,50.0,6.0,10.0,2000.0,53,20.0
843,201401,1,224.0,8,0.0,0.0,0.0,500.0,44,0.0
844,201407,0,219.0,12,0.0,0.0,0.0,1000.0,37,0.0
845,201408,0,375.0,12,0.0,0.0,0.0,700.0,46,0.0
846,201401,1,205.0,12,0.0,0.0,0.0,610.0,41,0.0
847,201408,0,305.0,8,0.0,0.0,0.0,1000.0,52,0.0
848,201404,0,1135.0,12,0.0,0.0,8.0,3000.0,69,0.0
849,201403,0,1049.0,12,0.0,0.0,11.0,800.0,48,0.0
850,201410,0,1256.0,12,0.0,4.0,12.0,1500.0,41,0.0
851,201406,1,545.0,12,0.0,0.0,0.0,996.39,48,0.0
852,201402,0,815.0,12,0.0,0.0,3.0,1500.0,36,0.0
853,201410,0,697.0,3,0.0,0.0,0.0,400.0,48,0.0
854,201412,0,2193.0,12,21.0,10.0,10.0,2000.0,58,3.0
855,201412,0,943.0,12,0.0,0.0,7.0,800.0,43,0.0
856,201404,1,2667.0,12,4.0,3.0,0.0,1000.0,71,4.0
857,201408,0,3413.0,12,35.0,0.0,0.0,930.0,40,1.0
858,201407,0,3466.0,12,32.0,6.0,11.0,2655.53,43,28.0
859,201404,0,365.0,12,0.0,0.0,0.0,2250.0,53,0.0
860,201402,1,943.0,4,0.0,0.0,6.0,300.0,40,0.0
861,201408,0,3400.0,6,22.0,0.0,5.0,1000.0,53,5.0
862,201405,0,1125.0,6,0.0,0.0,5.0,250.0,39,0.0
863,201402,1,932.0,12,0.0,0.0,7.0,1549.0,56,0.0
864,201408,1,3761.0,10,54.0,10.0,11.0,900.0,50,20.0
865,201407,0,1513.0,12,1.0,11.0,9.0,1000.0,31,1.0
866,201411,0,769.0,10,0.0,0.0,1.0,1500.0,66,0.0
867,201405,0,627.0,12,0.0,0.0,0.0,1500.0,42,0.0
868,201411,0,1634.0,12,4.0,6.0,6.0,1000.0,29,2.0
869,201403,0,2982.0,10,33.0,12.0,7.0,400.0,36,4.0
870,201404,0,1226.0,3,0.0,3.0,8.0,200.0,30,0.0
871,201404,1,452.0,12,0.0,0.0,0.0,2169.24,33,0.0
872,201412,1,664.0,12,0.0,0.0,0.0,540.0,38,0.0
873,201401,1,909.0,12,0.0,0.0,5.0,1203.67,22,0.0
874,201411,0,1305.0,12,0.0,6.0,11.0,800.0,41,0.0
875,201406,0,3591.0,3,20.0,0.0,1.0,250.0,38,4.0
876,201406,1,1610.0,12,4.0,2.0,0.0,1871.71,37,1.0
877,201405,0,592.0,12,0.0,0.0,0.0,1000.0,41,0.0
878,201401,0,372.0,12,0.0,0.0,0.0,843.41,35,0.0
879,201411,0,1245.0,12,0.0,3.0,10.0,1000.0,54,0.0
880,201408,0,784.0,10,0.0,0.0,2.0,500.0,37,0.0
881,201406,0,833.0,12,0.0,0.0,3.0,1400.0,42,0.0
882,201405,0,385.0,3,0.0,0.0,0.0,150.0,52,0.0
883,201411,0,230.0,12,0.0,0.0,0.0,1482.54,41,0.0
884,201408,0,2989.0,12,24.0,9.0,12.0,1000.0,40,13.0
885,201404,1,233.0,12,0.0,0.0,0.0,570.0,36,0.0
886,201402,0,1258.0,9,0.0,3.0,0.0,800.0,29,0.0
887,201403,0,1302.0,12,0.0,5.0,12.0,1500.0,65,0.0
888,201411,0,546.0,12,0.0,0.0,0.0,1000.0,56,0.0
889,201402,0,1579.0,8,4.0,12.0,11.0,1000.0,52,1.0
890,201411,0,232.0,5,0.0,0.0,0.0,500.0,60,0.0
891,201406,0,1519.0,12,1.0,6.0,4.0,1000.0,27,1.0
892,201404,0,2578.0,12,32.0,12.0,12.0,1500.0,40,4.0
893,201411,1,287.0,12,0.0,0.0,0.0,2500.0,55,0.0
894,201407,0,,12,,,,1190.0,39,
895,201412,1,402.0,12,0.0,0.0,0.0,2020.0,32,0.0
896,201412,1,437.0,12,0.0,0.0,0.0,1536.0,42,0.0
897,201403,0,1558.0,12,2.0,11.0,12.0,1461.0,41,1.0
898,201401,0,943.0,4,0.0,0.0,7.0,250.0,25,0.0
899,201405,0,1244.0,12,0.0,4.0,11.0,947.88,25,0.0
900,201408,0,3398.0,12,36.0,7.0,7.0,500.0,43,6.0
901,201412,0,637.0,6,0.0,0.0,0.0,1000.0,47,0.0
902,201403,0,1586.0,12,4.0,12.0,10.0,700.0,40,1.0
903,201403,0,1364.0,12,0.0,7.0,3.0,1500.0,43,0.0
904,201403,1,645.0,12,0.0,0.0,0.0,2000.0,62,0.0
905,201411,0,308.0,3,0.0,0.0,0.0,300.0,54,0.0
906,201411,0,404.0,7,0.0,0.0,0.0,300.0,45,0.0
907,201411,0,1822.0,12,9.0,4.0,8.0,1114.68,43,4.0
908,201409,0,577.0,5,0.0,0.0,0.0,300.0,67,0.0
909,201402,0,832.0,12,0.0,0.0,4.0,656.51,26,0.0
910,201405,0,802.0,12,0.0,0.0,3.0,500.0,63,0.0
911,201407,0,295.0,8,0.0,0.0,0.0,600.0,44,0.0
912,201406,1,208.0,12,0.0,0.0,0.0,900.0,28,0.0
913,201412,1,3639.0,10,64.0,11.0,12.0,1800.0,32,7.0
914,201406,0,322.0,8,0.0,0.0,0.0,700.0,23,0.0
915,201406,0,2853.0,3,42.0,10.0,12.0,200.0,40,4.0
916,201405,0,159.0,12,0.0,0.0,0.0,1700.0,65,0.0
917,201408,0,983.0,10,0.0,0.0,8.0,500.0,39,0.0
918,201410,0,833.0,12,0.0,0.0,4.0,900.0,31,0.0
919,201401,1,169.0,12,0.0,0.0,0.0,1112.01,37,0.0
920,201402,1,538.0,12,0.0,0.0,0.0,1500.0,36,0.0
921,201404,0,296.0,12,0.0,0.0,0.0,1000.0,36,0.0
922,201401,1,313.0,12,0.0,0.0,0.0,779.07,36,0.0
923,201407,0,567.0,6,0.0,0.0,0.0,500.0,44,0.0
924,201403,0,1804.0,12,9.0,10.0,7.0,557.23,44,2.0
925,201411,0,5044.0,10,9.0,0.0,6.0,1300.0,69,2.0
926,201404,0,697.0,12,0.0,0.0,0.0,1665.58,69,0.0
927,201404,0,936.0,12,0.0,0.0,7.0,500.0,38,0.0
928,201403,0,3801.0,5,71.0,10.0,12.0,700.0,65,3.0
929,201409,0,3030.0,12,8.0,0.0,11.0,959.06,68,2.0
930,201401,0,4056.0,12,48.0,9.0,12.0,800.0,34,24.0
931,201410,0,199.0,12,0.0,0.0,0.0,450.0,39,0.0
932,201406,0,662.0,12,0.0,0.0,0.0,2000.0,38,0.0
933,201403,0,316.0,10,0.0,0.0,0.0,800.0,36,0.0
934,201407,0,273.0,12,0.0,0.0,0.0,1000.0,62,0.0
935,201407,0,60.0,12,0.0,0.0,0.0,1600.0,57,0.0
936,201408,0,1234.0,5,0.0,3.0,12.0,1320.06,37,0.0
937,201407,0,3383.0,12,9.0,0.0,0.0,1500.0,42,9.0
938,201403,1,127.0,12,0.0,0.0,0.0,902.82,35,0.0
939,201410,1,930.0,12,0.0,0.0,7.0,500.0,75,0.0
940,201409,0,275.0,10,0.0,0.0,0.0,1000.0,47,0.0
941,201404,1,251.0,12,0.0,0.0,0.0,600.0,35,0.0
942,201403,0,343.0,12,0.0,0.0,0.0,500.0,47,0.0
943,201405,0,2733.0,12,13.0,1.0,5.0,1215.0,29,9.0
944,201401,0,1382.0,9,0.0,8.0,12.0,511.28,31,0.0
945,201407,0,610.0,12,0.0,0.0,0.0,1152.02,34,0.0
946,201409,1,1637.0,12,5.0,9.0,0.0,2000.0,24,1.0
947,201402,1,656.0,12,0.0,0.0,0.0,2500.0,35,0.0
948,201411,0,3618.0,12,53.0,12.0,12.0,2000.0,62,8.0
949,201410,0,4261.0,12,43.0,6.0,3.0,3000.0,58,10.0
950,201406,1,843.0,12,0.0,0.0,3.0,1500.0,39,0.0
951,201407,0,4660.0,12,24.0,8.0,0.0,2000.0,65,4.0
952,201409,0,790.0,12,0.0,0.0,2.0,1000.0,33,0.0
953,201402,0,3347.0,6,24.0,0.0,1.0,600.0,64,5.0
954,201411,0,4580.0,5,32.0,6.0,12.0,500.0,53,28.0
955,201407,0,568.0,10,0.0,0.0,0.0,1700.0,48,0.0
956,201408,0,1283.0,12,0.0,5.0,10.0,2500.0,43,0.0
957,201406,1,258.0,10,0.0,0.0,0.0,1000.0,44,0.0
958,201405,0,4926.0,10,101.0,9.0,12.0,1500.0,50,6.0
959,201407,1,1164.0,12,0.0,1.0,7.0,1405.52,53,0.0
960,201411,0,1430.0,6,0.0,5.0,0.0,500.0,42,0.0
961,201406,0,802.0,6,0.0,0.0,2.0,570.0,24,0.0
962,201403,1,677.0,12,0.0,0.0,0.0,1340.23,21,0.0
963,201412,1,865.0,12,0.0,0.0,9.0,1600.0,51,0.0
964,201410,0,1593.0,12,4.0,9.0,0.0,1000.0,52,2.0
965,201401,1,523.0,12,0.0,0.0,0.0,600.0,29,0.0
966,201403,0,457.0,5,0.0,0.0,0.0,500.0,47,0.0
967,201404,0,406.0,12,0.0,0.0,2.0,1000.0,55,0.0
968,201409,1,821.0,12,0.0,0.0,3.0,2862.52,37,0.0
969,201411,1,252.0,12,0.0,0.0,0.0,1000.0,26,0.0
970,201404,1,409.0,12,0.0,0.0,0.0,1000.0,56,0.0
971,201401,0,523.0,12,0.0,0.0,0.0,300.0,52,0.0
972,201407,0,4596.0,12,8.0,1.0,12.0,1500.0,39,9.0
973,201410,1,271.0,8,0.0,0.0,0.0,720.0,42,0.0
974,201408,0,972.0,12,0.0,0.0,8.0,1300.0,39,0.0
975,201403,0,1174.0,12,0.0,1.0,12.0,1500.0,52,0.0
976,201401,1,653.0,12,0.0,0.0,0.0,1500.0,27,0.0
977,201409,0,1800.0,9,10.0,12.0,11.0,450.0,57,1.0
978,201410,0,3437.0,12,36.0,3.0,0.0,1000.0,46,11.0
979,201404,1,922.0,12,0.0,0.0,6.0,1000.0,28,0.0
980,201407,0,2767.0,6,4.0,0.0,11.0,400.0,32,16.0
981,201405,0,585.0,12,0.0,0.0,0.0,1500.0,67,0.0
982,201409,0,3556.0,12,45.0,8.0,9.0,1500.0,70,9.0
983,201410,0,3616.0,12,7.0,0.0,2.0,3000.0,68,1.0
984,201406,0,990.0,12,0.0,0.0,9.0,1500.0,50,0.0
985,201405,1,364.0,12,0.0,0.0,0.0,1000.0,27,0.0
986,201405,1,302.0,12,0.0,0.0,0.0,600.0,54,0.0
987,201411,1,214.0,12,0.0,0.0,0.0,2000.0,57,0.0
988,201410,1,237.0,6,0.0,0.0,0.0,300.0,30,0.0
989,201402,0,1651.0,12,7.0,8.0,1.0,1000.0,53,2.0
990,201411,0,4785.0,12,12.0,0.0,0.0,800.0,61,27.0
991,201405,0,1304.0,10,0.0,6.0,12.0,300.0,42,0.0
992,201410,0,3528.0,12,3.0,0.0,0.0,3000.0,48,8.0
993,201402,0,843.0,4,0.0,0.0,4.0,390.0,35,0.0
994,201409,0,239.0,6,0.0,0.0,0.0,200.0,38,0.0
995,201411,0,614.0,12,0.0,0.0,0.0,800.0,51,0.0
996,201410,0,1253.0,12,0.0,4.0,9.0,958.68,27,0.0
997,201401,0,2004.0,4,5.0,0.0,4.0,500.0,31,13.0
998,201402,0,419.0,12,0.0,0.0,0.0,1319.38,31,0.0
999,201402,1,1141.0,8,0.0,0.0,11.0,399.0,34,0.0
1000,201407,0,3949.0,3,77.0,12.0,12.0,200.0,44,4.0
1001,201403,0,472.0,12,0.0,0.0,0.0,500.0,21,0.0
1002,201404,0,1045.0,3,0.0,0.0,10.0,300.0,43,0.0
1003,201410,0,3964.0,12,24.0,0.0,0.0,500.0,62,5.0
1004,201409,1,496.0,8,0.0,0.0,0.0,1000.0,43,0.0
1005,201408,0,1511.0,12,1.0,8.0,12.0,1313.0,39,1.0
1006,201406,0,746.0,12,0.0,0.0,1.0,1000.0,35,0.0
1007,201405,1,481.0,12,0.0,0.0,0.0,1931.07,46,0.0
1008,201401,0,159.0,10,0.0,0.0,0.0,1000.0,33,0.0
1009,201405,0,333.0,12,0.0,0.0,0.0,1500.0,27,0.0
1010,201408,1,1941.0,12,6.0,5.0,3.0,900.0,37,2.0
1011,201406,1,350.0,12,0.0,0.0,0.0,2000.0,55,0.0
1012,201402,0,4052.0,12,29.0,0.0,0.0,1500.0,34,6.0
1013,201406,0,175.0,6,0.0,0.0,0.0,300.0,48,0.0
1014,201411,1,1159.0,12,0.0,1.0,12.0,1349.25,39,0.0
1015,201407,0,280.0,6,0.0,0.0,0.0,500.0,25,0.0
1016,201411,0,1725.0,12,7.0,3.0,0.0,1700.0,41,2.0
1017,201410,0,1032.0,6,0.0,0.0,7.0,600.0,35,0.0
1018,201408,0,2559.0,12,9.0,0.0,0.0,1000.0,27,2.0
1019,201403,1,398.0,12,0.0,0.0,0.0,1300.0,30,0.0
1020,201410,0,405.0,6,0.0,0.0,0.0,300.0,54,0.0
1021,201411,0,1903.0,10,13.0,12.0,12.0,650.0,34,1.0
1022,201412,0,1243.0,10,0.0,4.0,12.0,1000.0,56,0.0
1023,201402,0,2465.0,6,20.0,12.0,4.0,500.0,31,5.0
1024,201404,0,767.0,12,0.0,0.0,2.0,1000.0,53,0.0
1025,201407,0,1745.0,10,6.0,0.0,0.0,1300.0,37,1.0
1026,201411,0,724.0,12,0.0,0.0,0.0,3000.0,66,0.0
1027,201404,0,1773.0,6,8.0,8.0,12.0,1000.0,51,3.0
1028,201405,0,223.0,12,0.0,0.0,0.0,1000.0,52,0.0
1029,201405,0,3020.0,3,18.0,1.0,5.0,200.0,29,6.0
1030,201401,1,156.0,12,0.0,0.0,0.0,200.0,36,0.0
1031,201405,0,319.0,12,0.0,0.0,0.0,1167.81,57,0.0
1032,201403,0,632.0,3,0.0,0.0,0.0,200.0,34,0.0
1033,201408,0,456.0,12,0.0,0.0,0.0,917.9,37,0.0
1034,201401,0,4775.0,10,60.0,7.0,12.0,1000.0,61,35.0
1035,201411,0,794.0,12,0.0,0.0,2.0,500.0,40,0.0
1036,201412,1,2814.0,12,4.0,3.0,0.0,1300.0,63,1.0
1037,201405,1,339.0,12,0.0,0.0,0.0,1000.0,35,0.0
1038,201407,0,573.0,12,0.0,0.0,0.0,1500.0,68,0.0
1039,201405,0,3130.0,6,34.0,0.0,0.0,1200.0,60,5.0
1040,201401,0,403.0,12,0.0,0.0,0.0,628.99,43,0.0
1041,201409,0,317.0,3,0.0,0.0,0.0,200.0,33,0.0
1042,201409,1,2814.0,12,31.0,12.0,7.0,1000.0,37,8.0
1043,201404,0,106.0,12,0.0,0.0,0.0,400.0,67,0.0
1044,201409,0,251.0,12,0.0,0.0,0.0,2000.0,40,0.0
1045,201406,0,1071.0,12,0.0,0.0,11.0,900.0,52,0.0
1046,201410,0,2491.0,12,27.0,10.0,12.0,1000.0,69,5.0
1047,201408,0,4797.0,12,14.0,0.0,6.0,536.0,32,34.0
1048,201406,0,529.0,7,0.0,0.0,0.0,530.0,55,0.0
1049,201408,0,388.0,12,0.0,0.0,0.0,1200.0,50,0.0
1050,201408,0,2720.0,12,5.0,0.0,7.0,1500.0,27,2.0
1051,201410,0,462.0,6,0.0,0.0,0.0,300.0,36,0.0
1052,201408,0,758.0,12,0.0,0.0,1.0,1200.0,40,0.0
1053,201406,0,3744.0,8,10.0,0.0,0.0,630.0,53,7.0
1054,201409,1,1035.0,12,0.0,0.0,10.0,700.0,40,0.0
1055,201404,0,3746.0,12,59.0,11.0,12.0,1000.0,67,14.0
1056,201405,0,743.0,12,0.0,0.0,1.0,1015.0,29,0.0
1057,201412,1,351.0,12,0.0,0.0,0.0,2200.0,49,0.0
1058,201410,0,1393.0,12,0.0,3.0,5.0,1000.0,71,0.0
1059,201406,0,198.0,5,0.0,0.0,0.0,500.0,52,0.0
1060,201405,0,954.0,12,0.0,0.0,7.0,1000.0,27,0.0
1061,201407,1,152.0,12,0.0,0.0,0.0,2271.96,37,0.0
1062,201408,0,4976.0,12,67.0,12.0,8.0,1479.91,57,15.0
1063,201412,0,4870.0,12,23.0,3.0,7.0,800.0,53,5.0
1064,201409,1,197.0,12,0.0,0.0,0.0,1650.18,29,0.0
1065,201401,1,775.0,12,0.0,0.0,2.0,1266.12,61,0.0
1066,201404,0,529.0,12,0.0,0.0,0.0,500.0,46,0.0
1067,201409,0,3958.0,12,37.0,0.0,4.0,1760.64,64,31.0
1068,201404,0,1402.0,12,0.0,8.0,0.0,1797.02,41,0.0
1069,201402,0,1222.0,7,0.0,3.0,12.0,1100.0,54,0.0
1070,201410,1,638.0,12,0.0,0.0,0.0,2572.94,65,0.0
1071,201407,0,205.0,12,0.0,0.0,0.0,350.0,26,0.0
1072,201409,1,1546.0,12,2.0,5.0,0.0,1000.0,32,1.0
1073,201407,0,4804.0,5,72.0,12.0,12.0,650.0,51,5.0
1074,201404,0,909.0,12,0.0,0.0,6.0,1000.0,58,0.0
1075,201403,1,1513.0,12,1.0,9.0,12.0,1590.0,52,1.0
1076,201408,0,2871.0,12,38.0,11.0,5.0,1000.0,62,5.0
1077,201406,0,2601.0,5,35.0,12.0,12.0,200.0,36,2.0
1078,201406,0,318.0,12,0.0,0.0,0.0,500.0,28,0.0
1079,201406,0,2899.0,6,36.0,12.0,12.0,800.0,26,9.0
1080,201407,0,955.0,6,0.0,0.0,8.0,700.0,35,0.0
1081,201402,1,833.0,12,0.0,0.0,3.0,2300.0,38,0.0
1082,201403,0,171.0,12,0.0,0.0,0.0,1000.0,29,0.0
1083,201403,0,652.0,12,0.0,0.0,0.0,1600.0,49,0.0
1084,201412,0,3214.0,5,36.0,6.0,0.0,400.0,28,22.0
1085,201404,0,598.0,12,0.0,0.0,0.0,1200.0,35,0.0
1086,201403,0,185.0,12,0.0,0.0,0.0,793.1,42,0.0
1087,201406,1,3281.0,10,23.0,10.0,11.0,1971.38,28,9.0
1088,201406,0,234.0,12,0.0,0.0,0.0,600.0,42,0.0
1089,201406,0,798.0,12,0.0,0.0,4.0,500.0,54,0.0
1090,201410,0,1453.0,12,0.0,3.0,9.0,1000.0,57,0.0
1091,201402,0,388.0,6,0.0,0.0,0.0,500.0,27,0.0
1092,201408,0,597.0,6,2.0,0.0,0.0,500.0,72,5.0
1093,201411,0,3577.0,12,28.0,8.0,12.0,2450.42,32,8.0
1094,201401,0,950.0,12,0.0,0.0,3.0,500.0,76,0.0
1095,201410,0,331.0,4,0.0,0.0,0.0,704.74,35,0.0
1096,201407,1,621.0,3,0.0,0.0,0.0,500.0,21,0.0
1097,201409,0,2368.0,5,28.0,5.0,12.0,400.0,34,2.0
1098,201407,1,282.0,12,0.0,0.0,0.0,1000.0,27,0.0
1099,201408,0,267.0,12,0.0,0.0,0.0,2000.0,67,0.0
1100,201404,0,2383.0,12,15.0,1.0,11.0,2000.0,53,2.0
1101,201406,0,188.0,12,0.0,0.0,0.0,1000.0,54,0.0
1102,201410,1,830.0,5,0.0,0.0,4.0,800.0,50,0.0
1103,201405,0,2387.0,5,1.0,2.0,1.0,700.0,49,1.0
1104,201412,1,283.0,12,0.0,0.0,0.0,2310.12,27,0.0
1105,201404,0,1142.0,12,0.0,0.0,11.0,500.0,29,0.0
1106,201407,0,620.0,12,0.0,0.0,0.0,400.0,76,0.0
1107,201403,0,511.0,3,0.0,0.0,0.0,400.0,28,0.0
1108,201402,1,728.0,12,0.0,0.0,0.0,680.87,39,0.0
1109,201404,1,287.0,12,0.0,0.0,0.0,1000.0,36,0.0
1110,201404,0,286.0,10,0.0,0.0,0.0,500.0,42,0.0
1111,201403,1,343.0,12,0.0,0.0,0.0,1000.0,29,0.0
1112,201405,0,858.0,12,0.0,0.0,4.0,1000.0,39,0.0
1113,201406,0,1092.0,12,0.0,0.0,12.0,600.0,46,0.0
1114,201402,1,804.0,5,0.0,0.0,2.0,600.0,38,0.0
1115,201404,0,1039.0,12,0.0,0.0,12.0,1000.0,63,0.0
1116,201412,0,,6,0.0,0.0,0.0,1797.59,66,0.0
1117,201404,0,2475.0,3,8.0,1.0,0.0,150.0,35,4.0
1118,201401,0,4776.0,8,49.0,12.0,8.0,1000.0,62,9.0
1119,201412,0,505.0,12,0.0,0.0,0.0,600.0,71,0.0
1120,201409,0,224.0,12,0.0,0.0,0.0,1000.0,44,0.0
1121,201405,0,356.0,12,0.0,0.0,0.0,1265.89,36,0.0
1122,201401,0,2319.0,12,19.0,5.0,12.0,600.0,55,7.0
1123,201411,0,272.0,12,0.0,0.0,0.0,1000.0,43,0.0
1124,201411,0,648.0,12,0.0,0.0,0.0,600.0,29,0.0
1125,201402,0,434.0,12,0.0,0.0,0.0,827.9,37,0.0
1126,201406,0,1095.0,10,0.0,0.0,11.0,500.0,40,0.0
1127,201403,0,673.0,6,0.0,0.0,0.0,300.0,41,0.0
1128,201404,0,3957.0,9,13.0,0.0,0.0,739.72,36,4.0
1129,201402,0,578.0,4,0.0,0.0,0.0,300.0,50,0.0
1130,201407,0,2055.0,10,19.0,11.0,12.0,1500.0,66,1.0
1131,201406,1,4741.0,12,24.0,11.0,8.0,1000.0,64,35.0
1132,201412,1,605.0,5,0.0,0.0,0.0,500.0,22,0.0
1133,201406,1,837.0,12,0.0,0.0,4.0,1623.34,21,0.0
1134,201401,1,3039.0,12,43.0,0.0,0.0,1000.0,65,4.0
1135,201405,0,1759.0,12,7.0,11.0,10.0,1000.0,25,3.0
1136,201408,0,811.0,5,0.0,0.0,3.0,150.0,24,0.0
1137,201407,0,1385.0,5,0.0,2.0,3.0,400.0,28,0.0
1138,201406,1,436.0,8,0.0,0.0,0.0,1000.0,43,0.0
1139,201406,1,1245.0,5,0.0,5.0,11.0,650.0,52,0.0
1140,201410,0,661.0,4,0.0,0.0,0.0,500.0,58,0.0
1141,201411,1,256.0,12,0.0,0.0,0.0,1908.65,30,0.0
1142,201401,0,450.0,12,0.0,0.0,0.0,1000.0,23,0.0
1143,201405,0,561.0,12,0.0,0.0,0.0,400.0,34,0.0
1144,201401,1,1648.0,6,5.0,7.0,11.0,600.0,44,1.0
1145,201402,0,4530.0,12,21.0,3.0,10.0,1500.0,59,29.0
1146,201408,1,282.0,12,0.0,0.0,0.0,3000.0,54,0.0
1147,201401,0,827.0,12,0.0,0.0,3.0,800.0,53,0.0
1148,201408,0,337.0,12,0.0,0.0,0.0,1690.0,28,0.0
1149,201406,0,219.0,6,0.0,0.0,0.0,240.0,36,0.0
1150,201406,0,1843.0,6,10.0,8.0,11.0,1000.0,62,3.0
1151,201409,1,630.0,10,0.0,0.0,0.0,1500.0,25,0.0
1152,201405,0,514.0,5,0.0,0.0,0.0,500.0,34,0.0
1153,201401,1,969.0,12,0.0,0.0,5.0,1000.0,46,0.0
1154,201401,0,458.0,12,0.0,0.0,0.0,1500.0,28,0.0
1155,201412,0,592.0,12,0.0,0.0,0.0,2500.0,35,0.0
1156,201404,0,591.0,6,0.0,0.0,0.0,200.0,55,0.0
1157,201411,0,358.0,4,0.0,0.0,0.0,477.59,46,0.0
1158,201402,0,1564.0,8,3.0,12.0,12.0,2211.91,65,1.0
1159,201412,0,1509.0,12,1.0,11.0,11.0,1400.0,31,1.0
1160,201405,0,989.0,12,0.0,0.0,9.0,2535.0,73,0.0
1161,201403,0,631.0,12,0.0,0.0,0.0,1100.74,29,0.0
1162,201405,1,435.0,12,0.0,0.0,0.0,1000.0,42,0.0
1163,201402,0,849.0,12,0.0,0.0,6.0,1200.0,62,0.0
1164,201406,1,1635.0,8,4.0,2.0,9.0,350.0,32,2.0
1165,201404,0,1538.0,12,2.0,8.0,12.0,1140.0,38,1.0
1166,201410,0,421.0,8,0.0,0.0,0.0,450.0,39,0.0
1167,201407,1,2110.0,12,7.0,6.0,11.0,1000.0,50,5.0
1168,201401,1,589.0,12,0.0,0.0,0.0,1126.96,27,0.0
1169,201410,1,233.0,12,0.0,0.0,0.0,1500.0,26,0.0
1170,201405,0,670.0,5,0.0,0.0,0.0,300.0,53,0.0
1171,201412,1,630.0,12,0.0,0.0,0.0,1600.0,24,0.0
1172,201410,1,290.0,6,0.0,0.0,0.0,2000.0,65,0.0
1173,201405,0,884.0,12,0.0,0.0,5.0,2022.89,65,0.0
1174,201409,1,870.0,12,0.0,0.0,8.0,2000.0,40,0.0
1175,201408,0,192.0,8,0.0,0.0,0.0,600.0,27,0.0
1176,201403,1,2441.0,12,22.0,3.0,8.0,1000.0,77,10.0
1177,201401,0,621.0,3,0.0,0.0,0.0,430.07,31,0.0
1178,201409,0,319.0,12,0.0,0.0,0.0,1089.6,24,0.0
1179,201407,0,4142.0,6,10.0,0.0,8.0,500.0,53,14.0
1180,201409,0,600.0,12,0.0,0.0,0.0,500.0,71,0.0
1181,201405,0,2924.0,12,33.0,11.0,11.0,1446.0,52,5.0
1182,201410,0,1395.0,12,0.0,6.0,0.0,1000.0,50,0.0
1183,201411,1,347.0,6,0.0,0.0,0.0,574.0,43,0.0
1184,201408,1,334.0,12,0.0,0.0,0.0,696.0,27,0.0
1185,201403,1,406.0,12,0.0,0.0,0.0,1500.0,41,0.0
1186,201404,0,1708.0,10,7.0,11.0,8.0,1000.0,66,1.0
1187,201402,0,472.0,6,0.0,0.0,0.0,349.03,21,0.0
1188,201412,1,750.0,12,0.0,0.0,1.0,907.25,28,0.0
1189,201403,1,319.0,7,0.0,0.0,0.0,1000.0,25,0.0
1190,201404,0,325.0,12,0.0,0.0,0.0,1200.0,34,0.0
1191,201404,0,754.0,8,0.0,0.0,1.0,500.0,36,0.0
1192,201406,0,464.0,10,0.0,0.0,0.0,1000.0,53,0.0
1193,201402,0,4048.0,12,51.0,11.0,12.0,2000.0,63,22.0
1194,201412,0,555.0,7,0.0,0.0,0.0,2395.8,41,0.0
1195,201407,0,336.0,12,0.0,0.0,0.0,1000.0,31,0.0
1196,201403,0,4125.0,12,21.0,0.0,3.0,2000.0,52,24.0
1197,201405,0,648.0,12,0.0,0.0,0.0,1801.7,28,0.0
1198,201411,0,2484.0,6,33.0,3.0,0.0,1500.0,37,1.0
1199,201412,1,1907.0,12,7.0,7.0,12.0,1224.08,27,3.0
1200,201408,0,3391.0,3,18.0,0.0,9.0,400.0,43,12.0
1201,201408,0,814.0,8,0.0,0.0,3.0,574.0,30,0.0
1202,201410,0,174.0,12,0.0,0.0,0.0,1261.81,34,0.0
1203,201405,1,908.0,12,0.0,0.0,6.0,2000.0,53,0.0
1204,201410,0,2849.0,6,16.0,0.0,0.0,800.0,37,4.0
1205,201406,0,1598.0,3,3.0,9.0,9.0,320.0,42,2.0
1206,201406,0,612.0,10,0.0,0.0,0.0,1500.0,33,0.0
1207,201406,0,2839.0,12,27.0,0.0,0.0,766.93,34,2.0
1208,201411,1,896.0,12,0.0,0.0,5.0,947.09,23,0.0
1209,201411,1,763.0,12,0.0,0.0,1.0,1000.0,74,0.0
1210,201403,0,946.0,12,0.0,0.0,3.0,1380.1,27,0.0
1211,201408,0,123.0,3,0.0,0.0,0.0,400.0,43,0.0
1212,201401,0,544.0,12,0.0,0.0,0.0,439.0,51,0.0
1213,201407,0,1017.0,6,0.0,0.0,11.0,530.0,38,0.0
1214,201402,0,511.0,3,0.0,0.0,0.0,374.0,30,0.0
1215,201402,0,3591.0,12,40.0,7.0,9.0,2000.0,67,13.0
1216,201402,0,434.0,12,0.0,0.0,0.0,1300.0,34,0.0
1217,201407,0,1478.0,12,0.0,5.0,12.0,2485.16,29,1.0
1218,201406,0,1042.0,10,0.0,0.0,11.0,1600.0,37,0.0
1219,201408,1,211.0,10,0.0,0.0,0.0,858.49,37,0.0
1220,201403,1,,12,,,,700.0,27,
1221,201403,1,2659.0,12,6.0,0.0,2.0,2000.0,60,2.0
1222,201410,0,1108.0,7,0.0,0.0,12.0,1000.0,30,0.0
1223,201401,1,2361.0,12,15.0,0.0,0.0,1237.19,30,5.0
1224,201405,0,4211.0,3,28.0,5.0,12.0,484.52,49,12.0
1225,201401,0,195.0,12,0.0,0.0,0.0,700.0,65,0.0
1226,201409,1,2663.0,10,15.0,0.0,0.0,800.0,26,6.0
1227,201404,0,4643.0,4,34.0,1.0,9.0,250.0,56,11.0
1228,201405,0,523.0,10,0.0,0.0,0.0,1800.0,43,0.0
1229,201411,1,245.0,12,0.0,0.0,0.0,600.0,38,0.0
1230,201407,1,875.0,12,0.0,0.0,5.0,1500.0,26,0.0
1231,201412,0,574.0,5,0.0,0.0,0.0,169.0,21,0.0
1232,201408,0,4267.0,5,58.0,4.0,11.0,250.0,52,21.0
1233,201402,1,226.0,3,0.0,0.0,0.0,190.0,33,0.0
1234,201407,1,3175.0,12,28.0,12.0,11.0,1800.0,52,6.0
1235,201401,1,533.0,8,0.0,0.0,0.0,500.0,50,0.0
1236,201411,0,2134.0,3,18.0,9.0,10.0,700.0,51,5.0
1237,201406,0,915.0,12,0.0,0.0,7.0,1500.0,47,0.0
1238,201407,0,657.0,10,0.0,0.0,0.0,600.0,37,0.0
1239,201404,1,262.0,8,0.0,0.0,0.0,933.31,39,0.0
1240,201403,0,594.0,12,0.0,0.0,0.0,500.0,52,0.0
1241,201401,0,3804.0,12,51.0,6.0,10.0,1100.0,50,24.0
1242,201407,1,305.0,12,0.0,0.0,0.0,1500.0,69,0.0
1243,201403,0,2528.0,12,6.0,0.0,1.0,1000.0,43,2.0
1244,201411,0,838.0,3,0.0,0.0,4.0,200.0,51,0.0
1245,201408,0,2915.0,3,4.0,0.0,0.0,150.0,29,31.0
1246,201411,0,823.0,12,0.0,0.0,4.0,400.0,28,0.0
1247,201407,1,3164.0,10,49.0,7.0,8.0,500.0,45,6.0
1248,201410,0,867.0,12,0.0,0.0,4.0,2563.06,55,0.0
1249,201405,0,244.0,12,0.0,0.0,0.0,2000.0,59,0.0
1250,201411,1,501.0,12,0.0,0.0,0.0,904.37,33,0.0
1251,201401,0,2710.0,10,19.0,5.0,0.0,320.0,30,3.0
1252,201406,0,615.0,6,0.0,0.0,0.0,700.0,24,0.0
1253,201407,0,864.0,10,0.0,0.0,4.0,1200.0,50,0.0
1254,201405,0,375.0,12,0.0,0.0,0.0,1000.0,54,0.0
1255,201402,0,4516.0,6,68.0,1.0,0.0,1000.0,69,15.0
1256,201404,0,1421.0,12,0.0,6.0,7.0,1600.0,69,0.0
1257,201408,0,698.0,12,0.0,0.0,0.0,780.08,23,0.0
1258,201402,1,412.0,12,0.0,0.0,0.0,300.0,28,0.0
1259,201406,1,244.0,12,0.0,0.0,0.0,600.0,41,0.0
1260,201406,1,539.0,12,0.0,0.0,0.0,1253.78,49,0.0
1261,201406,0,2756.0,12,27.0,2.0,0.0,1300.0,49,4.0
1262,201407,0,195.0,6,0.0,0.0,0.0,250.0,51,0.0
1263,201412,0,2186.0,12,16.0,5.0,0.0,700.0,53,7.0
1264,201403,0,498.0,12,0.0,0.0,0.0,1000.0,46,0.0
1265,201410,0,825.0,12,0.0,0.0,3.0,800.0,59,0.0
1266,201405,0,734.0,12,0.0,0.0,0.0,1000.0,52,0.0
1267,201407,0,662.0,8,0.0,0.0,0.0,1500.0,31,0.0
1268,201408,0,1173.0,12,0.0,1.0,0.0,2000.0,41,0.0
1269,201410,1,500.0,12,0.0,0.0,0.0,2000.0,34,0.0
1270,201401,0,589.0,12,0.0,0.0,0.0,900.0,42,0.0
1271,201403,0,2023.0,12,19.0,12.0,2.0,2000.0,58,2.0
1272,201407,1,525.0,12,0.0,0.0,0.0,1470.0,32,0.0
1273,201410,0,395.0,12,0.0,0.0,0.0,500.0,57,0.0
1274,201403,0,3720.0,12,32.0,0.0,0.0,2000.0,47,16.0
1275,201401,1,208.0,10,0.0,0.0,0.0,530.0,40,0.0
1276,201405,0,3438.0,12,30.0,12.0,12.0,1000.0,61,4.0
1277,201402,1,754.0,12,0.0,0.0,1.0,496.65,24,0.0
1278,201407,1,210.0,12,0.0,0.0,0.0,2470.0,67,0.0
1279,201405,0,4552.0,12,51.0,7.0,5.0,1000.0,55,26.0
1280,201412,0,2165.0,12,14.0,5.0,12.0,3000.0,62,9.0
1281,201408,1,554.0,12,0.0,0.0,0.0,500.0,49,0.0
1282,201405,0,3354.0,12,32.0,9.0,11.0,800.0,56,22.0
1283,201403,0,1046.0,12,0.0,0.0,10.0,1055.32,39,0.0
1284,201409,0,641.0,12,0.0,0.0,0.0,2200.0,54,0.0
1285,201407,0,3121.0,4,4.0,2.0,0.0,600.0,37,6.0
1286,201408,1,254.0,12,0.0,0.0,0.0,1441.63,67,0.0
1287,201406,0,1043.0,4,0.0,0.0,9.0,1000.0,37,0.0
1288,201411,0,378.0,3,0.0,0.0,0.0,597.41,25,0.0
1289,201410,0,235.0,12,0.0,0.0,0.0,2000.0,23,0.0
1290,201408,0,756.0,10,0.0,0.0,1.0,1200.0,25,0.0
1291,201407,0,2184.0,12,1.0,0.0,2.0,800.0,48,2.0
1292,201405,1,3482.0,12,10.0,10.0,3.0,1300.0,55,5.0
1293,201403,1,1088.0,12,0.0,0.0,12.0,800.0,71,0.0
1294,201401,0,451.0,10,0.0,0.0,0.0,894.75,25,0.0
1295,201405,0,2736.0,12,6.0,4.0,5.0,1554.14,53,1.0
1296,201404,0,216.0,12,0.0,0.0,0.0,785.94,31,0.0
1297,201410,0,1226.0,12,0.0,3.0,12.0,1000.0,75,0.0
1298,201406,0,368.0,10,0.0,0.0,0.0,1692.0,64,0.0
1299,201408,0,1091.0,12,0.0,0.0,11.0,1500.0,41,0.0
1300,201406,0,1953.0,12,11.0,12.0,6.0,1400.0,55,4.0
1301,201410,0,410.0,6,0.0,0.0,0.0,1000.0,55,0.0
1302,201407,1,851.0,12,0.0,0.0,6.0,3000.0,55,0.0
1303,201405,1,213.0,12,0.0,0.0,0.0,1300.0,39,0.0
1304,201406,0,229.0,12,0.0,0.0,0.0,1200.0,71,0.0
1305,201410,0,4664.0,12,61.0,12.0,12.0,3000.0,72,6.0
1306,201407,0,1895.0,12,2.0,0.0,0.0,2500.0,39,1.0
1307,201402,0,2682.0,12,23.0,0.0,0.0,1380.0,74,12.0
1308,201409,0,3908.0,12,9.0,0.0,0.0,1290.12,48,5.0
1309,201403,0,222.0,12,0.0,0.0,0.0,921.49,40,0.0
1310,201406,1,2185.0,12,16.0,0.0,3.0,2500.0,49,3.0
1311,201401,0,1690.0,12,7.0,8.0,11.0,600.0,52,1.0
1312,201408,0,4046.0,12,51.0,8.0,3.0,500.0,54,17.0
1313,201409,0,332.0,6,0.0,0.0,0.0,400.0,26,0.0
1314,201401,0,1317.0,12,0.0,3.0,11.0,843.41,21,0.0
1315,201407,1,139.0,12,0.0,0.0,0.0,1000.0,57,0.0
1316,201411,1,717.0,12,0.0,0.0,1.0,900.0,34,0.0
1317,201412,0,556.0,8,0.0,0.0,0.0,500.0,45,0.0
1318,201412,0,4771.0,12,52.0,6.0,6.0,2000.0,64,34.0
1319,201404,0,1122.0,12,0.0,0.0,12.0,1500.0,59,0.0
1320,201407,1,277.0,6,0.0,0.0,0.0,1000.0,60,0.0
1321,201402,0,203.0,12,0.0,0.0,0.0,912.08,26,0.0
1322,201403,0,1645.0,12,5.0,11.0,11.0,700.0,46,1.0
1323,201404,0,435.0,12,0.0,0.0,0.0,1000.0,55,0.0
1324,201403,0,2829.0,12,39.0,12.0,1.0,1000.0,54,6.0
1325,201404,1,275.0,10,0.0,0.0,0.0,1000.0,38,0.0
1326,201403,0,528.0,12,0.0,0.0,0.0,850.0,36,0.0
1327,201405,0,634.0,4,0.0,0.0,0.0,425.06,21,0.0
1328,201409,0,1631.0,10,4.0,6.0,9.0,500.0,54,2.0
1329,201401,1,496.0,10,0.0,0.0,0.0,1000.0,58,0.0
1330,201410,1,259.0,8,0.0,0.0,0.0,700.0,38,0.0
1331,201402,0,432.0,12,0.0,0.0,0.0,930.0,57,0.0
1332,201404,0,2984.0,12,33.0,8.0,12.0,1000.0,56,18.0
1333,201411,1,1073.0,10,0.0,0.0,12.0,1381.0,38,0.0
1334,201408,0,1987.0,12,15.0,12.0,12.0,1468.23,26,3.0
1335,201407,1,3440.0,12,26.0,0.0,0.0,2029.06,27,5.0
1336,201411,0,2134.0,12,16.0,8.0,11.0,2000.0,54,3.0
1337,201412,0,883.0,10,0.0,0.0,5.0,600.0,38,0.0
1338,201408,1,234.0,6,0.0,0.0,0.0,300.0,31,0.0
1339,201405,0,246.0,12,0.0,0.0,0.0,1200.0,26,0.0
1340,201406,1,487.0,12,0.0,0.0,0.0,1220.0,73,0.0
1341,201412,0,658.0,12,0.0,0.0,0.0,1000.0,41,0.0
1342,201407,0,360.0,12,0.0,0.0,0.0,814.61,22,0.0
1343,201403,0,396.0,3,0.0,0.0,0.0,300.0,36,0.0
1344,201409,0,1012.0,3,0.0,0.0,7.0,150.0,35,0.0
1345,201410,0,309.0,5,0.0,0.0,0.0,400.0,46,0.0
1346,201405,0,2968.0,12,12.0,0.0,6.0,1000.0,63,7.0
1347,201402,1,822.0,6,0.0,0.0,2.0,1000.0,23,0.0
1348,201408,0,767.0,10,0.0,0.0,1.0,1000.0,44,0.0
1349,201411,0,1101.0,3,0.0,0.0,3.0,700.0,44,0.0
1350,201409,0,1058.0,12,0.0,0.0,11.0,1257.96,26,0.0
1351,201405,1,349.0,12,0.0,0.0,0.0,500.0,25,0.0
1352,201411,0,587.0,12,0.0,0.0,0.0,2000.0,57,0.0
1353,201407,0,243.0,12,0.0,0.0,0.0,1771.48,65,0.0
1354,201408,1,440.0,12,0.0,0.0,0.0,1000.0,38,0.0
1355,201401,0,421.0,12,0.0,0.0,0.0,1200.0,36,0.0
1356,201403,0,3005.0,12,28.0,8.0,12.0,1500.0,45,4.0
1357,201409,0,1988.0,12,2.0,0.0,0.0,1200.0,58,1.0
1358,201406,0,601.0,12,0.0,0.0,0.0,1000.0,36,0.0
1359,201410,0,773.0,8,0.0,0.0,2.0,1000.0,49,0.0
1360,201412,0,1229.0,7,0.0,3.0,12.0,2000.0,47,0.0
1361,201412,0,1071.0,6,0.0,0.0,11.0,700.0,45,0.0
1362,201406,0,3486.0,12,9.0,7.0,11.0,1000.0,32,5.0
1363,201412,1,75.0,4,0.0,0.0,0.0,400.0,21,0.0
1364,201403,0,684.0,12,0.0,0.0,0.0,319.39,31,0.0
1365,201408,0,1341.0,4,0.0,7.0,7.0,300.0,21,0.0
1366,201402,1,1963.0,12,9.0,1.0,10.0,2900.0,25,1.0
1367,201405,0,164.0,12,0.0,0.0,0.0,500.0,32,0.0
1368,201406,0,435.0,12,0.0,0.0,0.0,600.0,32,0.0
1369,201403,0,599.0,5,0.0,0.0,0.0,1000.0,36,0.0
1370,201405,0,1805.0,12,4.0,2.0,0.0,2000.0,78,2.0
1371,201406,0,555.0,10,0.0,0.0,0.0,2000.0,43,0.0
1372,201405,0,3060.0,6,35.0,9.0,12.0,500.0,65,5.0
1373,201402,0,115.0,12,0.0,0.0,0.0,648.01,25,0.0
1374,201408,0,614.0,4,0.0,0.0,0.0,1000.0,38,0.0
1375,201411,0,1254.0,12,0.0,3.0,0.0,3000.0,65,0.0
1376,201407,1,662.0,12,0.0,0.0,0.0,1136.81,29,0.0
1377,201402,1,285.0,12,0.0,0.0,0.0,792.58,19,0.0
1378,201408,1,239.0,12,0.0,0.0,0.0,800.0,34,0.0
1379,201406,1,422.0,8,0.0,0.0,0.0,2000.0,38,0.0
1380,201409,0,947.0,12,0.0,0.0,7.0,900.0,41,0.0
1381,201411,0,675.0,8,0.0,0.0,1.0,1000.0,41,0.0
1382,201402,0,576.0,12,0.0,0.0,0.0,350.0,25,0.0
1383,201404,0,1926.0,12,12.0,8.0,11.0,1000.0,36,4.0
1384,201408,0,,12,,,,1200.0,75,
1385,201403,0,920.0,12,0.0,0.0,6.0,900.0,40,0.0
1386,201404,0,234.0,12,0.0,0.0,0.0,1000.0,52,0.0
1387,201404,0,241.0,10,0.0,0.0,0.0,1500.0,54,0.0
1388,201405,1,1302.0,12,0.0,6.0,10.0,2000.0,66,0.0
1389,201409,0,1195.0,6,0.0,2.0,5.0,150.0,34,0.0
1390,201407,0,210.0,12,0.0,0.0,0.0,1000.0,52,0.0
1391,201405,1,2429.0,12,14.0,7.0,0.0,2100.0,41,3.0
1392,201407,0,673.0,12,0.0,0.0,0.0,1038.0,44,0.0
1393,201406,0,1377.0,10,0.0,7.0,11.0,2000.0,36,0.0
1394,201411,0,741.0,12,0.0,0.0,0.0,700.0,33,0.0
1395,201409,0,354.0,7,0.0,0.0,0.0,1000.0,35,0.0
1396,201405,0,540.0,4,0.0,0.0,0.0,250.0,38,0.0
1397,201408,0,1703.0,12,6.0,2.0,3.0,861.3,27,2.0
1398,201405,1,274.0,12,0.0,0.0,0.0,750.0,36,0.0
1399,201412,1,3598.0,12,58.0,8.0,12.0,2000.0,58,11.0
1400,201407,0,195.0,12,0.0,0.0,0.0,800.0,61,0.0
1401,201402,0,2873.0,12,3.0,0.0,0.0,1000.0,48,4.0
1402,201407,1,217.0,3,0.0,0.0,0.0,300.0,38,0.0
1403,201401,1,632.0,4,0.0,0.0,0.0,350.0,39,0.0
1404,201402,1,294.0,12,0.0,0.0,0.0,2477.72,62,0.0
1405,201410,0,257.0,3,0.0,0.0,0.0,150.0,38,0.0
1406,201410,0,3305.0,12,12.0,0.0,0.0,800.0,64,8.0
1407,201410,0,235.0,3,0.0,0.0,0.0,150.0,54,0.0
1408,201405,1,451.0,12,0.0,0.0,0.0,960.0,39,0.0
1409,201401,0,2408.0,12,20.0,10.0,11.0,1000.0,46,3.0
1410,201410,0,466.0,12,0.0,0.0,0.0,2842.0,57,0.0
1411,201409,0,3729.0,6,70.0,12.0,12.0,700.0,44,3.0
1412,201403,0,459.0,12,0.0,0.0,0.0,1000.0,38,0.0
1413,201412,0,757.0,4,0.0,0.0,1.0,250.0,22,0.0
1414,201404,0,3780.0,6,53.0,3.0,9.0,250.0,37,14.0
1415,201405,0,721.0,12,0.0,0.0,0.0,800.0,42,0.0
1416,201409,0,930.0,12,0.0,0.0,7.0,1567.37,34,0.0
1417,201401,1,894.0,8,0.0,0.0,5.0,1000.0,41,0.0
1418,201409,0,347.0,5,0.0,0.0,0.0,500.0,30,0.0
1419,201407,0,272.0,12,0.0,0.0,0.0,1500.0,58,0.0
1420,201408,1,175.0,12,0.0,0.0,0.0,2000.0,61,0.0
1421,201401,0,1415.0,12,0.0,5.0,12.0,843.0,26,0.0
1422,201409,0,912.0,12,0.0,0.0,6.0,900.0,33,0.0
1423,201408,0,656.0,12,0.0,0.0,0.0,896.0,38,0.0
1424,201408,1,370.0,12,0.0,0.0,0.0,2000.0,45,0.0
1425,201404,1,3226.0,12,35.0,6.0,10.0,1700.0,38,9.0
1426,201410,1,1259.0,12,0.0,4.0,1.0,1000.0,29,0.0
1427,201409,1,135.0,12,0.0,0.0,0.0,1176.18,45,0.0
1428,201406,0,227.0,12,0.0,0.0,0.0,1000.0,52,0.0
1429,201406,0,4915.0,6,31.0,0.0,0.0,500.0,44,4.0
1430,201410,0,1343.0,12,0.0,3.0,9.0,1455.14,44,0.0
1431,201402,0,953.0,12,0.0,0.0,7.0,1500.0,35,0.0
1432,201412,0,3195.0,12,21.0,7.0,2.0,1854.48,39,4.0
1433,201411,1,3569.0,12,19.0,1.0,0.0,500.0,30,34.0
1434,201410,0,1153.0,5,0.0,2.0,11.0,500.0,35,0.0
1435,201408,0,3170.0,4,47.0,12.0,12.0,150.0,54,4.0
1436,201402,1,240.0,12,0.0,0.0,0.0,300.0,25,0.0
1437,201407,0,165.0,12,0.0,0.0,0.0,1494.1,55,0.0
1438,201407,0,4565.0,12,64.0,12.0,12.0,1000.0,56,13.0
1439,201402,0,4397.0,12,26.0,0.0,0.0,2000.0,55,5.0
1440,201408,0,373.0,6,0.0,0.0,0.0,1000.0,37,0.0
1441,201412,0,1040.0,12,0.0,0.0,10.0,1700.0,64,0.0
1442,201406,0,290.0,8,0.0,0.0,0.0,600.0,33,0.0
1443,201412,1,376.0,12,0.0,0.0,0.0,1600.0,33,0.0
1444,201406,1,746.0,10,0.0,0.0,1.0,400.0,37,0.0
1445,201402,0,574.0,3,0.0,0.0,0.0,317.3,37,0.0
1446,201403,0,674.0,12,0.0,0.0,0.0,1000.0,51,0.0
1447,201407,0,1367.0,12,0.0,7.0,12.0,1300.0,33,0.0
1448,201409,1,339.0,12,0.0,0.0,0.0,1000.0,35,0.0
1449,201403,0,790.0,8,0.0,0.0,2.0,490.55,23,0.0
1450,201408,0,648.0,3,0.0,0.0,0.0,500.0,51,0.0
1451,201401,0,4045.0,12,56.0,7.0,12.0,900.0,51,7.0
1452,201409,0,1362.0,12,0.0,4.0,0.0,1000.0,42,0.0
1453,201407,0,409.0,12,0.0,0.0,0.0,1633.19,53,0.0
1454,201405,1,346.0,8,0.0,0.0,0.0,500.0,31,0.0
1455,201402,0,398.0,12,0.0,0.0,0.0,1150.0,68,0.0
1456,201410,1,302.0,12,0.0,0.0,0.0,2000.0,33,0.0
1457,201403,0,1284.0,12,0.0,6.0,11.0,1041.0,23,0.0
1458,201412,0,1987.0,8,10.0,7.0,10.0,1500.0,43,7.0
1459,201406,0,1005.0,7,0.0,0.0,9.0,700.0,52,0.0
1460,201412,0,736.0,12,0.0,0.0,0.0,1083.0,25,0.0
1461,201402,1,406.0,12,0.0,0.0,0.0,909.61,33,0.0
1462,201410,0,2267.0,8,16.0,0.0,0.0,1500.0,39,3.0
1463,201408,0,1303.0,12,0.0,3.0,12.0,800.0,32,0.0
1464,201401,0,596.0,12,0.0,0.0,0.0,968.68,25,0.0
1465,201405,0,358.0,12,0.0,0.0,0.0,862.86,33,0.0
1466,201409,1,1127.0,12,0.0,0.0,10.0,1000.0,30,0.0
1467,201410,0,970.0,4,0.0,0.0,8.0,1478.0,38,0.0
1468,201405,1,311.0,10,0.0,0.0,0.0,2295.49,49,0.0
1469,201412,1,1965.0,12,9.0,3.0,0.0,1500.0,59,7.0
1470,201407,0,285.0,8,0.0,0.0,0.0,500.0,23,0.0
1471,201402,1,3684.0,12,32.0,5.0,12.0,1500.0,39,20.0
1472,201405,1,234.0,12,0.0,0.0,0.0,676.21,41,0.0
1473,201412,1,1945.0,12,6.0,0.0,1.0,2623.7,34,4.0
1474,201411,0,3611.0,12,51.0,11.0,12.0,2986.42,46,19.0
1475,201407,0,953.0,12,0.0,0.0,7.0,992.71,53,0.0
1476,201410,1,137.0,12,0.0,0.0,0.0,2000.0,34,0.0
1477,201407,1,672.0,12,0.0,0.0,0.0,2000.0,59,0.0
1478,201411,0,,12,,,,2000.0,32,
1479,201409,0,734.0,6,0.0,0.0,0.0,2000.0,52,0.0
1480,201412,1,947.0,10,0.0,0.0,8.0,1592.05,21,0.0
1481,201411,1,701.0,12,0.0,0.0,0.0,1641.61,40,0.0
1482,201412,1,938.0,8,0.0,0.0,6.0,1000.0,24,0.0
1483,201412,0,,10,,,,1000.0,72,
1484,201401,1,3975.0,7,37.0,9.0,11.0,500.0,57,29.0
1485,201412,0,425.0,6,0.0,0.0,0.0,600.0,39,0.0
1486,201405,0,2562.0,12,20.0,5.0,0.0,1177.81,39,10.0
1487,201409,0,862.0,9,0.0,0.0,3.0,350.0,25,0.0
1488,201405,0,1784.0,4,9.0,7.0,12.0,400.0,25,2.0
1489,201411,0,1622.0,12,4.0,12.0,11.0,700.0,47,1.0
1490,201404,0,251.0,12,0.0,0.0,0.0,891.65,50,0.0
1491,201409,0,725.0,12,0.0,0.0,0.0,1000.0,62,0.0
1492,201407,0,165.0,3,0.0,0.0,0.0,500.0,23,0.0
1493,201406,1,4843.0,12,61.0,1.0,11.0,1500.0,62,28.0
1494,201411,0,834.0,12,0.0,0.0,3.0,300.0,38,0.0
1495,201406,0,742.0,12,0.0,0.0,1.0,1000.0,56,0.0
1496,201404,0,2334.0,12,23.0,0.0,4.0,2000.0,50,2.0
1497,201408,0,667.0,8,0.0,0.0,0.0,500.0,32,0.0
1498,201401,0,3890.0,12,29.0,0.0,0.0,2000.0,34,14.0
1499,201409,0,1168.0,12,0.0,0.0,3.0,875.0,22,0.0
1500,201405,0,4639.0,12,44.0,5.0,12.0,1000.0,51,5.0
1501,201403,0,1065.0,6,0.0,0.0,7.0,1000.0,41,0.0
1502,201410,0,221.0,12,0.0,0.0,0.0,1099.22,23,0.0
1503,201405,0,2496.0,8,10.0,12.0,11.0,500.0,72,2.0
1504,201409,0,3193.0,10,40.0,8.0,0.0,1000.0,41,13.0
1505,201410,1,662.0,10,0.0,0.0,0.0,1034.49,56,0.0
1506,201405,0,3782.0,12,68.0,12.0,12.0,1500.0,66,7.0
1507,201401,0,,12,,,,1500.0,50,
1508,201403,0,409.0,12,0.0,0.0,0.0,500.0,73,0.0
1509,201405,0,2704.0,12,22.0,5.0,9.0,1000.0,37,2.0
1510,201412,0,2821.0,12,6.0,0.0,6.0,2252.69,27,2.0
1511,201411,1,1187.0,12,0.0,2.0,11.0,1500.0,53,0.0
1512,201401,1,457.0,12,0.0,0.0,0.0,900.0,31,0.0
1513,201409,0,1592.0,10,3.0,12.0,12.0,1000.0,24,1.0
1514,201408,1,312.0,12,0.0,0.0,0.0,1478.46,21,0.0
1515,201405,0,656.0,12,0.0,0.0,0.0,1000.0,42,0.0
1516,201409,1,318.0,12,0.0,0.0,0.0,2100.0,38,0.0
1517,201403,0,260.0,12,0.0,0.0,0.0,500.0,50,0.0
1518,201402,1,1181.0,12,0.0,2.0,9.0,1300.0,40,0.0
1519,201411,0,2625.0,12,20.0,0.0,0.0,2000.0,70,4.0
1520,201403,0,4829.0,12,66.0,12.0,12.0,800.0,51,9.0
1521,201406,0,338.0,8,0.0,0.0,0.0,500.0,33,0.0
1522,201406,0,627.0,5,0.0,0.0,0.0,450.0,27,0.0
1523,201407,1,725.0,12,0.0,0.0,0.0,1000.0,37,0.0
1524,201409,0,2091.0,10,6.0,8.0,11.0,500.0,37,4.0
1525,201403,0,497.0,12,0.0,0.0,0.0,872.71,26,0.0
1526,201407,0,275.0,12,0.0,0.0,0.0,500.0,40,0.0
1527,201407,1,495.0,12,0.0,0.0,0.0,2000.0,32,0.0
1528,201410,1,834.0,12,0.0,0.0,4.0,2000.0,47,0.0
1529,201411,0,1187.0,12,0.0,1.0,6.0,2000.0,58,0.0
1530,201402,0,777.0,12,0.0,0.0,2.0,800.0,54,0.0
1531,201407,0,3503.0,12,23.0,0.0,8.0,2000.0,64,9.0
1532,201406,1,212.0,12,0.0,0.0,0.0,720.4,21,0.0
1533,201406,1,386.0,12,0.0,0.0,0.0,1100.24,32,0.0
1534,201410,0,1041.0,4,0.0,0.0,10.0,300.0,22,0.0
1535,201403,1,657.0,11,0.0,0.0,0.0,2000.0,33,0.0
1536,201411,0,1914.0,12,11.0,2.0,0.0,1420.07,38,3.0
1537,201401,1,186.0,12,0.0,0.0,0.0,469.28,18,0.0
1538,201409,0,2870.0,8,7.0,0.0,2.0,500.0,68,1.0
1539,201405,1,3142.0,12,20.0,4.0,0.0,1500.0,33,14.0
1540,201405,0,337.0,12,0.0,0.0,0.0,1000.0,23,0.0
1541,201401,1,118.0,10,0.0,0.0,0.0,500.0,39,0.0
1542,201407,0,2054.0,12,18.0,3.0,10.0,1500.0,54,2.0
1543,201404,0,231.0,6,0.0,0.0,0.0,400.0,51,0.0
1544,201406,0,3103.0,12,11.0,5.0,8.0,1000.0,34,37.0
1545,201410,0,424.0,12,0.0,0.0,0.0,700.0,52,0.0
1546,201407,0,3992.0,3,74.0,12.0,12.0,600.0,31,4.0
1547,201410,1,3325.0,12,43.0,9.0,10.0,400.0,30,14.0
1548,201404,1,475.0,6,0.0,0.0,0.0,568.73,38,0.0
1549,201412,1,1027.0,12,0.0,0.0,9.0,1650.0,31,0.0
1550,201405,1,403.0,12,0.0,0.0,0.0,1200.0,36,0.0
1551,201406,0,642.0,4,0.0,0.0,0.0,1000.0,37,0.0
1552,201409,0,689.0,6,0.0,0.0,0.0,1000.0,36,0.0
1553,201412,0,796.0,3,0.0,0.0,2.0,300.0,52,0.0
1554,201404,0,855.0,10,0.0,0.0,4.0,1500.0,60,0.0
1555,201412,0,126.0,12,0.0,0.0,0.0,721.5,21,0.0
1556,201405,0,979.0,12,0.0,0.0,10.0,2000.0,58,0.0
1557,201409,1,473.0,12,0.0,0.0,0.0,2500.0,52,0.0
1558,201407,0,2641.0,12,34.0,10.0,11.0,1000.0,29,5.0
1559,201406,0,234.0,6,0.0,0.0,0.0,500.0,58,0.0
1560,201406,0,927.0,10,0.0,0.0,6.0,300.0,29,0.0
1561,201410,0,1105.0,4,0.0,0.0,10.0,700.0,28,0.0
1562,201407,0,2506.0,12,19.0,0.0,0.0,1200.0,55,6.0
1563,201411,0,267.0,6,0.0,0.0,0.0,350.0,29,0.0
1564,201409,1,2571.0,12,10.0,0.0,0.0,1000.0,37,4.0
1565,201408,0,244.0,12,0.0,0.0,0.0,1000.0,62,0.0
1566,201402,1,132.0,12,0.0,0.0,0.0,500.0,24,0.0
1567,201405,0,3069.0,12,43.0,10.0,7.0,3000.0,59,9.0
1568,201410,0,500.0,10,0.0,0.0,0.0,500.0,44,0.0
1569,201411,0,825.0,12,0.0,0.0,3.0,1000.0,37,0.0
1570,201409,0,191.0,12,0.0,0.0,0.0,1504.0,30,0.0
1571,201412,0,1446.0,3,0.0,10.0,5.0,500.0,56,0.0
1572,201404,1,1041.0,12,0.0,0.0,10.0,1000.0,42,0.0
1573,201405,0,435.0,12,0.0,0.0,0.0,1000.0,64,0.0
1574,201408,0,301.0,12,0.0,0.0,0.0,500.0,54,0.0
1575,201406,0,593.0,8,0.0,0.0,0.0,1100.0,52,0.0
1576,201406,0,197.0,12,0.0,0.0,0.0,500.0,49,0.0
1577,201404,0,917.0,10,0.0,0.0,7.0,600.0,39,0.0
1578,201410,0,483.0,12,0.0,0.0,0.0,2000.0,58,0.0
1579,201402,1,372.0,12,0.0,0.0,0.0,2000.0,51,0.0
1580,201412,1,1159.0,12,0.0,1.0,5.0,1000.0,21,0.0
1581,201410,0,1297.0,10,0.0,4.0,12.0,1000.0,69,0.0
1582,201404,0,1716.0,7,5.0,0.0,1.0,1200.0,34,1.0
1583,201401,1,335.0,12,0.0,0.0,0.0,566.5,24,0.0
1584,201412,1,441.0,12,0.0,0.0,0.0,1500.0,37,0.0
1585,201401,0,683.0,5,0.0,0.0,1.0,500.0,51,0.0
1586,201408,0,188.0,5,0.0,0.0,0.0,400.0,66,0.0
1587,201401,0,750.0,7,0.0,0.0,1.0,393.41,23,0.0
1588,201407,0,259.0,3,0.0,0.0,0.0,150.0,64,0.0
1589,201408,0,565.0,12,0.0,0.0,0.0,1500.0,21,0.0
1590,201411,0,1707.0,12,7.0,0.0,0.0,800.0,24,1.0
1591,201404,1,542.0,12,0.0,0.0,0.0,859.17,38,0.0
1592,201409,0,593.0,12,0.0,0.0,0.0,1000.0,30,0.0
1593,201409,0,489.0,5,0.0,0.0,0.0,1000.0,70,0.0
1594,201412,1,757.0,3,0.0,0.0,1.0,400.0,38,0.0
1595,201411,0,407.0,10,0.0,0.0,0.0,1000.0,42,0.0
1596,201407,1,359.0,3,0.0,0.0,0.0,361.64,29,0.0
1597,201411,0,1243.0,12,0.0,4.0,12.0,930.59,33,0.0
1598,201405,0,2849.0,12,18.0,4.0,9.0,611.83,40,17.0
1599,201401,0,3499.0,6,17.0,2.0,2.0,1000.0,38,18.0
1600,201403,0,2195.0,10,17.0,12.0,11.0,500.0,39,8.0
1601,201401,0,197.0,4,0.0,0.0,0.0,200.0,22,0.0
1602,201412,1,4756.0,6,6.0,0.0,0.0,500.0,34,13.0
1603,201406,0,4767.0,12,44.0,7.0,10.0,1300.0,49,24.0
1604,201410,0,3985.0,12,45.0,8.0,11.0,1000.0,67,18.0
1605,201412,1,464.0,12,0.0,0.0,0.0,2600.0,58,0.0
1606,201402,0,3215.0,12,5.0,0.0,0.0,1000.0,40,3.0
1607,201402,0,791.0,10,0.0,0.0,2.0,700.0,39,0.0
1608,201408,0,166.0,12,0.0,0.0,0.0,700.0,46,0.0
1609,201407,0,1075.0,8,0.0,0.0,11.0,2000.0,52,0.0
1610,201403,0,567.0,12,0.0,0.0,0.0,800.0,33,0.0
1611,201405,0,688.0,12,0.0,0.0,0.0,2079.85,33,0.0
1612,201403,0,,12,,,,1300.0,54,
1613,201407,0,311.0,12,0.0,0.0,0.0,700.0,52,0.0
1614,201405,0,3459.0,4,6.0,0.0,1.0,700.0,52,2.0
1615,201403,1,1167.0,12,0.0,1.0,2.0,700.0,51,0.0
1616,201405,0,193.0,12,0.0,0.0,0.0,2053.75,38,0.0
1617,201412,0,279.0,12,0.0,0.0,0.0,883.27,35,0.0
1618,201401,0,3190.0,12,41.0,6.0,10.0,1970.0,31,10.0
1619,201405,1,507.0,12,0.0,0.0,0.0,1140.0,50,0.0
1620,201403,0,2528.0,10,24.0,9.0,11.0,1000.0,46,8.0
1621,201411,0,778.0,12,0.0,0.0,3.0,600.0,53,0.0
1622,201405,0,2892.0,12,20.0,8.0,12.0,1500.0,70,5.0
1623,201409,0,606.0,8,0.0,0.0,0.0,1030.05,33,0.0
1624,201411,1,212.0,12,0.0,0.0,0.0,1000.0,37,0.0
1625,201404,0,285.0,6,0.0,0.0,0.0,250.0,39,0.0
1626,201412,0,2566.0,12,12.0,0.0,5.0,1170.0,70,9.0
1627,201411,0,324.0,12,0.0,0.0,0.0,1254.4,50,0.0
1628,201401,1,2093.0,12,14.0,5.0,10.0,2900.69,32,1.0
1629,201411,0,583.0,8,0.0,0.0,0.0,400.0,34,0.0
1630,201403,0,2848.0,12,35.0,11.0,12.0,1200.0,66,7.0
1631,201409,1,857.0,12,0.0,0.0,4.0,1000.0,37,0.0
1632,201402,0,255.0,12,0.0,0.0,0.0,1000.0,64,0.0
1633,201409,1,338.0,12,0.0,0.0,0.0,750.0,23,0.0
1634,201403,0,377.0,12,0.0,0.0,0.0,700.0,39,0.0
1635,201411,1,157.0,12,0.0,0.0,0.0,1949.08,37,0.0
1636,201402,0,3339.0,12,30.0,10.0,8.0,948.81,35,10.0
1637,201411,1,100.0,12,0.0,0.0,0.0,300.0,25,0.0
1638,201406,0,955.0,12,0.0,0.0,8.0,1646.45,50,0.0
1639,201405,0,3773.0,12,15.0,0.0,5.0,2979.3,54,8.0
1640,201412,1,927.0,12,0.0,0.0,7.0,1500.0,66,0.0
1641,201402,0,697.0,12,0.0,0.0,0.0,1000.0,58,0.0
1642,201407,0,284.0,12,0.0,0.0,0.0,1000.0,53,0.0
1643,201401,0,575.0,12,0.0,0.0,0.0,1380.4,49,0.0
1644,201406,0,815.0,3,0.0,0.0,2.0,300.0,34,0.0
1645,201405,0,860.0,12,0.0,0.0,4.0,2479.78,62,0.0
1646,201408,0,405.0,4,0.0,0.0,0.0,1000.0,39,0.0
1647,201404,1,294.0,12,0.0,0.0,0.0,1570.05,35,0.0
1648,201404,0,471.0,6,0.0,0.0,0.0,500.0,29,0.0
1649,201405,0,222.0,12,0.0,0.0,0.0,904.85,30,0.0
1650,201411,0,341.0,6,0.0,0.0,0.0,950.19,42,0.0
1651,201407,0,3150.0,12,53.0,11.0,12.0,1000.0,66,3.0
1652,201405,0,1191.0,12,0.0,2.0,11.0,1500.0,51,0.0
1653,201411,0,1178.0,12,0.0,2.0,11.0,1000.0,33,0.0
1654,201403,0,812.0,3,0.0,0.0,3.0,200.0,53,0.0
1655,201405,1,854.0,12,0.0,0.0,4.0,1200.0,41,0.0
1656,201402,0,1188.0,12,0.0,2.0,12.0,1000.0,50,0.0
1657,201402,0,613.0,12,0.0,0.0,0.0,1500.0,53,0.0
1658,201405,1,801.0,12,0.0,0.0,3.0,807.14,51,0.0
1659,201403,1,284.0,4,0.0,0.0,0.0,494.11,61,0.0
1660,201411,1,1789.0,8,4.0,10.0,12.0,500.0,28,3.0
1661,201408,0,1322.0,12,0.0,6.0,11.0,600.0,40,0.0
1662,201407,1,781.0,12,0.0,0.0,2.0,2717.8,45,0.0
1663,201402,0,1495.0,12,1.0,11.0,5.0,1000.0,49,1.0
1664,201402,0,713.0,10,0.0,0.0,0.0,1000.0,39,0.0
1665,201408,1,362.0,12,0.0,0.0,0.0,1690.0,29,0.0
1666,201402,0,3296.0,12,24.0,0.0,0.0,2000.0,67,7.0
1667,201407,1,448.0,12,0.0,0.0,0.0,2072.62,29,0.0
1668,201409,1,514.0,12,0.0,0.0,0.0,700.0,23,0.0
1669,201402,1,538.0,12,0.0,0.0,0.0,799.1,65,0.0
1670,201402,1,1348.0,3,0.0,2.0,4.0,400.0,26,0.0
1671,201406,0,1683.0,12,6.0,8.0,12.0,3000.0,39,2.0
1672,201402,0,253.0,12,0.0,0.0,0.0,1000.0,63,0.0
1673,201402,1,792.0,12,0.0,0.0,2.0,2400.0,38,0.0
1674,201405,0,1249.0,12,0.0,4.0,6.0,1500.0,62,0.0
1675,201409,0,4408.0,12,83.0,11.0,10.0,3000.0,58,9.0
1676,201403,0,3698.0,12,22.0,12.0,11.0,2900.0,61,18.0
1677,201411,0,2667.0,12,37.0,12.0,12.0,1200.0,50,3.0
1678,201412,0,204.0,12,0.0,0.0,0.0,1000.0,60,0.0
1679,201406,0,269.0,5,0.0,0.0,0.0,500.0,33,0.0
1680,201401,1,650.0,12,0.0,0.0,0.0,500.0,33,0.0
1681,201403,0,1075.0,10,0.0,0.0,10.0,2000.0,36,0.0
1682,201401,1,1064.0,12,0.0,0.0,10.0,953.37,48,0.0
1683,201402,0,784.0,12,0.0,0.0,2.0,1000.0,53,0.0
1684,201409,0,3335.0,12,21.0,0.0,2.0,2500.0,29,2.0
1685,201408,1,541.0,12,0.0,0.0,0.0,1000.0,54,0.0
1686,201406,1,1278.0,12,0.0,5.0,12.0,1500.0,28,0.0
1687,201409,0,252.0,4,0.0,0.0,0.0,800.0,42,0.0
1688,201404,0,667.0,12,0.0,0.0,0.0,1000.0,26,0.0
1689,201412,0,2847.0,12,21.0,7.0,12.0,2500.0,36,7.0
1690,201410,0,909.0,4,0.0,0.0,6.0,200.0,36,0.0
1691,201402,1,243.0,12,0.0,0.0,0.0,1000.0,50,0.0
1692,201404,0,235.0,3,0.0,0.0,0.0,500.0,23,0.0
1693,201409,0,417.0,12,0.0,0.0,0.0,1178.84,56,0.0
1694,201411,0,187.0,12,0.0,0.0,0.0,1800.0,50,0.0
1695,201410,1,804.0,10,0.0,0.0,2.0,1500.0,36,0.0
1696,201402,1,594.0,12,0.0,0.0,0.0,600.0,24,0.0
1697,201408,1,164.0,5,0.0,0.0,0.0,500.0,33,0.0
1698,201405,0,544.0,7,0.0,0.0,0.0,260.0,31,0.0
1699,201412,0,267.0,12,0.0,0.0,0.0,2000.0,55,0.0
1700,201406,0,822.0,3,0.0,0.0,5.0,249.25,21,0.0
1701,201408,0,282.0,10,0.0,0.0,0.0,1200.0,28,0.0
1702,201408,1,434.0,12,0.0,0.0,0.0,1000.0,32,0.0
1703,201412,1,1839.0,12,10.0,11.0,6.0,3000.0,31,2.0
1704,201411,0,1170.0,12,0.0,2.0,12.0,2000.0,48,0.0
1705,201402,0,1278.0,12,0.0,2.0,4.0,1500.0,49,0.0
1706,201408,1,158.0,8,0.0,0.0,0.0,400.0,35,0.0
1707,201406,1,555.0,12,0.0,0.0,0.0,2500.0,65,0.0
1708,201412,0,4571.0,12,32.0,3.0,1.0,3000.0,63,4.0
1709,201411,0,1511.0,12,1.0,8.0,2.0,1000.0,73,1.0
1710,201401,0,462.0,12,0.0,0.0,0.0,800.0,42,0.0
1711,201409,0,709.0,12,0.0,0.0,0.0,1000.0,34,0.0
1712,201410,0,813.0,12,0.0,0.0,2.0,948.63,35,0.0
1713,201404,0,466.0,12,0.0,0.0,0.0,1900.0,65,0.0
1714,201406,0,214.0,12,0.0,0.0,0.0,1000.0,47,0.0
1715,201406,1,561.0,12,0.0,0.0,0.0,1805.07,32,0.0
1716,201411,0,868.0,5,0.0,0.0,5.0,500.0,42,0.0
1717,201406,0,237.0,12,0.0,0.0,0.0,450.0,47,0.0
1718,201402,0,1353.0,12,0.0,5.0,2.0,700.0,44,0.0
1719,201404,0,773.0,12,0.0,0.0,2.0,1000.0,52,0.0
1720,201402,1,546.0,12,0.0,0.0,0.0,1188.67,49,0.0
1721,201411,1,157.0,10,0.0,0.0,0.0,530.0,54,0.0
1722,201406,1,1661.0,12,5.0,2.0,2.0,1421.01,26,2.0
1723,201407,0,201.0,12,0.0,0.0,0.0,1400.0,38,0.0
1724,201410,0,1291.0,12,0.0,3.0,12.0,1470.0,58,0.0
1725,201405,0,3588.0,12,56.0,11.0,12.0,1600.0,55,5.0
1726,201403,0,1557.0,10,2.0,12.0,12.0,1101.0,64,1.0
1727,201412,0,926.0,12,0.0,0.0,7.0,600.0,49,0.0
1728,201401,0,786.0,12,0.0,0.0,2.0,1000.0,32,0.0
1729,201405,1,194.0,12,0.0,0.0,0.0,1500.0,24,0.0
1730,201401,1,383.0,12,0.0,0.0,0.0,1000.0,31,0.0
1731,201406,0,840.0,5,0.0,0.0,4.0,290.0,31,0.0
1732,201402,1,930.0,12,0.0,0.0,6.0,2850.0,66,0.0
1733,201406,1,687.0,12,0.0,0.0,0.0,2218.83,40,0.0
1734,201411,0,,12,,,,800.0,27,
1735,201405,0,523.0,12,0.0,0.0,0.0,1140.0,39,0.0
1736,201412,0,2226.0,12,12.0,9.0,12.0,1000.0,54,5.0
1737,201402,0,888.0,12,0.0,0.0,5.0,1498.15,34,0.0
1738,201406,0,265.0,10,0.0,0.0,0.0,600.0,33,0.0
1739,201402,1,460.0,12,0.0,0.0,0.0,1000.0,37,0.0
1740,201402,0,2256.0,5,19.0,6.0,10.0,300.0,49,7.0
1741,201405,1,2493.0,12,3.0,0.0,0.0,800.0,25,1.0
1742,201411,0,2729.0,12,22.0,11.0,11.0,1500.0,61,4.0
1743,201402,1,467.0,12,0.0,0.0,0.0,1500.0,30,0.0
1744,201409,0,648.0,12,0.0,0.0,0.0,1149.17,30,0.0
1745,201410,0,806.0,12,0.0,0.0,2.0,900.0,47,0.0
1746,201409,1,1457.0,12,0.0,6.0,3.0,1500.0,38,0.0
1747,201409,0,3333.0,12,27.0,11.0,12.0,2500.0,69,19.0
1748,201408,0,436.0,12,0.0,0.0,0.0,1000.0,33,0.0
1749,201411,0,919.0,6,0.0,0.0,6.0,600.0,37,0.0
1750,201409,0,293.0,12,0.0,0.0,0.0,3000.0,69,0.0
1751,201405,0,221.0,12,0.0,0.0,0.0,1140.0,52,0.0
1752,201409,0,621.0,10,0.0,0.0,0.0,1300.0,27,0.0
1753,201407,1,220.0,12,0.0,0.0,0.0,1323.0,44,0.0
1754,201404,0,1323.0,12,0.0,5.0,4.0,1000.0,57,0.0
1755,201406,1,250.0,10,0.0,0.0,0.0,800.0,32,0.0
1756,201401,0,618.0,12,0.0,0.0,0.0,800.0,32,0.0
1757,201412,0,1675.0,12,4.0,0.0,0.0,1000.0,32,1.0
1758,201409,0,1020.0,12,0.0,0.0,8.0,1680.13,31,0.0
1759,201404,0,,12,,,,1500.0,30,
1760,201404,0,637.0,12,0.0,0.0,0.0,2000.0,51,0.0
1761,201409,0,1763.0,12,5.0,2.0,0.0,1000.0,69,1.0
1762,201406,0,2931.0,10,33.0,4.0,9.0,1000.0,51,14.0
1763,201410,0,4563.0,10,62.0,11.0,12.0,1500.0,49,6.0
1764,201407,0,3831.0,12,28.0,8.0,2.0,1500.0,68,21.0
1765,201404,0,336.0,7,0.0,0.0,0.0,250.0,23,0.0
1766,201407,1,272.0,12,0.0,0.0,0.0,1958.6,61,0.0
1767,201401,0,561.0,12,0.0,0.0,0.0,1190.0,40,0.0
1768,201404,0,994.0,12,0.0,0.0,8.0,825.0,33,0.0
1769,201405,1,599.0,12,0.0,0.0,0.0,1300.0,35,0.0
1770,201409,0,558.0,12,0.0,0.0,0.0,1500.0,61,0.0
1771,201408,0,454.0,12,0.0,0.0,0.0,2452.0,52,0.0
1772,201406,1,737.0,12,0.0,0.0,0.0,1000.0,23,0.0
1773,201410,0,513.0,8,0.0,0.0,0.0,1000.0,29,0.0
1774,201412,0,418.0,5,0.0,0.0,0.0,300.0,55,0.0
1775,201408,0,890.0,9,0.0,0.0,6.0,1936.79,49,0.0
1776,201407,0,1834.0,12,12.0,10.0,12.0,1200.0,39,1.0
1777,201403,0,253.0,12,0.0,0.0,0.0,1400.0,49,0.0
1778,201408,0,-15.0,12,0.0,0.0,0.0,3000.0,61,0.0
1779,201406,1,685.0,12,0.0,0.0,0.0,1000.0,42,0.0
1780,201402,0,574.0,12,0.0,0.0,0.0,370.0,70,0.0
1781,201402,1,214.0,12,0.0,0.0,0.0,722.23,36,0.0
1782,201410,0,116.0,12,0.0,0.0,0.0,500.0,63,0.0
1783,201401,0,1101.0,12,0.0,0.0,10.0,1800.0,49,0.0
1784,201401,1,294.0,12,0.0,0.0,0.0,400.0,33,0.0
1785,201405,0,547.0,12,0.0,0.0,0.0,1000.0,38,0.0
1786,201410,0,1224.0,6,0.0,3.0,10.0,800.0,58,0.0
1787,201403,0,2591.0,12,27.0,5.0,3.0,200.0,45,8.0
1788,201408,1,90.0,10,0.0,0.0,0.0,1000.0,62,0.0
1789,201409,1,1324.0,8,0.0,7.0,12.0,856.49,24,0.0
1790,201404,0,929.0,12,0.0,0.0,7.0,500.0,24,0.0
1791,201403,0,1489.0,12,1.0,5.0,10.0,1699.06,54,1.0
1792,201401,1,769.0,12,0.0,0.0,1.0,1100.0,39,0.0
1793,201405,1,289.0,12,0.0,0.0,0.0,2000.0,63,0.0
1794,201405,0,449.0,3,0.0,0.0,0.0,200.0,31,0.0
1795,201403,1,369.0,12,0.0,0.0,0.0,2000.0,70,0.0
1796,201409,0,3275.0,12,31.0,8.0,1.0,1500.0,54,5.0
1797,201405,1,,12,0.0,0.0,0.0,647.21,56,0.0
1798,201406,0,171.0,12,0.0,0.0,0.0,1000.0,63,0.0
1799,201406,0,1692.0,12,3.0,0.0,9.0,1000.0,40,4.0
1800,201401,0,685.0,12,0.0,0.0,0.0,380.0,25,0.0
1801,201407,0,1152.0,7,0.0,1.0,12.0,400.0,47,0.0
1802,201407,1,1847.0,12,9.0,9.0,12.0,1000.0,48,8.0
1803,201402,0,210.0,12,0.0,0.0,0.0,548.95,27,0.0
1804,201402,1,2962.0,12,39.0,12.0,12.0,2500.0,65,2.0
1805,201411,0,353.0,12,0.0,0.0,0.0,1600.0,52,0.0
1806,201411,0,550.0,12,0.0,0.0,0.0,600.0,25,0.0
1807,201407,0,1287.0,12,0.0,4.0,12.0,2506.83,63,0.0
1808,201407,1,443.0,12,0.0,0.0,0.0,1500.0,38,0.0
1809,201402,0,831.0,12,0.0,0.0,3.0,783.92,26,0.0
1810,201407,0,286.0,3,0.0,0.0,0.0,500.0,50,0.0
1811,201409,1,459.0,12,0.0,0.0,0.0,850.0,24,0.0
1812,201402,0,2097.0,12,13.0,8.0,11.0,1000.0,37,5.0
1813,201401,0,722.0,12,0.0,0.0,0.0,1500.0,49,0.0
1814,201408,0,994.0,10,0.0,0.0,9.0,600.0,37,0.0
1815,201406,0,676.0,12,0.0,0.0,0.0,1000.0,51,0.0
1816,201409,0,75.0,12,0.0,0.0,0.0,800.0,50,0.0
1817,201406,1,,12,0.0,0.0,0.0,950.0,67,0.0
1818,201405,1,650.0,12,0.0,0.0,1.0,880.55,32,0.0
1819,201412,1,196.0,9,0.0,0.0,0.0,500.0,35,0.0
1820,201405,0,599.0,3,0.0,0.0,0.0,250.0,37,0.0
1821,201409,0,3180.0,10,37.0,3.0,11.0,1500.0,55,12.0
1822,201410,0,2220.0,10,19.0,9.0,10.0,1000.0,24,5.0
1823,201405,0,3566.0,8,3.0,0.0,0.0,500.0,37,7.0
1824,201409,0,1085.0,9,0.0,0.0,12.0,500.0,53,0.0
1825,201409,1,1801.0,12,7.0,7.0,12.0,2273.88,35,4.0
1826,201407,0,671.0,8,0.0,0.0,0.0,800.0,49,0.0
1827,201408,1,488.0,12,0.0,0.0,0.0,991.91,24,0.0
1828,201409,1,634.0,12,0.0,0.0,0.0,1000.0,38,0.0
1829,201405,0,1607.0,12,4.0,8.0,9.0,1040.0,53,1.0
1830,201404,0,871.0,12,0.0,0.0,4.0,860.0,58,0.0
1831,201408,0,3377.0,12,3.0,0.0,8.0,1500.0,49,10.0
1832,201409,0,819.0,12,0.0,0.0,5.0,2000.0,50,0.0
1833,201403,0,241.0,6,0.0,0.0,0.0,263.9,29,0.0
1834,201401,0,3025.0,12,47.0,11.0,12.0,2000.0,60,5.0
1835,201409,0,1186.0,5,0.0,3.0,11.0,1000.0,30,0.0
1836,201405,0,2646.0,4,2.0,0.0,1.0,600.0,60,1.0
1837,201410,1,391.0,10,0.0,0.0,0.0,1672.55,35,0.0
1838,201403,0,374.0,5,0.0,0.0,0.0,300.0,33,0.0
1839,201402,0,2621.0,12,17.0,0.0,0.0,1859.92,39,3.0
1840,201405,0,238.0,12,0.0,0.0,0.0,450.0,48,0.0
1841,201411,0,625.0,12,0.0,0.0,0.0,1600.0,35,0.0
1842,201411,0,2227.0,5,19.0,12.0,12.0,500.0,48,4.0
1843,201410,0,344.0,6,0.0,0.0,0.0,300.0,26,0.0
1844,201410,0,946.0,10,0.0,0.0,7.0,600.0,39,0.0
1845,201411,0,979.0,12,0.0,0.0,7.0,500.0,60,0.0
1846,201404,1,861.0,10,0.0,0.0,5.0,1500.0,47,0.0
1847,201401,1,1057.0,12,0.0,0.0,10.0,1500.0,47,0.0
1848,201407,1,191.0,12,0.0,0.0,0.0,1783.17,48,0.0
1849,201411,0,3591.0,8,10.0,0.0,3.0,700.0,68,8.0
1850,201408,0,690.0,6,0.0,0.0,0.0,400.0,26,0.0
1851,201410,1,714.0,10,0.0,0.0,0.0,890.75,23,0.0
1852,201405,0,637.0,12,0.0,0.0,0.0,1000.0,58,0.0
1853,201407,0,4863.0,12,51.0,10.0,12.0,1700.0,66,32.0
1854,201405,0,261.0,12,0.0,0.0,0.0,807.0,40,0.0
1855,201407,0,226.0,12,0.0,0.0,0.0,1000.0,40,0.0
1856,201402,0,378.0,12,0.0,0.0,0.0,1000.0,49,0.0
1857,201412,0,1669.0,10,3.0,9.0,1.0,2000.0,47,1.0
1858,201406,0,373.0,12,0.0,0.0,0.0,2647.75,49,0.0
1859,201402,0,1678.0,12,6.0,6.0,5.0,1000.0,34,1.0
1860,201402,0,865.0,12,0.0,0.0,5.0,1200.0,58,0.0
1861,201409,0,1222.0,12,0.0,4.0,12.0,1310.0,55,0.0
1862,201405,1,917.0,12,0.0,0.0,6.0,1447.87,41,0.0
1863,201409,0,2806.0,12,29.0,6.0,12.0,2000.0,27,11.0
1864,201404,0,2244.0,12,16.0,1.0,11.0,1728.93,45,2.0
1865,201407,0,623.0,8,0.0,0.0,0.0,1000.0,50,0.0
1866,201401,1,421.0,12,0.0,0.0,0.0,977.22,38,0.0
1867,201404,0,1223.0,12,0.0,3.0,12.0,2000.0,41,0.0
1868,201406,0,828.0,12,0.0,0.0,4.0,1000.0,25,0.0
1869,201406,0,4397.0,12,30.0,9.0,8.0,1000.0,61,13.0
1870,201401,0,3087.0,12,43.0,7.0,0.0,1000.0,62,9.0
1871,201407,1,574.0,12,0.0,0.0,0.0,1931.0,46,0.0
1872,201403,0,2739.0,12,27.0,10.0,12.0,913.0,34,12.0
1873,201404,0,282.0,10,0.0,0.0,0.0,1500.0,36,0.0
1874,201408,0,2699.0,12,28.0,8.0,7.0,1000.0,55,7.0
1875,201404,1,481.0,12,0.0,0.0,0.0,1600.0,36,0.0
1876,201410,0,1025.0,12,0.0,0.0,9.0,3000.0,59,0.0
1877,201408,0,375.0,12,0.0,0.0,0.0,1420.0,61,0.0
1878,201404,0,1071.0,12,0.0,0.0,12.0,1200.0,36,0.0
1879,201402,1,1613.0,12,3.0,3.0,0.0,1100.0,47,2.0
1880,201411,0,357.0,12,0.0,0.0,0.0,935.26,42,0.0
1881,201409,0,1266.0,12,0.0,2.0,4.0,1000.0,59,0.0
1882,201401,1,566.0,12,0.0,0.0,0.0,800.0,25,0.0
1883,201406,0,964.0,12,0.0,0.0,10.0,1200.0,69,0.0
1884,201409,1,947.0,10,0.0,0.0,8.0,1500.0,49,0.0
1885,201401,0,854.0,12,0.0,0.0,4.0,800.0,36,0.0
1886,201405,1,2891.0,10,1.0,0.0,5.0,1000.0,27,1.0
1887,201409,0,2762.0,12,7.0,8.0,12.0,1000.0,26,2.0
1888,201402,0,966.0,12,0.0,0.0,8.0,1000.0,49,0.0
1889,201403,0,135.0,12,0.0,0.0,0.0,369.29,36,0.0
1890,201404,0,298.0,7,0.0,0.0,0.0,300.0,29,0.0
1891,201407,0,741.0,12,0.0,0.0,0.0,2000.0,49,0.0
1892,201411,0,882.0,12,0.0,0.0,5.0,1839.28,33,0.0
1893,201404,1,406.0,10,0.0,0.0,0.0,740.91,36,0.0
1894,201401,0,765.0,10,0.0,0.0,1.0,700.0,46,0.0
1895,201402,0,2873.0,12,44.0,11.0,12.0,1500.0,70,2.0
1896,201403,0,650.0,12,0.0,0.0,0.0,1000.0,24,0.0
1897,201401,0,1338.0,12,0.0,7.0,12.0,1500.0,50,0.0
1898,201407,0,2693.0,12,14.0,0.0,0.0,1000.0,53,2.0
1899,201408,1,430.0,12,0.0,0.0,0.0,1329.0,52,0.0
1900,201405,0,378.0,12,0.0,0.0,0.0,500.0,47,0.0
1901,201407,0,3422.0,6,47.0,5.0,0.0,300.0,75,4.0
1902,201403,0,259.0,10,0.0,0.0,0.0,250.0,28,0.0
1903,201408,0,1204.0,12,0.0,3.0,11.0,650.0,23,0.0
1904,201405,0,1030.0,12,0.0,0.0,8.0,1000.0,47,0.0
1905,201401,0,253.0,12,0.0,0.0,0.0,700.0,56,0.0
1906,201405,0,968.0,12,0.0,0.0,8.0,2000.0,56,0.0
1907,201403,0,1142.0,12,0.0,1.0,12.0,2505.68,48,0.0
1908,201402,0,380.0,10,0.0,0.0,0.0,535.43,19,0.0
1909,201406,0,3505.0,12,31.0,6.0,10.0,1000.0,47,11.0
1910,201406,0,779.0,10,0.0,0.0,2.0,1000.0,31,0.0
1911,201409,1,239.0,12,0.0,0.0,0.0,1200.0,30,0.0
1912,201403,1,462.0,12,0.0,0.0,0.0,756.68,26,0.0
1913,201404,0,2506.0,12,25.0,10.0,10.0,1000.0,27,9.0
1914,201412,0,1159.0,12,0.0,1.0,12.0,800.0,36,0.0
1915,201404,0,197.0,12,0.0,0.0,0.0,825.54,33,0.0
1916,201406,0,655.0,12,0.0,0.0,2.0,1250.0,64,0.0
1917,201411,0,363.0,10,0.0,0.0,0.0,600.0,30,0.0
1918,201409,0,4290.0,12,10.0,0.0,5.0,1500.0,62,14.0
1919,201403,0,260.0,3,0.0,0.0,0.0,150.0,28,0.0
1920,201403,1,591.0,12,0.0,0.0,0.0,1400.0,58,0.0
1921,201409,0,2790.0,12,22.0,11.0,12.0,500.0,50,7.0
1922,201411,1,3783.0,12,73.0,6.0,12.0,1500.0,77,4.0
1923,201402,0,1657.0,12,5.0,7.0,12.0,2900.0,62,2.0
1924,201404,0,1762.0,12,9.0,9.0,12.0,2000.0,60,2.0
1925,201409,0,3081.0,12,15.0,4.0,2.0,1000.0,52,16.0
1926,201403,0,423.0,12,0.0,0.0,0.0,1000.0,34,0.0
1927,201410,0,2803.0,12,5.0,0.0,5.0,930.85,26,6.0
1928,201410,0,1328.0,12,0.0,6.0,1.0,1290.0,27,0.0
1929,201411,1,344.0,12,0.0,0.0,0.0,3000.0,69,0.0
1930,201409,0,2499.0,10,9.0,8.0,11.0,500.0,55,8.0
1931,201408,0,831.0,10,0.0,0.0,4.0,921.13,50,0.0
1932,201410,0,854.0,12,0.0,0.0,4.0,1000.0,54,0.0
1933,201401,1,669.0,12,0.0,0.0,0.0,2000.0,39,0.0
1934,201409,1,319.0,5,0.0,0.0,0.0,1000.0,48,0.0
1935,201403,1,189.0,12,0.0,0.0,0.0,1283.57,36,0.0
1936,201408,0,2429.0,12,31.0,11.0,12.0,3000.0,50,1.0
1937,201411,0,2121.0,10,18.0,9.0,6.0,600.0,53,4.0
1938,201404,0,1989.0,8,14.0,9.0,6.0,700.0,45,4.0
1939,201401,0,904.0,3,0.0,0.0,6.0,500.0,58,0.0
1940,201406,0,808.0,12,0.0,0.0,3.0,1000.0,40,0.0
1941,201406,0,2763.0,12,12.0,3.0,12.0,2000.0,34,12.0
1942,201403,1,235.0,12,0.0,0.0,0.0,1000.0,27,0.0
1943,201401,1,1187.0,12,0.0,2.0,12.0,870.03,33,0.0
1944,201408,0,319.0,7,0.0,0.0,0.0,700.0,37,0.0
1945,201403,0,3026.0,12,29.0,3.0,0.0,1380.67,55,10.0
1946,201409,0,1132.0,12,0.0,1.0,11.0,880.57,36,0.0
1947,201406,0,3592.0,4,2.0,0.0,11.0,400.0,70,9.0
1948,201411,1,339.0,5,0.0,0.0,0.0,400.0,27,0.0
1949,201403,0,154.0,8,0.0,0.0,0.0,600.0,50,0.0
1950,201402,0,747.0,12,0.0,0.0,1.0,800.0,47,0.0
1951,201408,0,,12,0.0,0.0,0.0,1000.0,78,0.0
1952,201401,1,2505.0,12,26.0,10.0,12.0,1500.0,39,3.0
1953,201410,1,261.0,12,0.0,0.0,0.0,1672.36,37,0.0
1954,201408,0,1561.0,6,2.0,10.0,12.0,300.0,23,1.0
1955,201407,1,181.0,12,0.0,0.0,0.0,1000.0,41,0.0
1956,201402,0,897.0,12,0.0,0.0,6.0,611.0,25,0.0
1957,201412,0,4944.0,5,55.0,7.0,12.0,600.0,56,24.0
1958,201407,0,394.0,12,0.0,0.0,0.0,1000.0,58,0.0
1959,201403,1,518.0,12,0.0,0.0,0.0,1000.0,37,0.0
1960,201401,1,3091.0,6,31.0,11.0,12.0,310.0,44,13.0
1961,201410,0,518.0,10,0.0,0.0,0.0,500.0,55,0.0
1962,201404,0,207.0,12,0.0,0.0,0.0,688.96,52,0.0
1963,201410,0,304.0,12,0.0,0.0,0.0,1000.0,35,0.0
1964,201404,0,3083.0,8,33.0,8.0,12.0,1000.0,46,11.0
1965,201406,0,554.0,10,0.0,0.0,0.0,1071.73,37,0.0
1966,201405,0,2877.0,9,14.0,5.0,7.0,844.0,54,4.0
1967,201405,0,298.0,12,0.0,0.0,0.0,1000.0,40,0.0
1968,201412,0,263.0,12,0.0,0.0,0.0,1000.0,57,0.0
1969,201408,0,401.0,12,0.0,0.0,0.0,2333.25,34,0.0
1970,201409,1,409.0,12,0.0,0.0,0.0,1579.18,48,0.0
1971,201406,0,2597.0,12,35.0,12.0,12.0,700.0,58,2.0
1972,201402,0,240.0,6,0.0,0.0,0.0,350.0,27,0.0
1973,201404,1,343.0,12,0.0,0.0,0.0,300.0,68,0.0
1974,201406,0,340.0,8,0.0,0.0,0.0,1000.0,39,0.0
1975,201402,0,2692.0,12,7.0,1.0,11.0,1500.0,64,22.0
1976,201409,0,657.0,12,0.0,0.0,0.0,1000.0,33,0.0
1977,201411,1,1624.0,12,3.0,3.0,12.0,2744.55,60,2.0
1978,201412,1,658.0,12,0.0,0.0,1.0,1965.04,45,0.0
1979,201401,1,1843.0,12,6.0,8.0,8.0,2000.0,37,6.0
1980,201412,1,213.0,12,0.0,0.0,0.0,1000.0,35,0.0
1981,201406,0,814.0,12,0.0,0.0,3.0,1000.0,34,0.0
1982,201410,0,513.0,12,0.0,0.0,0.0,2000.0,38,0.0
1983,201402,0,2582.0,12,11.0,0.0,0.0,1423.42,40,4.0
1984,201406,0,828.0,12,0.0,0.0,7.0,1399.09,51,0.0
1985,201407,1,675.0,12,0.0,0.0,0.0,1352.82,36,0.0
1986,201403,1,2730.0,10,4.0,0.0,0.0,800.0,34,8.0
1987,201410,1,212.0,12,0.0,0.0,0.0,755.11,55,0.0
1988,201402,1,197.0,12,0.0,0.0,0.0,1000.0,39,0.0
1989,201408,0,907.0,12,0.0,0.0,6.0,2420.47,59,0.0
1990,201402,0,2359.0,7,19.0,8.0,5.0,1000.0,53,5.0
1991,201412,0,265.0,12,0.0,0.0,0.0,1000.0,33,0.0
1992,201412,1,381.0,10,0.0,0.0,0.0,1000.0,42,0.0
1993,201406,1,480.0,12,0.0,0.0,0.0,1200.0,52,0.0
1994,201402,0,466.0,12,0.0,0.0,0.0,1000.0,28,0.0
1995,201409,0,417.0,12,0.0,0.0,0.0,1000.0,63,0.0
1996,201405,0,1241.0,12,0.0,4.0,10.0,800.0,22,0.0
1997,201403,1,313.0,12,0.0,0.0,0.0,1147.07,37,0.0
1998,201404,1,211.0,12,0.0,0.0,0.0,1024.85,24,0.0
1999,201410,1,296.0,12,0.0,0.0,0.0,700.0,24,0.0
2000,201410,0,611.0,12,0.0,0.0,0.0,600.0,43,0.0
2001,201404,0,946.0,8,0.0,0.0,6.0,1000.0,35,0.0
2002,201410,0,2048.0,12,19.0,6.0,12.0,1000.0,35,1.0
2003,201408,0,745.0,12,0.0,0.0,0.0,700.0,42,0.0
2004,201409,0,829.0,10,0.0,0.0,3.0,1000.0,29,0.0
2005,201407,1,737.0,12,0.0,0.0,1.0,1000.0,27,0.0
2006,201408,0,239.0,12,0.0,0.0,0.0,480.0,35,0.0
2007,201409,1,1375.0,12,0.0,6.0,11.0,1000.0,22,0.0
2008,201407,0,2763.0,12,5.0,1.0,10.0,1000.0,37,3.0
2009,201412,1,2309.0,12,23.0,7.0,0.0,900.0,60,3.0
2010,201410,0,5066.0,12,40.0,5.0,12.0,400.0,53,8.0
2011,201405,0,739.0,12,0.0,0.0,0.0,500.0,54,0.0
2012,201408,0,1166.0,3,0.0,1.0,1.0,300.0,53,0.0
2013,201409,0,1946.0,12,12.0,6.0,11.0,1500.0,47,5.0
2014,201401,0,326.0,12,0.0,0.0,0.0,825.0,26,0.0
2015,201401,0,2524.0,12,29.0,0.0,0.0,1000.0,32,3.0
2016,201410,0,2845.0,8,20.0,0.0,0.0,600.0,34,3.0
2017,201409,0,231.0,3,0.0,0.0,0.0,300.0,66,0.0
2018,201405,0,3242.0,8,30.0,11.0,11.0,500.0,64,22.0
2019,201403,0,889.0,12,0.0,0.0,6.0,2031.0,43,0.0
2020,201405,1,2262.0,12,22.0,7.0,12.0,1984.19,48,6.0
2021,201403,0,597.0,12,0.0,0.0,0.0,899.74,36,0.0
2022,201412,1,270.0,12,0.0,0.0,0.0,2000.0,66,0.0
2023,201410,0,327.0,12,0.0,0.0,0.0,1000.0,22,0.0
2024,201403,1,2732.0,12,28.0,8.0,12.0,1037.77,42,9.0
2025,201403,0,447.0,10,0.0,0.0,0.0,600.0,38,0.0
2026,201411,0,473.0,3,0.0,0.0,0.0,500.0,34,0.0
2027,201406,1,1104.0,12,0.0,0.0,12.0,1800.0,53,0.0
2028,201406,0,1838.0,5,9.0,0.0,1.0,200.0,32,4.0
2029,201408,0,409.0,6,0.0,0.0,0.0,500.0,47,0.0
2030,201412,1,257.0,12,0.0,0.0,0.0,3000.0,69,0.0
2031,201407,0,583.0,6,0.0,0.0,0.0,300.0,49,0.0
2032,201410,1,2847.0,12,12.0,0.0,12.0,2210.59,29,10.0
2033,201404,1,287.0,12,0.0,0.0,0.0,1000.0,58,0.0
2034,201403,0,4879.0,12,57.0,10.0,12.0,2900.69,65,14.0
2035,201404,1,323.0,12,0.0,0.0,0.0,696.0,31,0.0
2036,201403,1,1270.0,6,0.0,2.0,11.0,500.0,25,0.0
2037,201401,0,3657.0,7,52.0,8.0,4.0,1200.0,45,8.0
2038,201403,0,826.0,12,0.0,0.0,3.0,2500.0,39,0.0
2039,201412,0,411.0,12,0.0,0.0,0.0,1000.0,36,0.0
2040,201412,0,2697.0,3,19.0,3.0,6.0,500.0,35,7.0
2041,201401,1,208.0,12,0.0,0.0,0.0,665.64,34,0.0
2042,201409,1,671.0,12,0.0,0.0,2.0,1000.0,39,0.0
2043,201406,1,193.0,12,0.0,0.0,0.0,750.45,23,0.0
2044,201411,0,1879.0,6,12.0,9.0,11.0,2838.16,73,1.0
2045,201410,1,661.0,12,0.0,0.0,0.0,2000.0,23,0.0
2046,201406,0,572.0,12,0.0,0.0,0.0,1102.44,27,0.0
2047,201401,1,176.0,12,0.0,0.0,0.0,1000.0,67,0.0
2048,201402,0,2682.0,7,35.0,11.0,9.0,1000.0,56,4.0
2049,201403,1,2937.0,10,39.0,11.0,9.0,500.0,42,5.0
2050,201412,1,5110.0,10,5.0,3.0,10.0,700.0,63,23.0
2051,201407,1,277.0,12,0.0,0.0,0.0,800.0,27,0.0
2052,201401,1,204.0,12,0.0,0.0,0.0,727.18,18,0.0
2053,201407,0,834.0,12,0.0,0.0,2.0,1000.0,36,0.0
2054,201402,0,313.0,12,0.0,0.0,0.0,300.0,73,0.0
2055,201405,0,654.0,5,0.0,0.0,0.0,150.0,21,0.0
2056,201410,0,2497.0,8,16.0,0.0,0.0,1200.0,56,3.0
2057,201406,0,212.0,10,0.0,0.0,0.0,1200.0,32,0.0
2058,201405,0,4805.0,3,65.0,12.0,12.0,300.0,38,37.0
2059,201405,0,322.0,3,0.0,0.0,0.0,200.0,32,0.0
2060,201412,0,537.0,12,0.0,0.0,0.0,850.0,48,0.0
2061,201403,0,2398.0,12,17.0,6.0,8.0,800.0,29,6.0
2062,201407,0,518.0,12,0.0,0.0,0.0,990.96,28,0.0
2063,201407,1,668.0,10,0.0,0.0,0.0,2500.0,52,0.0
2064,201406,0,2448.0,12,17.0,3.0,12.0,1000.0,41,14.0
2065,201407,1,2754.0,12,27.0,6.0,1.0,1000.0,48,7.0
2066,201412,0,2299.0,12,17.0,8.0,8.0,450.0,39,11.0
2067,201406,1,242.0,12,0.0,0.0,0.0,1000.0,45,0.0
2068,201405,0,243.0,6,0.0,0.0,0.0,600.0,37,0.0
2069,201403,0,237.0,12,0.0,0.0,0.0,2184.12,48,0.0
2070,201408,0,1260.0,12,0.0,5.0,11.0,1500.0,32,0.0
2071,201407,0,896.0,12,0.0,0.0,7.0,2000.0,55,0.0
2072,201410,1,1054.0,12,0.0,0.0,10.0,1814.53,28,0.0
2073,201410,0,1411.0,12,0.0,8.0,12.0,1500.0,35,0.0
2074,201409,0,2183.0,12,13.0,4.0,4.0,1000.0,50,7.0
2075,201406,0,414.0,12,0.0,0.0,0.0,1000.0,26,0.0
2076,201410,0,336.0,12,0.0,0.0,0.0,1000.0,57,0.0
2077,201401,0,524.0,12,0.0,0.0,0.0,800.0,62,0.0
2078,201407,0,1595.0,12,3.0,7.0,11.0,2000.0,39,1.0
2079,201407,1,942.0,12,0.0,0.0,7.0,500.0,35,0.0
2080,201407,1,554.0,12,0.0,0.0,0.0,1500.0,43,0.0
2081,201403,0,890.0,12,0.0,0.0,5.0,500.0,35,0.0
2082,201407,1,3198.0,12,12.0,11.0,10.0,1000.0,49,9.0
2083,201409,0,2932.0,8,37.0,12.0,12.0,1200.0,42,7.0
2084,201407,0,803.0,5,0.0,0.0,2.0,500.0,56,0.0
2085,201406,0,466.0,12,0.0,0.0,0.0,3000.0,48,0.0
2086,201412,1,915.0,12,0.0,0.0,6.0,1500.0,37,0.0
2087,201403,0,4664.0,12,43.0,7.0,12.0,300.0,62,10.0
2088,201401,1,749.0,12,0.0,0.0,1.0,2000.0,74,0.0
2089,201404,1,684.0,6,0.0,0.0,0.0,600.0,38,0.0
2090,201404,1,1084.0,12,0.0,0.0,12.0,1000.0,33,0.0
2091,201401,0,231.0,12,0.0,0.0,0.0,1000.0,26,0.0
2092,201409,0,832.0,12,0.0,0.0,3.0,900.0,39,0.0
2093,201404,1,401.0,12,0.0,0.0,0.0,1500.0,57,0.0
2094,201408,1,541.0,4,0.0,0.0,0.0,900.0,36,0.0
2095,201408,0,516.0,12,0.0,0.0,0.0,1200.0,33,0.0
2096,201408,0,2421.0,6,30.0,9.0,12.0,1200.0,49,2.0
2097,201406,1,1029.0,12,0.0,0.0,11.0,800.0,28,0.0
2098,201404,0,3397.0,12,49.0,12.0,12.0,2000.0,56,15.0
2099,201403,0,715.0,12,0.0,0.0,0.0,1000.0,33,0.0
2100,201407,0,1249.0,12,0.0,4.0,11.0,500.0,32,0.0
2101,201407,1,238.0,6,0.0,0.0,0.0,400.0,55,0.0
2102,201406,0,1798.0,12,5.0,3.0,10.0,876.0,34,1.0
2103,201412,1,353.0,12,0.0,0.0,0.0,736.18,24,0.0
2104,201406,0,960.0,12,0.0,0.0,7.0,2000.0,40,0.0
2105,201403,1,441.0,12,0.0,0.0,0.0,1000.0,69,0.0
2106,201411,0,4117.0,12,11.0,0.0,0.0,2000.0,60,1.0
2107,201407,0,359.0,3,0.0,0.0,0.0,200.0,32,0.0
2108,201403,0,651.0,12,0.0,0.0,2.0,1000.0,33,0.0
2109,201404,1,332.0,12,0.0,0.0,0.0,2000.0,71,0.0
2110,201401,0,1685.0,12,9.0,11.0,12.0,1148.0,39,1.0
2111,201401,1,542.0,12,0.0,0.0,0.0,300.0,43,0.0
2112,201406,1,244.0,12,0.0,0.0,0.0,800.0,32,0.0
2113,201411,0,3061.0,6,16.0,0.0,7.0,1000.0,47,8.0
2114,201406,0,1850.0,12,9.0,10.0,12.0,500.0,68,4.0
2115,201409,0,335.0,12,0.0,0.0,0.0,1000.0,44,0.0
2116,201408,0,236.0,12,0.0,0.0,0.0,500.0,21,0.0
2117,201411,0,2338.0,3,10.0,0.0,0.0,150.0,25,4.0
2118,201403,0,3563.0,12,47.0,10.0,12.0,1500.0,58,22.0
2119,201407,1,,12,0.0,0.0,0.0,2938.52,51,0.0
2120,201407,1,194.0,12,0.0,0.0,0.0,500.0,38,0.0
2121,201411,0,2314.0,12,15.0,10.0,12.0,2000.0,55,1.0
2122,201406,0,1914.0,12,7.0,0.0,0.0,800.0,35,2.0
2123,201404,0,805.0,12,0.0,0.0,6.0,1141.0,44,0.0
2124,201405,1,2792.0,12,26.0,11.0,12.0,1000.0,26,15.0
2125,201408,1,714.0,12,0.0,0.0,0.0,3000.0,58,0.0
2126,201407,0,1599.0,12,4.0,12.0,7.0,1300.0,27,1.0
2127,201403,0,850.0,12,0.0,0.0,4.0,700.0,64,0.0
2128,201408,0,531.0,12,0.0,0.0,0.0,2000.0,53,0.0
2129,201412,0,1480.0,5,0.0,6.0,12.0,500.0,61,1.0
2130,201406,0,23.0,12,,,,1000.0,42,
2131,201404,1,3229.0,12,13.0,2.0,12.0,3000.0,48,6.0
2132,201404,1,1976.0,12,16.0,8.0,4.0,1500.0,76,1.0
2133,201409,0,962.0,12,0.0,0.0,7.0,3000.0,49,0.0
2134,201407,0,203.0,10,0.0,0.0,0.0,1000.0,32,0.0
2135,201403,1,4742.0,12,16.0,7.0,4.0,2000.0,34,7.0
2136,201404,0,390.0,10,0.0,0.0,0.0,1000.0,45,0.0
2137,201403,0,2499.0,6,22.0,9.0,12.0,500.0,46,4.0
2138,201412,0,1082.0,5,0.0,0.0,10.0,500.0,35,0.0
2139,201408,0,602.0,12,0.0,0.0,0.0,1000.0,39,0.0
2140,201408,0,4157.0,8,11.0,0.0,0.0,1000.0,38,2.0
2141,201407,0,464.0,12,0.0,0.0,0.0,1000.0,58,0.0
2142,201412,1,2371.0,12,19.0,8.0,9.0,1576.86,31,10.0
2143,201408,1,1210.0,12,0.0,3.0,10.0,1500.0,48,0.0
2144,201402,0,959.0,8,0.0,0.0,7.0,1000.0,27,0.0
2145,201411,0,531.0,10,0.0,0.0,0.0,200.0,29,0.0
2146,201409,1,256.0,12,0.0,0.0,0.0,800.0,46,0.0
2147,201405,0,4871.0,12,15.0,0.0,0.0,500.0,45,41.0
2148,201411,1,365.0,12,0.0,0.0,0.0,984.59,44,0.0
2149,201412,0,278.0,12,0.0,0.0,0.0,1108.0,70,0.0
2150,201406,1,1755.0,12,5.0,5.0,9.0,1500.0,46,1.0
2151,201401,0,1099.0,12,0.0,0.0,6.0,1000.0,69,0.0
2152,201402,0,2650.0,12,16.0,11.0,12.0,600.0,62,7.0
2153,201407,1,320.0,12,0.0,0.0,0.0,1866.53,44,0.0
2154,201404,0,1827.0,10,10.0,12.0,12.0,500.0,60,2.0
2155,201405,0,4904.0,12,93.0,12.0,12.0,1000.0,69,18.0
2156,201410,0,1092.0,8,0.0,0.0,12.0,800.0,31,0.0
2157,201405,0,575.0,6,0.0,0.0,0.0,500.0,20,0.0
2158,201411,1,836.0,12,0.0,0.0,4.0,2000.0,33,0.0
2159,201405,1,316.0,6,0.0,0.0,0.0,700.0,46,0.0
2160,201406,0,3114.0,12,19.0,6.0,12.0,800.0,46,4.0
2161,201404,0,742.0,12,0.0,0.0,6.0,1000.0,29,0.0
2162,201412,1,930.0,6,0.0,0.0,7.0,1000.0,67,0.0
2163,201410,1,1329.0,12,0.0,5.0,11.0,1000.0,25,0.0
2164,201404,0,274.0,12,0.0,0.0,0.0,1000.0,25,0.0
2165,201411,1,1353.0,12,0.0,7.0,11.0,2000.0,66,0.0
2166,201406,0,3183.0,12,19.0,9.0,0.0,1500.0,31,5.0
2167,201411,0,1048.0,10,0.0,0.0,11.0,1000.0,57,0.0
2168,201410,1,490.0,12,0.0,0.0,0.0,2000.0,54,0.0
2169,201405,0,450.0,12,0.0,0.0,0.0,1000.0,32,0.0
2170,201412,0,5030.0,12,114.0,10.0,12.0,1977.89,40,4.0
2171,201403,0,286.0,10,0.0,0.0,0.0,500.0,34,0.0
2172,201403,0,270.0,3,0.0,0.0,0.0,300.0,23,0.0
2173,201412,0,979.0,5,0.0,0.0,8.0,500.0,25,0.0
2174,201401,1,781.0,12,0.0,0.0,1.0,813.09,27,0.0
2175,201408,1,456.0,5,0.0,0.0,0.0,1000.0,36,0.0
2176,201412,0,2324.0,12,20.0,0.0,0.0,1142.37,27,3.0
2177,201408,0,187.0,12,0.0,0.0,0.0,1000.0,26,0.0
2178,201411,0,2067.0,12,12.0,7.0,11.0,1500.0,62,7.0
2179,201412,1,2651.0,12,15.0,3.0,8.0,600.0,34,8.0
2180,201408,0,574.0,12,0.0,0.0,0.0,400.0,33,0.0
2181,201405,0,317.0,7,0.0,0.0,0.0,900.0,30,0.0
2182,201407,0,2712.0,6,35.0,10.0,0.0,200.0,53,5.0
2183,201404,0,287.0,12,0.0,0.0,0.0,500.0,54,0.0
2184,201401,1,1127.0,5,0.0,0.0,2.0,200.0,65,0.0
2185,201409,0,194.0,12,0.0,0.0,0.0,919.87,35,0.0
2186,201402,0,645.0,12,0.0,0.0,0.0,1520.0,60,0.0
2187,201411,0,825.0,12,0.0,0.0,3.0,1000.0,38,0.0
2188,201405,0,392.0,12,0.0,0.0,0.0,2047.57,34,0.0
2189,201402,0,732.0,12,0.0,0.0,1.0,1000.0,41,0.0
2190,201408,0,1074.0,3,0.0,0.0,9.0,350.0,57,0.0
2191,201403,1,1219.0,12,0.0,3.0,11.0,1950.0,36,0.0
2192,201409,0,651.0,12,0.0,0.0,0.0,900.0,60,0.0
2193,201404,0,1241.0,12,0.0,2.0,9.0,1000.0,48,0.0
2194,201409,0,3038.0,8,17.0,9.0,11.0,1000.0,51,10.0
2195,201404,0,969.0,12,0.0,0.0,7.0,700.0,53,0.0
2196,201412,1,554.0,10,0.0,0.0,0.0,2000.0,36,0.0
2197,201406,1,1347.0,12,0.0,8.0,11.0,1500.0,65,0.0
2198,201403,0,287.0,12,0.0,0.0,0.0,260.0,29,0.0
2199,201408,1,255.0,12,0.0,0.0,0.0,574.0,41,0.0
2200,201410,0,526.0,10,0.0,0.0,0.0,400.0,29,0.0
2201,201410,0,1554.0,5,0.0,5.0,11.0,500.0,30,3.0
2202,201405,0,521.0,3,0.0,0.0,0.0,360.0,28,0.0
2203,201405,1,4559.0,12,29.0,12.0,12.0,2000.0,43,17.0
2204,201409,0,548.0,4,0.0,0.0,0.0,400.0,50,0.0
2205,201402,1,624.0,12,0.0,0.0,0.0,2000.0,45,0.0
2206,201412,1,1376.0,12,0.0,8.0,12.0,1311.21,39,0.0
2207,201406,0,1645.0,12,1.0,11.0,12.0,1000.0,73,1.0
2208,201412,0,4735.0,12,50.0,0.0,7.0,2700.0,61,13.0
2209,201404,0,1159.0,12,0.0,1.0,0.0,1600.0,59,0.0
2210,201401,0,1923.0,12,9.0,6.0,4.0,1000.0,47,1.0
2211,201407,1,281.0,10,0.0,0.0,0.0,500.0,36,0.0
2212,201404,0,511.0,12,0.0,0.0,0.0,600.0,22,0.0
2213,201409,0,647.0,10,0.0,0.0,0.0,1000.0,49,0.0
2214,201402,1,412.0,12,0.0,0.0,0.0,1500.0,51,0.0
2215,201409,1,984.0,12,0.0,0.0,7.0,2100.0,30,0.0
2216,201410,1,212.0,12,0.0,0.0,0.0,1000.0,27,0.0
2217,201411,1,1783.0,12,6.0,0.0,9.0,2388.19,24,3.0
2218,201411,1,490.0,12,0.0,0.0,0.0,1000.0,30,0.0
2219,201412,0,312.0,6,0.0,0.0,0.0,400.0,29,0.0
2220,201405,0,1672.0,12,3.0,0.0,5.0,1000.0,55,1.0
2221,201409,1,267.0,12,0.0,0.0,0.0,1000.0,39,0.0
2222,201402,0,2244.0,10,17.0,5.0,7.0,1877.22,37,5.0
2223,201406,0,2610.0,12,26.0,0.0,1.0,800.0,34,4.0
2224,201405,1,440.0,12,0.0,0.0,0.0,679.95,20,0.0
2225,201409,0,1532.0,8,1.0,6.0,12.0,500.0,67,1.0
2226,201401,0,621.0,12,0.0,0.0,0.0,1000.0,34,0.0
2227,201411,0,916.0,10,0.0,0.0,6.0,400.0,22,0.0
2228,201407,0,774.0,5,0.0,0.0,2.0,1000.0,46,0.0
2229,201406,0,1214.0,10,0.0,3.0,9.0,1000.0,27,0.0
2230,201408,1,449.0,12,0.0,0.0,0.0,1473.66,55,0.0
2231,201401,0,1093.0,12,0.0,0.0,12.0,1000.0,52,0.0
2232,201406,0,1488.0,12,2.0,10.0,0.0,1000.0,72,0.0
2233,201410,0,347.0,12,0.0,0.0,0.0,1067.08,22,0.0
2234,201406,0,3702.0,10,50.0,7.0,9.0,1000.0,45,17.0
2235,201408,0,394.0,12,0.0,0.0,0.0,990.58,49,0.0
2236,201406,0,429.0,12,0.0,0.0,0.0,3000.0,60,0.0
2237,201402,0,576.0,6,0.0,0.0,0.0,400.0,33,0.0
2238,201411,0,5032.0,12,96.0,10.0,12.0,800.0,58,17.0
2239,201410,1,225.0,12,0.0,0.0,0.0,300.0,48,0.0
2240,201407,0,210.0,12,0.0,0.0,0.0,995.21,47,0.0
2241,201401,0,1111.0,12,0.0,0.0,12.0,800.0,37,0.0
2242,201405,0,3419.0,12,53.0,6.0,1.0,800.0,76,6.0
2243,201402,0,128.0,12,0.0,0.0,0.0,500.0,45,0.0
2244,201409,1,272.0,12,0.0,0.0,0.0,1000.0,33,0.0
2245,201409,0,1650.0,12,6.0,3.0,0.0,2300.0,36,1.0
2246,201401,0,2496.0,12,19.0,0.0,0.0,808.96,29,12.0
2247,201411,0,496.0,6,0.0,0.0,0.0,400.0,35,0.0
2248,201405,0,219.0,12,0.0,0.0,0.0,1000.0,71,0.0
2249,201408,0,504.0,12,0.0,0.0,0.0,500.0,45,0.0
2250,201412,0,725.0,12,0.0,0.0,0.0,1000.0,68,0.0
2251,201403,0,3709.0,12,68.0,11.0,11.0,1000.0,59,7.0
2252,201412,0,264.0,12,0.0,0.0,0.0,1000.0,51,0.0
2253,201405,0,845.0,12,0.0,0.0,4.0,1400.0,50,0.0
2254,201408,0,621.0,6,0.0,0.0,0.0,583.5,31,0.0
2255,201406,1,4870.0,12,12.0,0.0,0.0,1000.0,47,40.0
2256,201403,0,2809.0,12,39.0,10.0,12.0,2759.03,52,5.0
2257,201403,1,2218.0,12,4.0,1.0,2.0,2000.0,36,4.0
2258,201411,0,699.0,3,0.0,0.0,0.0,404.88,42,0.0
2259,201409,0,1095.0,12,0.0,0.0,10.0,2066.0,47,0.0
2260,201410,0,413.0,12,0.0,0.0,0.0,2400.0,46,0.0
2261,201408,0,2622.0,9,27.0,0.0,0.0,800.0,26,3.0
2262,201402,1,340.0,12,0.0,0.0,0.0,500.0,56,0.0
2263,201405,0,257.0,12,0.0,0.0,0.0,450.0,39,0.0
2264,201403,0,211.0,12,0.0,0.0,0.0,945.45,26,0.0
2265,201406,0,371.0,12,0.0,0.0,0.0,1000.0,62,0.0
2266,201411,1,177.0,6,0.0,0.0,0.0,500.0,50,0.0
2267,201402,1,4417.0,12,11.0,0.0,2.0,1300.0,50,2.0
2268,201412,0,464.0,8,0.0,0.0,0.0,1000.0,26,0.0
2269,201406,0,526.0,4,0.0,0.0,0.0,394.14,27,0.0
2270,201406,0,2545.0,6,8.0,0.0,0.0,1100.0,47,1.0
2271,201402,1,3851.0,12,38.0,9.0,9.0,2000.0,38,7.0
2272,201412,0,639.0,12,0.0,0.0,0.0,1000.0,37,0.0
2273,201407,0,882.0,3,0.0,0.0,5.0,300.0,55,0.0
2274,201406,1,2581.0,12,8.0,0.0,0.0,900.0,27,6.0
2275,201405,0,1486.0,12,0.0,8.0,10.0,2470.0,47,1.0
2276,201405,0,200.0,3,0.0,0.0,0.0,150.0,52,0.0
2277,201403,0,4006.0,12,52.0,9.0,0.0,1000.0,58,13.0
2278,201403,0,2398.0,6,16.0,2.0,10.0,449.0,25,15.0
2279,201403,0,1743.0,12,5.0,8.0,11.0,2000.0,34,5.0
2280,201404,1,200.0,12,0.0,0.0,0.0,600.0,26,0.0
2281,201408,0,3229.0,7,20.0,5.0,0.0,1000.0,37,8.0
2282,201409,0,2472.0,12,32.0,9.0,0.0,1300.0,47,2.0
2283,201412,0,999.0,10,0.0,0.0,7.0,1000.0,31,0.0
2284,201404,1,276.0,12,0.0,0.0,0.0,1000.0,38,0.0
2285,201405,0,724.0,12,0.0,0.0,0.0,1000.0,23,0.0
2286,201409,1,197.0,12,0.0,0.0,0.0,1000.0,36,0.0
2287,201402,1,1004.0,12,0.0,0.0,9.0,1500.0,57,0.0
2288,201411,0,311.0,3,0.0,0.0,0.0,425.0,33,0.0
2289,201410,0,1398.0,3,0.0,7.0,10.0,270.0,49,0.0
2290,201405,0,945.0,12,0.0,0.0,7.0,600.0,48,0.0
2291,201401,0,245.0,12,0.0,0.0,0.0,1500.0,73,0.0
2292,201408,1,2823.0,12,20.0,8.0,9.0,1500.0,46,11.0
2293,201410,1,1224.0,12,0.0,6.0,11.0,2500.0,53,0.0
2294,201406,0,555.0,12,0.0,0.0,0.0,1000.0,30,0.0
2295,201404,0,481.0,12,0.0,0.0,0.0,1500.0,50,0.0
2296,201403,0,1754.0,3,5.0,1.0,3.0,300.0,57,1.0
2297,201409,1,3580.0,12,50.0,12.0,12.0,1300.0,50,14.0
2298,201409,1,4495.0,12,62.0,12.0,11.0,1000.0,52,17.0
2299,201409,1,3554.0,12,67.0,9.0,0.0,1000.0,44,1.0
2300,201405,0,3926.0,10,5.0,0.0,10.0,1000.0,51,23.0
2301,201410,0,232.0,12,0.0,0.0,0.0,1000.0,30,0.0
2302,201409,0,901.0,12,0.0,0.0,8.0,2281.67,51,0.0
2303,201408,1,509.0,12,0.0,0.0,0.0,901.89,45,0.0
2304,201402,1,926.0,12,0.0,0.0,7.0,1000.0,54,0.0
2305,201401,0,4194.0,12,22.0,0.0,1.0,2000.0,48,8.0
2306,201410,1,581.0,12,0.0,0.0,0.0,1000.0,48,0.0
2307,201410,0,249.0,7,0.0,0.0,0.0,451.0,27,0.0
2308,201407,0,425.0,12,0.0,0.0,0.0,800.0,54,0.0
2309,201401,1,485.0,12,0.0,0.0,0.0,824.98,27,0.0
2310,201404,1,2710.0,12,28.0,7.0,11.0,1500.0,45,10.0
2311,201407,0,2400.0,3,19.0,12.0,12.0,300.0,37,6.0
2312,201404,0,3370.0,8,55.0,0.0,8.0,500.0,57,5.0
2313,201404,0,451.0,3,0.0,0.0,0.0,150.0,23,0.0
2314,201408,0,734.0,6,0.0,0.0,2.0,500.0,50,0.0
2315,201407,0,504.0,10,0.0,0.0,0.0,1000.0,36,0.0
2316,201407,1,931.0,12,0.0,0.0,7.0,2000.0,31,0.0
2317,201401,1,542.0,12,0.0,0.0,0.0,1500.0,22,0.0
2318,201408,0,3999.0,10,27.0,0.0,0.0,1000.0,47,10.0
2319,201412,0,357.0,12,0.0,0.0,0.0,1000.0,32,0.0
2320,201411,0,2276.0,12,21.0,8.0,12.0,3000.0,69,6.0
2321,201402,0,2235.0,12,8.0,2.0,0.0,700.0,68,2.0
2322,201406,0,416.0,12,0.0,0.0,0.0,3000.0,44,0.0
2323,201402,1,1648.0,12,3.0,7.0,12.0,400.0,32,1.0
2324,201407,0,321.0,12,0.0,0.0,0.0,1500.0,40,0.0
2325,201410,1,875.0,12,0.0,0.0,4.0,1250.73,43,0.0
2326,201401,1,246.0,12,0.0,0.0,0.0,986.13,31,0.0
2327,201404,0,1077.0,12,0.0,0.0,4.0,600.0,65,0.0
2328,201410,0,1533.0,12,2.0,10.0,6.0,1148.4,52,1.0
2329,201405,1,930.0,12,0.0,0.0,9.0,1000.0,66,0.0
2330,201404,0,172.0,12,0.0,0.0,0.0,796.98,49,0.0
2331,201407,0,865.0,12,0.0,0.0,7.0,3000.0,54,0.0
2332,201402,1,725.0,12,0.0,0.0,0.0,1000.0,55,0.0
2333,201406,0,1522.0,12,1.0,12.0,12.0,1000.0,46,1.0
2334,201402,0,1224.0,12,0.0,3.0,12.0,1500.0,36,0.0
2335,201403,0,457.0,12,0.0,0.0,0.0,1200.0,33,0.0
2336,201409,1,387.0,12,0.0,0.0,0.0,3000.0,57,0.0
2337,201407,0,3386.0,4,33.0,5.0,5.0,300.0,48,9.0
2338,201403,1,298.0,12,0.0,0.0,0.0,919.09,52,2.0
2339,201410,1,291.0,12,0.0,0.0,0.0,1500.0,74,0.0
2340,201411,0,3303.0,10,48.0,1.0,0.0,700.0,66,5.0
2341,201410,0,1437.0,12,0.0,5.0,0.0,889.26,40,0.0
2342,201406,0,1290.0,7,0.0,3.0,9.0,600.0,41,0.0
2343,201408,1,533.0,12,0.0,0.0,0.0,800.0,26,0.0
2344,201402,1,420.0,8,0.0,0.0,0.0,1500.0,50,0.0
2345,201402,0,279.0,12,0.0,0.0,0.0,701.76,32,0.0
2346,201409,1,413.0,12,0.0,0.0,0.0,980.2,25,0.0
2347,201411,0,1517.0,5,1.0,6.0,8.0,800.0,44,1.0
2348,201411,1,191.0,12,0.0,0.0,0.0,1000.0,35,0.0
2349,201404,1,1237.0,12,0.0,3.0,11.0,2100.0,66,0.0
2350,201410,0,1250.0,7,0.0,4.0,12.0,2000.0,49,0.0
2351,201403,0,616.0,12,0.0,0.0,0.0,500.0,67,0.0
2352,201409,0,924.0,8,0.0,0.0,6.0,600.0,55,0.0
2353,201407,0,218.0,12,0.0,0.0,0.0,574.0,32,0.0
2354,201404,0,430.0,5,0.0,0.0,0.0,500.0,35,0.0
2355,201404,0,935.0,10,0.0,0.0,7.0,1000.0,64,0.0
2356,201403,1,831.0,12,0.0,0.0,4.0,2400.0,43,0.0
2357,201406,0,580.0,12,0.0,0.0,0.0,1109.0,30,0.0
2358,201407,0,2791.0,12,6.0,0.0,1.0,1000.0,30,68.0
2359,201409,0,426.0,12,0.0,0.0,0.0,1000.0,38,0.0
2360,201403,1,472.0,12,0.0,0.0,0.0,936.76,29,0.0
2361,201408,0,2797.0,12,34.0,9.0,6.0,3000.0,38,7.0
2362,201405,1,225.0,12,0.0,0.0,0.0,1000.0,29,0.0
2363,201408,0,1205.0,10,0.0,3.0,12.0,1000.0,42,0.0
2364,201412,0,359.0,3,0.0,0.0,0.0,240.0,21,0.0
2365,201405,0,1119.0,12,0.0,0.0,12.0,1013.37,32,0.0
2366,201403,0,461.0,12,0.0,0.0,0.0,1200.0,65,0.0
2367,201402,0,2668.0,12,31.0,6.0,12.0,1000.0,25,9.0
2368,201407,0,751.0,4,0.0,0.0,1.0,400.0,53,0.0
2369,201412,0,1096.0,12,0.0,0.0,12.0,1000.0,36,0.0
2370,201406,0,988.0,12,0.0,0.0,9.0,1500.0,53,0.0
2371,201410,0,1759.0,12,9.0,12.0,12.0,2000.0,58,1.0
2372,201406,0,4630.0,12,81.0,10.0,6.0,3000.0,52,21.0
2373,201403,0,373.0,12,0.0,0.0,0.0,500.0,33,0.0
2374,201409,0,1227.0,12,0.0,3.0,12.0,3000.0,39,0.0
2375,201402,0,361.0,6,0.0,0.0,0.0,200.0,34,0.0
2376,201408,0,434.0,5,0.0,0.0,0.0,250.0,23,0.0
2377,201403,1,279.0,12,0.0,0.0,0.0,1067.0,43,0.0
2378,201412,1,232.0,12,0.0,0.0,0.0,1290.85,30,0.0
2379,201411,0,3205.0,12,28.0,7.0,0.0,300.0,55,12.0
2380,201411,1,505.0,10,0.0,0.0,0.0,1931.0,63,0.0
2381,201403,0,1622.0,8,3.0,5.0,9.0,700.0,59,3.0
2382,201407,0,1894.0,12,11.0,8.0,11.0,1000.0,30,3.0
2383,201404,0,346.0,6,0.0,0.0,0.0,500.0,30,0.0
2384,201404,0,2311.0,10,16.0,8.0,9.0,1200.0,72,5.0
2385,201410,0,1207.0,6,0.0,3.0,12.0,1000.0,44,0.0
2386,201412,1,272.0,12,0.0,0.0,0.0,962.37,30,0.0
2387,201412,0,625.0,12,0.0,0.0,0.0,500.0,63,0.0
2388,201405,0,742.0,12,0.0,0.0,3.0,1600.0,52,0.0
2389,201405,1,215.0,12,0.0,0.0,0.0,1000.0,60,0.0
2390,201412,0,1068.0,12,0.0,0.0,11.0,965.83,37,0.0
2391,201405,0,357.0,12,0.0,0.0,0.0,1081.09,44,0.0
2392,201402,1,3343.0,12,13.0,0.0,0.0,2627.66,46,1.0
2393,201407,0,,12,,,,1126.2,55,
2394,201409,1,849.0,12,0.0,0.0,4.0,1651.0,34,0.0
2395,201404,0,4762.0,12,66.0,9.0,8.0,2870.61,49,19.0
2396,201402,0,2469.0,5,15.0,8.0,0.0,500.0,77,7.0
2397,201403,0,510.0,3,0.0,0.0,0.0,350.0,44,0.0
2398,201404,0,1114.0,12,0.0,0.0,12.0,649.0,23,0.0
2399,201412,1,206.0,12,0.0,0.0,0.0,1000.0,38,0.0
2400,201412,0,1768.0,12,4.0,0.0,6.0,2000.0,59,2.0
2401,201406,0,885.0,12,0.0,0.0,5.0,2000.0,41,0.0
2402,201407,1,798.0,12,0.0,0.0,2.0,1464.46,27,0.0
2403,201402,0,1358.0,12,0.0,7.0,11.0,800.0,43,0.0
2404,201404,1,1007.0,12,0.0,0.0,9.0,500.0,24,0.0
2405,201403,0,1004.0,12,0.0,0.0,9.0,1600.0,67,0.0
2406,201408,0,237.0,12,0.0,0.0,0.0,1500.0,42,0.0
2407,201410,1,2895.0,12,32.0,11.0,12.0,1819.17,27,5.0
2408,201407,0,587.0,3,0.0,0.0,0.0,300.0,24,0.0
2409,201405,1,241.0,8,0.0,0.0,0.0,972.5,33,0.0
2410,201405,0,1083.0,3,0.0,0.0,11.0,400.0,52,0.0
2411,201401,0,426.0,6,0.0,0.0,0.0,1570.0,76,0.0
2412,201402,1,3494.0,12,63.0,10.0,12.0,1000.0,47,4.0
2413,201404,1,1991.0,10,12.0,9.0,12.0,1000.0,51,6.0
2414,201408,1,214.0,12,0.0,0.0,0.0,800.0,35,0.0
2415,201411,0,2968.0,12,40.0,10.0,12.0,1000.0,52,10.0
2416,201401,1,524.0,12,0.0,0.0,0.0,574.19,27,0.0
2417,201406,0,665.0,12,0.0,0.0,3.0,1000.0,26,0.0
2418,201409,0,1520.0,5,1.0,1.0,0.0,300.0,55,1.0
2419,201407,0,3234.0,12,15.0,5.0,3.0,500.0,36,4.0
2420,201402,0,499.0,12,0.0,0.0,0.0,800.0,34,0.0
2421,201412,0,903.0,6,0.0,0.0,5.0,600.0,50,0.0
2422,201410,0,1841.0,5,7.0,0.0,0.0,700.0,60,1.0
2423,201404,1,2313.0,12,21.0,9.0,12.0,1000.0,49,3.0
2424,201412,0,444.0,12,0.0,0.0,0.0,2000.0,60,0.0
2425,201401,1,453.0,10,0.0,0.0,0.0,2298.97,48,0.0
2426,201412,0,4710.0,12,43.0,4.0,1.0,1600.0,53,15.0
2427,201407,1,266.0,12,0.0,0.0,0.0,1647.31,43,0.0
2428,201410,0,4227.0,12,21.0,7.0,12.0,2000.0,62,10.0
2429,201403,1,3119.0,12,2.0,0.0,0.0,1426.51,46,6.0
2430,201401,0,1493.0,8,0.0,7.0,9.0,1500.0,52,1.0
2431,201409,0,1005.0,12,0.0,0.0,9.0,800.0,49,0.0
2432,201410,1,468.0,12,0.0,0.0,0.0,1000.0,54,0.0
2433,201403,0,1065.0,12,0.0,0.0,9.0,1000.0,28,0.0
2434,201403,1,924.0,10,0.0,0.0,6.0,1500.0,27,0.0
2435,201401,0,1400.0,10,0.0,8.0,7.0,1300.0,41,0.0
2436,201410,1,4866.0,12,62.0,12.0,11.0,1681.0,62,25.0
2437,201404,1,1141.0,12,0.0,0.0,6.0,1000.0,51,0.0
2438,201408,1,1607.0,12,2.0,0.0,0.0,1500.0,25,1.0
2439,201405,0,316.0,12,0.0,0.0,0.0,610.0,45,0.0
2440,201404,0,185.0,12,0.0,0.0,0.0,1000.0,37,0.0
2441,201410,1,595.0,12,0.0,0.0,0.0,1200.0,62,0.0
2442,201403,0,1544.0,12,2.0,12.0,12.0,2000.0,52,1.0
2443,201401,0,4052.0,12,52.0,7.0,12.0,1198.0,59,13.0
2444,201412,0,483.0,8,0.0,0.0,0.0,800.0,37,0.0
2445,201410,1,918.0,12,0.0,0.0,7.0,1862.74,31,0.0
2446,201404,0,1581.0,12,2.0,0.0,0.0,1200.0,65,1.0
2447,201404,1,632.0,12,0.0,0.0,0.0,1808.44,26,0.0
2448,201412,1,2860.0,12,19.0,1.0,0.0,1200.0,55,10.0
2449,201412,0,5099.0,10,19.0,0.0,0.0,1000.0,45,22.0
2450,201402,0,2613.0,12,20.0,1.0,0.0,1400.0,26,6.0
2451,201407,0,604.0,12,0.0,0.0,0.0,1000.0,25,0.0
2452,201411,0,686.0,12,0.0,0.0,0.0,800.0,47,0.0
2453,201408,0,1204.0,12,0.0,3.0,8.0,2344.0,36,0.0
2454,201410,0,1044.0,6,0.0,0.0,10.0,250.0,25,0.0
2455,201409,0,683.0,3,0.0,0.0,0.0,300.0,44,0.0
2456,201409,0,197.0,6,0.0,0.0,0.0,977.02,53,0.0
2457,201403,1,215.0,12,0.0,0.0,0.0,1239.37,27,0.0
2458,201404,0,1129.0,12,0.0,0.0,9.0,1000.0,40,0.0
2459,201410,0,3392.0,6,33.0,2.0,0.0,1000.0,43,25.0
2460,201410,0,1935.0,12,15.0,9.0,12.0,1500.0,72,1.0
2461,201406,0,921.0,3,0.0,0.0,6.0,400.0,41,0.0
2462,201404,0,2313.0,12,8.0,4.0,2.0,500.0,46,5.0
2463,201403,0,748.0,12,0.0,0.0,1.0,1500.0,26,0.0
2464,201404,1,386.0,12,0.0,0.0,0.0,1180.84,45,0.0
2465,201410,0,2505.0,12,33.0,12.0,12.0,1000.0,58,1.0
2466,201406,0,2572.0,6,23.0,11.0,11.0,770.4,34,2.0
2467,201411,0,510.0,8,0.0,0.0,0.0,700.0,33,0.0
2468,201402,1,1704.0,5,6.0,3.0,3.0,700.0,31,1.0
2469,201411,1,457.0,12,0.0,0.0,0.0,1000.0,40,0.0
2470,201411,0,155.0,12,0.0,0.0,0.0,896.0,48,0.0
2471,201405,0,2624.0,12,4.0,9.0,12.0,1500.0,54,2.0
2472,201411,0,2278.0,12,7.0,0.0,11.0,2615.56,49,3.0
2473,201409,0,276.0,5,0.0,0.0,0.0,400.0,37,0.0
2474,201401,0,640.0,12,0.0,0.0,0.0,1600.0,41,0.0
2475,201412,1,573.0,12,0.0,0.0,0.0,2208.7,46,0.0
2476,201406,0,137.0,10,0.0,0.0,0.0,700.0,60,0.0
2477,201407,0,474.0,12,0.0,0.0,0.0,3000.0,59,0.0
2478,201403,1,174.0,12,0.0,0.0,0.0,643.77,31,0.0
2479,201401,0,2367.0,8,25.0,6.0,12.0,1000.0,33,5.0
2480,201410,0,243.0,7,0.0,0.0,0.0,700.0,63,0.0
2481,201412,1,295.0,3,0.0,0.0,0.0,328.0,29,0.0
2482,201404,0,401.0,12,0.0,0.0,0.0,446.89,20,0.0
2483,201401,0,1180.0,12,0.0,2.0,5.0,650.0,48,0.0
2484,201409,1,969.0,12,0.0,0.0,8.0,1079.04,37,0.0
2485,201404,0,609.0,12,0.0,0.0,0.0,600.0,46,0.0
2486,201408,1,315.0,12,0.0,0.0,0.0,1900.0,33,0.0
2487,201406,1,1316.0,12,0.0,3.0,12.0,1279.2,40,0.0
2488,201409,0,3411.0,12,22.0,11.0,8.0,2000.0,60,19.0
2489,201410,1,1442.0,12,1.0,5.0,12.0,1000.0,44,0.0
2490,201406,0,4609.0,12,98.0,12.0,12.0,1000.0,65,5.0
2491,201404,0,698.0,12,0.0,0.0,0.0,819.0,25,0.0
2492,201401,1,599.0,12,0.0,0.0,0.0,1222.75,48,0.0
2493,201404,1,782.0,12,0.0,0.0,4.0,1523.57,38,0.0
2494,201402,1,339.0,10,0.0,0.0,0.0,600.0,46,0.0
2495,201403,0,1202.0,12,0.0,2.0,12.0,1244.0,30,0.0
2496,201405,0,2916.0,12,45.0,10.0,12.0,3000.0,54,4.0
2497,201409,1,657.0,12,0.0,0.0,0.0,912.0,26,0.0
2498,201401,0,692.0,12,0.0,0.0,0.0,600.0,47,0.0
2499,201410,0,235.0,8,0.0,0.0,0.0,600.0,27,0.0
2500,201411,1,1074.0,12,0.0,0.0,6.0,500.0,36,0.0
2501,201401,0,749.0,12,0.0,0.0,1.0,1000.0,49,0.0
2502,201412,0,2330.0,12,24.0,12.0,12.0,1000.0,51,2.0
2503,201405,0,896.0,12,0.0,0.0,6.0,600.0,35,0.0
2504,201404,0,2114.0,12,21.0,11.0,12.0,1000.0,50,1.0
2505,201412,0,456.0,12,0.0,0.0,0.0,350.0,39,0.0
2506,201405,1,1171.0,12,0.0,2.0,12.0,550.0,27,0.0
2507,201411,1,248.0,7,0.0,0.0,0.0,850.0,49,0.0
2508,201409,0,1549.0,12,3.0,8.0,12.0,1500.0,56,1.0
2509,201408,0,2946.0,12,24.0,0.0,0.0,1000.0,74,11.0
2510,201412,0,400.0,12,0.0,0.0,0.0,2248.96,51,0.0
2511,201403,0,2586.0,12,25.0,7.0,12.0,1000.0,63,12.0
2512,201407,0,238.0,10,0.0,0.0,0.0,1000.0,38,0.0
2513,201403,0,821.0,12,0.0,0.0,3.0,700.0,31,0.0
2514,201402,1,286.0,12,0.0,0.0,0.0,2436.65,52,0.0
2515,201402,0,291.0,12,0.0,0.0,0.0,1000.0,57,0.0
2516,201412,0,3363.0,12,59.0,12.0,12.0,2500.0,67,4.0
2517,201403,1,866.0,12,0.0,0.0,4.0,2364.6,34,0.0
2518,201405,1,1616.0,12,3.0,6.0,3.0,1500.0,25,3.0
2519,201402,1,363.0,6,0.0,0.0,0.0,374.0,35,0.0
2520,201412,0,891.0,12,0.0,0.0,5.0,3000.0,47,0.0
2521,201409,0,3913.0,10,21.0,3.0,4.0,1500.0,69,5.0
2522,201412,1,328.0,12,0.0,0.0,0.0,1500.0,21,0.0
2523,201402,0,910.0,10,0.0,0.0,6.0,800.0,24,0.0
2524,201406,0,540.0,6,0.0,0.0,0.0,450.0,60,0.0
2525,201410,0,2331.0,12,22.0,11.0,12.0,1000.0,71,4.0
2526,201405,0,1165.0,8,0.0,4.0,12.0,500.0,38,0.0
2527,201410,0,713.0,12,0.0,0.0,0.0,2017.46,40,0.0
2528,201405,0,1013.0,12,0.0,0.0,3.0,2000.0,53,0.0
2529,201401,1,2707.0,12,7.0,0.0,0.0,654.4,28,6.0
2530,201404,0,223.0,12,0.0,0.0,0.0,2000.0,24,0.0
2531,201412,0,1279.0,5,0.0,5.0,7.0,500.0,38,0.0
2532,201409,0,1597.0,12,4.0,6.0,0.0,700.0,67,1.0
2533,201407,1,1381.0,12,0.0,8.0,12.0,1500.0,37,0.0
2534,201406,1,274.0,12,0.0,0.0,0.0,800.0,40,0.0
2535,201410,0,339.0,12,0.0,0.0,0.0,1000.0,62,0.0
2536,201409,0,1911.0,3,8.0,1.0,0.0,250.0,51,3.0
2537,201405,0,623.0,12,0.0,0.0,0.0,800.0,25,0.0
2538,201410,0,1481.0,12,0.0,10.0,11.0,2500.0,64,1.0
2539,201402,1,2130.0,12,19.0,10.0,11.0,900.0,59,3.0
2540,201404,1,1176.0,12,0.0,2.0,5.0,2200.0,50,0.0
2541,201410,0,1170.0,10,0.0,2.0,8.0,500.0,23,0.0
2542,201401,0,189.0,7,0.0,0.0,0.0,610.0,38,0.0
2543,201409,0,299.0,4,0.0,0.0,0.0,200.0,72,0.0
2544,201404,0,855.0,12,0.0,0.0,7.0,1950.0,53,0.0
2545,201406,0,4959.0,12,107.0,12.0,12.0,2000.0,59,5.0
2546,201411,0,2041.0,5,18.0,11.0,12.0,450.0,47,1.0
2547,201407,0,,12,,,,700.0,45,
2548,201402,0,636.0,4,0.0,0.0,0.0,400.0,28,0.0
2549,201404,1,2516.0,12,32.0,3.0,0.0,1000.0,51,3.0
2550,201404,1,229.0,12,0.0,0.0,0.0,425.0,28,0.0
2551,201401,0,719.0,12,0.0,0.0,0.0,909.22,38,0.0
2552,201401,1,561.0,12,0.0,0.0,0.0,850.0,31,0.0
2553,201401,1,4661.0,11,95.0,12.0,12.0,2500.0,57,11.0
2554,201404,1,277.0,12,0.0,0.0,0.0,1000.0,46,0.0
2555,201403,0,575.0,8,0.0,0.0,0.0,600.0,63,0.0
2556,201411,0,147.0,12,0.0,0.0,0.0,1200.0,58,0.0
2557,201405,1,436.0,12,0.0,0.0,0.0,300.0,25,0.0
2558,201404,0,1085.0,6,0.0,0.0,11.0,500.0,54,0.0
2559,201403,0,1178.0,12,0.0,2.0,12.0,2200.0,58,0.0
2560,201402,0,2636.0,12,32.0,10.0,12.0,1260.43,65,7.0
2561,201411,0,344.0,12,0.0,0.0,0.0,1000.0,52,0.0
2562,201407,0,237.0,12,0.0,0.0,0.0,2000.0,56,0.0
2563,201402,1,1216.0,6,0.0,1.0,12.0,472.0,37,0.0
2564,201405,1,1000.0,12,0.0,0.0,9.0,2875.07,59,0.0
2565,201410,0,3465.0,12,58.0,5.0,0.0,1500.0,56,7.0
2566,201407,0,217.0,3,0.0,0.0,0.0,250.0,57,0.0
2567,201410,0,259.0,12,0.0,0.0,0.0,975.58,37,0.0
2568,201403,0,4837.0,12,51.0,0.0,3.0,1500.0,46,20.0
2569,201409,0,3812.0,12,58.0,11.0,12.0,2717.39,45,20.0
2570,201404,1,571.0,12,0.0,0.0,0.0,1400.0,29,0.0
2571,201407,0,643.0,10,0.0,0.0,0.0,1000.0,32,0.0
2572,201401,1,347.0,12,0.0,0.0,0.0,560.0,29,0.0
2573,201402,0,917.0,12,0.0,0.0,6.0,1000.0,30,0.0
2574,201405,0,1200.0,3,0.0,2.0,12.0,200.0,53,0.0
2575,201411,0,733.0,12,0.0,0.0,0.0,1000.0,41,0.0
2576,201401,0,865.0,12,0.0,0.0,5.0,2300.0,54,0.0
2577,201401,1,431.0,12,0.0,0.0,0.0,1426.68,41,0.0
2578,201411,0,352.0,12,0.0,0.0,0.0,1900.0,68,0.0
2579,201403,0,1182.0,7,0.0,1.0,12.0,400.0,35,0.0
2580,201409,0,1238.0,12,0.0,3.0,12.0,1000.0,45,0.0
2581,201401,1,1565.0,12,1.0,2.0,0.0,1130.0,55,3.0
2582,201403,0,1028.0,12,0.0,0.0,10.0,1838.3,51,0.0
2583,201408,0,3985.0,6,65.0,0.0,0.0,600.0,61,8.0
2584,201412,0,866.0,12,0.0,0.0,9.0,1500.0,54,0.0
2585,201403,0,470.0,4,0.0,0.0,0.0,250.0,22,0.0
2586,201409,0,,3,0.0,0.0,0.0,200.0,49,0.0
2587,201411,0,3240.0,12,39.0,7.0,7.0,1000.0,61,5.0
2588,201406,1,189.0,3,0.0,0.0,0.0,250.0,24,0.0
2589,201412,0,1509.0,6,1.0,11.0,12.0,700.0,24,1.0
2590,201411,1,474.0,12,0.0,0.0,0.0,1000.0,48,0.0
2591,201406,0,495.0,12,0.0,0.0,0.0,700.0,70,0.0
2592,201402,1,1182.0,12,0.0,3.0,12.0,1200.0,68,0.0
2593,201410,0,1903.0,12,4.0,0.0,0.0,1600.0,76,1.0
2594,201411,1,1833.0,12,10.0,2.0,10.0,1000.0,29,3.0
2595,201401,0,313.0,12,0.0,0.0,0.0,862.71,50,0.0
2596,201405,0,,12,,,,500.0,50,
2597,201407,1,183.0,12,0.0,0.0,0.0,843.23,22,0.0
2598,201406,0,1801.0,12,8.0,12.0,12.0,2100.0,65,2.0
2599,201404,0,2604.0,12,20.0,10.0,5.0,1957.42,54,27.0
2600,201402,0,2617.0,12,20.0,7.0,11.0,900.0,64,10.0
2601,201401,1,2952.0,12,7.0,0.0,12.0,1500.0,43,2.0
2602,201410,1,1476.0,12,0.0,6.0,12.0,1500.0,40,1.0
2603,201408,1,154.0,12,0.0,0.0,0.0,700.0,19,0.0
2604,201402,1,406.0,12,0.0,0.0,0.0,701.75,25,0.0
2605,201401,1,849.0,12,0.0,0.0,6.0,784.16,37,0.0
2606,201406,0,336.0,12,0.0,0.0,0.0,1500.0,51,0.0
2607,201403,0,4023.0,6,72.0,6.0,12.0,530.0,54,12.0
2608,201408,0,1197.0,12,0.0,3.0,9.0,500.0,58,0.0
2609,201405,0,2365.0,12,12.0,5.0,10.0,1000.0,52,2.0
2610,201401,0,673.0,12,0.0,0.0,0.0,2000.0,26,0.0
2611,201411,1,480.0,12,0.0,0.0,0.0,3000.0,47,0.0
2612,201409,1,349.0,10,0.0,0.0,0.0,500.0,41,0.0
2613,201410,0,569.0,12,0.0,0.0,0.0,1500.0,50,0.0
2614,201408,0,4610.0,6,33.0,12.0,12.0,800.0,43,17.0
2615,201410,1,1003.0,12,0.0,0.0,9.0,2288.25,52,0.0
2616,201403,1,163.0,12,0.0,0.0,0.0,930.59,49,0.0
2617,201410,1,599.0,12,0.0,0.0,0.0,1665.67,36,0.0
2618,201410,1,675.0,12,0.0,0.0,0.0,1149.69,42,0.0
2619,201409,1,184.0,12,0.0,0.0,0.0,800.0,27,0.0
2620,201407,0,235.0,12,0.0,0.0,0.0,1000.0,51,0.0
2621,201412,1,356.0,12,0.0,0.0,0.0,500.0,33,0.0
2622,201402,0,369.0,12,0.0,0.0,0.0,300.0,21,0.0
2623,201401,1,1329.0,10,0.0,8.0,12.0,800.0,42,0.0
2624,201410,0,866.0,3,0.0,0.0,5.0,600.0,23,0.0
2625,201407,1,496.0,12,0.0,0.0,0.0,1155.0,46,0.0
2626,201407,1,,12,,,,1200.0,42,
2627,201407,0,401.0,5,0.0,0.0,0.0,365.46,21,0.0
2628,201401,0,3110.0,12,20.0,4.0,12.0,1000.0,63,7.0
2629,201406,0,561.0,8,0.0,0.0,0.0,500.0,52,0.0
2630,201409,0,2116.0,10,15.0,6.0,11.0,1335.86,34,6.0
2631,201403,0,,12,0.0,0.0,0.0,700.0,61,0.0
2632,201408,0,931.0,8,0.0,0.0,4.0,600.0,45,0.0
2633,201402,0,870.0,12,0.0,0.0,7.0,800.0,57,0.0
2634,201406,0,1510.0,12,1.0,12.0,12.0,1000.0,50,1.0
2635,201407,0,2448.0,10,21.0,0.0,6.0,1000.0,53,2.0
2636,201402,0,638.0,12,0.0,0.0,0.0,1257.78,43,0.0
2637,201409,0,1645.0,6,6.0,12.0,4.0,1500.0,58,1.0
2638,201411,0,759.0,8,0.0,0.0,1.0,600.0,66,0.0
2639,201404,0,196.0,6,0.0,0.0,0.0,500.0,46,0.0
2640,201403,0,452.0,8,0.0,0.0,0.0,500.0,45,0.0
2641,201410,0,3051.0,10,14.0,1.0,12.0,800.0,41,6.0
2642,201412,0,224.0,12,0.0,0.0,0.0,1000.0,68,0.0
2643,201409,0,2490.0,8,21.0,6.0,6.0,500.0,46,3.0
2644,201406,1,356.0,12,0.0,0.0,0.0,500.0,42,0.0
2645,201407,0,4928.0,5,12.0,4.0,8.0,500.0,55,30.0
2646,201411,0,222.0,3,0.0,0.0,0.0,350.0,45,0.0
2647,201408,0,2437.0,12,29.0,8.0,11.0,2323.64,60,3.0
2648,201404,1,652.0,10,0.0,0.0,0.0,1000.0,43,0.0
2649,201401,1,890.0,12,0.0,0.0,5.0,1689.14,48,0.0
2650,201406,0,1689.0,12,6.0,12.0,7.0,1751.36,46,2.0
2651,201406,1,212.0,12,0.0,0.0,0.0,689.91,25,0.0
2652,201402,0,1686.0,12,2.0,5.0,11.0,3000.0,69,1.0
2653,201403,0,316.0,12,0.0,0.0,0.0,1300.0,47,0.0
2654,201407,0,411.0,12,0.0,0.0,0.0,1000.0,28,0.0
2655,201401,1,974.0,12,0.0,0.0,7.0,1238.65,21,0.0
2656,201404,1,224.0,12,0.0,0.0,0.0,1000.0,60,0.0
2657,201411,1,3122.0,12,18.0,0.0,0.0,1000.0,54,13.0
2658,201402,1,223.0,12,0.0,0.0,0.0,600.0,26,0.0
2659,201408,0,,12,,,,800.0,24,
2660,201406,0,3047.0,12,37.0,9.0,7.0,1000.0,51,8.0
2661,201412,1,408.0,12,0.0,0.0,0.0,570.0,46,0.0
2662,201406,0,1967.0,12,11.0,8.0,12.0,3000.0,45,6.0
2663,201403,0,727.0,12,0.0,0.0,0.0,1500.0,63,0.0
2664,201405,1,2040.0,12,4.0,9.0,0.0,1000.0,66,3.0
2665,201408,1,1083.0,12,0.0,0.0,4.0,2000.0,44,0.0
2666,201411,0,512.0,10,0.0,0.0,0.0,1129.75,24,0.0
2667,201409,1,1073.0,12,0.0,0.0,11.0,2000.0,51,0.0
2668,201412,0,4943.0,12,49.0,5.0,6.0,1000.0,73,22.0
2669,201412,0,108.0,12,0.0,0.0,0.0,2231.77,56,0.0
2670,201411,0,357.0,7,0.0,0.0,0.0,1000.0,54,0.0
2671,201405,1,585.0,12,0.0,0.0,0.0,1000.0,65,0.0
2672,201412,0,4261.0,12,73.0,10.0,12.0,700.0,41,15.0
2673,201409,0,1207.0,10,0.0,3.0,8.0,1000.0,38,0.0
2674,201411,0,4142.0,4,44.0,3.0,1.0,1300.0,69,5.0
2675,201405,0,274.0,12,0.0,0.0,0.0,500.0,45,0.0
2676,201404,1,354.0,12,0.0,0.0,0.0,700.0,23,0.0
2677,201412,0,1177.0,12,0.0,4.0,12.0,1500.0,66,0.0
2678,201407,0,450.0,12,0.0,0.0,0.0,500.0,25,0.0
2679,201405,1,245.0,10,0.0,0.0,0.0,1978.99,58,0.0
2680,201410,1,254.0,12,0.0,0.0,0.0,1000.0,32,0.0
2681,201402,0,1151.0,5,0.0,1.0,6.0,600.0,52,0.0
2682,201407,0,2364.0,12,17.0,12.0,11.0,1000.0,68,5.0
2683,201402,0,538.0,12,0.0,0.0,0.0,700.0,39,0.0
2684,201406,0,2849.0,12,21.0,5.0,6.0,2000.0,47,18.0
2685,201409,0,1361.0,6,0.0,7.0,12.0,250.0,43,0.0
2686,201407,0,492.0,12,0.0,0.0,0.0,700.0,54,0.0
2687,201412,1,3139.0,5,29.0,3.0,8.0,700.0,44,7.0
2688,201408,0,890.0,8,0.0,0.0,5.0,200.0,26,0.0
2689,201409,0,1563.0,10,1.0,0.0,0.0,1000.0,25,1.0
2690,201411,0,769.0,12,0.0,0.0,2.0,2000.0,41,0.0
2691,201405,0,4217.0,12,47.0,12.0,11.0,1210.0,55,11.0
2692,201410,0,2946.0,10,10.0,0.0,12.0,800.0,56,6.0
2693,201409,0,2787.0,12,41.0,12.0,11.0,3000.0,34,8.0
2694,201409,1,355.0,10,0.0,0.0,0.0,500.0,38,0.0
2695,201409,0,275.0,12,0.0,0.0,0.0,1483.56,39,0.0
2696,201403,1,596.0,9,0.0,0.0,0.0,680.0,31,0.0
2697,201404,0,3323.0,12,31.0,5.0,0.0,3000.0,75,16.0
2698,201402,0,792.0,12,0.0,0.0,2.0,682.0,31,0.0
2699,201409,0,2770.0,12,27.0,0.0,6.0,2800.0,68,5.0
2700,201401,0,1133.0,12,0.0,0.0,6.0,500.0,56,0.0
2701,201407,0,1317.0,12,0.0,4.0,4.0,800.0,38,0.0
2702,201405,0,1654.0,10,5.0,5.0,10.0,1000.0,67,1.0
2703,201405,0,405.0,12,0.0,0.0,0.0,1000.0,37,0.0
2704,201412,1,4442.0,12,26.0,2.0,9.0,3000.0,32,4.0
2705,201403,0,248.0,6,0.0,0.0,0.0,400.0,37,0.0
2706,201404,0,2163.0,12,22.0,11.0,12.0,500.0,68,1.0
2707,201402,0,642.0,12,0.0,0.0,0.0,1000.0,22,0.0
2708,201403,0,730.0,12,0.0,0.0,0.0,1000.0,22,0.0
2709,201406,0,4420.0,12,22.0,0.0,0.0,1000.0,52,14.0
2710,201406,0,3097.0,12,42.0,9.0,12.0,1000.0,56,9.0
2711,201410,0,335.0,10,0.0,0.0,0.0,500.0,48,0.0
2712,201412,1,1909.0,10,14.0,11.0,12.0,1600.0,25,1.0
2713,201407,1,739.0,12,0.0,0.0,1.0,858.88,24,0.0
2714,201409,1,535.0,12,0.0,0.0,0.0,1452.0,46,0.0
2715,201402,0,533.0,4,0.0,0.0,0.0,234.37,22,0.0
2716,201406,0,201.0,12,0.0,0.0,0.0,1000.0,25,0.0
2717,201408,0,2312.0,12,13.0,12.0,12.0,1500.0,66,2.0
2718,201405,0,,12,,,,800.0,47,
2719,201410,1,318.0,12,0.0,0.0,0.0,1000.0,42,0.0
2720,201409,0,2156.0,12,19.0,12.0,12.0,3000.0,49,2.0
2721,201401,0,216.0,12,0.0,0.0,0.0,1100.0,52,0.0
2722,201405,1,240.0,12,0.0,0.0,0.0,611.73,30,0.0
2723,201405,1,3740.0,12,49.0,7.0,12.0,1500.0,49,23.0
2724,201403,0,223.0,12,0.0,0.0,0.0,1239.37,39,0.0
2725,201401,0,3651.0,12,20.0,0.0,0.0,1900.0,58,20.0
2726,201410,0,1070.0,12,0.0,6.0,1.0,1000.0,62,0.0
2727,201407,1,538.0,12,0.0,0.0,0.0,2000.0,72,0.0
2728,201409,1,369.0,12,0.0,0.0,0.0,700.0,48,0.0
2729,201407,0,3356.0,10,48.0,3.0,0.0,500.0,41,15.0
2730,201408,0,593.0,12,0.0,0.0,0.0,1000.0,32,0.0
2731,201409,1,255.0,12,0.0,0.0,0.0,1231.11,69,0.0
2732,201410,1,164.0,12,0.0,0.0,0.0,866.87,18,0.0
2733,201406,0,525.0,12,0.0,0.0,0.0,2479.0,65,0.0
2734,201406,0,193.0,12,0.0,0.0,0.0,1000.0,54,0.0
2735,201410,0,299.0,12,0.0,0.0,0.0,1500.0,36,0.0
2736,201401,1,466.0,12,0.0,0.0,0.0,604.0,36,0.0
2737,201411,0,604.0,8,0.0,0.0,0.0,500.0,58,4.0
2738,201411,0,1172.0,10,0.0,2.0,12.0,500.0,59,0.0
2739,201410,0,2775.0,12,42.0,10.0,12.0,2200.0,51,1.0
2740,201404,0,647.0,12,0.0,0.0,0.0,800.0,29,0.0
2741,201403,0,437.0,12,0.0,0.0,0.0,1072.53,41,0.0
2742,201412,0,2187.0,12,11.0,0.0,0.0,1500.0,53,10.0
2743,201405,0,253.0,12,0.0,0.0,0.0,1000.0,66,0.0
2744,201402,1,418.0,12,0.0,0.0,0.0,1000.0,35,0.0
2745,201410,0,2688.0,12,39.0,11.0,12.0,1500.0,40,1.0
2746,201405,1,256.0,12,0.0,0.0,0.0,670.0,40,0.0
2747,201401,1,555.0,12,0.0,0.0,0.0,645.0,36,0.0
2748,201404,0,517.0,6,0.0,0.0,0.0,500.0,38,0.0
2749,201408,1,2238.0,12,10.0,0.0,10.0,2000.0,68,2.0
2750,201410,0,3625.0,10,37.0,8.0,12.0,1500.0,37,14.0
2751,201410,0,2125.0,12,15.0,7.0,12.0,1000.0,59,7.0
2752,201405,0,831.0,10,0.0,0.0,5.0,600.0,37,0.0
2753,201409,1,369.0,12,0.0,0.0,0.0,1500.0,41,0.0
2754,201408,0,405.0,3,0.0,0.0,0.0,355.0,22,0.0
2755,201411,0,3841.0,12,35.0,12.0,12.0,962.02,37,13.0
2756,201411,0,664.0,12,0.0,0.0,0.0,1100.0,22,0.0
2757,201404,0,1274.0,5,0.0,5.0,12.0,500.0,42,0.0
2758,201404,0,1562.0,12,3.0,5.0,12.0,1500.0,31,1.0
2759,201410,0,1952.0,12,13.0,8.0,12.0,3000.0,69,3.0
2760,201412,0,658.0,12,0.0,0.0,0.0,700.0,55,0.0
2761,201411,0,394.0,12,0.0,0.0,0.0,1343.43,25,0.0
2762,201409,0,3310.0,12,21.0,4.0,4.0,1314.85,46,17.0
2763,201407,0,249.0,12,0.0,0.0,0.0,2142.12,33,0.0
2764,201402,0,2473.0,12,3.0,0.0,0.0,2300.0,67,4.0
2765,201402,0,565.0,12,0.0,0.0,0.0,500.0,53,0.0
2766,201407,0,133.0,12,0.0,0.0,3.0,1200.0,63,0.0
2767,201403,0,223.0,12,0.0,0.0,0.0,300.0,25,0.0
2768,201404,0,2022.0,10,8.0,7.0,12.0,1500.0,48,3.0
2769,201402,1,230.0,8,0.0,0.0,0.0,500.0,34,0.0
2770,201401,0,697.0,10,0.0,0.0,0.0,800.0,48,0.0
2771,201408,0,628.0,5,0.0,0.0,0.0,618.29,28,0.0
2772,201407,0,777.0,12,0.0,0.0,2.0,900.0,53,0.0
2773,201412,1,282.0,12,0.0,0.0,0.0,934.8,44,0.0
2774,201401,1,915.0,12,0.0,0.0,6.0,1800.0,37,0.0
2775,201409,0,2602.0,7,26.0,11.0,12.0,500.0,43,8.0
2776,201410,1,740.0,12,0.0,0.0,1.0,2000.0,45,0.0
2777,201412,1,862.0,12,0.0,0.0,5.0,929.9,20,0.0
2778,201408,1,297.0,12,0.0,0.0,0.0,1742.22,48,0.0
2779,201405,0,1230.0,12,0.0,3.0,12.0,1300.0,42,0.0
2780,201401,1,114.0,4,0.0,0.0,0.0,1000.0,71,0.0
2781,201402,1,2015.0,12,8.0,0.0,0.0,1000.0,44,9.0
2782,201401,0,4434.0,12,17.0,0.0,0.0,850.0,41,4.0
2783,201409,1,339.0,8,0.0,0.0,0.0,500.0,32,0.0
2784,201408,0,982.0,8,0.0,0.0,9.0,700.0,24,0.0
2785,201409,1,422.0,12,0.0,0.0,0.0,1000.0,47,0.0
2786,201402,0,705.0,12,0.0,0.0,0.0,1500.0,35,0.0
2787,201410,0,4152.0,12,16.0,3.0,1.0,3000.0,67,39.0
2788,201404,0,1537.0,12,2.0,6.0,0.0,600.0,65,1.0
2789,201407,1,545.0,12,0.0,0.0,0.0,2000.0,62,0.0
2790,201411,0,3076.0,12,41.0,12.0,12.0,1500.0,41,4.0
2791,201409,0,1502.0,12,3.0,12.0,12.0,700.0,67,1.0
2792,201402,0,1558.0,9,3.0,7.0,12.0,1000.0,51,1.0
2793,201407,0,3021.0,12,51.0,12.0,11.0,3000.0,59,1.0
2794,201405,0,1274.0,12,0.0,3.0,0.0,1000.0,56,0.0
2795,201402,1,790.0,4,0.0,0.0,2.0,653.0,35,0.0
2796,201404,1,4138.0,12,33.0,0.0,0.0,1500.0,46,23.0
2797,201407,0,1116.0,12,0.0,0.0,12.0,2000.0,64,0.0
2798,201408,0,1396.0,12,0.0,3.0,2.0,970.0,38,0.0
2799,201404,0,814.0,12,0.0,0.0,3.0,1500.0,48,0.0
2800,201403,0,1180.0,6,0.0,2.0,11.0,1000.0,59,0.0
2801,201408,0,546.0,5,0.0,0.0,0.0,500.0,47,0.0
2802,201404,0,1145.0,10,0.0,1.0,12.0,966.54,27,0.0
2803,201412,0,196.0,12,0.0,0.0,0.0,1938.62,61,0.0
2804,201409,0,644.0,10,0.0,0.0,0.0,1500.0,56,0.0
2805,201408,1,426.0,12,0.0,0.0,0.0,2000.0,70,0.0
2806,201403,0,4579.0,12,38.0,0.0,8.0,1500.0,61,11.0
2807,201404,0,927.0,12,0.0,0.0,7.0,2000.0,46,0.0
2808,201407,1,623.0,12,0.0,0.0,0.0,1500.0,20,0.0
2809,201403,0,2460.0,12,29.0,12.0,12.0,2000.0,33,4.0
2810,201410,0,4338.0,12,25.0,0.0,8.0,2500.0,63,16.0
2811,201402,0,1667.0,12,6.0,2.0,0.0,1000.0,32,1.0
2812,201411,0,430.0,12,0.0,0.0,0.0,300.0,62,0.0
2813,201404,0,302.0,12,0.0,0.0,0.0,1500.0,23,0.0
2814,201408,0,953.0,12,0.0,0.0,8.0,1000.0,43,0.0
2815,201411,0,786.0,5,0.0,0.0,1.0,500.0,22,0.0
2816,201402,1,160.0,10,0.0,0.0,0.0,500.0,26,0.0
2817,201406,0,3105.0,3,40.0,11.0,12.0,600.0,43,15.0
2818,201405,0,563.0,12,0.0,0.0,0.0,500.0,61,0.0
2819,201403,0,829.0,12,0.0,0.0,4.0,1400.0,59,0.0
2820,201412,1,139.0,4,0.0,0.0,0.0,300.0,26,0.0
2821,201406,0,3326.0,12,46.0,9.0,11.0,2000.0,63,4.0
2822,201403,0,238.0,12,0.0,0.0,0.0,750.0,36,0.0
2823,201404,1,269.0,12,0.0,0.0,0.0,696.0,37,0.0
2824,201411,0,2961.0,12,19.0,12.0,12.0,600.0,65,4.0
2825,201412,0,1176.0,12,0.0,1.0,12.0,1000.0,39,0.0
2826,201408,1,604.0,7,0.0,0.0,0.0,500.0,55,0.0
2827,201412,0,1275.0,12,0.0,3.0,12.0,800.0,39,0.0
2828,201404,0,423.0,12,0.0,0.0,0.0,1500.0,45,0.0
2829,201406,0,1695.0,12,7.0,12.0,10.0,2000.0,59,1.0
2830,201412,0,-94.0,12,0.0,0.0,0.0,2204.65,59,0.0
2831,201402,0,470.0,6,0.0,0.0,0.0,500.0,29,0.0
2832,201408,1,1262.0,12,0.0,5.0,12.0,892.36,73,0.0
2833,201404,0,2773.0,12,37.0,5.0,2.0,2000.0,53,5.0
2834,201411,0,2795.0,12,24.0,7.0,8.0,2000.0,62,10.0
2835,201411,0,890.0,12,0.0,0.0,6.0,1000.0,53,0.0
2836,201410,1,338.0,6,0.0,0.0,0.0,500.0,31,0.0
2837,201412,0,5054.0,12,55.0,10.0,12.0,1500.0,75,22.0
2838,201402,1,372.0,6,0.0,0.0,0.0,800.0,30,0.0
2839,201406,1,839.0,12,0.0,0.0,4.0,1000.0,71,0.0
2840,201412,0,355.0,3,0.0,0.0,0.0,150.0,34,0.0
2841,201403,0,1203.0,10,0.0,1.0,10.0,2000.0,62,0.0
2842,201412,0,569.0,12,0.0,0.0,0.0,1269.89,47,0.0
2843,201407,0,579.0,6,0.0,0.0,0.0,500.0,23,0.0
2844,201401,1,2159.0,12,10.0,9.0,10.0,1000.0,76,12.0
2845,201407,1,188.0,12,0.0,0.0,0.0,400.0,43,0.0
2846,201411,1,362.0,4,0.0,0.0,0.0,300.0,32,0.0
2847,201406,1,1818.0,10,11.0,0.0,0.0,755.01,33,1.0
2848,201406,0,210.0,6,0.0,0.0,0.0,580.0,29,0.0
2849,201405,0,276.0,12,0.0,0.0,0.0,940.59,44,0.0
2850,201412,0,899.0,12,0.0,0.0,5.0,1000.0,22,0.0
2851,201409,0,609.0,10,0.0,0.0,0.0,1000.0,22,0.0
2852,201408,0,817.0,5,0.0,0.0,3.0,700.0,45,0.0
2853,201402,0,2042.0,12,7.0,11.0,10.0,1000.0,31,12.0
2854,201403,1,646.0,12,0.0,0.0,0.0,500.0,22,0.0
2855,201402,0,1604.0,4,4.0,12.0,11.0,400.0,45,1.0
2856,201406,0,1677.0,12,6.0,12.0,12.0,1000.0,47,1.0
2857,201404,1,775.0,12,0.0,0.0,4.0,3000.0,60,0.0
2858,201401,1,259.0,12,0.0,0.0,0.0,2436.65,53,0.0
2859,201412,0,2267.0,10,19.0,11.0,12.0,500.0,44,7.0
2860,201411,0,1354.0,12,0.0,10.0,12.0,1000.0,44,0.0
2861,201405,1,525.0,12,0.0,0.0,0.0,800.0,50,0.0
2862,201412,1,797.0,10,0.0,0.0,2.0,1000.0,35,0.0
2863,201405,0,557.0,5,0.0,0.0,2.0,300.0,63,0.0
2864,201412,0,1670.0,12,6.0,11.0,8.0,2109.91,47,1.0
2865,201401,0,539.0,6,0.0,0.0,0.0,1300.0,45,0.0
2866,201410,1,3200.0,12,5.0,0.0,0.0,1500.0,38,6.0
2867,201409,0,2108.0,12,15.0,4.0,12.0,3000.0,59,5.0
2868,201410,0,535.0,7,0.0,0.0,0.0,1050.0,27,0.0
2869,201403,0,452.0,8,0.0,0.0,0.0,530.0,27,0.0
2870,201401,0,710.0,12,0.0,0.0,0.0,800.0,52,0.0
2871,201402,0,792.0,12,0.0,0.0,2.0,800.0,20,0.0
2872,201402,0,4293.0,12,54.0,10.0,4.0,2900.69,53,18.0
2873,201404,0,698.0,12,0.0,0.0,0.0,1751.36,56,0.0
2874,201404,0,338.0,12,0.0,0.0,0.0,880.0,67,0.0
2875,201403,0,777.0,12,0.0,0.0,2.0,1500.0,59,0.0
2876,201402,0,774.0,6,0.0,0.0,2.0,761.32,22,0.0
2877,201411,1,251.0,12,0.0,0.0,0.0,1000.0,43,0.0
2878,201401,0,3797.0,12,44.0,11.0,5.0,2000.0,46,7.0
2879,201408,1,379.0,12,0.0,0.0,0.0,1575.18,35,0.0
2880,201401,0,432.0,6,0.0,0.0,0.0,299.06,30,0.0
2881,201406,0,,12,0.0,2.0,7.0,3000.0,51,0.0
2882,201408,1,222.0,12,0.0,0.0,0.0,1000.0,57,0.0
2883,201403,0,2111.0,3,18.0,10.0,11.0,150.0,47,2.0
2884,201401,0,1973.0,12,16.0,12.0,12.0,3000.0,52,1.0
2885,201409,0,3965.0,4,49.0,3.0,6.0,900.0,50,28.0
2886,201401,0,1720.0,12,6.0,12.0,12.0,600.0,31,2.0
2887,201411,1,712.0,12,0.0,0.0,0.0,1000.0,22,0.0
2888,201403,0,2351.0,12,5.0,8.0,0.0,2000.0,46,4.0
2889,201405,0,464.0,12,0.0,0.0,0.0,1000.0,48,0.0
2890,201406,1,727.0,12,0.0,0.0,2.0,790.92,24,0.0
2891,201408,1,2814.0,10,2.0,0.0,0.0,973.24,30,1.0
2892,201410,0,4869.0,10,68.0,12.0,12.0,1000.0,56,31.0
2893,201411,1,346.0,12,0.0,0.0,0.0,800.0,32,0.0
2894,201411,0,520.0,12,0.0,0.0,0.0,1000.0,58,0.0
2895,201404,0,1591.0,12,3.0,10.0,12.0,2615.56,47,1.0
2896,201405,1,2386.0,12,23.0,12.0,12.0,1500.0,65,8.0
2897,201411,0,651.0,12,0.0,0.0,0.0,2000.0,55,0.0
2898,201412,0,725.0,8,0.0,0.0,0.0,1000.0,62,0.0
2899,201410,1,250.0,12,0.0,0.0,0.0,1993.62,38,0.0
2900,201407,1,818.0,12,0.0,0.0,3.0,1000.0,53,0.0
2901,201402,1,1336.0,12,0.0,8.0,11.0,2900.69,64,0.0
2902,201405,1,707.0,12,0.0,0.0,0.0,2554.63,65,0.0
2903,201411,1,514.0,12,0.0,0.0,0.0,731.58,19,0.0
2904,201411,0,569.0,12,0.0,0.0,0.0,400.0,23,0.0
2905,201402,1,234.0,12,0.0,0.0,0.0,696.08,28,0.0
2906,201407,0,,12,0.0,0.0,0.0,1000.0,60,0.0
2907,201406,0,869.0,12,0.0,0.0,4.0,1500.0,65,0.0
2908,201410,0,2194.0,6,22.0,11.0,10.0,400.0,66,2.0
2909,201405,0,560.0,12,0.0,0.0,0.0,1247.33,45,0.0
2910,201401,0,4659.0,12,65.0,5.0,11.0,1000.0,57,32.0
2911,201401,0,4502.0,12,27.0,0.0,7.0,1000.0,61,11.0
2912,201402,0,752.0,9,0.0,0.0,0.0,1000.0,48,0.0
2913,201410,0,595.0,6,0.0,0.0,0.0,700.0,22,0.0
2914,201406,1,907.0,12,0.0,0.0,6.0,2690.12,44,0.0
2915,201405,0,580.0,6,0.0,0.0,0.0,300.0,59,0.0
2916,201405,0,2028.0,12,15.0,11.0,11.0,2360.0,53,3.0
2917,201411,1,251.0,5,0.0,0.0,0.0,340.0,40,0.0
2918,201406,0,1981.0,12,7.0,12.0,12.0,700.0,63,4.0
2919,201401,0,121.0,12,0.0,0.0,0.0,700.0,26,0.0
2920,201410,0,895.0,12,0.0,0.0,5.0,1500.0,26,0.0
2921,201406,0,387.0,6,0.0,0.0,0.0,1000.0,42,0.0
2922,201412,0,2697.0,12,36.0,12.0,12.0,2000.0,58,5.0
2923,201410,0,319.0,12,0.0,0.0,0.0,1500.0,54,0.0
2924,201403,0,507.0,3,0.0,0.0,0.0,265.83,22,0.0
2925,201401,1,277.0,12,0.0,0.0,0.0,700.0,40,0.0
2926,201406,0,2091.0,12,1.0,0.0,1.0,900.0,30,3.0
2927,201406,1,774.0,10,0.0,0.0,3.0,1000.0,28,0.0
2928,201402,0,2584.0,12,25.0,10.0,10.0,1000.0,65,8.0
2929,201403,0,2522.0,12,18.0,3.0,4.0,1000.0,56,8.0
2930,201406,0,1038.0,10,0.0,0.0,10.0,800.0,29,0.0
2931,201404,0,1007.0,10,0.0,0.0,9.0,1000.0,25,0.0
2932,201401,0,1062.0,12,0.0,0.0,11.0,2910.28,56,0.0
2933,201405,0,888.0,12,0.0,0.0,5.0,1364.83,50,0.0
2934,201407,1,356.0,12,0.0,0.0,0.0,400.0,23,0.0
2935,201405,0,3059.0,12,11.0,0.0,6.0,1244.21,42,2.0
2936,201402,0,4589.0,10,20.0,0.0,0.0,1000.0,52,13.0
2937,201402,0,1082.0,12,0.0,0.0,11.0,2259.0,52,0.0
2938,201407,0,1205.0,3,0.0,2.0,12.0,150.0,28,0.0
2939,201409,0,77.0,3,0.0,0.0,0.0,250.0,40,0.0
2940,201407,1,699.0,12,0.0,0.0,0.0,800.0,22,0.0
2941,201409,1,1396.0,12,0.0,7.0,12.0,500.0,53,0.0
2942,201409,0,189.0,12,0.0,0.0,0.0,700.0,46,0.0
2943,201402,1,213.0,10,0.0,0.0,0.0,400.0,35,0.0
2944,201409,0,843.0,12,0.0,0.0,3.0,1000.0,49,0.0
2945,201409,1,416.0,12,0.0,0.0,0.0,1000.0,34,0.0
2946,201410,1,3533.0,12,43.0,10.0,12.0,2988.95,66,15.0
2947,201411,1,773.0,5,0.0,0.0,2.0,1295.24,37,0.0
2948,201406,0,550.0,6,0.0,0.0,0.0,1000.0,64,0.0
2949,201407,1,1761.0,12,5.0,3.0,11.0,1000.0,44,3.0
2950,201401,0,1218.0,12,0.0,3.0,12.0,2000.0,68,0.0
2951,201411,1,687.0,12,0.0,0.0,1.0,1300.0,71,0.0
2952,201401,1,208.0,7,0.0,0.0,0.0,700.0,41,0.0
2953,201402,0,1829.0,12,8.0,7.0,10.0,1200.0,67,4.0
2954,201406,0,173.0,12,0.0,0.0,0.0,1000.0,57,0.0
2955,201405,0,3270.0,12,5.0,6.0,7.0,1000.0,31,7.0
2956,201412,0,2824.0,12,23.0,12.0,12.0,1150.0,69,5.0
2957,201409,0,1417.0,12,0.0,6.0,9.0,855.9,45,0.0
2958,201409,1,677.0,10,0.0,0.0,0.0,1092.95,24,0.0
2959,201407,0,1709.0,6,5.0,8.0,7.0,500.0,44,3.0
2960,201409,1,3547.0,6,14.0,0.0,11.0,500.0,47,18.0
2961,201403,1,,12,,,,900.0,31,
2962,201401,1,1115.0,12,0.0,0.0,9.0,928.08,21,0.0
2963,201402,0,349.0,12,0.0,0.0,0.0,750.0,47,0.0
2964,201401,0,688.0,12,0.0,0.0,0.0,650.0,20,0.0
2965,201409,1,832.0,12,0.0,0.0,4.0,2500.0,43,0.0
2966,201405,1,937.0,12,0.0,0.0,5.0,2500.0,65,0.0
2967,201411,0,2797.0,12,37.0,11.0,6.0,1500.0,53,4.0
2968,201409,0,840.0,6,0.0,0.0,4.0,1200.0,52,0.0
2969,201408,1,220.0,6,0.0,0.0,0.0,500.0,42,0.0
2970,201411,0,2800.0,6,27.0,1.0,0.0,500.0,34,10.0
2971,201407,0,4897.0,4,15.0,7.0,5.0,500.0,33,10.0
2972,201405,0,1541.0,10,3.0,10.0,12.0,400.0,64,1.0
2973,201402,0,519.0,12,0.0,0.0,0.0,900.0,32,0.0
2974,201401,1,171.0,10,0.0,0.0,0.0,400.0,28,0.0
2975,201412,1,456.0,12,0.0,0.0,0.0,880.57,33,0.0
2976,201411,0,1259.0,12,0.0,5.0,1.0,800.0,46,0.0
2977,201410,0,784.0,5,0.0,0.0,1.0,500.0,26,0.0
2978,201407,0,3967.0,12,15.0,0.0,0.0,1000.0,41,18.0
2979,201409,0,1509.0,10,1.0,6.0,0.0,800.0,40,1.0
2980,201404,0,1563.0,6,2.0,12.0,12.0,520.0,48,1.0
2981,201410,0,1057.0,12,0.0,0.0,6.0,1569.22,43,0.0
2982,201401,0,621.0,12,0.0,0.0,0.0,500.0,56,0.0
2983,201401,0,398.0,6,0.0,0.0,0.0,918.17,35,0.0
2984,201406,0,258.0,6,0.0,0.0,0.0,400.0,45,0.0
2985,201406,0,931.0,12,0.0,0.0,6.0,1500.0,46,0.0
2986,201403,0,182.0,12,0.0,0.0,0.0,800.0,53,0.0
2987,201410,0,794.0,12,0.0,0.0,2.0,1000.0,41,0.0
2988,201405,0,1391.0,10,0.0,6.0,0.0,800.0,64,0.0
2989,201408,0,852.0,12,0.0,0.0,4.0,1000.0,50,0.0
2990,201403,1,471.0,12,0.0,0.0,0.0,1208.0,39,0.0
2991,201405,0,1446.0,12,0.0,10.0,12.0,1000.0,34,0.0
2992,201405,1,225.0,12,0.0,0.0,0.0,800.0,29,0.0
2993,201412,0,3703.0,12,39.0,9.0,12.0,2000.0,51,9.0
2994,201407,0,824.0,12,0.0,0.0,3.0,600.0,78,0.0
2995,201412,0,335.0,12,0.0,0.0,0.0,1999.32,60,0.0
2996,201407,1,699.0,12,0.0,0.0,0.0,2396.87,35,0.0
2997,201409,1,760.0,12,0.0,0.0,1.0,750.0,21,0.0
2998,201405,0,475.0,3,0.0,0.0,0.0,150.0,39,0.0
2999,201402,1,956.0,12,0.0,0.0,7.0,2900.69,65,0.0
3000,201401,1,1214.0,12,0.0,1.0,12.0,1000.0,55,0.0
3001,201406,0,630.0,8,0.0,0.0,0.0,250.0,27,0.0
3002,201412,0,863.0,5,0.0,0.0,4.0,649.0,21,0.0
3003,201410,0,1613.0,12,4.0,4.0,8.0,3000.0,64,1.0
3004,201407,1,342.0,12,0.0,0.0,0.0,700.0,63,0.0
3005,201403,0,2556.0,12,28.0,7.0,7.0,3000.0,45,7.0
3006,201407,0,3152.0,12,42.0,9.0,5.0,1000.0,66,5.0
3007,201405,0,578.0,12,0.0,0.0,0.0,1000.0,26,0.0
3008,201403,1,174.0,12,0.0,0.0,0.0,1107.03,42,0.0
3009,201408,1,1398.0,10,0.0,8.0,12.0,2000.0,58,0.0
3010,201406,0,1899.0,12,14.0,12.0,12.0,2000.0,50,1.0
3011,201410,0,2897.0,12,17.0,11.0,12.0,1500.0,43,10.0
3012,201402,1,164.0,12,0.0,0.0,0.0,927.28,48,0.0
3013,201407,0,4917.0,4,66.0,8.0,11.0,400.0,44,8.0
3014,201401,0,2243.0,6,16.0,6.0,10.0,250.0,57,7.0
3015,201405,0,4843.0,12,79.0,9.0,11.0,3000.0,53,31.0
3016,201405,0,619.0,10,0.0,0.0,0.0,1000.0,29,0.0
3017,201403,0,2609.0,12,19.0,4.0,12.0,2500.0,74,17.0
3018,201403,0,3771.0,12,41.0,5.0,8.0,1430.0,75,11.0
3019,201405,0,569.0,4,0.0,0.0,0.0,600.0,55,0.0
3020,201404,0,2231.0,12,24.0,12.0,11.0,1500.0,55,2.0
3021,201406,0,281.0,12,0.0,0.0,0.0,1468.13,29,0.0
3022,201408,0,2847.0,12,33.0,10.0,12.0,1280.86,57,6.0
3023,201401,1,1062.0,12,0.0,0.0,12.0,1067.55,33,0.0
3024,201408,0,1172.0,12,0.0,1.0,12.0,1000.0,47,0.0
3025,201402,1,963.0,9,0.0,0.0,7.0,1100.0,39,0.0
3026,201405,0,1694.0,12,7.0,12.0,12.0,2000.0,52,1.0
3027,201409,0,1123.0,12,0.0,0.0,12.0,3000.0,54,0.0
3028,201403,0,791.0,12,0.0,0.0,2.0,2000.0,27,0.0
3029,201406,1,1161.0,12,0.0,2.0,12.0,1400.0,38,0.0
3030,201401,1,1244.0,12,0.0,4.0,11.0,1111.02,75,0.0
3031,201411,0,145.0,8,0.0,0.0,0.0,1000.0,64,0.0
3032,201407,0,2027.0,10,13.0,10.0,12.0,1200.0,57,6.0
3033,201404,0,3043.0,12,45.0,12.0,0.0,1000.0,44,5.0
3034,201405,0,1028.0,6,0.0,0.0,10.0,500.0,41,0.0
3035,201410,0,221.0,12,0.0,0.0,0.0,1000.0,60,0.0
3036,201404,0,428.0,3,0.0,0.0,0.0,264.0,55,0.0
3037,201410,0,315.0,12,0.0,0.0,0.0,2039.15,19,0.0
3038,201408,0,771.0,6,0.0,0.0,1.0,700.0,44,0.0
3039,201412,1,446.0,12,0.0,0.0,0.0,1711.12,28,0.0
3040,201405,1,357.0,12,0.0,0.0,0.0,1500.0,28,0.0
3041,201404,0,591.0,12,0.0,0.0,0.0,1500.0,33,0.0
3042,201405,0,317.0,12,0.0,5.0,0.0,2000.0,35,0.0
3043,201411,0,3237.0,12,23.0,2.0,11.0,1048.8,40,3.0
3044,201411,0,641.0,3,0.0,0.0,0.0,300.0,28,0.0
3045,201409,0,,10,,,,2326.47,54,
3046,201405,0,426.0,6,0.0,0.0,0.0,1000.0,31,0.0
3047,201412,0,1665.0,12,3.0,0.0,0.0,300.0,67,1.0
3048,201405,0,797.0,12,0.0,0.0,2.0,591.0,41,0.0
3049,201401,0,1045.0,12,0.0,0.0,8.0,750.0,24,0.0
3050,201411,0,976.0,12,0.0,0.0,12.0,1000.0,52,0.0
3051,201408,0,384.0,6,0.0,0.0,0.0,700.0,42,0.0
3052,201402,1,4053.0,12,6.0,0.0,2.0,1000.0,39,1.0
3053,201409,1,273.0,12,0.0,0.0,0.0,1000.0,29,0.0
3054,201408,0,3089.0,12,46.0,11.0,12.0,800.0,56,6.0
3055,201406,0,195.0,12,0.0,0.0,0.0,1000.0,36,0.0
3056,201406,0,459.0,12,0.0,0.0,0.0,1300.0,47,0.0
3057,201411,0,4203.0,12,81.0,11.0,12.0,2000.0,47,10.0
3058,201405,0,3239.0,3,28.0,7.0,3.0,300.0,31,8.0
3059,201407,1,200.0,12,0.0,0.0,0.0,940.62,21,0.0
3060,201401,1,1055.0,12,0.0,0.0,11.0,600.0,38,0.0
3061,201405,0,171.0,8,0.0,0.0,0.0,350.0,36,0.0
3062,201405,1,1300.0,12,0.0,6.0,12.0,2000.0,56,0.0
3063,201408,0,1595.0,10,3.0,3.0,7.0,600.0,47,2.0
3064,201410,0,2214.0,12,3.0,0.0,4.0,2700.81,55,1.0
3065,201411,0,3128.0,12,29.0,8.0,12.0,1000.0,57,12.0
3066,201405,1,1209.0,12,0.0,2.0,9.0,1891.05,39,0.0
3067,201410,0,180.0,10,0.0,0.0,0.0,1000.0,74,0.0
3068,201412,0,4352.0,12,49.0,12.0,12.0,1200.0,71,7.0
3069,201405,0,429.0,10,0.0,0.0,0.0,1000.0,48,0.0
3070,201410,0,1037.0,12,0.0,0.0,10.0,800.0,21,0.0
3071,201404,1,265.0,12,0.0,0.0,0.0,500.0,22,0.0
3072,201406,0,101.0,3,0.0,0.0,0.0,200.0,56,0.0
3073,201405,0,1273.0,8,0.0,4.0,12.0,1000.0,35,0.0
3074,201406,0,641.0,3,0.0,0.0,0.0,300.0,36,0.0
3075,201402,1,497.0,12,0.0,0.0,0.0,1000.0,60,0.0
3076,201403,1,252.0,12,0.0,0.0,0.0,1500.0,46,0.0
3077,201409,0,195.0,6,0.0,0.0,0.0,300.0,52,0.0
3078,201407,0,1302.0,3,0.0,6.0,11.0,190.0,39,0.0
3079,201406,1,4684.0,12,84.0,10.0,10.0,1500.0,39,19.0
3080,201408,0,498.0,12,0.0,0.0,0.0,1040.0,33,0.0
3081,201403,1,293.0,12,0.0,0.0,0.0,661.29,24,0.0
3082,201406,0,657.0,10,0.0,0.0,0.0,1000.0,31,0.0
3083,201404,0,589.0,12,0.0,0.0,0.0,1200.0,40,0.0
3084,201402,0,2397.0,12,29.0,12.0,11.0,1000.0,70,2.0
3085,201409,0,2047.0,12,6.0,0.0,0.0,1500.0,64,5.0
3086,201411,0,983.0,12,0.0,0.0,9.0,1800.0,55,0.0
3087,201410,0,421.0,8,0.0,0.0,0.0,450.0,32,0.0
3088,201411,1,538.0,12,0.0,0.0,0.0,1989.29,34,0.0
3089,201409,0,874.0,12,0.0,0.0,5.0,1000.0,60,0.0
3090,201408,0,211.0,3,0.0,0.0,0.0,300.0,24,0.0
3091,201403,1,469.0,12,0.0,0.0,0.0,565.28,25,0.0
3092,201408,0,256.0,12,0.0,0.0,0.0,1000.0,56,0.0
3093,201410,0,4864.0,12,13.0,0.0,0.0,1200.0,55,21.0
3094,201402,0,2262.0,12,9.0,0.0,0.0,1500.0,74,3.0
3095,201409,1,743.0,12,0.0,0.0,1.0,1500.0,24,0.0
3096,201405,1,236.0,12,0.0,0.0,0.0,1616.45,25,0.0
3097,201405,0,239.0,12,0.0,0.0,0.0,1000.0,39,0.0
3098,201410,0,1288.0,12,0.0,6.0,10.0,1000.0,45,0.0
3099,201407,0,810.0,12,0.0,0.0,3.0,2000.0,57,0.0
3100,201412,1,2849.0,12,8.0,0.0,0.0,1000.0,49,13.0
3101,201412,1,665.0,8,0.0,0.0,0.0,2282.77,57,0.0
3102,201405,0,1703.0,3,5.0,7.0,5.0,300.0,29,4.0
3103,201411,1,1239.0,12,0.0,3.0,12.0,600.0,40,0.0
3104,201410,0,4647.0,12,93.0,12.0,12.0,2500.0,54,11.0
3105,201410,0,1153.0,10,0.0,1.0,7.0,800.0,43,0.0
3106,201404,0,2693.0,12,35.0,10.0,12.0,1200.0,34,3.0
3107,201408,1,1089.0,12,0.0,0.0,12.0,1000.0,25,0.0
3108,201405,0,1400.0,3,0.0,5.0,5.0,400.0,37,0.0
3109,201412,1,318.0,12,0.0,0.0,0.0,600.0,60,0.0
3110,201410,0,957.0,12,0.0,0.0,8.0,1500.0,56,0.0
3111,201402,0,4449.0,12,26.0,1.0,8.0,3000.0,67,31.0
3112,201412,0,3008.0,10,42.0,12.0,12.0,1000.0,54,6.0
3113,201407,0,695.0,5,0.0,0.0,0.0,400.0,27,0.0
3114,201407,0,629.0,12,0.0,0.0,0.0,1497.69,45,0.0
3115,201401,1,329.0,12,0.0,0.0,0.0,1800.0,50,0.0
3116,201410,0,3118.0,10,20.0,0.0,0.0,600.0,38,4.0
3117,201409,0,192.0,12,0.0,0.0,0.0,859.81,23,0.0
3118,201412,0,573.0,7,0.0,0.0,0.0,600.0,21,0.0
3119,201410,1,431.0,12,0.0,0.0,0.0,800.0,22,0.0
3120,201402,0,582.0,12,0.0,0.0,0.0,2000.0,63,0.0
3121,201404,0,1229.0,12,0.0,4.0,12.0,1500.0,37,0.0
3122,201403,1,289.0,12,0.0,0.0,0.0,619.37,40,0.0
3123,201401,0,1014.0,12,0.0,0.0,8.0,800.0,30,0.0
3124,201412,0,1205.0,12,0.0,5.0,9.0,1000.0,41,0.0
3125,201406,0,1143.0,12,0.0,0.0,12.0,1500.0,60,0.0
3126,201406,0,1127.0,12,0.0,0.0,12.0,1200.0,44,0.0
3127,201402,0,724.0,3,0.0,0.0,0.0,800.0,34,0.0
3128,201408,0,4632.0,3,5.0,1.0,0.0,200.0,44,2.0
3129,201412,0,1094.0,12,0.0,0.0,12.0,1000.0,43,0.0
3130,201403,0,739.0,10,0.0,0.0,2.0,2209.0,52,0.0
3131,201409,0,1035.0,12,0.0,0.0,10.0,2000.0,59,0.0
3132,201412,0,432256.0,12,62.0,0.0,0.0,2607.67,59,2.0
3133,201404,0,4591.0,12,21.0,0.0,4.0,1200.0,56,25.0
3134,201412,1,393.0,12,0.0,0.0,0.0,1563.29,36,0.0
3135,201407,1,616.0,12,0.0,0.0,0.0,1500.0,53,0.0
3136,201405,0,1134.0,12,0.0,0.0,12.0,800.0,56,0.0
3137,201412,0,565.0,10,0.0,0.0,0.0,2000.0,30,0.0
3138,201401,0,4274.0,12,45.0,5.0,10.0,1900.0,53,24.0
3139,201402,0,1089.0,12,0.0,0.0,8.0,553.74,26,0.0
3140,201409,1,548.0,12,0.0,0.0,0.0,1662.66,28,0.0
3141,201401,1,232.0,8,0.0,0.0,0.0,610.0,52,0.0
3142,201401,1,515.0,12,0.0,0.0,0.0,887.68,33,0.0
3143,201409,0,2983.0,12,37.0,11.0,11.0,1255.53,54,11.0
3144,201404,0,3559.0,10,34.0,2.0,12.0,2000.0,38,9.0
3145,201412,1,637.0,10,0.0,0.0,0.0,1200.0,52,0.0
3146,201411,0,340.0,12,0.0,0.0,0.0,1467.62,38,0.0
3147,201406,0,1789.0,12,7.0,10.0,12.0,900.0,51,2.0
3148,201410,0,782.0,6,0.0,0.0,2.0,500.0,38,0.0
3149,201402,1,722.0,12,0.0,0.0,0.0,1454.0,34,0.0
3150,201403,0,3718.0,10,2.0,0.0,1.0,2500.0,54,1.0
3151,201407,1,229.0,12,0.0,0.0,0.0,170.0,45,0.0
3152,201407,0,1202.0,5,0.0,2.0,12.0,500.0,35,0.0
3153,201412,0,803.0,6,0.0,0.0,3.0,1000.0,50,0.0
3154,201404,0,566.0,10,0.0,0.0,0.0,700.0,73,0.0
3155,201403,0,602.0,12,0.0,0.0,0.0,500.0,35,0.0
3156,201405,0,2163.0,5,18.0,9.0,4.0,2000.0,32,5.0
3157,201401,1,1378.0,12,0.0,7.0,12.0,2000.0,32,0.0
3158,201409,0,461.0,12,0.0,0.0,0.0,2000.0,49,0.0
3159,201404,0,2222.0,8,24.0,12.0,12.0,690.0,55,1.0
3160,201403,0,1656.0,12,5.0,12.0,12.0,2900.69,68,1.0
3161,201403,1,650.0,12,0.0,0.0,3.0,1000.0,55,0.0
3162,201402,0,4841.0,12,29.0,4.0,3.0,2759.0,61,4.0
3163,201406,1,2908.0,12,25.0,0.0,0.0,2052.27,58,9.0
3164,201408,0,1711.0,5,4.0,4.0,3.0,650.0,49,1.0
3165,201407,1,644.0,12,0.0,0.0,0.0,1544.07,36,0.0
3166,201402,0,3441.0,12,63.0,9.0,3.0,1000.0,51,2.0
3167,201411,1,477.0,6,0.0,0.0,0.0,619.63,22,0.0
3168,201408,0,456.0,12,0.0,0.0,0.0,764.86,20,0.0
3169,201403,0,1553.0,12,1.0,8.0,10.0,2200.0,67,2.0
3170,201409,1,363.0,12,0.0,0.0,0.0,500.0,38,0.0
3171,201402,1,990.0,6,0.0,0.0,8.0,1394.47,48,0.0
3172,201406,0,2549.0,5,17.0,1.0,0.0,600.0,46,17.0
3173,201408,0,584.0,6,0.0,0.0,0.0,1000.0,35,0.0
3174,201407,0,1452.0,12,0.0,10.0,10.0,1000.0,41,0.0
3175,201411,0,1133.0,12,0.0,0.0,12.0,3000.0,66,0.0
3176,201407,0,3206.0,12,27.0,0.0,11.0,1000.0,40,7.0
3177,201409,1,4991.0,6,7.0,0.0,4.0,500.0,49,18.0
3178,201405,0,1113.0,12,0.0,0.0,2.0,963.97,52,0.0
3179,201409,0,1348.0,12,0.0,5.0,12.0,1300.0,54,0.0
3180,201404,0,689.0,12,0.0,0.0,0.0,1500.0,56,0.0
3181,201412,0,274.0,12,0.0,0.0,0.0,1000.0,51,0.0
3182,201411,0,209.0,12,0.0,0.0,0.0,1177.56,42,0.0
3183,201410,1,282.0,12,0.0,0.0,0.0,1000.0,33,0.0
3184,201404,0,287.0,12,0.0,0.0,0.0,2000.0,55,0.0
3185,201407,0,874.0,12,0.0,0.0,5.0,1000.0,50,0.0
3186,201407,0,4429.0,12,23.0,6.0,11.0,1800.0,42,11.0
3187,201407,1,277.0,12,0.0,0.0,0.0,250.0,42,0.0
3188,201408,0,1327.0,12,0.0,4.0,9.0,1700.0,54,0.0
3189,201401,1,1197.0,12,0.0,2.0,12.0,2500.0,56,0.0
3190,201405,0,915.0,12,0.0,0.0,8.0,1861.39,58,0.0
3191,201410,0,1673.0,12,5.0,7.0,9.0,2500.0,38,3.0
3192,201407,0,2799.0,12,24.0,1.0,8.0,2099.0,51,8.0
3193,201402,1,966.0,12,0.0,0.0,9.0,1500.0,56,0.0
3194,201404,0,1018.0,12,0.0,0.0,8.0,1000.0,58,0.0
3195,201401,0,1139.0,10,0.0,0.0,12.0,300.0,47,0.0
3196,201406,0,1631.0,10,5.0,11.0,12.0,800.0,71,1.0
3197,201410,1,3422.0,12,30.0,0.0,4.0,900.0,37,3.0
3198,201406,1,253.0,12,0.0,0.0,0.0,1985.98,38,0.0
3199,201407,1,1211.0,12,0.0,3.0,12.0,1430.0,42,0.0
3200,201402,0,325.0,3,0.0,0.0,0.0,150.0,35,0.0
3201,201409,0,3416.0,9,20.0,2.0,1.0,1000.0,36,5.0
3202,201408,0,2861.0,12,5.0,2.0,0.0,800.0,32,1.0
3203,201410,1,201.0,12,0.0,0.0,0.0,1000.0,51,0.0
3204,201404,1,1618.0,12,5.0,11.0,12.0,2500.0,35,1.0
3205,201405,0,725.0,12,0.0,0.0,0.0,2000.0,43,0.0
3206,201406,1,608.0,6,0.0,0.0,0.0,450.0,34,0.0
3207,201406,1,221.0,12,0.0,0.0,0.0,800.0,32,0.0
3208,201406,0,4539.0,8,41.0,3.0,12.0,700.0,59,15.0
3209,201402,0,399.0,10,0.0,0.0,0.0,500.0,63,0.0
3210,201411,0,3258.0,12,40.0,10.0,12.0,1000.0,32,14.0
3211,201403,0,254.0,12,0.0,0.0,0.0,1996.97,45,0.0
3212,201405,0,518.0,12,0.0,0.0,0.0,1002.0,35,0.0
3213,201408,0,3536.0,5,38.0,0.0,9.0,400.0,51,14.0
3214,201404,0,156.0,12,0.0,0.0,0.0,800.0,55,0.0
3215,201407,0,1955.0,10,10.0,4.0,5.0,1000.0,53,5.0
3216,201406,1,2120.0,12,9.0,0.0,0.0,2300.0,56,4.0
3217,201406,1,1013.0,12,0.0,0.0,12.0,2400.0,56,0.0
3218,201403,0,3022.0,10,6.0,0.0,3.0,2000.0,53,7.0
3219,201404,0,484.0,12,0.0,0.0,0.0,2000.0,54,0.0
3220,201411,0,,12,0.0,0.0,0.0,1500.0,62,0.0
3221,201412,0,1222.0,12,0.0,2.0,12.0,1600.0,42,0.0
3222,201409,0,1617.0,12,4.0,12.0,12.0,1800.0,51,1.0
3223,201411,1,314.0,12,0.0,0.0,0.0,1000.0,35,0.0
3224,201406,0,1046.0,10,0.0,0.0,10.0,600.0,28,0.0
3225,201403,0,255.0,10,0.0,0.0,0.0,450.0,30,0.0
3226,201401,0,1140.0,10,0.0,0.0,11.0,500.0,61,0.0
3227,201402,0,671.0,5,0.0,0.0,0.0,600.0,34,0.0
3228,201403,0,2334.0,12,22.0,10.0,9.0,1000.0,75,2.0
3229,201408,0,1022.0,12,0.0,0.0,10.0,1450.38,37,0.0
3230,201409,0,833.0,12,0.0,0.0,12.0,2639.17,45,0.0
3231,201407,0,627.0,12,0.0,0.0,0.0,1200.0,22,0.0
3232,201407,0,2678.0,12,29.0,8.0,12.0,2310.06,34,10.0
3233,201403,0,1743.0,12,7.0,0.0,0.0,1500.0,56,2.0
3234,201409,0,826.0,6,0.0,0.0,3.0,800.0,27,0.0
3235,201411,0,2450.0,12,24.0,6.0,3.0,1400.0,57,4.0
3236,201407,0,532.0,12,0.0,0.0,0.0,3000.0,58,0.0
3237,201401,0,2340.0,12,28.0,1.0,10.0,1300.0,65,1.0
3238,201403,0,2837.0,12,43.0,10.0,12.0,1200.0,46,3.0
3239,201412,0,3243.0,12,51.0,5.0,0.0,1653.59,50,7.0
3240,201409,1,2776.0,12,19.0,4.0,0.0,1180.0,54,3.0
3241,201402,0,3050.0,12,16.0,0.0,0.0,608.29,32,15.0
3242,201402,1,406.0,12,0.0,0.0,0.0,1500.0,32,0.0
3243,201412,0,1206.0,12,0.0,3.0,8.0,995.86,33,0.0
3244,201408,1,1676.0,12,4.0,9.0,12.0,1355.0,66,4.0
3245,201401,0,259.0,12,0.0,0.0,0.0,320.0,21,0.0
3246,201408,0,209.0,9,0.0,0.0,0.0,1380.14,43,0.0
3247,201404,0,278.0,12,0.0,0.0,0.0,300.0,34,0.0
3248,201401,0,431.0,4,0.0,0.0,0.0,322.97,20,0.0
3249,201405,0,579.0,12,0.0,0.0,0.0,1000.0,48,0.0
3250,201403,0,1272.0,10,0.0,6.0,11.0,1000.0,51,0.0
3251,201407,0,4722.0,12,86.0,12.0,12.0,1000.0,64,4.0
3252,201405,0,2657.0,12,18.0,1.0,2.0,600.0,65,6.0
3253,201406,0,247.0,12,0.0,0.0,0.0,1000.0,45,0.0
3254,201405,0,2544.0,12,17.0,0.0,1.0,1000.0,25,2.0
3255,201408,1,2528.0,12,16.0,9.0,12.0,2000.0,46,19.0
3256,201404,0,2099.0,12,12.0,0.0,2.0,1300.0,51,5.0
3257,201409,1,235.0,12,0.0,0.0,0.0,930.59,27,0.0
3258,201408,0,164.0,8,0.0,0.0,0.0,500.0,46,0.0
3259,201406,1,707.0,12,0.0,0.0,0.0,1500.0,70,0.0
3260,201404,1,2244.0,12,22.0,7.0,12.0,1500.0,51,4.0
3261,201409,1,997.0,12,0.0,0.0,9.0,971.33,26,0.0
3262,201410,1,3006.0,12,22.0,10.0,12.0,1685.0,44,15.0
3263,201408,0,756.0,8,0.0,0.0,1.0,3000.0,58,0.0
3264,201408,1,616.0,12,0.0,0.0,0.0,1800.0,31,0.0
3265,201402,1,1108.0,12,0.0,0.0,10.0,1200.0,60,0.0
3266,201404,1,2594.0,10,15.0,0.0,0.0,700.0,26,8.0
3267,201402,0,470.0,5,0.0,0.0,0.0,500.0,51,0.0
3268,201411,0,454.0,9,0.0,0.0,3.0,3000.0,64,0.0
3269,201405,0,,12,,,,1024.85,54,
3270,201404,0,3454.0,12,28.0,10.0,10.0,3000.0,46,21.0
3271,201401,0,974.0,12,0.0,0.0,8.0,2058.87,42,0.0
3272,201402,0,1157.0,5,0.0,1.0,12.0,480.0,38,0.0
3273,201408,1,315.0,12,0.0,0.0,0.0,500.0,31,0.0
3274,201411,0,426.0,5,0.0,0.0,0.0,374.0,34,0.0
3275,201408,0,2057.0,3,13.0,6.0,12.0,250.0,55,6.0
3276,201409,0,1071.0,12,0.0,0.0,6.0,2000.0,52,0.0
3277,201403,1,637.0,12,0.0,0.0,0.0,1471.86,30,0.0
3278,201412,0,714.0,12,0.0,0.0,0.0,1000.0,55,0.0
3279,201408,1,257.0,3,0.0,0.0,0.0,500.0,47,0.0
3280,201407,0,1234.0,12,0.0,4.0,12.0,1900.74,30,0.0
3281,201410,0,460.0,12,0.0,0.0,0.0,1000.0,31,0.0
3282,201405,1,3126.0,12,40.0,4.0,9.0,450.0,28,14.0
3283,201402,0,380.0,7,0.0,0.0,0.0,500.0,36,0.0
3284,201404,0,709.0,12,0.0,0.0,0.0,1000.0,42,0.0
3285,201402,1,248.0,10,0.0,0.0,0.0,600.0,26,0.0
3286,201409,1,1099.0,12,0.0,0.0,12.0,2500.0,54,0.0
3287,201406,1,920.0,12,0.0,0.0,6.0,1500.0,45,0.0
3288,201403,0,2681.0,10,4.0,1.0,2.0,500.0,34,7.0
3289,201405,0,985.0,5,0.0,0.0,4.0,450.0,31,0.0
3290,201401,0,975.0,12,0.0,0.0,10.0,2296.83,72,0.0
3291,201408,0,2409.0,12,10.0,7.0,2.0,1000.0,58,2.0
3292,201410,1,190.0,6,0.0,0.0,0.0,500.0,71,0.0
3293,201405,1,465.0,12,0.0,0.0,0.0,1300.0,68,0.0
3294,201411,1,583.0,12,0.0,0.0,0.0,962.98,29,0.0
3295,201410,1,3699.0,12,20.0,0.0,7.0,700.0,40,5.0
3296,201410,0,874.0,3,0.0,0.0,4.0,347.77,21,0.0
3297,201411,1,2630.0,12,32.0,10.0,12.0,1500.0,45,6.0
3298,201410,1,462.0,12,0.0,0.0,0.0,2684.28,49,0.0
3299,201407,0,623.0,3,0.0,0.0,0.0,150.0,57,0.0
3300,201410,1,696.0,12,0.0,0.0,0.0,1000.0,26,0.0
3301,201407,0,114.0,12,0.0,0.0,0.0,910.58,19,0.0
3302,201403,0,591.0,10,0.0,0.0,0.0,800.0,32,0.0
3303,201409,0,2895.0,12,24.0,7.0,10.0,1100.0,69,14.0
3304,201403,0,2362.0,10,21.0,7.0,12.0,500.0,58,9.0
3305,201409,0,2244.0,4,18.0,12.0,12.0,638.0,49,3.0
3306,201407,1,279.0,4,0.0,0.0,0.0,369.37,32,0.0
3307,201408,0,2330.0,9,29.0,12.0,12.0,500.0,57,33.0
3308,201405,1,1817.0,12,5.0,8.0,0.0,1600.0,56,3.0
3309,201410,1,923.0,5,0.0,0.0,7.0,400.0,45,0.0
3310,201409,1,331.0,12,0.0,0.0,0.0,1533.27,20,0.0
3311,201407,0,2172.0,8,12.0,10.0,12.0,1500.0,64,4.0
3312,201412,1,228.0,12,0.0,0.0,0.0,1000.0,36,0.0
3313,201412,1,691.0,12,0.0,0.0,0.0,2000.0,37,0.0
3314,201409,0,1811.0,6,11.0,10.0,5.0,1000.0,60,1.0
3315,201401,0,2475.0,3,1.0,0.0,0.0,500.0,25,1.0
3316,201404,1,869.0,12,0.0,0.0,5.0,1000.0,57,0.0
3317,201410,1,504.0,12,0.0,0.0,0.0,2000.0,56,0.0
3318,201407,0,4728.0,12,92.0,6.0,10.0,2500.0,64,10.0
3319,201409,0,313.0,12,0.0,0.0,0.0,1500.0,49,0.0
3320,201410,0,2807.0,12,40.0,11.0,12.0,1200.0,52,5.0
3321,201405,0,708.0,10,0.0,0.0,0.0,300.0,21,0.0
3322,201406,1,479.0,12,0.0,0.0,0.0,1600.0,34,0.0
3323,201406,0,1729.0,12,8.0,0.0,0.0,1000.0,62,1.0
3324,201405,0,1286.0,12,0.0,5.0,5.0,2282.91,62,0.0
3325,201406,0,1411.0,12,0.0,9.0,12.0,1200.0,50,0.0
3326,201401,0,2178.0,6,16.0,4.0,7.0,500.0,27,2.0
3327,201405,0,3771.0,12,72.0,12.0,12.0,1000.0,55,3.0
3328,201408,0,289.0,12,0.0,0.0,0.0,1000.0,66,0.0
3329,201409,0,2077.0,6,12.0,5.0,0.0,500.0,56,5.0
3330,201409,0,3987.0,12,17.0,4.0,6.0,1000.0,67,26.0
3331,201410,1,283.0,12,0.0,0.0,0.0,1000.0,58,0.0
3332,201408,0,1303.0,12,0.0,4.0,11.0,2000.0,51,0.0
3333,201407,1,2146.0,12,22.0,12.0,11.0,1500.0,58,1.0
3334,201410,0,-7.0,12,,,,2100.0,33,
3335,201410,0,1383.0,12,0.0,7.0,0.0,1200.0,57,0.0
3336,201405,1,771.0,12,0.0,0.0,2.0,3000.0,58,0.0
3337,201403,1,310.0,12,0.0,0.0,0.0,770.0,26,0.0
3338,201407,0,567.0,12,0.0,0.0,0.0,2000.0,52,0.0
3339,201402,0,644.0,12,0.0,0.0,0.0,1500.0,58,0.0
3340,201410,0,3152.0,3,19.0,0.0,2.0,200.0,28,25.0
3341,201406,1,654.0,12,0.0,0.0,0.0,1000.0,44,0.0
3342,201411,1,398.0,6,0.0,0.0,0.0,1000.0,50,0.0
3343,201408,0,737.0,12,0.0,0.0,0.0,1067.0,33,0.0
3344,201405,0,498.0,12,0.0,0.0,0.0,1000.0,35,0.0
3345,201402,1,492.0,12,0.0,0.0,0.0,350.0,28,0.0
3346,201401,0,596.0,12,0.0,0.0,0.0,1245.42,61,0.0
3347,201406,0,765.0,7,0.0,0.0,1.0,570.0,25,0.0
3348,201401,0,2280.0,12,22.0,9.0,11.0,3000.0,66,3.0
3349,201408,1,906.0,12,0.0,0.0,5.0,1400.0,32,0.0
3350,201407,0,258.0,12,0.0,0.0,0.0,1892.23,27,0.0
3351,201408,0,507.0,12,0.0,0.0,0.0,1500.0,52,0.0
3352,201410,0,2440.0,12,19.0,9.0,12.0,2000.0,56,12.0
3353,201408,0,260.0,12,0.0,0.0,0.0,1000.0,47,0.0
3354,201407,1,348.0,12,0.0,0.0,0.0,689.0,31,0.0
3355,201408,0,2731.0,12,38.0,11.0,11.0,1500.0,43,5.0
3356,201404,0,3493.0,12,26.0,3.0,10.0,1000.0,51,12.0
3357,201408,0,1693.0,12,3.0,0.0,0.0,748.0,65,1.0
3358,201405,0,2573.0,12,33.0,12.0,12.0,1000.0,71,3.0
3359,201401,0,3509.0,5,28.0,7.0,9.0,200.0,43,22.0
3360,201410,1,413.0,12,0.0,0.0,0.0,1100.0,29,0.0
3361,201412,1,4532.0,12,65.0,12.0,12.0,3000.0,61,18.0
3362,201401,1,3736.0,12,21.0,0.0,4.0,1597.22,66,12.0
3363,201411,0,2795.0,5,44.0,11.0,12.0,500.0,52,1.0
3364,201408,0,2136.0,12,6.0,0.0,3.0,2000.0,38,4.0
3365,201405,0,196.0,6,0.0,0.0,0.0,500.0,41,0.0
3366,201404,1,2291.0,12,22.0,11.0,5.0,2000.0,46,1.0
3367,201405,0,3842.0,4,48.0,5.0,9.0,700.0,31,14.0
3368,201412,1,803.0,12,0.0,0.0,3.0,1500.0,60,0.0
3369,201401,0,1371.0,12,0.0,2.0,6.0,500.0,22,0.0
3370,201405,0,2582.0,10,19.0,0.0,0.0,700.0,60,4.0
3371,201405,0,498.0,10,0.0,0.0,0.0,1200.0,58,0.0
3372,201405,0,4343.0,12,89.0,11.0,12.0,2000.0,50,3.0
3373,201406,0,2165.0,12,21.0,7.0,12.0,3000.0,49,2.0
3374,201407,0,498.0,12,0.0,0.0,0.0,1000.0,22,0.0
3375,201405,0,3146.0,12,21.0,10.0,12.0,1412.23,60,7.0
3376,201404,0,375.0,10,0.0,0.0,0.0,300.0,78,0.0
3377,201404,0,4146.0,10,48.0,10.0,12.0,3000.0,42,6.0
3378,201412,0,1813.0,12,11.0,9.0,12.0,1033.78,78,1.0
3379,201408,1,368.0,12,0.0,0.0,0.0,1922.76,51,0.0
3380,201401,0,1287.0,12,0.0,5.0,5.0,1000.0,65,0.0
3381,201403,0,454.0,12,0.0,0.0,0.0,1000.0,35,0.0
3382,201402,0,1873.0,12,8.0,5.0,0.0,807.0,30,6.0
3383,201401,0,4754.0,12,32.0,10.0,12.0,2000.0,64,29.0
3384,201405,1,513.0,12,0.0,0.0,0.0,2000.0,50,0.0
3385,201410,0,3344.0,12,43.0,11.0,10.0,1790.0,63,9.0
3386,201404,0,525.0,12,0.0,0.0,0.0,960.0,45,0.0
3387,201412,0,2008.0,12,12.0,0.0,0.0,2000.0,27,1.0
3388,201407,1,672.0,12,0.0,0.0,0.0,1000.0,50,0.0
3389,201407,0,601.0,12,0.0,0.0,0.0,2603.3,39,0.0
3390,201411,0,1113.0,12,0.0,0.0,9.0,1000.0,31,0.0
3391,201402,1,3710.0,12,53.0,11.0,8.0,1500.0,49,12.0
3392,201412,0,239.0,3,0.0,0.0,0.0,300.0,62,0.0
3393,201403,0,3339.0,6,31.0,5.0,4.0,1000.0,54,8.0
3394,201401,1,1217.0,12,0.0,3.0,12.0,1500.0,51,0.0
3395,201405,1,239.0,12,0.0,0.0,0.0,439.76,22,0.0
3396,201405,0,4947.0,12,72.0,10.0,11.0,2000.0,55,29.0
3397,201410,0,1540.0,12,2.0,12.0,11.0,700.0,72,1.0
3398,201401,1,320.0,12,0.0,0.0,0.0,1200.0,38,0.0
3399,201401,1,192.0,12,0.0,0.0,0.0,1000.0,38,0.0
3400,201404,0,3748.0,12,8.0,0.0,0.0,1200.0,46,2.0
3401,201408,0,2398.0,10,18.0,0.0,6.0,500.0,73,3.0
3402,201402,0,213.0,12,0.0,0.0,0.0,700.0,29,0.0
3403,201406,0,613.0,12,0.0,0.0,0.0,800.0,74,0.0
3404,201409,0,2027.0,10,18.0,12.0,12.0,400.0,42,1.0
3405,201406,0,,12,0.0,0.0,0.0,2296.83,54,0.0
3406,201405,0,1681.0,12,7.0,11.0,12.0,1300.0,60,1.0
3407,201405,0,454.0,12,0.0,0.0,0.0,2000.0,55,0.0
3408,201403,1,2103.0,12,20.0,10.0,12.0,890.0,58,1.0
3409,201410,1,737.0,7,0.0,0.0,1.0,600.0,24,0.0
3410,201409,0,192.0,12,0.0,0.0,0.0,2000.0,64,0.0
3411,201401,0,351.0,12,0.0,0.0,0.0,700.0,33,0.0
3412,201403,0,319.0,12,0.0,0.0,0.0,3000.0,44,0.0
3413,201402,0,1720.0,10,8.0,12.0,12.0,1000.0,68,1.0
3414,201411,0,342.0,10,0.0,0.0,0.0,700.0,24,0.0
3415,201404,1,902.0,12,0.0,0.0,5.0,1200.0,45,0.0
3416,201403,0,795.0,8,0.0,0.0,2.0,600.0,48,0.0
3417,201408,0,1794.0,12,7.0,11.0,12.0,1000.0,62,2.0
3418,201408,0,772.0,12,0.0,0.0,1.0,1000.0,40,0.0
3419,201412,1,375.0,12,0.0,0.0,0.0,1300.0,29,0.0
3420,201402,0,868.0,3,0.0,0.0,5.0,600.0,39,0.0
3421,201407,0,217.0,5,0.0,0.0,0.0,966.52,26,0.0
3422,201402,0,518.0,12,0.0,0.0,0.0,628.94,33,0.0
3423,201401,1,548.0,12,0.0,0.0,0.0,1686.25,33,0.0
3424,201411,0,869.0,5,0.0,0.0,4.0,500.0,23,0.0
3425,201409,0,560.0,5,0.0,0.0,0.0,200.0,44,0.0
3426,201402,0,853.0,12,0.0,0.0,4.0,1000.0,58,0.0
3427,201401,0,261.0,12,0.0,0.0,0.0,1000.0,39,0.0
3428,201403,0,431.0,4,0.0,0.0,0.0,500.0,57,0.0
3429,201411,1,713.0,12,0.0,0.0,0.0,1717.54,29,0.0
3430,201410,0,1518.0,12,1.0,3.0,5.0,400.0,48,1.0
3431,201404,1,1252.0,7,0.0,4.0,12.0,500.0,39,0.0
3432,201410,0,2539.0,6,18.0,0.0,12.0,370.0,38,3.0
3433,201407,0,527.0,12,0.0,0.0,0.0,950.0,35,0.0
3434,201405,1,303.0,12,0.0,0.0,0.0,1203.04,27,0.0
3435,201402,0,2309.0,12,16.0,10.0,12.0,2900.0,63,12.0
3436,201404,0,617.0,12,0.0,0.0,0.0,2000.0,32,0.0
3437,201404,0,398.0,12,0.0,0.0,0.0,1438.06,46,0.0
3438,201406,0,742.0,3,0.0,0.0,1.0,400.0,21,0.0
3439,201405,0,4893.0,12,64.0,10.0,12.0,1250.0,71,9.0
3440,201403,0,1909.0,12,14.0,10.0,12.0,1300.0,43,1.0
3441,201402,0,950.0,12,0.0,0.0,7.0,2500.0,70,0.0
3442,201410,1,136.0,12,0.0,0.0,0.0,1200.0,43,0.0
3443,201402,1,501.0,12,0.0,0.0,0.0,1000.0,53,0.0
3444,201408,0,192.0,12,0.0,0.0,0.0,600.0,37,0.0
3445,201410,0,4868.0,4,71.0,4.0,7.0,500.0,61,33.0
3446,201408,0,3100.0,10,44.0,10.0,12.0,1000.0,29,10.0
3447,201411,0,,12,0.0,0.0,0.0,800.0,62,0.0
3448,201403,1,259.0,12,0.0,0.0,0.0,887.39,34,0.0
3449,201401,1,631.0,12,0.0,0.0,0.0,2000.0,40,0.0
3450,201409,0,2601.0,10,8.0,0.0,4.0,1200.0,31,3.0
3451,201401,0,987.0,12,0.0,0.0,8.0,1000.0,48,0.0
3452,201410,0,2947.0,10,16.0,3.0,6.0,1000.0,78,8.0
3453,201405,0,741.0,3,0.0,0.0,0.0,400.0,37,0.0
3454,201406,0,2811.0,12,24.0,10.0,3.0,1000.0,57,7.0
3455,201403,0,187.0,10,0.0,0.0,0.0,600.0,29,0.0
3456,201409,1,1367.0,12,0.0,9.0,12.0,1200.0,49,0.0
3457,201406,0,669.0,12,0.0,0.0,0.0,2877.07,48,0.0
3458,201407,0,331.0,4,0.0,0.0,0.0,150.0,66,0.0
3459,201401,0,4164.0,12,35.0,12.0,12.0,1500.0,64,9.0
3460,201410,0,4071.0,7,49.0,11.0,2.0,250.0,38,11.0
3461,201408,1,509.0,12,0.0,0.0,0.0,1500.0,55,0.0
3462,201403,0,,12,0.0,0.0,0.0,800.0,49,0.0
3463,201401,0,318.0,12,0.0,0.0,0.0,1000.0,42,0.0
3464,201403,0,1671.0,12,3.0,11.0,12.0,2371.16,64,2.0
3465,201406,0,699.0,12,0.0,0.0,0.0,1500.0,54,0.0
3466,201404,0,4000.0,12,53.0,5.0,12.0,2000.0,39,17.0
3467,201411,0,471.0,12,0.0,0.0,0.0,600.0,31,0.0
3468,201407,0,3832.0,12,66.0,4.0,5.0,2900.0,67,11.0
3469,201401,0,2582.0,10,34.0,12.0,12.0,1500.0,37,2.0
3470,201406,1,338.0,12,0.0,0.0,0.0,1000.0,32,0.0
3471,201410,1,2112.0,12,18.0,11.0,12.0,2000.0,57,2.0
3472,201405,0,313.0,6,0.0,0.0,0.0,300.0,61,0.0
3473,201402,0,4774.0,12,75.0,10.0,12.0,1200.0,56,8.0
3474,201401,0,320.0,5,0.0,0.0,0.0,561.43,47,0.0
3475,201411,1,2345.0,12,21.0,8.0,8.0,600.0,39,7.0
3476,201401,0,879.0,12,0.0,0.0,7.0,800.0,54,0.0
3477,201401,1,2049.0,12,13.0,2.0,1.0,800.0,32,5.0
3478,201403,0,305.0,12,0.0,0.0,0.0,944.96,70,0.0
3479,201412,1,4827.0,12,25.0,0.0,0.0,3000.0,59,33.0
3480,201411,0,4562.0,12,69.0,9.0,11.0,2000.0,67,21.0
3481,201408,0,3995.0,12,65.0,6.0,11.0,3000.0,59,10.0
3482,201404,1,604.0,12,0.0,0.0,0.0,300.0,21,0.0
3483,201411,0,908.0,6,0.0,0.0,7.0,1500.0,61,0.0
3484,201402,1,196.0,6,0.0,0.0,0.0,600.0,37,0.0
3485,201407,0,766.0,12,0.0,0.0,1.0,500.0,50,0.0
3486,201405,0,2084.0,12,20.0,12.0,11.0,1000.0,67,1.0
3487,201403,0,440.0,12,0.0,0.0,0.0,1000.0,28,0.0
3488,201405,0,925.0,10,0.0,0.0,6.0,1166.36,32,0.0
3489,201411,1,3391.0,12,56.0,12.0,11.0,1500.0,40,7.0
3490,201411,0,1358.0,12,0.0,8.0,12.0,2000.0,42,0.0
3491,201405,0,727.0,12,0.0,0.0,3.0,500.0,31,0.0
3492,201410,1,416.0,12,0.0,0.0,0.0,1200.0,30,0.0
3493,201402,0,2483.0,6,14.0,6.0,7.0,450.0,43,5.0
3494,201412,0,1286.0,12,0.0,5.0,11.0,1994.32,49,0.0
3495,201401,0,3673.0,12,13.0,0.0,0.0,1000.0,53,8.0
3496,201402,0,916.0,12,0.0,0.0,6.0,1000.0,40,0.0
3497,201406,0,455.0,5,0.0,0.0,0.0,400.0,30,0.0
3498,201410,1,473.0,12,0.0,0.0,0.0,500.0,21,0.0
3499,201404,0,2968.0,12,47.0,11.0,12.0,1800.0,68,2.0
3500,201407,0,5026.0,5,56.0,10.0,10.0,1000.0,57,35.0
3501,201401,0,341.0,12,0.0,0.0,0.0,450.0,48,0.0
3502,201408,0,686.0,12,0.0,0.0,0.0,1000.0,47,0.0
3503,201405,0,2146.0,12,10.0,2.0,0.0,1277.0,38,1.0
3504,201402,0,2361.0,12,23.0,6.0,9.0,3000.0,71,5.0
3505,201411,0,2833.0,6,33.0,8.0,11.0,300.0,51,13.0
3506,201406,0,574.0,12,0.0,0.0,0.0,500.0,64,0.0
3507,201406,0,906.0,3,0.0,0.0,5.0,694.29,37,0.0
3508,201402,0,196.0,12,0.0,0.0,0.0,300.0,53,0.0
3509,201402,0,494.0,12,0.0,0.0,0.0,2000.0,51,0.0
3510,201406,0,891.0,12,0.0,0.0,6.0,2000.0,66,0.0
3511,201401,0,539.0,5,0.0,0.0,0.0,500.0,56,0.0
3512,201410,0,531.0,12,0.0,0.0,0.0,3000.0,49,0.0
3513,201412,0,1274.0,5,0.0,4.0,12.0,1576.83,58,0.0
3514,201406,0,3226.0,12,58.0,6.0,9.0,800.0,64,1.0
3515,201402,0,1167.0,8,0.0,2.0,12.0,500.0,48,0.0
3516,201405,0,2652.0,5,25.0,5.0,3.0,350.0,36,14.0
3517,201403,0,561.0,12,0.0,0.0,0.0,1000.0,67,0.0
3518,201408,0,2736.0,12,14.0,2.0,10.0,1500.0,25,27.0
3519,201401,0,2151.0,9,7.0,0.0,9.0,600.0,61,3.0
3520,201405,1,431.0,12,0.0,0.0,0.0,1090.61,39,0.0
3521,201405,1,693.0,8,0.0,0.0,0.0,600.0,55,0.0
3522,201404,0,1204.0,12,0.0,3.0,12.0,800.0,48,0.0
3523,201411,0,1924.0,12,13.0,8.0,12.0,1350.0,72,3.0
3524,201402,1,742.0,12,0.0,0.0,1.0,1500.0,50,0.0
3525,201402,0,2633.0,12,10.0,1.0,0.0,1884.29,27,6.0
3526,201407,0,551.0,12,0.0,0.0,0.0,1200.0,58,0.0
3527,201408,0,270.0,3,0.0,0.0,0.0,300.0,38,0.0
3528,201402,0,4567.0,12,98.0,12.0,12.0,2000.0,65,5.0
3529,201407,0,625.0,10,0.0,0.0,0.0,2456.98,45,0.0
3530,201403,0,616.0,12,0.0,0.0,0.0,1455.14,29,0.0
3531,201405,0,614.0,12,0.0,0.0,0.0,866.23,58,0.0
3532,201410,0,304.0,12,0.0,0.0,0.0,1500.0,50,0.0
3533,201411,0,3595.0,3,4.0,1.0,12.0,500.0,40,1.0
3534,201412,1,373.0,12,0.0,0.0,0.0,1300.0,49,0.0
3535,201406,1,,12,,,,1500.0,58,
3536,201411,0,469.0,12,0.0,0.0,0.0,2616.73,59,0.0
3537,201408,0,4735.0,5,101.0,12.0,11.0,1000.0,43,8.0
3538,201405,0,3065.0,12,31.0,11.0,11.0,1529.34,73,11.0
3539,201405,0,673.0,12,0.0,0.0,0.0,1500.0,47,0.0
3540,201405,0,1309.0,12,0.0,2.0,9.0,570.0,28,0.0
3541,201412,0,354.0,3,0.0,0.0,0.0,1000.0,54,0.0
3542,201402,0,631.0,8,0.0,0.0,0.0,2012.8,39,0.0
3543,201407,0,1086.0,12,0.0,0.0,12.0,1000.0,51,0.0
3544,201409,0,2559.0,12,29.0,0.0,0.0,1350.0,38,2.0
3545,201412,0,439.0,12,0.0,0.0,0.0,2000.0,49,0.0
3546,201411,1,264.0,5,0.0,0.0,0.0,500.0,30,0.0
3547,201402,0,438.0,4,0.0,0.0,0.0,300.0,28,0.0
3548,201401,0,255.0,12,0.0,0.0,0.0,1000.0,53,0.0
3549,201411,0,1428.0,12,0.0,9.0,12.0,1000.0,76,0.0
3550,201409,0,2139.0,12,21.0,12.0,12.0,1300.0,47,1.0
3551,201405,1,201.0,12,0.0,0.0,0.0,2483.25,60,0.0
3552,201405,0,1221.0,12,0.0,3.0,12.0,1942.0,75,0.0
3553,201401,1,498.0,12,0.0,0.0,0.0,2000.0,58,0.0
3554,201409,0,516.0,12,0.0,0.0,0.0,1139.63,38,0.0
3555,201406,1,279.0,5,0.0,0.0,0.0,250.0,37,0.0
3556,201406,1,844.0,12,0.0,0.0,4.0,800.0,49,0.0
3557,201412,0,2287.0,6,17.0,10.0,12.0,1500.0,49,12.0
3558,201411,1,436.0,10,0.0,0.0,0.0,2000.0,50,0.0
3559,201403,0,822.0,12,0.0,0.0,7.0,800.0,51,0.0
3560,201404,0,1355.0,12,0.0,4.0,0.0,1500.0,56,0.0
3561,201406,0,171.0,12,0.0,0.0,0.0,1476.26,58,0.0
3562,201411,0,451.0,3,0.0,0.0,0.0,200.0,61,0.0
3563,201411,1,980.0,12,0.0,0.0,8.0,930.0,30,0.0
3564,201409,0,1109.0,10,0.0,0.0,11.0,700.0,37,0.0
3565,201402,0,237.0,3,0.0,0.0,0.0,300.0,30,0.0
3566,201401,0,197.0,12,0.0,0.0,0.0,900.0,56,0.0
3567,201412,0,957.0,12,0.0,0.0,7.0,1500.0,72,0.0
3568,201404,0,308.0,12,0.0,0.0,0.0,600.0,53,0.0
3569,201404,1,423.0,10,0.0,0.0,0.0,1500.0,56,0.0
3570,201405,0,1612.0,12,4.0,9.0,12.0,1000.0,51,1.0
3571,201410,1,233.0,8,0.0,0.0,0.0,400.0,40,0.0
3572,201409,0,261.0,5,0.0,0.0,0.0,250.0,40,0.0
3573,201411,0,496.0,12,0.0,0.0,0.0,370.0,49,0.0
3574,201403,0,815.0,6,0.0,0.0,3.0,1500.0,60,0.0
3575,201406,0,598.0,6,0.0,0.0,0.0,500.0,59,0.0
3576,201406,0,284.0,5,0.0,0.0,0.0,450.0,28,0.0
3577,201406,1,655.0,12,0.0,0.0,0.0,1874.78,53,0.0
3578,201402,1,4488.0,5,81.0,6.0,9.0,600.0,45,7.0
3579,201408,0,3957.0,12,43.0,7.0,12.0,1000.0,49,9.0
3580,201401,0,687.0,6,0.0,0.0,0.0,200.0,31,0.0
3581,201407,1,1160.0,12,0.0,1.0,7.0,900.0,27,0.0
3582,201401,1,2220.0,12,18.0,0.0,6.0,2000.0,56,3.0
3583,201408,1,594.0,9,0.0,0.0,0.0,500.0,34,0.0
3584,201404,0,3757.0,12,25.0,0.0,0.0,2500.0,69,10.0
3585,201403,0,292.0,5,0.0,0.0,0.0,300.0,61,0.0
3586,201407,0,277.0,12,0.0,0.0,0.0,700.0,33,0.0
3587,201402,0,511.0,5,0.0,0.0,0.0,500.0,57,0.0
3588,201412,0,1408.0,12,0.0,10.0,12.0,1800.0,61,0.0
3589,201404,0,498.0,6,0.0,0.0,0.0,200.0,31,0.0
3590,201408,1,969.0,12,0.0,0.0,8.0,1000.0,38,0.0
3591,201412,0,1419.0,12,0.0,3.0,10.0,1074.0,65,0.0
3592,201409,1,245.0,12,0.0,0.0,0.0,1881.46,46,0.0
3593,201401,0,673.0,8,0.0,0.0,0.0,1500.0,45,0.0
3594,201412,0,782.0,12,0.0,0.0,1.0,2824.0,30,0.0
3595,201411,0,4718.0,12,67.0,7.0,12.0,2000.0,48,14.0
3596,201402,0,456.0,12,0.0,0.0,0.0,413.64,21,0.0
3597,201402,1,548.0,12,0.0,0.0,0.0,800.0,29,0.0
3598,201403,0,2596.0,12,26.0,9.0,11.0,1000.0,64,12.0
3599,201406,1,245.0,12,0.0,0.0,0.0,1277.36,33,0.0
3600,201410,0,1388.0,5,0.0,3.0,5.0,1000.0,72,0.0
3601,201408,1,619.0,12,0.0,0.0,0.0,1000.0,59,0.0
3602,201404,0,667.0,12,0.0,0.0,1.0,800.0,50,0.0
3603,201404,1,1018.0,12,0.0,0.0,9.0,1000.0,67,0.0
3604,201404,0,234.0,10,0.0,0.0,0.0,700.0,71,0.0
3605,201405,0,355.0,8,0.0,0.0,0.0,500.0,56,0.0
3606,201401,0,801.0,12,0.0,0.0,2.0,2200.0,58,0.0
3607,201403,0,3024.0,3,2.0,0.0,0.0,320.0,58,1.0
3608,201408,0,144.0,8,0.0,0.0,0.0,500.0,55,0.0
3609,201409,0,1546.0,12,2.0,1.0,0.0,500.0,42,1.0
3610,201402,0,624.0,12,0.0,0.0,0.0,2276.11,38,0.0
3611,201408,1,795.0,5,0.0,0.0,2.0,300.0,22,0.0
3612,201410,0,3714.0,12,7.0,0.0,0.0,2000.0,50,8.0
3613,201404,0,756.0,12,0.0,0.0,1.0,500.0,60,0.0
3614,201412,0,3989.0,12,41.0,11.0,12.0,1500.0,69,5.0
3615,201409,0,458.0,12,0.0,0.0,0.0,776.5,21,0.0
3616,201405,0,2616.0,12,25.0,10.0,7.0,1916.01,33,6.0
3617,201405,0,1032.0,8,0.0,0.0,10.0,1000.0,42,0.0
3618,201409,1,398.0,10,0.0,0.0,0.0,600.0,72,0.0
3619,201411,0,4714.0,6,48.0,0.0,0.0,300.0,56,34.0
3620,201407,1,362.0,12,0.0,0.0,0.0,1300.0,32,0.0
3621,201410,0,499.0,5,0.0,0.0,0.0,700.0,31,0.0
3622,201401,0,615.0,12,0.0,0.0,0.0,1855.2,31,0.0
3623,201401,0,3261.0,12,36.0,7.0,0.0,500.0,49,13.0
3624,201411,1,711.0,12,0.0,0.0,0.0,1204.0,32,0.0
3625,201401,1,609.0,5,0.0,0.0,0.0,500.0,32,0.0
3626,201404,0,865.0,12,0.0,0.0,5.0,3000.0,45,0.0
3627,201405,0,581.0,12,0.0,0.0,0.0,1300.0,52,0.0
3628,201401,1,1037.0,12,0.0,0.0,10.0,2000.0,47,0.0
3629,201407,0,2824.0,12,29.0,11.0,12.0,2000.0,70,15.0
3630,201406,0,1026.0,4,0.0,0.0,5.0,200.0,31,0.0
3631,201410,0,289.0,10,0.0,0.0,0.0,993.19,29,0.0
3632,201410,0,897.0,12,0.0,0.0,6.0,1000.0,55,0.0
3633,201407,1,670.0,12,0.0,0.0,0.0,2000.0,30,0.0
3634,201408,0,4991.0,12,72.0,12.0,11.0,2000.0,69,32.0
3635,201406,0,2372.0,12,19.0,2.0,2.0,1300.0,47,4.0
3636,201411,0,1740.0,12,2.0,1.0,2.0,1430.88,29,2.0
3637,201408,0,3624.0,3,16.0,3.0,0.0,300.0,60,5.0
3638,201412,1,230.0,12,0.0,0.0,0.0,2917.72,54,0.0
3639,201404,0,2301.0,12,23.0,8.0,9.0,1500.0,44,2.0
3640,201403,0,2411.0,12,31.0,12.0,12.0,1584.73,27,1.0
3641,201410,0,3388.0,12,62.0,12.0,10.0,800.0,66,2.0
3642,201403,1,686.0,12,0.0,0.0,0.0,1000.0,28,0.0
3643,201401,1,538.0,12,0.0,0.0,0.0,600.0,37,0.0
3644,201403,0,765.0,5,0.0,0.0,1.0,500.0,21,0.0
3645,201403,0,4815.0,4,40.0,0.0,0.0,250.0,50,36.0
3646,201406,0,484.0,12,0.0,0.0,0.0,1576.36,32,0.0
3647,201402,0,634.0,8,0.0,0.0,0.0,615.33,39,0.0
3648,201401,0,246.0,12,0.0,0.0,0.0,1270.0,59,0.0
3649,201405,0,697.0,12,0.0,0.0,0.0,2423.89,28,0.0
3650,201412,0,3697.0,8,3.0,0.0,3.0,1500.0,46,4.0
3651,201410,0,231.0,8,0.0,0.0,0.0,1400.0,74,0.0
3652,201411,1,338.0,5,0.0,0.0,0.0,320.0,39,0.0
3653,201404,0,536.0,12,0.0,0.0,0.0,1500.0,40,0.0
3654,201404,0,1024.0,12,0.0,0.0,2.0,992.42,38,0.0
3655,201407,0,262.0,12,0.0,0.0,0.0,1800.0,48,0.0
3656,201403,0,686.0,12,0.0,0.0,0.0,1000.0,54,0.0
3657,201403,0,265.0,12,0.0,0.0,0.0,649.43,40,0.0
3658,201407,0,1166.0,12,0.0,1.0,11.0,2627.66,46,0.0
3659,201407,0,1012.0,12,0.0,0.0,9.0,1600.0,56,0.0
3660,201410,0,1646.0,6,7.0,10.0,11.0,1000.0,45,1.0
3661,201410,0,633.0,12,0.0,0.0,0.0,1000.0,49,0.0
3662,201409,0,1899.0,12,10.0,7.0,12.0,1000.0,50,5.0
3663,201408,0,167.0,12,0.0,0.0,0.0,1103.0,26,0.0
3664,201411,0,4478.0,12,45.0,6.0,10.0,3000.0,68,11.0
3665,201411,1,174.0,12,0.0,0.0,0.0,500.0,42,0.0
3666,201409,1,65.0,12,0.0,0.0,0.0,1000.0,24,0.0
3667,201404,0,1005.0,12,0.0,0.0,8.0,1000.0,64,0.0
3668,201412,1,3052.0,12,51.0,12.0,11.0,1500.0,55,2.0
3669,201401,0,868.0,12,0.0,0.0,4.0,1000.0,44,0.0
3670,201405,0,1012.0,12,0.0,0.0,9.0,1000.0,29,0.0
3671,201410,1,344.0,12,0.0,0.0,0.0,1000.0,32,0.0
3672,201402,1,223.0,12,0.0,0.0,0.0,500.0,51,0.0
3673,201410,1,884.0,12,0.0,0.0,5.0,2500.0,66,0.0
3674,201403,0,596.0,12,0.0,0.0,0.0,1000.0,51,0.0
3675,201412,1,515.0,12,0.0,0.0,0.0,2000.0,41,0.0
3676,201412,1,1279.0,12,0.0,5.0,12.0,1500.0,47,0.0
3677,201405,0,217.0,12,0.0,0.0,0.0,1586.4,47,0.0
3678,201406,1,375.0,10,0.0,0.0,0.0,500.0,42,0.0
3679,201404,1,4626.0,12,36.0,12.0,12.0,900.0,53,19.0
3680,201406,0,729.0,12,0.0,0.0,0.0,1500.0,44,0.0
3681,201412,0,314.0,12,0.0,0.0,0.0,500.0,26,0.0
3682,201408,0,1667.0,8,5.0,5.0,10.0,400.0,46,2.0
3683,201404,0,1229.0,12,0.0,0.0,11.0,500.0,51,0.0
3684,201404,0,2306.0,12,24.0,8.0,11.0,500.0,31,1.0
3685,201407,1,497.0,12,0.0,0.0,0.0,588.88,42,0.0
3686,201403,0,,12,,,,2425.19,59,
3687,201406,0,1045.0,6,0.0,0.0,3.0,1132.0,41,0.0
3688,201409,0,793.0,10,0.0,0.0,2.0,1000.0,38,0.0
3689,201409,0,1005.0,12,0.0,0.0,9.0,1160.0,63,0.0
3690,201411,0,576.0,12,0.0,0.0,0.0,1000.0,63,0.0
3691,201411,0,927.0,12,0.0,0.0,6.0,1066.0,55,0.0
3692,201405,0,1098.0,12,0.0,0.0,11.0,1000.0,47,0.0
3693,201402,1,585.0,12,0.0,0.0,0.0,1900.0,30,0.0
3694,201404,0,1184.0,12,0.0,1.0,7.0,2000.0,49,0.0
3695,201409,0,3661.0,10,14.0,2.0,11.0,500.0,50,8.0
3696,201402,0,3142.0,12,29.0,10.0,8.0,1498.15,38,7.0
3697,201410,1,599.0,12,0.0,0.0,0.0,1500.0,67,0.0
3698,201405,0,1139.0,12,0.0,1.0,12.0,1600.0,37,0.0
3699,201409,0,413.0,12,0.0,0.0,0.0,500.0,48,0.0
3700,201410,0,189.0,12,0.0,0.0,0.0,1248.95,27,0.0
3701,201404,1,3063.0,12,27.0,0.0,6.0,1500.0,49,5.0
3702,201412,0,3987.0,12,12.0,0.0,11.0,2500.0,61,21.0
3703,201403,0,4655.0,6,2.0,0.0,8.0,500.0,44,2.0
3704,201411,0,290.0,12,0.0,0.0,0.0,2000.0,66,0.0
3705,201401,1,771.0,12,0.0,0.0,1.0,1300.0,36,0.0
3706,201402,0,504.0,6,0.0,0.0,0.0,300.0,38,0.0
3707,201406,1,219.0,12,0.0,0.0,0.0,1000.0,28,0.0
3708,201411,0,2057.0,12,18.0,11.0,12.0,2331.1,48,2.0
3709,201405,1,3345.0,12,10.0,0.0,11.0,1500.0,38,11.0
3710,201407,0,1078.0,12,0.0,1.0,12.0,2000.0,57,0.0
3711,201411,0,1053.0,12,0.0,0.0,10.0,2000.0,64,0.0
3712,201405,0,3056.0,12,15.0,0.0,1.0,800.0,53,6.0
3713,201407,0,3046.0,12,47.0,11.0,12.0,1200.0,70,5.0
3714,201401,1,390.0,12,0.0,0.0,0.0,874.86,50,0.0
3715,201401,0,288.0,12,0.0,0.0,0.0,654.69,32,0.0
3716,201409,0,538.0,3,0.0,0.0,0.0,300.0,38,0.0
3717,201404,0,1935.0,12,13.0,7.0,11.0,3000.0,38,3.0
3718,201412,0,2263.0,3,25.0,11.0,12.0,665.0,37,2.0
3719,201405,0,918.0,3,0.0,0.0,6.0,300.0,37,0.0
3720,201407,0,737.0,10,0.0,0.0,0.0,600.0,36,0.0
3721,201412,0,1091.0,6,0.0,0.0,9.0,500.0,51,0.0
3722,201403,1,246.0,12,0.0,0.0,0.0,1000.02,37,0.0
3723,201405,0,2532.0,7,16.0,8.0,12.0,2000.0,49,8.0
3724,201405,0,677.0,7,0.0,0.0,0.0,1000.0,40,0.0
3725,201408,1,938.0,12,0.0,0.0,11.0,1000.0,48,0.0
3726,201405,0,733.0,6,0.0,0.0,0.0,592.32,37,0.0
3727,201409,0,3963.0,10,53.0,12.0,12.0,1000.0,60,22.0
3728,201402,0,1277.0,6,0.0,4.0,10.0,1000.0,53,0.0
3729,201405,1,772.0,12,0.0,0.0,2.0,1000.0,49,0.0
3730,201407,0,434.0,6,0.0,0.0,0.0,1632.3,47,0.0
3731,201407,0,1925.0,12,12.0,9.0,11.0,2000.0,52,4.0
3732,201411,1,1356.0,12,0.0,8.0,12.0,1000.0,59,0.0
3733,201409,0,302.0,12,0.0,0.0,0.0,980.0,28,0.0
3734,201403,0,737.0,8,0.0,0.0,2.0,800.0,48,0.0
3735,201401,0,2347.0,12,22.0,5.0,11.0,1000.0,52,3.0
3736,201401,0,666.0,12,0.0,0.0,0.0,841.36,27,0.0
3737,201410,1,1050.0,12,0.0,0.0,11.0,600.0,27,0.0
3738,201403,0,1954.0,10,15.0,9.0,11.0,1000.0,37,1.0
3739,201409,0,1182.0,12,0.0,5.0,12.0,1200.0,68,0.0
3740,201410,0,749.0,12,0.0,0.0,0.0,1000.0,59,0.0
3741,201401,0,834.0,10,0.0,0.0,3.0,1500.0,38,0.0
3742,201408,1,526.0,12,0.0,0.0,0.0,2654.02,63,0.0
3743,201409,0,768.0,12,0.0,0.0,1.0,1100.0,37,0.0
3744,201410,0,3658.0,10,63.0,10.0,12.0,2000.0,55,6.0
3745,201404,0,421.0,10,0.0,0.0,0.0,1500.0,53,0.0
3746,201407,0,220.0,12,0.0,0.0,0.0,2000.0,60,0.0
3747,201403,0,456.0,12,0.0,0.0,0.0,500.0,46,0.0
3748,201412,0,282.0,8,0.0,0.0,0.0,800.0,26,0.0
3749,201402,0,672.0,10,0.0,0.0,3.0,500.0,28,0.0
3750,201412,0,725.0,12,0.0,0.0,0.0,1000.0,47,0.0
3751,201409,0,2449.0,10,26.0,10.0,11.0,1500.0,57,6.0
3752,201402,0,4786.0,12,49.0,0.0,6.0,1500.0,63,22.0
3753,201404,1,2199.0,12,10.0,0.0,0.0,2000.0,46,7.0
3754,201408,0,285.0,12,0.0,0.0,0.0,2067.0,37,0.0
3755,201401,0,1398.0,3,0.0,9.0,8.0,255.87,24,0.0
3756,201401,0,1703.0,12,7.0,12.0,12.0,1200.0,35,2.0
3757,201409,0,1807.0,12,7.0,8.0,10.0,1823.37,31,4.0
3758,201405,0,596.0,8,0.0,0.0,0.0,1000.0,46,0.0
3759,201403,0,2927.0,11,38.0,12.0,12.0,1100.0,48,3.0
3760,201403,0,1197.0,6,0.0,3.0,12.0,300.0,44,0.0
3761,201410,0,2243.0,12,13.0,11.0,12.0,2761.73,76,3.0
3762,201403,0,227.0,12,0.0,0.0,0.0,1000.0,37,0.0
3763,201401,0,405.0,10,0.0,0.0,0.0,400.0,70,0.0
3764,201409,1,357.0,10,0.0,0.0,0.0,800.0,48,0.0
3765,201403,0,442.0,12,0.0,0.0,0.0,1000.0,37,0.0
3766,201408,1,3276.0,12,45.0,7.0,12.0,1500.0,52,15.0
3767,201409,1,665.0,12,0.0,0.0,0.0,929.88,23,0.0
3768,201401,1,2276.0,6,13.0,1.0,12.0,430.0,25,5.0
3769,201409,0,4440.0,12,66.0,12.0,12.0,2500.0,72,20.0
3770,201404,0,1368.0,12,0.0,5.0,12.0,1500.0,75,0.0
3771,201406,0,166.0,12,0.0,0.0,0.0,550.0,42,0.0
3772,201401,0,977.0,10,0.0,0.0,2.0,724.54,39,0.0
3773,201407,0,444.0,12,0.0,0.0,0.0,2000.0,67,0.0
3774,201412,0,217.0,12,0.0,0.0,0.0,1000.0,49,0.0
3775,201401,1,1726.0,5,7.0,9.0,12.0,500.0,53,2.0
3776,201411,0,3950.0,12,79.0,12.0,12.0,3000.0,61,2.0
3777,201406,0,330.0,10,0.0,0.0,0.0,600.0,27,0.0
3778,201412,1,266.0,4,0.0,0.0,0.0,800.0,22,0.0
3779,201402,1,3033.0,12,12.0,0.0,0.0,2000.0,58,3.0
3780,201403,0,317.0,12,0.0,0.0,0.0,1000.0,49,0.0
3781,201402,0,3004.0,12,45.0,10.0,12.0,2000.0,72,6.0
3782,201410,0,294.0,12,0.0,0.0,0.0,1000.0,41,0.0
3783,201403,0,452.0,6,0.0,0.0,0.0,400.0,56,0.0
3784,201401,0,3119.0,12,21.0,12.0,9.0,1800.0,37,4.0
3785,201406,1,447.0,12,0.0,0.0,0.0,1000.0,34,0.0
3786,201401,0,3494.0,12,47.0,9.0,12.0,2500.0,71,17.0
3787,201405,0,423.0,12,0.0,0.0,0.0,1000.0,31,0.0
3788,201408,0,705.0,12,0.0,0.0,0.0,1500.0,49,0.0
3789,201410,0,481.0,4,0.0,0.0,0.0,400.0,37,0.0
3790,201407,0,240.0,12,0.0,0.0,0.0,1000.0,51,0.0
3791,201402,0,4125.0,5,75.0,11.0,12.0,800.0,46,5.0
3792,201406,0,1049.0,12,0.0,0.0,6.0,3000.0,53,0.0
3793,201408,0,691.0,12,0.0,0.0,0.0,1000.0,21,0.0
3794,201410,0,476.0,12,0.0,0.0,0.0,1313.0,71,0.0
3795,201404,0,366.0,12,0.0,0.0,0.0,1500.0,46,0.0
3796,201406,0,462.0,5,0.0,0.0,0.0,600.0,39,0.0
3797,201406,0,3573.0,8,29.0,7.0,5.0,1000.0,52,28.0
3798,201404,0,481.0,12,0.0,0.0,0.0,632.43,22,0.0
3799,201401,1,2579.0,12,7.0,0.0,0.0,2000.0,65,6.0
3800,201404,0,232.0,12,0.0,0.0,0.0,1000.0,45,0.0
3801,201411,0,4992.0,3,83.0,7.0,12.0,500.0,54,19.0
3802,201411,1,338.0,12,0.0,0.0,0.0,1600.0,72,0.0
3803,201402,0,4528.0,12,28.0,0.0,3.0,2900.69,66,3.0
3804,201404,0,861.0,12,0.0,0.0,5.0,2000.0,60,0.0
3805,201408,1,345.0,12,0.0,0.0,0.0,981.57,51,0.0
3806,201401,0,2585.0,12,6.0,5.0,0.0,2128.39,40,6.0
3807,201411,0,1131.0,12,0.0,1.0,6.0,1000.0,54,0.0
3808,201406,0,201.0,12,0.0,0.0,0.0,1500.0,57,0.0
3809,201406,0,975.0,12,0.0,0.0,9.0,1000.0,38,0.0
3810,201411,0,512.0,12,0.0,0.0,0.0,1000.0,63,0.0
3811,201412,0,1709.0,6,7.0,2.0,0.0,300.0,60,1.0
3812,201410,1,616.0,12,0.0,0.0,0.0,1000.0,57,0.0
3813,201401,0,2480.0,12,22.0,6.0,12.0,600.0,63,3.0
3814,201404,1,167.0,12,0.0,0.0,0.0,1000.0,37,0.0
3815,201403,1,549.0,12,0.0,0.0,0.0,1140.0,56,0.0
3816,201412,0,1413.0,12,0.0,6.0,4.0,2353.66,50,0.0
3817,201411,1,1784.0,12,9.0,3.0,7.0,2000.0,65,1.0
3818,201411,0,4688.0,12,23.0,0.0,0.0,1000.0,61,27.0
3819,201407,0,2164.0,12,7.0,0.0,3.0,1500.0,54,6.0
3820,201408,1,3534.0,12,1.0,0.0,0.0,2000.0,40,10.0
3821,201412,1,1436.0,12,0.0,8.0,11.0,2288.0,36,0.0
3822,201409,1,435.0,12,0.0,0.0,0.0,900.0,21,0.0
3823,201401,1,916.0,12,0.0,0.0,7.0,1310.19,35,0.0
3824,201406,1,828.0,12,0.0,0.0,7.0,2000.0,35,0.0
3825,201404,0,4703.0,12,93.0,12.0,8.0,3000.0,67,11.0
3826,201408,0,1951.0,8,10.0,8.0,7.0,800.0,38,1.0
3827,201408,1,2042.0,12,21.0,10.0,12.0,1400.0,44,1.0
3828,201403,0,4745.0,6,73.0,1.0,2.0,400.0,57,27.0
3829,201404,0,409.0,12,0.0,0.0,0.0,1500.0,60,0.0
3830,201401,0,252.0,6,0.0,0.0,0.0,200.0,20,0.0
3831,201409,1,1025.0,12,0.0,0.0,9.0,1055.09,33,0.0
3832,201408,0,2952.0,6,32.0,11.0,12.0,1500.0,44,13.0
3833,201410,0,187.0,12,0.0,0.0,0.0,1033.86,51,0.0
3834,201408,0,4833.0,12,32.0,10.0,4.0,1000.0,46,3.0
3835,201408,0,726.0,10,0.0,0.0,0.0,1000.0,52,0.0
3836,201402,0,314.0,12,0.0,0.0,0.0,600.0,48,0.0
3837,201404,1,1424.0,12,0.0,8.0,8.0,1956.95,63,0.0
3838,201410,1,3563.0,12,4.0,0.0,4.0,1900.0,47,7.0
3839,201407,0,706.0,12,0.0,0.0,0.0,300.0,70,0.0
3840,201406,1,2502.0,12,21.0,1.0,4.0,1000.0,48,8.0
3841,201410,0,816.0,12,0.0,0.0,2.0,1000.0,47,0.0
3842,201403,0,212.0,6,0.0,0.0,0.0,250.0,58,0.0
3843,201410,0,1212.0,12,0.0,2.0,12.0,1000.0,46,0.0
3844,201401,0,924.0,6,0.0,0.0,7.0,650.0,26,0.0
3845,201402,0,628.0,6,0.0,0.0,0.0,500.0,38,0.0
3846,201406,0,168.0,12,0.0,0.0,0.0,759.63,21,0.0
3847,201407,0,1665.0,12,6.0,8.0,11.0,1000.0,55,1.0
3848,201408,0,970.0,12,0.0,0.0,12.0,1000.0,41,0.0
3849,201411,0,1699.0,12,7.0,12.0,12.0,1000.0,56,1.0
3850,201401,0,1504.0,12,1.0,6.0,12.0,900.0,51,1.0
3851,201405,0,260.0,10,0.0,0.0,0.0,500.0,59,0.0
3852,201406,0,1435.0,12,0.0,10.0,11.0,1200.0,45,0.0
3853,201402,0,637.0,12,0.0,0.0,0.0,1500.0,46,0.0
3854,201402,0,1135.0,12,0.0,1.0,5.0,3000.0,40,0.0
3855,201401,0,303.0,12,0.0,0.0,0.0,600.0,50,0.0
3856,201403,0,1190.0,12,0.0,3.0,8.0,1700.0,25,0.0
3857,201401,1,385.0,12,0.0,0.0,0.0,1000.0,42,0.0
3858,201409,1,630.0,12,0.0,0.0,0.0,2000.0,35,0.0
3859,201412,0,526.0,12,0.0,0.0,0.0,1000.0,37,0.0
3860,201406,0,462.0,10,0.0,0.0,0.0,300.0,28,0.0
3861,201409,1,2093.0,10,16.0,8.0,2.0,500.0,56,6.0
3862,201407,0,3002.0,12,39.0,12.0,9.0,1820.0,57,11.0
3863,201405,1,122.0,12,0.0,0.0,0.0,350.0,28,0.0
3864,201401,0,450.0,5,0.0,0.0,0.0,500.0,45,0.0
3865,201402,1,145.0,12,0.0,0.0,0.0,1139.88,62,0.0
3866,201404,0,959.0,8,0.0,0.0,7.0,500.0,67,0.0
3867,201401,1,409.0,12,0.0,0.0,0.0,690.0,46,0.0
3868,201407,0,200.0,12,0.0,0.0,0.0,2300.0,63,0.0
3869,201405,0,1531.0,8,2.0,4.0,2.0,700.0,54,1.0
3870,201401,0,,12,,,,1000.0,56,
3871,201410,0,449.0,12,0.0,0.0,0.0,2500.0,66,0.0
3872,201407,0,1578.0,8,3.0,2.0,3.0,1000.0,48,1.0
3873,201402,0,317.0,12,0.0,0.0,0.0,1000.0,65,0.0
3874,201405,0,3623.0,12,22.0,12.0,1.0,500.0,69,20.0
3875,201409,1,1778.0,12,7.0,12.0,12.0,1400.0,49,4.0
3876,201403,0,2429.0,9,8.0,2.0,9.0,596.0,32,2.0
3877,201401,1,2983.0,12,5.0,0.0,0.0,500.0,47,5.0
3878,201407,0,1068.0,12,0.0,0.0,11.0,1000.0,62,0.0
3879,201405,0,1067.0,12,0.0,0.0,11.0,800.0,60,0.0
3880,201409,1,561.0,12,0.0,0.0,0.0,2000.0,68,0.0
3881,201404,0,350.0,12,0.0,0.0,0.0,958.56,26,0.0
3882,201408,1,297.0,12,0.0,0.0,0.0,1070.99,27,0.0
3883,201405,0,861.0,12,0.0,0.0,6.0,1500.0,40,0.0
3884,201401,0,252.0,6,0.0,0.0,0.0,381.03,24,0.0
3885,201408,0,446.0,12,0.0,0.0,0.0,1000.0,40,0.0
3886,201402,0,1028.0,12,0.0,0.0,9.0,1500.0,45,0.0
3887,201404,1,732.0,12,0.0,0.0,0.0,2000.0,53,0.0
3888,201411,0,1085.0,8,0.0,0.0,11.0,1100.0,66,0.0
3889,201403,0,498.0,5,0.0,0.0,0.0,1408.01,45,0.0
3890,201409,1,1564.0,12,3.0,12.0,12.0,2223.31,36,1.0
3891,201402,0,1529.0,12,1.0,8.0,8.0,600.0,40,2.0
3892,201407,0,426.0,12,0.0,0.0,0.0,600.0,40,0.0
3893,201405,0,324.0,10,0.0,0.0,0.0,750.0,29,0.0
3894,201407,1,,6,,,,600.0,73,
3895,201412,0,4781.0,12,30.0,11.0,3.0,1000.0,63,33.0
3896,201405,0,173.0,10,0.0,0.0,0.0,1000.0,50,0.0
3897,201402,0,1638.0,12,5.0,6.0,6.0,330.0,73,1.0
3898,201401,0,982.0,10,0.0,0.0,8.0,800.0,48,0.0
3899,201409,1,3408.0,12,34.0,3.0,6.0,2215.68,46,6.0
3900,201403,0,194.0,12,0.0,0.0,0.0,900.0,27,0.0
3901,201406,1,686.0,6,0.0,0.0,0.0,500.0,40,0.0
3902,201405,0,967.0,12,0.0,0.0,8.0,500.0,44,0.0
3903,201408,0,778.0,12,0.0,0.0,2.0,1000.0,53,0.0
3904,201408,1,3252.0,12,56.0,12.0,10.0,2000.0,72,3.0
3905,201408,0,3542.0,12,47.0,12.0,11.0,1500.0,42,6.0
3906,201403,0,2151.0,8,15.0,8.0,10.0,400.0,52,7.0
3907,201410,0,321.0,12,0.0,0.0,0.0,2000.0,35,0.0
3908,201406,0,345.0,12,0.0,0.0,0.0,1000.0,23,0.0
3909,201405,0,212.0,10,0.0,0.0,0.0,952.61,42,0.0
3910,201405,0,524.0,12,0.0,0.0,0.0,2200.0,50,0.0
3911,201404,0,840.0,12,0.0,0.0,4.0,800.0,63,0.0
3912,201406,0,1508.0,12,1.0,5.0,0.0,1500.0,39,1.0
3913,201403,0,258.0,12,0.0,0.0,0.0,1000.0,67,0.0
3914,201405,1,4084.0,12,5.0,0.0,10.0,2000.0,42,6.0
3915,201405,1,206.0,12,0.0,0.0,0.0,1000.0,40,0.0
3916,201409,1,787.0,6,0.0,0.0,2.0,1511.18,50,0.0
3917,201404,0,1115.0,12,0.0,0.0,12.0,1400.0,56,0.0
3918,201409,0,1867.0,12,1.0,4.0,6.0,1500.0,46,0.0
3919,201403,0,4809.0,8,69.0,6.0,12.0,600.0,46,36.0
3920,201402,0,4642.0,12,95.0,11.0,8.0,2500.0,64,10.0
3921,201405,0,1041.0,12,0.0,0.0,8.0,1300.75,47,0.0
3922,201405,0,2661.0,10,36.0,11.0,9.0,2000.0,60,2.0
3923,201403,0,946.0,8,0.0,0.0,7.0,813.75,47,0.0
3924,201402,0,514.0,12,0.0,0.0,0.0,847.84,35,0.0
3925,201412,0,1349.0,7,0.0,7.0,12.0,700.0,70,0.0
3926,201410,0,2856.0,6,14.0,0.0,8.0,500.0,59,10.0
3927,201402,1,247.0,12,0.0,0.0,0.0,1426.54,65,0.0
3928,201402,0,714.0,12,0.0,0.0,0.0,1239.37,49,0.0
3929,201406,0,2408.0,3,17.0,9.0,12.0,250.0,51,2.0
3930,201404,0,129.0,12,0.0,0.0,0.0,1000.0,41,0.0
3931,201410,0,3214.0,12,40.0,11.0,7.0,3000.0,67,5.0
3932,201407,0,747.0,12,0.0,0.0,1.0,500.0,44,0.0
3933,201409,0,4185.0,7,38.0,1.0,10.0,500.0,59,21.0
3934,201407,0,1238.0,5,0.0,3.0,12.0,500.0,57,0.0
3935,201402,0,1791.0,12,9.0,6.0,0.0,1200.0,52,2.0
3936,201405,0,677.0,12,0.0,0.0,0.0,1100.0,43,0.0
3937,201404,0,705.0,12,0.0,0.0,0.0,450.0,44,0.0
3938,201405,0,541.0,4,0.0,0.0,0.0,400.0,40,0.0
3939,201404,0,376.0,10,0.0,0.0,0.0,500.0,70,0.0
3940,201402,0,790.0,12,0.0,0.0,2.0,1150.0,52,0.0
3941,201409,1,637.0,5,0.0,0.0,0.0,958.35,39,0.0
3942,201405,0,705.0,12,0.0,0.0,0.0,750.0,20,0.0
3943,201406,0,510.0,5,0.0,0.0,0.0,500.0,29,0.0
3944,201412,0,463.0,12,0.0,0.0,0.0,1200.0,55,0.0
3945,201412,1,290.0,3,0.0,0.0,0.0,300.0,35,0.0
3946,201411,0,410.0,5,0.0,0.0,0.0,990.0,39,0.0
3947,201407,1,435.0,8,0.0,0.0,0.0,320.0,29,0.0
3948,201409,0,363.0,12,0.0,0.0,0.0,418.36,43,0.0
3949,201408,1,1100.0,12,0.0,0.0,11.0,1000.0,53,0.0
3950,201409,0,527.0,12,0.0,0.0,0.0,1070.07,41,0.0
3951,201404,0,220.0,6,0.0,0.0,0.0,200.0,43,0.0
3952,201410,0,4967.0,12,10.0,0.0,0.0,1000.0,69,1.0
3953,201402,0,4246.0,6,69.0,11.0,0.0,700.0,46,9.0
3954,201406,1,457.0,10,0.0,0.0,0.0,250.0,23,0.0
3955,201405,0,1454.0,3,0.0,10.0,7.0,250.0,47,0.0
3956,201404,0,905.0,12,0.0,0.0,6.0,500.0,53,0.0
3957,201403,1,961.0,10,0.0,0.0,7.0,1987.65,49,0.0
3958,201408,0,565.0,3,0.0,0.0,0.0,320.0,32,0.0
3959,201412,0,3490.0,12,63.0,12.0,12.0,300.0,64,4.0
3960,201403,1,107.0,10,0.0,0.0,0.0,1000.0,42,0.0
3961,201411,0,530.0,12,0.0,0.0,0.0,2382.74,43,0.0
3962,201405,0,1391.0,3,0.0,5.0,7.0,350.0,59,0.0
3963,201405,0,4508.0,12,76.0,12.0,12.0,1500.0,73,20.0
3964,201409,0,1093.0,3,0.0,0.0,12.0,500.0,28,0.0
3965,201408,0,738.0,12,0.0,0.0,0.0,1500.0,34,0.0
3966,201409,1,273.0,12,0.0,0.0,0.0,1959.51,51,0.0
3967,201403,0,487.0,12,0.0,0.0,0.0,1500.0,42,0.0
3968,201401,0,1213.0,12,0.0,3.0,8.0,1000.0,65,0.0
3969,201410,0,705.0,12,0.0,0.0,0.0,1500.0,67,0.0
3970,201410,0,842.0,12,0.0,0.0,3.0,1000.0,32,0.0
3971,201411,0,1170.0,12,0.0,2.0,11.0,2000.0,66,0.0
3972,201404,1,1439.0,12,0.0,9.0,0.0,1500.0,28,0.0
3973,201407,0,1766.0,12,9.0,12.0,3.0,2000.0,72,1.0
3974,201402,1,280.0,12,0.0,0.0,0.0,509.0,27,0.0
3975,201404,1,1149.0,12,0.0,1.0,12.0,2500.0,43,0.0
3976,201408,0,1014.0,3,0.0,0.0,6.0,300.0,41,0.0
3977,201401,1,398.0,12,1.0,0.0,0.0,974.0,34,8.0
3978,201407,1,588.0,10,0.0,0.0,0.0,1000.0,41,0.0
3979,201405,0,2743.0,12,41.0,12.0,0.0,3000.0,58,2.0
3980,201407,0,178.0,5,0.0,0.0,0.0,400.0,38,0.0
3981,201406,0,404.0,10,0.0,0.0,0.0,800.0,40,0.0
3982,201407,0,2825.0,12,39.0,9.0,12.0,2000.0,64,4.0
3983,201403,0,202.0,12,0.0,0.0,0.0,1500.0,67,0.0
3984,201405,0,635.0,10,0.0,0.0,0.0,800.0,22,0.0
3985,201408,0,229.0,12,0.0,0.0,0.0,500.0,50,0.0
3986,201408,0,329.0,12,0.0,0.0,0.0,700.0,22,0.0
3987,201410,0,300.0,10,0.0,0.0,0.0,500.0,36,0.0
3988,201412,0,361.0,12,0.0,0.0,0.0,1000.0,29,0.0
3989,201412,1,925.0,12,0.0,0.0,7.0,1673.42,46,0.0
3990,201412,0,1686.0,12,6.0,4.0,12.0,1000.0,64,2.0
3991,201411,0,1248.0,12,0.0,3.0,12.0,2372.07,59,0.0
3992,201402,0,711.0,12,0.0,0.0,0.0,1500.0,68,0.0
3993,201404,1,504.0,6,0.0,0.0,0.0,1000.0,47,0.0
3994,201406,0,754.0,12,0.0,0.0,2.0,1000.0,70,0.0
3995,201407,1,450.0,12,0.0,0.0,0.0,2300.0,66,0.0
3996,201411,0,896.0,4,0.0,0.0,6.0,200.0,22,0.0
3997,201410,0,1696.0,12,8.0,5.0,12.0,1200.0,56,1.0
3998,201403,0,542.0,12,0.0,0.0,0.0,1000.0,45,0.0
3999,201403,1,669.0,12,0.0,0.0,0.0,1794.42,38,0.0
4000,201401,0,453.0,12,0.0,0.0,0.0,1643.92,55,0.0
4001,201403,1,4822.0,12,28.0,9.0,7.0,2627.66,40,31.0
4002,201407,0,805.0,12,0.0,0.0,2.0,1000.0,21,0.0
4003,201401,0,425.0,12,0.0,0.0,0.0,1000.0,38,0.0
4004,201410,0,543.0,12,0.0,0.0,0.0,1000.0,35,0.0
4005,201404,0,2705.0,12,9.0,4.0,4.0,1500.0,67,5.0
4006,201408,0,2372.0,12,30.0,3.0,0.0,800.0,44,9.0
4007,201401,0,346.0,12,0.0,0.0,0.0,1000.0,54,0.0
4008,201411,1,268.0,12,0.0,0.0,0.0,1000.0,50,0.0
4009,201401,0,1189.0,12,0.0,2.0,7.0,1000.0,35,0.0
4010,201410,1,1786.0,12,7.0,4.0,4.0,1000.0,41,8.0
4011,201401,0,1522.0,12,1.0,9.0,9.0,1300.0,27,1.0
4012,201401,1,619.0,12,0.0,0.0,0.0,1500.0,62,0.0
4013,201412,0,1921.0,12,10.0,12.0,12.0,1000.0,61,5.0
4014,201408,0,733.0,12,0.0,0.0,0.0,2000.0,49,0.0
4015,201402,0,1120.0,3,0.0,0.0,11.0,150.0,32,0.0
4016,201407,1,1048.0,12,0.0,0.0,10.0,400.0,38,0.0
4017,201407,0,3179.0,6,17.0,2.0,7.0,1763.0,48,7.0
4018,201404,1,276.0,6,0.0,0.0,0.0,825.01,55,0.0
4019,201401,1,4730.0,12,82.0,11.0,12.0,1000.0,42,22.0
4020,201412,0,393.0,12,0.0,0.0,0.0,500.0,40,0.0
4021,201404,0,805.0,6,0.0,0.0,2.0,300.0,39,0.0
4022,201403,0,2636.0,12,34.0,10.0,11.0,3000.0,56,5.0
4023,201411,1,385.0,12,0.0,0.0,0.0,1000.0,39,0.0
4024,201408,0,4806.0,12,53.0,11.0,12.0,700.0,36,16.0
4025,201403,0,469.0,12,0.0,0.0,0.0,1000.0,54,0.0
4026,201406,0,240.0,12,0.0,0.0,0.0,930.0,44,0.0
4027,201405,0,354.0,12,0.0,0.0,0.0,1000.0,42,0.0
4028,201403,0,2333.0,3,4.0,0.0,10.0,300.0,37,4.0
4029,201409,1,208.0,12,0.0,0.0,0.0,1366.49,37,0.0
4030,201404,0,3022.0,12,41.0,4.0,12.0,1500.0,66,8.0
4031,201403,0,634.0,5,0.0,0.0,0.0,500.0,25,0.0
4032,201412,0,3309.0,12,52.0,12.0,9.0,1500.0,70,7.0
4033,201410,0,3268.0,10,41.0,4.0,0.0,1200.0,39,6.0
4034,201401,0,312.0,12,0.0,0.0,0.0,800.0,32,0.0
4035,201407,0,249.0,12,0.0,0.0,0.0,1000.0,77,0.0
4036,201411,0,1779.0,12,3.0,2.0,9.0,1000.0,36,7.0
4037,201402,1,630.0,12,0.0,0.0,0.0,1000.0,34,0.0
4038,201406,0,916.0,8,0.0,0.0,6.0,350.0,35,0.0
4039,201411,0,455.0,12,0.0,0.0,0.0,1217.74,37,0.0
4040,201401,0,2452.0,12,23.0,11.0,8.0,1000.0,73,4.0
4041,201408,1,194.0,12,0.0,0.0,0.0,1516.4,42,0.0
4042,201406,0,1152.0,12,0.0,1.0,11.0,600.0,36,0.0
4043,201401,0,2223.0,12,21.0,10.0,12.0,300.0,34,5.0
4044,201401,1,166.0,12,0.0,0.0,0.0,1000.0,58,0.0
4045,201409,0,3234.0,3,56.0,10.0,12.0,300.0,42,2.0
4046,201405,0,826.0,10,0.0,0.0,3.0,1600.0,23,0.0
4047,201411,0,594.0,12,0.0,0.0,0.0,1796.41,58,0.0
4048,201411,1,1608.0,12,3.0,7.0,8.0,1300.0,58,2.0
4049,201402,0,2305.0,12,20.0,12.0,6.0,1261.62,49,6.0
4050,201411,1,2788.0,12,4.0,0.0,0.0,2000.0,33,4.0
4051,201412,1,959.0,12,0.0,0.0,8.0,600.0,36,0.0
4052,201408,1,241.0,12,0.0,0.0,0.0,1000.0,51,0.0
4053,201402,0,810.0,12,0.0,0.0,3.0,600.0,41,0.0
4054,201410,0,1398.0,12,0.0,7.0,7.0,1726.39,37,0.0
4055,201407,0,225.0,12,0.0,0.0,0.0,844.0,45,0.0
4056,201402,0,369.0,8,0.0,0.0,0.0,500.0,46,0.0
4057,201403,0,877.0,12,0.0,0.0,5.0,600.0,56,0.0
4058,201407,0,573.0,12,0.0,0.0,0.0,1000.0,21,0.0
4059,201401,1,2330.0,5,4.0,2.0,3.0,521.4,26,5.0
4060,201410,1,121.0,8,0.0,0.0,0.0,1000.0,46,0.0
4061,201406,1,954.0,12,0.0,0.0,8.0,1895.94,37,0.0
4062,201402,0,1291.0,6,0.0,5.0,12.0,300.0,33,0.0
4063,201409,0,4980.0,12,92.0,10.0,11.0,3000.0,63,25.0
4064,201411,1,1806.0,12,7.0,0.0,0.0,900.19,35,1.0
4065,201404,0,672.0,12,0.0,0.0,0.0,1500.0,54,0.0
4066,201405,1,772.0,10,0.0,0.0,2.0,700.0,39,0.0
4067,201409,0,582.0,3,0.0,0.0,0.0,200.0,35,0.0
4068,201405,1,376.0,12,0.0,0.0,0.0,500.0,30,0.0
4069,201404,1,268.0,12,0.0,0.0,0.0,1000.0,34,0.0
4070,201406,1,980.0,12,0.0,0.0,8.0,1000.0,33,0.0
4071,201404,0,2501.0,10,16.0,0.0,8.0,650.0,26,10.0
4072,201404,0,4468.0,12,79.0,7.0,10.0,2000.0,76,17.0
4073,201412,0,2262.0,5,1.0,0.0,6.0,1000.0,38,4.0
4074,201401,0,108.0,12,0.0,0.0,0.0,659.0,37,0.0
4075,201409,0,3518.0,12,42.0,12.0,12.0,1000.0,73,7.0
4076,201401,0,1472.0,4,0.0,9.0,11.0,200.0,35,1.0
4077,201406,0,350.0,3,0.0,0.0,0.0,300.0,36,0.0
4078,201410,1,1677.0,12,6.0,7.0,12.0,1014.83,39,2.0
4079,201412,0,526.0,12,0.0,0.0,0.0,720.0,20,0.0
4080,201406,0,273.0,12,0.0,0.0,0.0,300.0,37,0.0
4081,201409,0,3073.0,12,50.0,12.0,11.0,3000.0,64,4.0
4082,201402,0,2177.0,12,11.0,0.0,5.0,1500.0,62,8.0
4083,201407,0,206.0,12,0.0,0.0,0.0,872.29,39,0.0
4084,201405,0,3615.0,9,28.0,2.0,7.0,1800.0,34,18.0
4085,201407,1,1698.0,12,4.0,7.0,12.0,1000.0,44,5.0
4086,201408,0,2781.0,12,27.0,0.0,0.0,800.0,36,1.0
4087,201402,0,2961.0,10,30.0,4.0,10.0,600.0,77,13.0
4088,201403,0,2818.0,12,38.0,7.0,11.0,600.0,48,7.0
4089,201407,0,423.0,12,0.0,0.0,0.0,500.0,30,0.0
4090,201406,0,1200.0,12,0.0,2.0,9.0,856.09,45,0.0
4091,201403,1,1070.0,5,0.0,0.0,11.0,300.0,41,0.0
4092,201402,0,976.0,12,0.0,0.0,6.0,1000.0,57,0.0
4093,201407,0,1844.0,3,8.0,10.0,12.0,150.0,35,2.0
4094,201401,0,2413.0,4,4.0,5.0,7.0,500.0,34,5.0
4095,201407,0,570.0,12,0.0,0.0,0.0,1000.0,35,0.0
4096,201411,0,1146.0,12,0.0,1.0,12.0,2000.0,64,0.0
4097,201402,0,575.0,12,0.0,0.0,0.0,2000.0,48,0.0
4098,201403,0,446.0,12,0.0,0.0,0.0,574.19,33,0.0
4099,201408,0,2375.0,12,14.0,5.0,11.0,2045.3,33,4.0
4100,201412,0,2553.0,8,36.0,11.0,11.0,400.0,57,1.0
4101,201407,0,2396.0,12,31.0,11.0,12.0,1000.0,66,6.0
4102,201407,0,1528.0,12,2.0,9.0,12.0,1012.0,56,1.0
4103,201405,0,681.0,12,0.0,0.0,0.0,300.0,21,0.0
4104,201403,0,2349.0,10,15.0,7.0,9.0,1000.0,45,4.0
4105,201402,0,468.0,12,0.0,0.0,0.0,1891.05,26,0.0
4106,201406,0,944.0,6,0.0,0.0,7.0,700.0,52,0.0
4107,201412,1,948.0,12,0.0,0.0,2.0,500.0,76,0.0
4108,201410,0,532.0,12,0.0,0.0,0.0,1500.0,37,0.0
4109,201409,0,1737.0,12,8.0,10.0,12.0,1100.0,41,1.0
4110,201406,0,2374.0,12,24.0,2.0,5.0,800.0,52,6.0
4111,201401,0,1040.0,10,0.0,0.0,10.0,300.0,47,0.0
4112,201406,0,648.0,12,0.0,0.0,0.0,500.0,41,0.0
4113,201402,0,2684.0,12,23.0,12.0,10.0,1500.0,72,13.0
4114,201402,1,2372.0,12,29.0,9.0,11.0,1500.0,62,1.0
4115,201405,0,639.0,12,0.0,0.0,1.0,900.0,70,0.0
4116,201406,1,538.0,10,0.0,0.0,0.0,370.0,33,0.0
4117,201409,1,203.0,12,0.0,0.0,0.0,1000.0,60,0.0
4118,201405,1,1482.0,12,0.0,1.0,8.0,3000.0,58,1.0
4119,201406,0,250.0,6,0.0,0.0,0.0,400.0,55,0.0
4120,201412,0,2893.0,12,12.0,0.0,1.0,633.0,62,5.0
4121,201406,0,1924.0,10,6.0,6.0,7.0,1000.0,49,4.0
4122,201409,0,454.0,9,0.0,0.0,0.0,1000.0,39,0.0
4123,201408,0,4248.0,10,21.0,0.0,2.0,1500.0,50,6.0
4124,201410,0,294.0,12,0.0,0.0,0.0,1691.0,58,0.0
4125,201402,0,3182.0,12,37.0,0.0,0.0,1000.0,61,7.0
4126,201410,0,545.0,12,0.0,0.0,0.0,3000.0,52,0.0
4127,201401,1,3435.0,12,34.0,7.0,11.0,800.0,49,17.0
4128,201409,0,2695.0,12,23.0,7.0,8.0,3000.0,56,11.0
4129,201405,0,381.0,12,0.0,0.0,0.0,887.92,38,0.0
4130,201408,0,1610.0,12,4.0,0.0,7.0,2500.0,59,1.0
4131,201402,1,562.0,12,0.0,0.0,0.0,1000.0,52,0.0
4132,201411,1,1718.0,12,8.0,11.0,9.0,2000.0,68,1.0
4133,201411,0,434.0,4,0.0,0.0,0.0,590.0,51,0.0
4134,201405,0,696.0,8,0.0,0.0,6.0,400.0,41,0.0
4135,201411,0,2327.0,4,23.0,11.0,12.0,500.0,40,5.0
4136,201410,0,882.0,12,0.0,0.0,7.0,1500.0,56,0.0
4137,201406,1,744.0,12,0.0,0.0,0.0,1364.55,26,0.0
4138,201407,0,254.0,12,0.0,0.0,0.0,1000.0,38,0.0
4139,201406,1,952.0,12,0.0,0.0,7.0,1000.0,38,0.0
4140,201409,0,786.0,10,0.0,0.0,2.0,350.0,43,0.0
4141,201405,0,2734.0,12,29.0,2.0,0.0,1300.0,39,14.0
4142,201401,0,1122.0,12,0.0,0.0,12.0,1000.0,35,0.0
4143,201410,0,720.0,6,0.0,0.0,0.0,600.0,49,0.0
4144,201405,1,2919.0,12,43.0,12.0,11.0,968.7,47,5.0
4145,201409,1,263.0,12,0.0,0.0,0.0,1500.0,35,0.0
4146,201405,0,567.0,12,0.0,0.0,0.0,1380.0,54,0.0
4147,201404,0,1133.0,5,0.0,1.0,10.0,400.0,53,0.0
4148,201403,0,1063.0,12,0.0,0.0,11.0,2627.66,41,0.0
4149,201411,1,206.0,12,0.0,0.0,0.0,700.0,50,0.0
4150,201409,1,157.0,5,0.0,0.0,0.0,441.71,55,0.0
4151,201411,0,1076.0,10,0.0,0.0,12.0,500.0,51,0.0
4152,201404,1,549.0,12,0.0,0.0,0.0,966.09,39,0.0
4153,201404,1,514.0,6,0.0,0.0,0.0,230.0,37,0.0
4154,201403,0,2091.0,10,15.0,6.0,4.0,2000.0,39,6.0
4155,201412,0,1153.0,3,0.0,1.0,11.0,465.95,35,0.0
4156,201410,0,1678.0,12,6.0,9.0,3.0,3000.0,45,1.0
4157,201402,0,4577.0,12,52.0,1.0,0.0,1000.0,54,31.0
4158,201408,0,765.0,6,0.0,0.0,1.0,400.0,37,0.0
4159,201406,0,212.0,10,0.0,0.0,0.0,500.0,25,0.0
4160,201401,0,359.0,11,0.0,0.0,0.0,1000.0,54,0.0
4161,201401,1,1975.0,12,10.0,3.0,3.0,800.0,42,6.0
4162,201410,0,669.0,12,0.0,0.0,0.0,800.0,52,0.0
4163,201412,0,3007.0,10,23.0,2.0,12.0,2000.0,43,14.0
4164,201407,0,290.0,10,0.0,0.0,0.0,1200.0,52,0.0
4165,201406,0,256.0,12,0.0,0.0,0.0,1828.31,41,0.0
4166,201409,0,520.0,10,0.0,0.0,0.0,1300.0,40,0.0
4167,201411,0,872.0,12,0.0,0.0,5.0,1000.0,72,0.0
4168,201406,0,4658.0,12,47.0,4.0,0.0,1000.0,65,11.0
4169,201409,0,767.0,12,0.0,0.0,2.0,2512.7,35,0.0
4170,201403,0,1204.0,12,0.0,2.0,12.0,1600.0,44,0.0
4171,201401,0,2889.0,12,19.0,0.0,0.0,1000.0,33,4.0
4172,201412,0,342.0,4,0.0,0.0,0.0,420.0,32,0.0
4173,201406,0,644.0,12,0.0,0.0,0.0,1500.0,69,0.0
4174,201410,0,980.0,12,0.0,0.0,5.0,900.0,55,0.0
4175,201412,0,599.0,12,0.0,0.0,0.0,1500.0,55,0.0
4176,201407,0,4355.0,12,58.0,12.0,1.0,300.0,77,16.0
4177,201403,1,359.0,12,0.0,0.0,0.0,689.91,21,0.0
4178,201403,1,623.0,12,0.0,0.0,0.0,2000.0,68,0.0
4179,201403,0,1033.0,12,0.0,1.0,11.0,1300.0,58,0.0
4180,201402,1,164.0,6,0.0,0.0,0.0,500.0,54,0.0
4181,201401,0,1115.0,10,0.0,0.0,12.0,1500.0,46,0.0
4182,201404,0,941.0,12,0.0,0.0,8.0,800.0,41,0.0
4183,201406,0,2960.0,12,35.0,6.0,7.0,3000.0,63,8.0
4184,201410,1,351.0,10,0.0,0.0,0.0,600.0,43,0.0
4185,201405,0,612.0,12,0.0,0.0,0.0,1500.0,55,0.0
4186,201406,1,3591.0,12,18.0,0.0,3.0,800.0,43,8.0
4187,201401,1,273.0,12,0.0,0.0,0.0,504.0,33,0.0
4188,201401,0,1096.0,12,0.0,0.0,11.0,700.0,43,0.0
4189,201411,1,690.0,12,0.0,0.0,0.0,1420.07,48,0.0
4190,201411,0,4659.0,10,41.0,0.0,0.0,300.0,65,12.0
4191,201408,0,959.0,12,0.0,0.0,11.0,1709.72,40,0.0
4192,201403,0,938.0,12,0.0,0.0,7.0,1000.0,51,0.0
4193,201406,1,314.0,12,0.0,0.0,0.0,1000.0,59,0.0
4194,201406,0,773.0,12,0.0,0.0,2.0,600.0,35,0.0
4195,201410,0,3737.0,12,43.0,0.0,0.0,700.0,62,9.0
4196,201411,1,713.0,6,0.0,0.0,0.0,1502.46,47,0.0
4197,201402,1,818.0,12,0.0,0.0,3.0,1000.0,57,0.0
4198,201410,1,793.0,12,0.0,0.0,2.0,1500.0,55,0.0
4199,201403,0,587.0,12,0.0,0.0,0.0,1000.0,56,0.0
4200,201404,0,497.0,12,0.0,0.0,0.0,500.0,39,0.0
4201,201406,0,2918.0,12,17.0,0.0,2.0,1200.0,52,19.0
4202,201410,1,308.0,12,0.0,0.0,0.0,2000.0,37,0.0
4203,201408,1,3017.0,6,4.0,0.0,0.0,150.0,36,2.0
4204,201412,0,586.0,3,0.0,0.0,0.0,264.0,47,0.0
4205,201412,0,185.0,9,0.0,0.0,0.0,500.0,39,0.0
4206,201412,0,3770.0,6,31.0,6.0,0.0,1500.0,66,5.0
4207,201407,1,1031.0,5,0.0,0.0,10.0,500.0,35,0.0
4208,201408,0,823.0,12,0.0,0.0,3.0,1000.0,36,0.0
4209,201402,0,655.0,10,0.0,0.0,0.0,600.0,41,0.0
4210,201410,0,283.0,12,0.0,0.0,0.0,600.0,57,0.0
4211,201402,0,4017.0,10,46.0,2.0,3.0,1300.0,33,11.0
4212,201412,1,1236.0,12,0.0,5.0,12.0,1490.0,38,0.0
4213,201401,0,936.0,12,0.0,0.0,6.0,1500.0,44,0.0
4214,201406,0,469.0,12,0.0,0.0,0.0,1346.29,34,0.0
4215,201409,0,4290.0,10,35.0,8.0,11.0,1000.0,55,12.0
4216,201404,0,1442.0,12,1.0,11.0,12.0,600.0,35,1.0
4217,201411,1,2580.0,12,25.0,6.0,9.0,1467.83,36,9.0
4218,201401,1,523.0,12,0.0,0.0,0.0,1000.0,63,0.0
4219,201409,1,1063.0,12,0.0,0.0,11.0,2500.0,42,0.0
4220,201407,0,673.0,12,0.0,0.0,7.0,900.0,40,0.0
4221,201411,0,367.0,5,0.0,0.0,0.0,1000.0,35,0.0
4222,201403,1,314.0,12,0.0,0.0,0.0,1000.0,37,0.0
4223,201409,0,4997.0,5,32.0,0.0,4.0,600.0,34,31.0
4224,201403,1,1574.0,12,3.0,6.0,0.0,1000.0,35,1.0
4225,201405,0,714.0,12,0.0,0.0,2.0,1500.0,47,0.0
4226,201407,0,1498.0,8,0.0,11.0,11.0,1000.0,37,1.0
4227,201404,0,4058.0,6,10.0,0.0,0.0,250.0,37,6.0
4228,201411,1,723.0,12,0.0,0.0,1.0,1500.0,40,0.0
4229,201401,0,3912.0,12,25.0,6.0,11.0,2000.0,64,26.0
4230,201404,1,404.0,12,0.0,0.0,0.0,2000.0,58,0.0
4231,201407,0,234.0,12,0.0,0.0,0.0,1000.0,54,0.0
4232,201403,0,308.0,12,0.0,0.0,0.0,1404.52,50,0.0
4233,201402,1,445.0,12,0.0,0.0,0.0,653.0,34,0.0
4234,201402,0,733.0,12,0.0,0.0,3.0,1500.0,42,0.0
4235,201404,0,1619.0,12,5.0,11.0,12.0,700.0,60,1.0
4236,201405,0,2888.0,12,20.0,8.0,12.0,600.0,51,19.0
4237,201412,0,3053.0,4,46.0,10.0,12.0,700.0,38,3.0
4238,201411,0,206.0,5,0.0,0.0,0.0,500.0,40,0.0
4239,201406,0,1321.0,12,0.0,3.0,6.0,1300.0,44,0.0
4240,201403,0,434.0,12,0.0,0.0,0.0,1000.0,47,0.0
4241,201407,1,3642.0,12,20.0,0.0,0.0,1000.0,34,4.0
4242,201408,1,664.0,12,0.0,0.0,0.0,1700.0,54,0.0
4243,201412,0,367.0,5,0.0,0.0,0.0,300.0,39,0.0
4244,201407,0,5062.0,12,10.0,0.0,0.0,2000.0,68,32.0
4245,201410,0,1133.0,12,0.0,0.0,8.0,1000.0,38,0.0
4246,201403,0,322.0,12,0.0,0.0,0.0,1000.0,34,0.0
4247,201409,0,14.0,12,0.0,0.0,0.0,1000.0,33,0.0
4248,201411,1,355.0,12,0.0,0.0,0.0,1403.28,34,0.0
4249,201404,0,1204.0,12,0.0,2.0,7.0,3000.0,72,0.0
4250,201412,1,386.0,12,0.0,0.0,0.0,1000.0,62,0.0
4251,201406,0,388.0,12,0.0,0.0,0.0,982.86,46,0.0
4252,201411,0,1642.0,3,5.0,12.0,12.0,200.0,66,1.0
4253,201404,1,2622.0,12,9.0,1.0,5.0,1500.0,58,2.0
4254,201404,1,866.0,12,0.0,0.0,5.0,450.0,34,0.0
4255,201410,0,1153.0,10,0.0,1.0,10.0,700.0,58,0.0
4256,201405,1,502.0,12,0.0,0.0,0.0,1000.0,46,0.0
4257,201404,1,795.0,6,0.0,0.0,2.0,1000.0,38,0.0
4258,201402,0,816.0,12,0.0,0.0,3.0,1000.0,49,0.0
4259,201411,0,618.0,12,0.0,0.0,0.0,1500.0,56,0.0
4260,201408,0,255.0,12,0.0,0.0,0.0,1000.0,54,0.0
4261,201408,1,803.0,12,0.0,0.0,2.0,2852.62,37,0.0
4262,201410,0,4292.0,7,19.0,1.0,11.0,1000.0,34,26.0
4263,201403,0,1228.0,12,0.0,3.0,12.0,1200.0,60,0.0
4264,201402,0,875.0,12,0.0,0.0,4.0,2627.66,47,0.0
4265,201402,0,429.0,12,0.0,0.0,0.0,400.0,27,0.0
4266,201405,0,980.0,7,0.0,0.0,8.0,605.75,53,0.0
4267,201406,0,4833.0,12,57.0,1.0,0.0,3000.0,55,18.0
4268,201412,1,951.0,10,0.0,0.0,7.0,1000.0,62,0.0
4269,201404,0,181.0,12,0.0,0.0,0.0,1965.1,41,0.0
4270,201402,0,226.0,12,0.0,0.0,0.0,1382.94,38,0.0
4271,201408,1,2102.0,12,10.0,8.0,12.0,1163.3,35,9.0
4272,201411,0,3251.0,12,23.0,0.0,12.0,1000.0,65,2.0
4273,201409,0,869.0,12,0.0,0.0,4.0,1000.0,46,0.0
4274,201407,0,349.0,12,0.0,0.0,0.0,2000.0,48,0.0
4275,201412,1,952.0,12,0.0,0.0,7.0,1910.77,34,0.0
4276,201409,0,2679.0,12,26.0,6.0,5.0,2000.0,59,8.0
4277,201401,0,164.0,12,0.0,0.0,0.0,812.5,33,0.0
4278,201407,0,242.0,12,0.0,0.0,0.0,900.0,59,0.0
4279,201404,0,943.0,12,0.0,0.0,7.0,1500.0,33,0.0
4280,201407,0,127.0,10,0.0,0.0,0.0,712.83,47,0.0
4281,201408,0,1618.0,7,4.0,3.0,4.0,300.0,76,1.0
4282,201412,0,3107.0,9,22.0,3.0,3.0,1500.0,57,3.0
4283,201410,1,394.0,12,0.0,0.0,0.0,1000.0,34,0.0
4284,201411,0,3335.0,12,46.0,11.0,9.0,1000.0,74,9.0
4285,201404,0,4835.0,12,12.0,8.0,6.0,1140.0,36,48.0
4286,201404,0,447.0,4,0.0,0.0,0.0,900.0,33,0.0
4287,201405,0,462.0,12,2.0,0.0,0.0,2000.0,56,5.0
4288,201408,1,266.0,12,0.0,0.0,0.0,400.0,59,0.0
4289,201404,0,1801.0,12,7.0,9.0,11.0,1100.0,34,5.0
4290,201408,0,1635.0,12,4.0,1.0,0.0,2000.0,56,2.0
4291,201407,0,286.0,12,0.0,0.0,0.0,1200.0,64,0.0
4292,201411,0,1617.0,12,4.0,9.0,11.0,700.0,60,1.0
4293,201401,1,317.0,12,0.0,0.0,0.0,730.0,31,0.0
4294,201402,0,2529.0,12,8.0,0.0,0.0,1500.0,63,6.0
4295,201410,1,1118.0,12,0.0,0.0,11.0,1000.0,33,0.0
4296,201402,1,711.0,6,0.0,0.0,0.0,500.0,63,0.0
4297,201403,0,3715.0,12,28.0,11.0,10.0,600.0,56,9.0
4298,201412,1,2760.0,12,14.0,2.0,11.0,900.0,51,5.0
4299,201407,0,228.0,12,0.0,0.0,0.0,400.0,31,0.0
4300,201401,1,857.0,5,0.0,0.0,4.0,400.0,49,0.0
4301,201412,0,638.0,12,0.0,0.0,0.0,1200.0,69,0.0
4302,201403,0,2327.0,10,8.0,5.0,9.0,200.0,47,2.0
4303,201409,0,3711.0,12,53.0,12.0,12.0,400.0,56,11.0
4304,201408,1,315.0,10,0.0,0.0,0.0,700.0,36,0.0
4305,201409,0,805.0,12,0.0,0.0,2.0,1000.0,35,0.0
4306,201402,1,1314.0,12,0.0,6.0,12.0,1900.0,65,0.0
4307,201410,1,1679.0,12,7.0,9.0,10.0,574.0,61,1.0
4308,201411,1,293.0,12,0.0,0.0,0.0,1500.0,59,0.0
4309,201401,0,440.0,12,0.0,0.0,0.0,1000.0,65,0.0
4310,201410,1,2767.0,12,30.0,12.0,12.0,1300.0,69,13.0
4311,201410,0,1212.0,8,0.0,3.0,12.0,700.0,32,0.0
4312,201406,1,1794.0,6,9.0,12.0,11.0,500.0,63,2.0
4313,201408,1,720.0,12,0.0,0.0,0.0,606.0,35,0.0
4314,201410,0,1102.0,12,0.0,0.0,12.0,1000.0,36,0.0
4315,201405,0,2412.0,12,18.0,0.0,3.0,500.0,47,4.0
4316,201411,1,544.0,5,0.0,0.0,0.0,1000.0,42,0.0
4317,201406,1,846.0,6,0.0,0.0,4.0,1000.0,26,0.0
4318,201402,0,2165.0,12,9.0,0.0,2.0,1140.41,33,4.0
4319,201411,0,3014.0,12,45.0,8.0,12.0,1994.32,32,6.0
4320,201409,1,339.0,12,0.0,0.0,0.0,2000.0,47,0.0
4321,201407,0,582.0,12,0.0,0.0,0.0,2000.0,32,0.0
4322,201407,0,1706.0,12,5.0,7.0,12.0,1500.0,63,3.0
4323,201407,0,233.0,12,0.0,0.0,0.0,1000.0,43,0.0
4324,201407,0,885.0,10,0.0,0.0,7.0,800.0,39,0.0
4325,201409,1,918.0,12,0.0,0.0,9.0,2000.0,37,0.0
4326,201407,1,1083.0,12,0.0,0.0,10.0,800.0,49,0.0
4327,201405,0,1546.0,10,3.0,9.0,0.0,1000.0,66,1.0
4328,201407,0,2445.0,12,3.0,0.0,1.0,800.0,27,1.0
4329,201411,1,503.0,12,0.0,0.0,0.0,1500.0,31,0.0
4330,201407,1,1584.0,12,2.0,3.0,2.0,2000.0,39,2.0
4331,201402,0,3115.0,6,41.0,10.0,12.0,600.0,46,13.0
4332,201408,0,704.0,4,0.0,0.0,0.0,773.47,44,0.0
4333,201407,1,2673.0,12,21.0,5.0,0.0,800.0,27,6.0
4334,201407,1,389.0,6,0.0,0.0,0.0,600.0,52,0.0
4335,201411,0,638.0,3,0.0,0.0,0.0,450.0,50,0.0
4336,201410,0,2565.0,4,21.0,4.0,2.0,500.0,32,15.0
4337,201405,0,1285.0,12,0.0,5.0,11.0,700.0,30,0.0
4338,201402,0,2264.0,12,19.0,10.0,12.0,1000.0,63,8.0
4339,201406,0,252.0,10,0.0,0.0,0.0,1000.0,67,0.0
4340,201411,0,804.0,12,0.0,0.0,3.0,2600.0,60,0.0
4341,201410,1,538.0,8,0.0,0.0,0.0,500.0,48,0.0
4342,201407,1,1043.0,5,0.0,0.0,11.0,536.0,31,0.0
4343,201404,1,657.0,12,0.0,0.0,0.0,1002.41,31,0.0
4344,201407,0,3622.0,12,37.0,4.0,5.0,1000.0,48,18.0
4345,201410,1,163.0,12,0.0,0.0,0.0,800.0,47,0.0
4346,201402,1,245.0,12,0.0,0.0,0.0,600.0,29,0.0
4347,201405,0,448.0,12,0.0,0.0,0.0,500.0,75,0.0
4348,201404,1,385.0,12,0.0,0.0,0.0,2280.0,53,0.0
4349,201407,1,239.0,12,0.0,0.0,0.0,1176.36,46,0.0
4350,201408,1,620.0,12,0.0,0.0,0.0,750.0,45,0.0
4351,201402,0,325.0,12,0.0,0.0,0.0,800.0,59,0.0
4352,201408,1,226.0,10,0.0,0.0,0.0,1000.0,35,0.0
4353,201402,0,1383.0,12,0.0,5.0,10.0,1000.0,70,0.0
4354,201403,0,1207.0,12,0.0,2.0,11.0,2559.48,39,0.0
4355,201403,0,4857.0,12,52.0,12.0,11.0,2000.0,49,8.0
4356,201405,0,1630.0,12,5.0,9.0,12.0,1000.0,52,1.0
4357,201403,0,647.0,3,0.0,0.0,0.0,500.0,61,0.0
4358,201404,1,770.0,12,0.0,0.0,1.0,1000.0,40,0.0
4359,201412,0,2743.0,8,30.0,11.0,12.0,1178.53,45,9.0
4360,201407,0,498.0,12,0.0,0.0,0.0,2000.0,49,0.0
4361,201408,0,903.0,12,0.0,0.0,3.0,800.0,22,0.0
4362,201407,0,311.0,12,0.0,0.0,0.0,1000.0,59,0.0
4363,201409,0,1174.0,6,0.0,2.0,3.0,900.0,40,0.0
4364,201411,0,3302.0,8,25.0,5.0,4.0,700.0,35,5.0
4365,201403,0,3009.0,12,39.0,9.0,12.0,2200.0,50,12.0
4366,201404,0,1092.0,12,0.0,0.0,12.0,1400.0,32,0.0
4367,201411,0,313.0,12,0.0,0.0,0.0,1000.0,26,0.0
4368,201411,1,3814.0,12,68.0,12.0,12.0,3000.0,51,10.0
4369,201412,1,1092.0,12,0.0,0.0,12.0,900.0,37,0.0
4370,201406,1,202.0,12,0.0,0.0,0.0,1429.73,33,0.0
4371,201403,0,1246.0,3,0.0,3.0,12.0,300.0,53,0.0
4372,201407,0,1668.0,7,6.0,4.0,10.0,556.0,29,1.0
4373,201409,0,341.0,5,0.0,0.0,0.0,751.0,39,0.0
4374,201406,1,630.0,12,0.0,0.0,0.0,1700.0,48,0.0
4375,201412,1,791.0,12,0.0,0.0,5.0,1000.0,60,0.0
4376,201401,0,1275.0,4,0.0,5.0,3.0,316.3,23,0.0
4377,201407,1,378.0,12,0.0,0.0,0.0,1200.0,61,0.0
4378,201402,1,1185.0,6,0.0,2.0,11.0,400.0,21,0.0
4379,201405,0,386.0,10,0.0,0.0,0.0,441.04,20,0.0
4380,201403,0,568.0,5,0.0,0.0,0.0,400.0,47,0.0
4381,201410,0,4805.0,12,79.0,0.0,0.0,1000.0,72,11.0
4382,201402,1,385.0,12,0.0,0.0,0.0,1400.0,31,0.0
4383,201410,0,1582.0,6,3.0,11.0,12.0,1300.0,64,1.0
4384,201404,1,437.0,12,0.0,0.0,0.0,492.85,23,0.0
4385,201409,0,635.0,3,0.0,0.0,0.0,500.0,47,0.0
4386,201408,0,312.0,4,0.0,0.0,0.0,400.0,34,0.0
4387,201403,0,521.0,3,0.0,0.0,0.0,500.0,53,0.0
4388,201410,1,388.0,12,0.0,0.0,0.0,1000.0,33,0.0
4389,201406,0,2308.0,5,22.0,11.0,8.0,500.0,43,4.0
4390,201403,0,2291.0,6,15.0,0.0,0.0,500.0,31,3.0
4391,201410,1,665.0,10,0.0,0.0,3.0,1140.0,42,0.0
4392,201411,0,694.0,3,0.0,0.0,0.0,400.0,36,0.0
4393,201406,0,538.0,12,0.0,0.0,0.0,1800.0,60,0.0
4394,201407,0,2077.0,12,15.0,11.0,12.0,1700.0,50,6.0
4395,201401,0,688.0,12,0.0,0.0,0.0,600.0,64,0.0
4396,201402,1,267.0,8,0.0,0.0,0.0,200.0,29,0.0
4397,201401,0,4537.0,12,14.0,0.0,0.0,710.0,32,21.0
4398,201408,0,3548.0,5,44.0,7.0,7.0,1000.0,70,20.0
4399,201404,0,1998.0,12,13.0,9.0,11.0,2000.0,50,5.0
4400,201405,0,3676.0,12,39.0,12.0,12.0,2000.0,74,24.0
4401,201403,1,967.0,12,0.0,0.0,7.0,1000.0,53,0.0
4402,201404,0,327.0,12,0.0,0.0,0.0,800.0,76,0.0
4403,201404,0,682.0,12,0.0,0.0,0.0,1600.0,70,0.0
4404,201401,0,4713.0,12,81.0,9.0,7.0,2320.04,60,14.0
4405,201404,0,3889.0,8,5.0,0.0,12.0,400.0,55,1.0
4406,201412,1,603.0,12,0.0,0.0,0.0,1000.0,47,0.0
4407,201406,0,187.0,12,0.0,0.0,0.0,2000.0,66,0.0
4408,201411,0,1065.0,3,0.0,0.0,8.0,200.0,41,0.0
4409,201402,0,3829.0,12,45.0,11.0,12.0,2955.0,50,25.0
4410,201404,0,2968.0,12,24.0,2.0,12.0,1000.0,47,6.0
4411,201405,0,1496.0,10,1.0,10.0,10.0,1000.0,52,1.0
4412,201401,1,411.0,12,0.0,0.0,0.0,2188.38,52,0.0
4413,201407,0,433.0,12,0.0,0.0,0.0,800.0,65,0.0
4414,201402,0,273.0,4,0.0,0.0,0.0,500.0,55,0.0
4415,201402,0,3683.0,12,19.0,11.0,12.0,1700.0,42,8.0
4416,201412,0,1865.0,3,11.0,2.0,9.0,300.0,47,1.0
4417,201405,0,1643.0,12,6.0,8.0,10.0,1500.0,40,1.0
4418,201407,1,3485.0,12,46.0,8.0,12.0,2479.0,71,9.0
4419,201403,0,2223.0,10,23.0,10.0,0.0,300.0,41,2.0
4420,201402,0,,12,,,,1000.0,60,
4421,201408,0,653.0,12,0.0,0.0,0.0,1500.0,37,0.0
4422,201409,1,563.0,12,0.0,0.0,0.0,1500.0,60,0.0
4423,201412,0,358.0,5,0.0,0.0,0.0,500.0,64,0.0
4424,201402,0,2756.0,12,41.0,9.0,12.0,1500.0,55,2.0
4425,201404,0,416.0,12,0.0,0.0,0.0,1447.8,58,0.0
4426,201409,0,654.0,12,0.0,0.0,0.0,1791.84,53,0.0
4427,201407,1,2191.0,12,3.0,0.0,2.0,500.0,25,5.0
4428,201402,0,1064.0,12,0.0,1.0,11.0,1000.0,39,0.0
4429,201407,0,1632.0,5,1.0,1.0,12.0,200.0,23,4.0
4430,201404,0,354.0,12,0.0,0.0,0.0,999.63,28,0.0
4431,201409,0,389.0,3,0.0,0.0,0.0,600.0,60,0.0
4432,201410,0,968.0,12,0.0,0.0,7.0,1500.0,48,0.0
4433,201411,0,1259.0,3,0.0,1.0,11.0,300.0,45,0.0
4434,201407,0,937.0,12,0.0,0.0,7.0,2000.0,39,0.0
4435,201405,1,374.0,12,0.0,0.0,0.0,739.36,39,0.0
4436,201407,0,337.0,12,0.0,0.0,0.0,800.0,29,0.0
4437,201407,0,885.0,12,0.0,0.0,5.0,1500.0,55,0.0
4438,201403,0,1606.0,12,5.0,11.0,12.0,2627.66,63,1.0
4439,201412,1,261.0,10,0.0,0.0,0.0,1000.0,50,0.0
4440,201406,0,2729.0,12,2.0,0.0,9.0,1500.0,41,8.0
4441,201408,0,2483.0,12,20.0,7.0,12.0,1900.0,47,6.0
4442,201401,1,404.0,12,0.0,0.0,0.0,2500.0,37,0.0
4443,201407,1,1490.0,12,0.0,12.0,12.0,1500.0,45,1.0
4444,201405,0,1897.0,12,3.0,0.0,1.0,1986.91,30,11.0
4445,201412,0,2163.0,12,16.0,8.0,12.0,1000.0,35,3.0
4446,201411,1,335.0,12,0.0,0.0,0.0,2500.0,62,0.0
4447,201402,0,712.0,12,0.0,0.0,2.0,1337.89,56,0.0
4448,201408,0,1215.0,6,0.0,3.0,10.0,600.0,46,0.0
4449,201403,1,2365.0,12,18.0,12.0,11.0,2000.0,47,6.0
4450,201405,0,179.0,6,0.0,0.0,0.0,499.22,41,0.0
4451,201402,1,557.0,12,0.0,0.0,0.0,1251.32,31,0.0
4452,201408,0,170.0,12,0.0,0.0,0.0,1000.0,44,0.0
4453,201404,0,2136.0,3,15.0,6.0,12.0,350.0,52,3.0
4454,201411,1,326.0,12,0.0,0.0,0.0,850.0,58,0.0
4455,201411,0,1061.0,5,0.0,0.0,9.0,450.0,50,0.0
4456,201407,1,3226.0,12,9.0,0.0,4.0,1000.0,47,10.0
4457,201402,1,229.0,12,0.0,0.0,0.0,500.0,57,0.0
4458,201405,0,3077.0,12,19.0,0.0,2.0,1500.0,68,8.0
4459,201405,0,976.0,12,0.0,0.0,7.0,1444.17,54,0.0
4460,201402,0,790.0,12,0.0,0.0,2.0,1600.0,41,0.0
4461,201407,0,1122.0,4,0.0,1.0,7.0,400.0,47,0.0
4462,201408,1,231.0,12,0.0,0.0,0.0,1000.0,37,0.0
4463,201401,0,631.0,12,0.0,0.0,0.0,1500.0,68,0.0
4464,201403,0,682.0,12,0.0,0.0,0.0,1064.0,46,0.0
4465,201406,1,1812.0,12,7.0,6.0,12.0,1180.0,35,5.0
4466,201405,0,971.0,8,0.0,0.0,8.0,600.0,56,0.0
4467,201403,0,375.0,12,0.0,0.0,0.0,1500.0,47,0.0
4468,201405,0,657.0,4,0.0,0.0,0.0,400.0,45,0.0
4469,201405,0,3449.0,12,52.0,12.0,12.0,1000.0,61,15.0
4470,201401,0,851.0,8,0.0,0.0,4.0,800.0,51,0.0
4471,201403,0,2039.0,12,6.0,6.0,5.0,2000.0,52,2.0
4472,201408,0,1366.0,12,0.0,4.0,0.0,1000.0,48,0.0
4473,201410,0,2922.0,9,15.0,2.0,12.0,500.0,44,6.0
4474,201409,0,2642.0,12,1.0,0.0,3.0,3000.0,60,9.0
4475,201408,0,2719.0,6,5.0,0.0,6.0,500.0,39,3.0
4476,201411,1,231.0,5,0.0,0.0,0.0,722.63,65,0.0
4477,201402,1,609.0,12,0.0,0.0,0.0,1000.0,39,0.0
4478,201405,1,377.0,12,0.0,0.0,0.0,500.0,35,0.0
4479,201410,0,3028.0,8,46.0,12.0,11.0,500.0,46,5.0
4480,201405,0,357.0,12,0.0,0.0,0.0,1000.0,60,0.0
4481,201410,0,1545.0,12,2.0,12.0,12.0,1000.0,56,1.0
4482,201401,0,1480.0,12,0.0,11.0,4.0,500.0,53,1.0
4483,201410,0,4484.0,12,40.0,9.0,10.0,1200.0,50,11.0
4484,201411,0,1602.0,6,4.0,12.0,11.0,600.0,54,1.0
4485,201401,0,493.0,12,0.0,0.0,0.0,850.0,38,0.0
4486,201402,0,3341.0,3,33.0,7.0,12.0,400.0,59,20.0
4487,201407,0,785.0,6,0.0,0.0,2.0,500.0,68,0.0
4488,201407,0,4198.0,12,83.0,12.0,12.0,3000.0,55,4.0
4489,201404,1,106.0,12,0.0,0.0,0.0,450.58,68,0.0
4490,201403,0,2325.0,12,10.0,8.0,8.0,1500.0,50,4.0
4491,201408,0,1776.0,6,6.0,6.0,12.0,1660.45,54,5.0
4492,201405,0,407.0,12,0.0,0.0,0.0,1000.0,36,0.0
4493,201411,0,1536.0,12,1.0,4.0,4.0,2000.0,51,1.0
4494,201412,1,770.0,12,0.0,0.0,2.0,1500.0,55,0.0
4495,201403,0,3569.0,12,38.0,1.0,0.0,1000.0,46,25.0
4496,201404,0,1132.0,12,0.0,1.0,12.0,877.0,71,0.0
4497,201401,1,234.0,12,0.0,0.0,0.0,841.36,58,0.0
4498,201407,0,334.0,12,0.0,0.0,0.0,1996.0,50,0.0
4499,201404,1,251.0,12,0.0,0.0,0.0,610.0,33,0.0
4500,201407,0,950.0,12,0.0,0.0,7.0,1000.0,33,0.0
4501,201409,1,794.0,12,0.0,0.0,2.0,1500.0,30,0.0
4502,201405,1,1881.0,12,9.0,6.0,8.0,2218.46,42,3.0
4503,201402,0,894.0,12,0.0,0.0,4.0,2296.83,51,0.0
4504,201407,0,1741.0,12,7.0,10.0,12.0,1677.3,48,2.0
4505,201405,0,100.0,10,0.0,0.0,0.0,1000.0,55,0.0
4506,201402,0,3169.0,6,40.0,4.0,5.0,500.0,42,11.0
4507,201407,0,1428.0,12,0.0,9.0,12.0,2000.0,60,0.0
4508,201406,1,2486.0,12,26.0,0.0,0.0,1400.0,43,1.0
4509,201401,0,1752.0,12,4.0,0.0,0.0,1500.0,68,1.0
4510,201408,0,1814.0,12,6.0,1.0,0.0,1500.0,59,3.0
4511,201408,0,4785.0,5,75.0,11.0,5.0,400.0,57,19.0
4512,201406,0,2505.0,12,17.0,8.0,11.0,2950.0,61,8.0
4513,201404,0,500.0,12,0.0,0.0,0.0,1258.19,39,0.0
4514,201402,0,1822.0,12,8.0,8.0,11.0,1500.0,47,4.0
4515,201409,1,1190.0,12,0.0,2.0,12.0,1393.56,33,0.0
4516,201407,0,435.0,12,0.0,0.0,0.0,1000.0,75,0.0
4517,201410,0,2667.0,12,11.0,8.0,12.0,3000.0,66,5.0
4518,201401,0,208.0,12,0.0,0.0,0.0,1100.0,49,0.0
4519,201401,0,668.0,8,0.0,0.0,0.0,2000.0,60,0.0
4520,201405,0,718.0,12,0.0,0.0,0.0,1000.0,36,0.0
4521,201405,0,2115.0,8,9.0,0.0,0.0,887.23,57,2.0
4522,201408,0,2996.0,12,45.0,11.0,12.0,2000.0,54,5.0
4523,201409,0,226.0,12,0.0,0.0,0.0,1997.15,30,0.0
4524,201407,0,1433.0,12,0.0,10.0,12.0,500.0,44,0.0
4525,201407,1,683.0,12,0.0,0.0,1.0,1000.0,20,0.0
4526,201407,0,1981.0,10,13.0,10.0,11.0,300.0,66,2.0
4527,201409,0,303.0,12,0.0,0.0,0.0,893.0,31,0.0
4528,201405,0,4071.0,12,29.0,8.0,12.0,2000.0,30,12.0
4529,201409,1,1757.0,12,7.0,9.0,10.0,1500.0,55,3.0
4530,201411,1,1802.0,12,8.0,6.0,4.0,1000.0,73,2.0
4531,201406,0,377.0,5,0.0,0.0,0.0,500.0,35,0.0
4532,201408,1,103.0,12,0.0,0.0,0.0,1547.95,30,0.0
4533,201412,0,750.0,4,0.0,0.0,1.0,1100.0,47,0.0
4534,201403,1,457.0,12,0.0,0.0,0.0,1500.0,54,0.0
4535,201409,0,493.0,4,0.0,0.0,0.0,791.92,27,0.0
4536,201405,0,601.0,5,0.0,0.0,0.0,500.0,44,0.0
4537,201402,0,2554.0,12,13.0,10.0,11.0,1166.52,32,7.0
4538,201406,1,3448.0,12,35.0,7.0,12.0,1500.0,61,14.0
4539,201401,0,2966.0,12,10.0,3.0,4.0,750.0,32,11.0
4540,201406,0,,9,,,,900.0,31,
4541,201404,0,1751.0,12,7.0,7.0,1.0,700.0,78,1.0
4542,201412,0,311.0,12,0.0,0.0,0.0,1500.0,35,0.0
4543,201409,0,4371.0,12,27.0,0.0,0.0,2000.0,53,17.0
4544,201402,0,854.0,12,0.0,0.0,6.0,1600.0,64,0.0
4545,201404,0,2619.0,3,31.0,10.0,11.0,150.0,57,8.0
4546,201407,1,1302.0,12,0.0,5.0,8.0,2000.0,55,0.0
4547,201412,1,3695.0,12,9.0,0.0,0.0,700.0,54,12.0
4548,201408,0,2819.0,4,18.0,0.0,0.0,685.0,55,8.0
4549,201409,1,217.0,12,0.0,0.0,0.0,1000.0,51,0.0
4550,201408,0,698.0,12,0.0,1.0,4.0,800.0,32,0.0
4551,201408,1,215.0,12,0.0,0.0,0.0,991.66,31,0.0
4552,201404,0,1120.0,12,0.0,0.0,12.0,1200.0,46,0.0
4553,201403,0,1387.0,12,0.0,8.0,3.0,1500.0,55,0.0
4554,201405,0,386.0,12,0.0,0.0,0.0,1072.53,49,0.0
4555,201402,0,637.0,9,0.0,0.0,0.0,700.0,31,0.0
4556,201411,0,456.0,12,0.0,0.0,0.0,1558.75,52,0.0
4557,201410,0,2617.0,12,13.0,1.0,0.0,2000.0,48,7.0
4558,201403,0,226.0,8,0.0,0.0,0.0,700.0,58,0.0
4559,201401,0,3134.0,12,40.0,12.0,12.0,1040.0,62,8.0
4560,201411,1,498.0,12,0.0,0.0,0.0,2300.0,30,0.0
4561,201410,0,966.0,12,0.0,0.0,8.0,2000.0,50,0.0
4562,201407,0,428.0,9,0.0,0.0,0.0,696.0,30,0.0
4563,201404,0,2517.0,12,31.0,10.0,11.0,500.0,59,4.0
4564,201412,0,1097.0,6,0.0,0.0,9.0,2007.51,57,0.0
4565,201408,0,1067.0,5,0.0,0.0,7.0,500.0,36,0.0
4566,201410,0,258.0,12,0.0,0.0,0.0,2000.0,69,0.0
4567,201402,0,502.0,12,0.0,0.0,0.0,725.45,34,0.0
4568,201411,0,788.0,12,0.0,0.0,2.0,1250.0,37,0.0
4569,201403,0,359.0,12,0.0,0.0,0.0,2000.0,56,0.0
4570,201409,1,541.0,12,0.0,0.0,0.0,2000.0,32,0.0
4571,201404,0,473.0,12,0.0,0.0,0.0,1000.0,34,0.0
4572,201403,0,395.0,12,0.0,0.0,0.0,1500.0,77,0.0
4573,201407,0,1232.0,3,0.0,4.0,3.0,300.0,22,0.0
4574,201401,1,600.0,12,0.0,0.0,0.0,1000.0,45,0.0
4575,201403,0,1510.0,12,1.0,11.0,6.0,1300.0,55,1.0
4576,201410,0,2188.0,12,11.0,1.0,8.0,1000.0,48,9.0
4577,201407,0,1802.0,12,10.0,11.0,12.0,1712.0,69,2.0
4578,201408,0,954.0,12,0.0,0.0,9.0,2969.39,47,0.0
4579,201404,1,371.0,12,0.0,0.0,3.0,2000.0,46,0.0
4580,201403,1,368.0,12,0.0,0.0,0.0,658.32,28,0.0
4581,201407,0,1069.0,4,0.0,0.0,11.0,472.0,25,0.0
4582,201407,1,1059.0,12,0.0,0.0,11.0,911.0,65,0.0
4583,201410,0,2824.0,8,39.0,10.0,10.0,500.0,33,6.0
4584,201411,0,3444.0,12,44.0,0.0,6.0,1800.0,65,7.0
4585,201409,1,4850.0,12,18.0,1.0,12.0,3000.0,46,24.0
4586,201409,1,2179.0,12,12.0,1.0,10.0,1500.0,56,9.0
4587,201402,0,3743.0,5,11.0,0.0,7.0,500.0,31,6.0
4588,201411,1,2132.0,12,15.0,10.0,3.0,900.0,43,7.0
4589,201406,0,1774.0,12,6.0,5.0,9.0,1000.0,52,4.0
4590,201411,1,86.0,12,0.0,0.0,0.0,600.0,53,0.0
4591,201409,0,930.0,12,0.0,0.0,9.0,3000.0,51,0.0
4592,201404,0,3151.0,12,15.0,0.0,1.0,1000.0,43,9.0
4593,201407,0,922.0,12,0.0,0.0,7.0,1500.0,29,0.0
4594,201411,0,659.0,12,0.0,0.0,0.0,1399.78,22,0.0
4595,201411,0,711.0,8,0.0,0.0,0.0,2000.0,69,0.0
4596,201407,1,5002.0,12,3.0,0.0,0.0,3000.0,46,33.0
4597,201409,1,3269.0,12,48.0,3.0,7.0,900.0,48,6.0
4598,201411,0,602.0,12,0.0,0.0,0.0,1500.0,70,0.0
4599,201407,0,485.0,12,0.0,0.0,0.0,975.58,38,0.0
4600,201412,1,2237.0,3,15.0,4.0,3.0,500.0,28,11.0
4601,201406,0,171.0,6,0.0,0.0,0.0,450.0,33,0.0
4602,201407,0,1708.0,12,5.0,4.0,8.0,1000.0,68,1.0
4603,201406,1,2588.0,12,5.0,0.0,4.0,1726.68,73,1.0
4604,201409,0,3509.0,5,23.0,2.0,8.0,500.0,30,31.0
4605,201407,0,2501.0,12,32.0,11.0,0.0,500.0,76,2.0
4606,201408,1,1525.0,12,1.0,8.0,12.0,1385.0,30,1.0
4607,201403,0,3058.0,3,13.0,6.0,10.0,150.0,50,8.0
4608,201406,0,2396.0,12,16.0,10.0,10.0,1000.0,61,4.0
4609,201406,1,2328.0,12,12.0,4.0,10.0,1340.33,30,3.0
4610,201406,1,1109.0,12,0.0,0.0,12.0,1500.0,40,0.0
4611,201406,0,4860.0,12,80.0,7.0,11.0,2500.0,55,30.0
4612,201412,1,909.0,3,0.0,0.0,5.0,350.0,29,0.0
4613,201408,1,237.0,12,0.0,0.0,0.0,700.0,50,0.0
4614,201405,0,1107.0,12,0.0,0.0,9.0,2000.0,54,0.0
4615,201403,1,461.0,12,0.0,0.0,0.0,840.05,30,0.0
4616,201410,0,733.0,12,0.0,0.0,0.0,900.0,67,0.0
4617,201407,0,587.0,6,0.0,0.0,0.0,500.0,34,0.0
4618,201409,0,564.0,5,0.0,0.0,0.0,600.0,35,0.0
4619,201404,1,1196.0,12,0.0,3.0,11.0,1500.0,58,0.0
4620,201404,1,1536.0,4,1.0,4.0,11.0,300.0,28,2.0
4621,201406,0,1145.0,12,0.0,1.0,12.0,1000.0,32,0.0
4622,201403,0,3987.0,12,35.0,9.0,12.0,500.0,48,25.0
4623,201405,0,1068.0,5,0.0,0.0,11.0,450.0,35,0.0
4624,201405,1,667.0,12,0.0,0.0,3.0,1000.0,36,0.0
4625,201407,0,,12,0.0,0.0,0.0,950.0,33,0.0
4626,201404,0,795.0,12,0.0,0.0,2.0,1000.0,32,0.0
4627,201403,0,621.0,12,0.0,0.0,0.0,1500.0,45,0.0
4628,201412,0,403.0,12,0.0,0.0,0.0,1977.52,51,0.0
4629,201412,0,1245.0,8,0.0,4.0,5.0,700.0,59,0.0
4630,201405,0,888.0,4,0.0,0.0,4.0,400.0,49,0.0
4631,201408,0,2232.0,8,18.0,6.0,9.0,450.0,50,5.0
4632,201407,0,4821.0,12,76.0,8.0,12.0,1200.0,69,20.0
4633,201403,0,451.0,12,0.0,0.0,0.0,1000.0,34,0.0
4634,201401,0,294.0,12,0.0,0.0,0.0,1047.8,34,0.0
4635,201408,0,966.0,10,0.0,0.0,10.0,800.0,31,0.0
4636,201404,1,426.0,12,0.0,0.0,0.0,2000.0,30,0.0
4637,201411,0,403.0,4,0.0,0.0,0.0,500.0,28,0.0
4638,201407,0,2400.0,8,21.0,0.0,0.0,1000.0,67,4.0
4639,201404,0,681.0,8,0.0,0.0,0.0,500.0,24,0.0
4640,201404,0,1333.0,12,0.0,5.0,6.0,1000.0,47,0.0
4641,201405,0,3720.0,12,43.0,0.0,0.0,1000.0,33,3.0
4642,201406,0,227.0,12,0.0,0.0,0.0,1350.2,30,0.0
4643,201411,0,246.0,10,0.0,0.0,0.0,1700.0,62,0.0
4644,201402,0,3311.0,12,6.0,0.0,0.0,800.0,36,12.0
4645,201408,0,1354.0,12,0.0,6.0,12.0,2000.0,53,0.0
4646,201405,0,888.0,12,0.0,0.0,5.0,3000.0,34,0.0
4647,201402,0,2415.0,12,25.0,11.0,11.0,1600.0,63,6.0
4648,201405,0,1452.0,12,0.0,11.0,12.0,1270.0,30,0.0
4649,201403,0,1493.0,12,1.0,3.0,5.0,1753.37,51,1.0
4650,201410,0,222.0,12,0.0,0.0,0.0,1500.0,51,0.0
4651,201403,0,1400.0,5,0.0,1.0,12.0,500.0,58,0.0
4652,201402,0,4203.0,12,30.0,6.0,6.0,1000.0,30,41.0
4653,201402,0,3730.0,12,10.0,4.0,9.0,886.93,49,17.0
4654,201403,0,4771.0,3,93.0,8.0,9.0,957.33,51,7.0
4655,201412,1,1143.0,8,0.0,0.0,8.0,1600.0,59,0.0
4656,201407,1,541.0,6,0.0,0.0,0.0,500.0,33,0.0
4657,201404,0,777.0,12,0.0,0.0,3.0,2000.0,37,0.0
4658,201405,1,1241.0,12,0.0,3.0,12.0,1300.0,44,0.0
4659,201403,0,804.0,12,0.0,0.0,3.0,600.0,23,0.0
4660,201403,0,2079.0,12,8.0,9.0,11.0,1500.0,26,5.0
4661,201406,0,950.0,9,0.0,0.0,7.0,3000.0,56,0.0
4662,201404,0,1589.0,12,4.0,8.0,11.0,1500.0,28,1.0
4663,201411,1,284.0,12,0.0,0.0,0.0,1000.0,44,0.0
4664,201406,0,668.0,12,0.0,0.0,0.0,1000.0,52,0.0
4665,201412,0,1355.0,4,0.0,4.0,10.0,400.0,31,0.0
4666,201407,0,692.0,12,0.0,0.0,0.0,536.63,31,0.0
4667,201402,0,1156.0,12,0.0,1.0,12.0,600.0,28,0.0
4668,201407,0,280.0,12,0.0,0.0,0.0,1000.0,30,0.0
4669,201405,1,230.0,12,0.0,0.0,0.0,1750.0,49,0.0
4670,201412,0,2841.0,8,29.0,8.0,1.0,500.0,60,16.0
4671,201410,0,768.0,3,0.0,0.0,1.0,200.0,31,0.0
4672,201404,1,540.0,12,0.0,0.0,0.0,1000.0,30,0.0
4673,201410,0,2798.0,9,32.0,5.0,0.0,659.0,65,5.0
4674,201412,1,1731.0,12,8.0,11.0,12.0,2000.0,48,1.0
4675,201401,1,618.0,12,0.0,0.0,0.0,2627.66,33,0.0
4676,201407,0,2766.0,12,28.0,11.0,12.0,1500.0,48,9.0
4677,201411,1,501.0,8,0.0,0.0,0.0,1500.0,28,0.0
4678,201409,0,223.0,12,0.0,0.0,0.0,1000.0,34,0.0
4679,201409,1,636.0,12,0.0,0.0,0.0,3000.0,40,0.0
4680,201404,0,998.0,12,0.0,0.0,9.0,641.0,34,0.0
4681,201404,0,890.0,12,0.0,0.0,5.0,600.0,44,0.0
4682,201406,0,979.0,12,0.0,0.0,8.0,3000.0,45,0.0
4683,201406,0,1802.0,9,10.0,12.0,8.0,3000.0,52,1.0
4684,201412,0,3645.0,10,6.0,0.0,9.0,1930.0,65,7.0
4685,201407,0,3451.0,12,53.0,2.0,0.0,1103.0,68,4.0
4686,201404,0,759.0,12,0.0,0.0,2.0,300.0,30,0.0
4687,201411,0,3058.0,12,43.0,10.0,12.0,3000.0,63,10.0
4688,201408,0,4157.0,7,61.0,12.0,12.0,1000.0,33,13.0
4689,201411,0,1254.0,12,0.0,4.0,3.0,696.0,59,0.0
4690,201410,0,898.0,12,0.0,0.0,8.0,1173.32,46,0.0
4691,201401,1,376.0,12,0.0,0.0,0.0,727.34,34,0.0
4692,201411,0,2330.0,6,15.0,5.0,10.0,1000.0,29,11.0
4693,201401,1,194.0,12,0.0,0.0,0.0,666.41,34,0.0
4694,201408,0,466.0,8,0.0,0.0,0.0,600.0,45,0.0
4695,201406,1,258.0,12,0.0,0.0,0.0,1908.77,52,0.0
4696,201404,0,811.0,3,0.0,0.0,4.0,150.0,28,0.0
4697,201411,0,379.0,12,0.0,0.0,0.0,1000.0,58,0.0
4698,201404,0,1036.0,12,0.0,0.0,10.0,800.0,33,0.0
4699,201401,0,568.0,4,0.0,0.0,0.0,600.0,22,0.0
4700,201411,0,3603.0,6,40.0,9.0,12.0,723.15,55,22.0
4701,201412,0,2301.0,12,29.0,9.0,5.0,1000.0,68,1.0
4702,201412,1,1872.0,12,4.0,5.0,12.0,1500.0,33,5.0
4703,201408,0,546.0,12,0.0,0.0,0.0,1537.52,46,0.0
4704,201404,0,269.0,10,0.0,0.0,0.0,718.11,36,0.0
4705,201409,0,1056.0,3,0.0,0.0,3.0,500.0,58,0.0
4706,201404,0,517.0,10,0.0,0.0,0.0,300.0,46,0.0
4707,201411,1,362.0,12,0.0,0.0,0.0,1000.0,28,0.0
4708,201409,0,2080.0,10,13.0,10.0,12.0,2000.0,47,9.0
4709,201410,0,2356.0,6,22.0,9.0,12.0,1000.0,27,8.0
4710,201412,0,458.0,12,0.0,0.0,0.0,1000.0,40,0.0
4711,201402,1,724.0,12,0.0,0.0,0.0,2759.03,27,0.0
4712,201404,1,169.0,12,0.0,0.0,0.0,1500.0,47,0.0
4713,201409,0,758.0,12,0.0,0.0,1.0,1000.0,55,0.0
4714,201412,1,1279.0,12,0.0,4.0,10.0,1000.0,32,0.0
4715,201411,0,2775.0,12,14.0,0.0,2.0,1500.0,26,5.0
4716,201404,0,1710.0,4,1.0,0.0,7.0,600.0,34,1.0
4717,201404,0,2162.0,5,10.0,0.0,0.0,500.0,73,2.0
4718,201408,0,638.0,12,0.0,0.0,0.0,2000.0,46,0.0
4719,201405,0,2238.0,12,24.0,10.0,12.0,700.0,46,2.0
4720,201408,0,257.0,5,0.0,0.0,0.0,200.0,31,0.0
4721,201408,0,1584.0,6,3.0,12.0,12.0,700.0,42,1.0
4722,201408,1,680.0,12,0.0,0.0,0.0,1000.0,34,0.0
4723,201406,0,570.0,10,0.0,0.0,0.0,250.0,25,0.0
4724,201407,1,1350.0,12,0.0,8.0,10.0,1741.81,45,0.0
4725,201406,0,427.0,12,0.0,0.0,0.0,1500.0,26,0.0
4726,201405,0,2600.0,6,14.0,11.0,12.0,500.0,29,3.0
4727,201412,0,1295.0,12,0.0,6.0,12.0,1500.0,61,0.0
4728,201402,0,225.0,12,0.0,0.0,0.0,1000.0,36,0.0
4729,201405,1,188.0,12,0.0,0.0,0.0,1600.0,50,0.0
4730,201401,0,665.0,6,0.0,0.0,0.0,400.0,69,0.0
4731,201404,0,920.0,12,0.0,0.0,6.0,1000.0,53,0.0
4732,201403,0,3116.0,12,9.0,1.0,3.0,1500.0,50,2.0
4733,201402,0,423.0,12,0.0,0.0,0.0,1500.0,46,0.0
4734,201411,0,619.0,12,0.0,0.0,0.0,800.0,41,0.0
4735,201406,0,226.0,12,0.0,0.0,0.0,1000.0,45,0.0
4736,201406,0,632.0,12,0.0,0.0,0.0,1234.34,34,0.0
4737,201410,0,686.0,12,0.0,0.0,0.0,1000.0,28,0.0
4738,201404,0,287.0,12,0.0,0.0,0.0,1000.0,47,0.0
4739,201407,0,3142.0,12,43.0,8.0,12.0,1600.0,54,24.0
4740,201402,0,921.0,12,0.0,0.0,7.0,2200.0,51,0.0
4741,201406,1,275.0,6,0.0,0.0,0.0,500.0,33,0.0
4742,201402,1,224.0,12,0.0,0.0,0.0,923.26,28,0.0
4743,201411,0,3036.0,5,37.0,11.0,12.0,1000.0,47,11.0
4744,201404,0,1723.0,8,8.0,12.0,2.0,600.0,68,3.0
4745,201408,1,227.0,12,0.0,0.0,0.0,680.0,34,0.0
4746,201402,1,633.0,12,0.0,0.0,0.0,1120.0,31,0.0
4747,201408,0,5060.0,3,44.0,3.0,11.0,1800.0,48,24.0
4748,201406,0,311.0,12,0.0,0.0,0.0,500.0,46,0.0
4749,201408,0,1625.0,12,5.0,11.0,12.0,2000.0,61,1.0
4750,201409,0,2911.0,12,32.0,1.0,5.0,800.0,28,4.0
4751,201407,0,1165.0,10,0.0,2.0,7.0,700.0,33,0.0
4752,201405,0,3907.0,3,39.0,5.0,4.0,300.0,47,23.0
4753,201406,0,3387.0,12,59.0,10.0,12.0,700.0,45,4.0
4754,201402,0,1593.0,12,3.0,0.0,2.0,1000.0,58,1.0
4755,201407,0,759.0,12,0.0,0.0,1.0,900.0,56,0.0
4756,201408,0,1156.0,12,0.0,1.0,12.0,1000.0,47,0.0
4757,201402,0,780.0,12,0.0,0.0,2.0,775.43,24,0.0
4758,201401,0,714.0,4,0.0,0.0,0.0,300.0,29,0.0
4759,201405,0,552.0,12,0.0,0.0,0.0,1000.0,34,0.0
4760,201408,0,4610.0,12,37.0,4.0,10.0,1200.0,32,11.0
4761,201403,1,304.0,10,0.0,0.0,0.0,1000.0,47,0.0
4762,201412,0,2910.0,12,38.0,7.0,12.0,600.0,55,11.0
4763,201408,0,726.0,12,0.0,0.0,0.0,1000.0,44,0.0
4764,201410,0,1181.0,12,0.0,2.0,5.0,1500.0,62,0.0
4765,201401,0,1965.0,6,14.0,8.0,11.0,200.0,28,2.0
4766,201410,0,4601.0,12,6.0,1.0,6.0,800.0,34,3.0
4767,201410,1,691.0,12,0.0,0.0,0.0,800.0,25,0.0
4768,201407,0,617.0,12,0.0,0.0,0.0,700.0,32,0.0
4769,201407,0,818.0,6,0.0,0.0,3.0,1000.0,28,0.0
4770,201409,0,373.0,12,0.0,0.0,0.0,2000.0,54,0.0
4771,201407,0,1998.0,12,11.0,9.0,11.0,2573.3,47,4.0
4772,201408,0,4699.0,8,83.0,10.0,12.0,1200.0,76,24.0
4773,201405,0,2482.0,12,29.0,9.0,12.0,1500.0,44,5.0
4774,201411,0,371.0,5,0.0,0.0,0.0,425.0,32,0.0
4775,201405,0,4246.0,12,12.0,3.0,11.0,500.0,30,12.0
4776,201403,1,1782.0,12,4.0,0.0,0.0,1000.0,68,1.0
4777,201407,0,721.0,10,0.0,0.0,0.0,200.0,32,0.0
4778,201405,0,1731.0,10,3.0,5.0,10.0,1369.22,69,6.0
4779,201412,0,2872.0,12,13.0,4.0,7.0,1000.0,28,3.0
4780,201410,0,362.0,12,0.0,0.0,0.0,1500.0,32,0.0
4781,201411,0,1470.0,7,0.0,10.0,12.0,500.0,31,0.0
4782,201404,0,924.0,12,0.0,0.0,6.0,1200.0,30,0.0
4783,201405,0,812.0,9,0.0,0.0,3.0,1500.0,59,0.0
4784,201402,1,1945.0,12,13.0,11.0,12.0,2000.0,54,2.0
4785,201410,1,2905.0,12,28.0,9.0,7.0,1000.0,54,5.0
4786,201404,1,192.0,10,0.0,0.0,0.0,656.53,22,0.0
4787,201403,0,2583.0,12,18.0,0.0,3.0,2000.0,49,7.0
4788,201410,0,295.0,12,0.0,0.0,0.0,1679.28,44,0.0
4789,201409,0,4194.0,4,62.0,11.0,6.0,200.0,31,24.0
4790,201405,0,741.0,12,0.0,0.0,0.0,1181.7,32,0.0
4791,201411,1,123.0,12,0.0,0.0,0.0,1092.56,35,0.0
4792,201401,0,772.0,12,0.0,0.0,2.0,1400.0,66,0.0
4793,201406,0,711.0,12,0.0,0.0,0.0,2470.0,59,0.0
4794,201405,0,698.0,4,0.0,0.0,0.0,350.0,57,0.0
4795,201408,0,471.0,3,0.0,0.0,0.0,204.0,32,0.0
4796,201411,0,329.0,6,0.0,0.0,0.0,1100.0,32,0.0
4797,201401,1,723.0,12,0.0,0.0,0.0,1000.0,58,0.0
4798,201402,0,2364.0,12,26.0,8.0,10.0,1078.78,32,4.0
4799,201411,1,2769.0,6,24.0,10.0,11.0,1500.0,63,9.0
4800,201407,0,302.0,12,0.0,0.0,0.0,1000.0,62,0.0
4801,201402,0,2067.0,12,3.0,0.0,0.0,2400.0,27,19.0
4802,201410,0,1167.0,6,0.0,2.0,11.0,1000.0,47,0.0
4803,201401,0,1023.0,12,0.0,0.0,8.0,1500.0,26,0.0
4804,201405,0,689.0,12,0.0,0.0,0.0,1547.09,27,0.0
4805,201412,0,957.0,12,0.0,0.0,7.0,1200.0,63,0.0
4806,201412,1,406.0,12,0.0,0.0,0.0,1985.1,38,0.0
4807,201402,0,281.0,5,0.0,0.0,0.0,500.0,49,0.0
4808,201412,0,1293.0,10,0.0,6.0,5.0,1100.0,62,0.0
4809,201409,0,4109.0,12,62.0,3.0,11.0,1000.0,49,22.0
4810,201405,0,272.0,3,0.0,0.0,0.0,150.0,29,0.0
4811,201405,1,2148.0,12,22.0,11.0,12.0,3000.0,48,1.0
4812,201410,0,3180.0,12,6.0,0.0,9.0,2000.0,26,5.0
4813,201403,0,379.0,12,0.0,0.0,0.0,1500.0,53,0.0
4814,201402,0,1912.0,12,9.0,5.0,8.0,800.0,23,6.0
4815,201406,0,2587.0,6,27.0,0.0,0.0,450.0,25,6.0
4816,201404,0,2449.0,12,15.0,0.0,7.0,2000.0,71,6.0
4817,201412,1,2433.0,12,8.0,1.0,8.0,927.57,27,12.0
4818,201401,0,1699.0,3,5.0,10.0,3.0,300.0,25,3.0
4819,201412,0,528.0,12,0.0,0.0,0.0,1931.0,29,0.0
4820,201404,1,1053.0,10,0.0,0.0,7.0,600.0,59,0.0
4821,201402,0,603.0,8,0.0,0.0,0.0,500.0,53,0.0
4822,201408,1,388.0,12,0.0,0.0,0.0,1601.14,46,0.0
4823,201406,1,373.0,12,0.0,0.0,0.0,2000.0,62,0.0
4824,201410,0,2753.0,12,27.0,4.0,8.0,1167.47,50,16.0
4825,201408,0,864.0,10,0.0,0.0,4.0,1000.0,38,0.0
4826,201411,0,2649.0,12,24.0,2.0,0.0,1455.88,56,7.0
4827,201410,0,1290.0,12,0.0,7.0,11.0,1884.47,54,0.0
4828,201404,0,890.0,12,0.0,0.0,6.0,1300.0,44,0.0
4829,201401,0,3340.0,12,42.0,9.0,3.0,400.0,49,11.0
4830,201402,0,228.0,12,0.0,0.0,0.0,1000.0,58,0.0
4831,201408,1,2532.0,9,13.0,2.0,2.0,899.63,27,6.0
4832,201404,0,1946.0,12,15.0,12.0,12.0,500.0,53,1.0
4833,201406,0,4796.0,12,75.0,12.0,11.0,3000.0,72,22.0
4834,201405,0,633.0,12,0.0,0.0,0.0,300.0,74,0.0
4835,201406,0,596.0,12,0.0,0.0,0.0,2717.8,47,0.0
4836,201406,0,300.0,12,0.0,0.0,0.0,1000.0,67,0.0
4837,201405,0,869.0,12,0.0,0.0,4.0,1000.0,32,0.0
4838,201406,0,2414.0,3,17.0,3.0,10.0,400.0,59,4.0
4839,201402,0,2360.0,12,17.0,8.0,0.0,700.0,25,7.0
4840,201404,0,2562.0,12,26.0,7.0,0.0,905.84,25,7.0
4841,201408,0,2943.0,5,2.0,0.0,2.0,1000.0,35,4.0
4842,201401,1,225.0,12,0.0,0.0,0.0,1000.0,51,0.0
4843,201410,0,2665.0,12,28.0,0.0,5.0,1300.0,72,7.0
4844,201408,0,117.0,12,0.0,0.0,0.0,500.0,65,0.0
4845,201410,0,664.0,5,0.0,0.0,0.0,500.0,51,0.0
4846,201401,1,2709.0,12,33.0,5.0,4.0,1500.0,26,7.0
4847,201406,0,618.0,12,0.0,0.0,0.0,883.0,29,0.0
4848,201401,1,441.0,12,0.0,0.0,0.0,800.0,48,0.0
4849,201408,1,401.0,12,0.0,0.0,0.0,1500.0,25,0.0
4850,201404,0,1016.0,12,0.0,0.0,10.0,500.0,44,0.0
4851,201405,0,657.0,8,0.0,0.0,0.0,600.0,60,0.0
4852,201410,0,3009.0,10,14.0,0.0,12.0,1000.0,27,13.0
4853,201408,0,877.0,5,0.0,0.0,4.0,328.0,45,0.0
4854,201406,0,191.0,10,0.0,0.0,0.0,570.0,63,0.0
4855,201408,0,694.0,12,0.0,0.0,0.0,862.0,27,0.0
4856,201412,1,683.0,3,0.0,0.0,0.0,500.0,60,0.0
4857,201403,1,841.0,12,0.0,0.0,4.0,1300.0,32,0.0
4858,201403,0,3938.0,12,15.0,0.0,1.0,1500.0,50,4.0
4859,201410,0,2960.0,11,8.0,5.0,10.0,1100.0,29,6.0
4860,201409,0,245.0,5,0.0,0.0,0.0,500.0,28,0.0
4861,201410,0,2902.0,12,4.0,0.0,9.0,2500.0,57,10.0
4862,201410,0,1877.0,8,9.0,0.0,1.0,600.0,39,2.0
4863,201402,1,277.0,12,0.0,0.0,0.0,800.0,28,0.0
4864,201403,0,729.0,12,0.0,0.0,0.0,1504.63,38,0.0
4865,201403,0,3726.0,12,5.0,0.0,0.0,1000.0,61,1.0
4866,201408,0,2576.0,4,14.0,3.0,12.0,400.0,55,10.0
4867,201401,0,1504.0,10,0.0,9.0,0.0,1272.39,56,1.0
4868,201409,0,3867.0,12,22.0,0.0,2.0,1500.0,32,28.0
4869,201404,0,2212.0,12,13.0,8.0,6.0,1000.0,53,2.0
4870,201410,0,614.0,12,0.0,0.0,0.0,3000.0,58,0.0
4871,201406,0,2673.0,6,19.0,8.0,3.0,500.0,59,3.0
4872,201403,0,1773.0,12,5.0,6.0,1.0,1500.0,54,1.0
4873,201412,0,301.0,12,0.0,0.0,0.0,1000.0,27,0.0
4874,201406,1,2142.0,12,15.0,6.0,7.0,1700.0,58,5.0
4875,201404,0,419.0,3,0.0,0.0,0.0,150.0,27,0.0
4876,201401,0,850.0,12,0.0,0.0,4.0,2900.0,28,0.0
4877,201404,1,402.0,12,0.0,0.0,0.0,1150.0,29,0.0
4878,201405,0,1900.0,12,6.0,10.0,9.0,1000.0,58,8.0
4879,201405,0,2981.0,12,25.0,9.0,12.0,3000.0,48,12.0
4880,201412,0,,12,0.0,0.0,0.0,2416.32,69,0.0
4881,201409,1,245.0,12,0.0,0.0,0.0,1000.0,57,0.0
4882,201406,0,4989.0,12,26.0,0.0,0.0,1000.0,72,3.0
4883,201410,1,258.0,12,0.0,0.0,0.0,1000.0,50,0.0
4884,201405,0,1102.0,12,0.0,0.0,11.0,1500.0,49,0.0
4885,201401,1,887.0,12,0.0,0.0,5.0,600.0,50,0.0
4886,201405,0,584.0,12,0.0,0.0,0.0,900.0,25,0.0
4887,201405,1,221.0,12,0.0,0.0,0.0,1000.0,45,0.0
4888,201408,1,1125.0,12,0.0,0.0,11.0,1000.0,43,0.0
4889,201407,1,204.0,12,0.0,0.0,0.0,1526.44,48,0.0
4890,201410,0,309.0,12,0.0,0.0,0.0,1000.0,59,0.0
4891,201406,1,3571.0,12,21.0,0.0,0.0,2481.01,39,14.0
4892,201408,0,363.0,12,0.0,0.0,0.0,1500.0,56,0.0
4893,201402,0,425.0,12,0.0,0.0,0.0,1300.0,63,0.0
4894,201407,1,3122.0,12,25.0,7.0,0.0,2140.0,41,10.0
4895,201409,0,3139.0,3,48.0,12.0,12.0,1000.0,61,6.0
4896,201402,0,363.0,12,0.0,0.0,0.0,978.53,26,0.0
4897,201405,1,561.0,4,0.0,0.0,0.0,300.0,27,0.0
4898,201410,0,1774.0,3,9.0,10.0,12.0,500.0,59,1.0
4899,201402,0,1441.0,12,0.0,4.0,0.0,1500.0,39,0.0
4900,201409,1,533.0,12,0.0,0.0,0.0,800.0,52,0.0
4901,201407,1,755.0,12,0.0,0.0,1.0,1884.74,25,0.0
4902,201401,1,2584.0,12,10.0,0.0,12.0,1338.9,25,6.0
4903,201409,0,2527.0,12,14.0,11.0,12.0,2000.0,68,3.0
4904,201411,1,1167.0,10,0.0,1.0,12.0,1200.0,52,0.0
4905,201412,1,628.0,12,0.0,0.0,0.0,500.0,48,0.0
4906,201408,0,526.0,12,0.0,0.0,0.0,2042.44,43,0.0
4907,201405,0,734.0,12,0.0,0.0,0.0,1000.0,30,0.0
4908,201401,1,1861.0,12,12.0,8.0,8.0,2500.0,51,1.0
4909,201402,0,252.0,12,0.0,0.0,0.0,1992.04,54,0.0
4910,201407,0,884.0,6,0.0,0.0,5.0,500.0,63,0.0
4911,201410,1,1394.0,12,0.0,9.0,12.0,1200.0,63,0.0
4912,201406,0,3199.0,12,28.0,10.0,12.0,2000.0,66,10.0
4913,201404,1,2664.0,12,8.0,0.0,0.0,1000.0,60,14.0
4914,201410,0,316.0,12,0.0,0.0,0.0,3000.0,63,0.0
4915,201409,1,174.0,12,0.0,0.0,0.0,1463.59,24,0.0
4916,201410,0,4829.0,12,95.0,10.0,11.0,2996.56,61,14.0
4917,201402,0,489.0,10,0.0,0.0,0.0,1500.0,53,0.0
4918,201409,0,355.0,12,0.0,0.0,0.0,450.0,48,0.0
4919,201409,0,262.0,10,0.0,0.0,0.0,400.0,27,0.0
4920,201405,0,2740.0,12,28.0,0.0,3.0,1903.0,53,8.0
4921,201410,1,3385.0,12,51.0,10.0,12.0,1500.0,52,10.0
4922,201403,1,192.0,12,0.0,0.0,0.0,1256.04,26,0.0
4923,201402,0,3585.0,12,52.0,11.0,12.0,500.0,69,16.0
4924,201407,0,3648.0,12,33.0,0.0,2.0,1500.0,56,8.0
4925,201412,0,335.0,12,0.0,0.0,0.0,1000.0,65,0.0
4926,201406,0,874.0,10,0.0,0.0,5.0,500.0,50,0.0
4927,201412,1,3826.0,12,20.0,2.0,0.0,1000.0,45,14.0
4928,201405,0,293.0,12,0.0,0.0,0.0,600.0,50,0.0
4929,201402,0,498.0,3,0.0,0.0,0.0,300.0,28,0.0
4930,201402,0,1645.0,12,4.0,10.0,12.0,1500.0,63,2.0
4931,201407,1,3405.0,10,13.0,0.0,4.0,1698.0,31,10.0
4932,201403,0,746.0,6,0.0,0.0,0.0,200.0,38,0.0
4933,201408,0,3174.0,12,8.0,0.0,0.0,1000.0,27,17.0
4934,201411,0,1940.0,12,13.0,6.0,12.0,2000.0,42,2.0
4935,201405,0,361.0,12,0.0,0.0,0.0,800.0,24,0.0
4936,201407,0,4725.0,12,33.0,8.0,8.0,1000.0,51,12.0
4937,201401,1,672.0,12,0.0,0.0,0.0,700.0,24,0.0
4938,201404,0,1936.0,12,15.0,9.0,11.0,1500.0,49,1.0
4939,201402,0,1877.0,12,8.0,6.0,9.0,2200.0,56,5.0
4940,201404,1,428.0,12,0.0,0.0,0.0,1500.0,45,0.0
4941,201409,0,521.0,12,0.0,0.0,0.0,2000.0,54,0.0
4942,201401,1,246.0,8,0.0,0.0,0.0,500.0,27,0.0
4943,201412,0,272.0,12,0.0,0.0,0.0,1200.0,24,0.0
4944,201408,0,481.0,12,0.0,0.0,0.0,1000.0,48,0.0
4945,201401,1,390.0,8,0.0,0.0,0.0,1042.0,45,0.0
4946,201411,0,204.0,12,0.0,0.0,0.0,1932.0,31,0.0
4947,201407,0,713.0,12,0.0,0.0,0.0,1000.0,63,0.0
4948,201411,0,282.0,12,0.0,0.0,0.0,1344.07,26,0.0
4949,201412,0,557.0,12,0.0,0.0,0.0,600.0,36,0.0
4950,201409,0,632.0,12,0.0,0.0,0.0,1300.0,57,0.0
4951,201407,0,1296.0,10,0.0,5.0,6.0,2000.0,66,0.0
4952,201410,0,878.0,12,0.0,0.0,5.0,2767.77,61,0.0
4953,201407,1,859.0,12,0.0,0.0,4.0,1939.94,62,0.0
4954,201405,1,366.0,12,0.0,0.0,0.0,1500.0,54,0.0
4955,201401,0,516.0,12,0.0,0.0,0.0,578.58,20,0.0
4956,201403,0,2857.0,5,37.0,6.0,12.0,700.0,59,9.0
4957,201403,0,1948.0,12,6.0,0.0,6.0,1900.0,58,2.0
4958,201409,0,4808.0,12,16.0,10.0,10.0,600.0,55,7.0
4959,201403,1,332.0,12,0.0,0.0,0.0,630.0,24,0.0
4960,201402,0,1965.0,12,17.0,3.0,0.0,1295.26,47,1.0
4961,201406,0,1423.0,6,0.0,8.0,0.0,500.0,55,0.0
4962,201404,0,1123.0,12,0.0,0.0,9.0,3000.0,29,0.0
4963,201407,0,587.0,4,0.0,0.0,0.0,200.0,51,0.0
4964,201405,0,3897.0,12,56.0,11.0,12.0,2000.0,49,11.0
4965,201402,0,858.0,3,0.0,0.0,5.0,150.0,35,0.0
4966,201402,0,315.0,12,0.0,0.0,0.0,1112.01,22,0.0
4967,201405,0,564.0,12,0.0,0.0,0.0,800.0,74,0.0
4968,201405,0,2074.0,6,11.0,2.0,0.0,1000.0,47,3.0
4969,201412,1,2256.0,12,7.0,5.0,8.0,1581.58,63,13.0
4970,201411,0,624.0,5,0.0,0.0,0.0,500.0,54,0.0
4971,201403,1,519.0,12,0.0,0.0,0.0,1213.43,25,0.0
4972,201403,0,439.0,12,0.0,0.0,0.0,500.0,45,0.0
4973,201401,1,1047.0,6,0.0,0.0,10.0,1000.0,73,0.0
4974,201403,1,446.0,12,0.0,0.0,0.0,1000.0,51,0.0
4975,201406,0,194.0,12,0.0,0.0,0.0,967.51,57,0.0
4976,201412,0,3648.0,12,47.0,10.0,12.0,3000.0,59,13.0
4977,201410,0,208.0,12,0.0,0.0,0.0,1000.0,32,0.0
4978,201412,1,238.0,12,0.0,0.0,0.0,2000.0,27,0.0
4979,201410,1,446.0,12,0.0,0.0,0.0,600.0,31,0.0
4980,201405,0,2707.0,7,35.0,12.0,12.0,1000.0,70,6.0
4981,201407,0,731.0,8,0.0,0.0,2.0,500.0,29,0.0
4982,201404,0,701.0,9,0.0,0.0,0.0,1000.0,46,0.0
4983,201412,0,3645.0,12,22.0,9.0,12.0,2000.0,71,12.0
4984,201410,0,323.0,5,0.0,0.0,0.0,400.0,49,0.0
4985,201404,0,848.0,12,0.0,0.0,4.0,800.0,24,0.0
4986,201408,1,895.0,12,0.0,0.0,5.0,1267.66,49,0.0
4987,201405,0,1939.0,10,15.0,2.0,0.0,1000.0,73,1.0
4988,201401,1,4493.0,12,92.0,12.0,10.0,1000.0,48,8.0
4989,201404,0,228.0,4,0.0,0.0,0.0,200.0,41,0.0
4990,201403,1,1692.0,12,7.0,12.0,12.0,1200.0,70,1.0
4991,201401,0,943.0,8,0.0,0.0,7.0,500.0,48,0.0
4992,201406,0,3878.0,12,61.0,9.0,12.0,1000.0,55,14.0
4993,201403,1,640.0,12,0.0,0.0,0.0,540.62,23,0.0
4994,201406,0,917.0,12,0.0,0.0,7.0,3000.0,46,0.0
4995,201411,1,733.0,12,0.0,0.0,0.0,2398.31,45,0.0
4996,201410,0,1629.0,12,5.0,9.0,11.0,2000.0,53,1.0
4997,201401,1,2394.0,12,19.0,7.0,9.0,600.0,26,4.0
4998,201403,0,391.0,12,0.0,0.0,0.0,1355.29,42,0.0
4999,201405,1,1186.0,12,0.0,3.0,2.0,2104.49,74,0.0
5000,201409,0,1790.0,12,2.0,4.0,11.0,2900.0,69,5.0
5001,201410,0,771.0,12,0.0,0.0,2.0,1000.0,23,0.0
5002,201401,0,836.0,4,0.0,0.0,3.0,300.0,34,0.0
5003,201405,0,433.0,12,0.0,0.0,0.0,500.0,46,0.0
5004,201405,1,517.0,12,0.0,0.0,0.0,1341.78,29,0.0
5005,201407,1,403.0,12,0.0,0.0,0.0,1500.0,38,0.0
5006,201402,0,620.0,12,0.0,0.0,0.0,1000.0,25,0.0
5007,201405,1,163.0,12,0.0,0.0,0.0,800.0,54,0.0
5008,201412,0,4316.0,12,55.0,10.0,12.0,1200.0,64,33.0
5009,201402,0,456.0,10,0.0,0.0,0.0,500.0,19,0.0
5010,201405,0,292.0,12,0.0,0.0,0.0,865.02,28,0.0
5011,201410,0,3574.0,12,52.0,1.0,3.0,2400.0,50,13.0
5012,201410,0,1304.0,10,0.0,5.0,11.0,1600.0,39,0.0
5013,201402,0,1894.0,12,10.0,8.0,11.0,1500.0,62,2.0
5014,201410,0,227.0,3,0.0,0.0,0.0,300.0,48,0.0
5015,201403,0,205.0,12,0.0,0.0,0.0,786.65,21,0.0
5016,201408,1,465.0,12,0.0,0.0,0.0,1000.0,37,0.0
5017,201412,1,385.0,12,0.0,0.0,0.0,1200.0,25,0.0
5018,201401,0,2526.0,12,20.0,3.0,1.0,900.0,48,11.0
5019,201411,1,2941.0,12,3.0,0.0,11.0,829.08,54,8.0
5020,201409,1,164.0,12,0.0,0.0,0.0,1500.0,51,0.0
5021,201402,0,2260.0,12,23.0,8.0,7.0,1500.0,58,3.0
5022,201404,0,386.0,12,0.0,0.0,0.0,1644.45,57,0.0
5023,201410,1,987.0,12,0.0,0.0,11.0,1300.0,56,0.0
5024,201410,0,2938.0,12,25.0,9.0,12.0,3000.0,60,15.0
5025,201406,0,804.0,12,0.0,0.0,2.0,1461.0,62,0.0
5026,201412,1,1143.0,12,0.0,1.0,9.0,1200.0,22,0.0
5027,201411,0,3632.0,12,57.0,11.0,9.0,3000.0,48,9.0
5028,201403,0,1746.0,12,8.0,12.0,12.0,950.0,45,1.0
5029,201411,1,423.0,12,0.0,0.0,0.0,1000.0,69,0.0
5030,201409,0,1225.0,12,0.0,4.0,12.0,1479.38,21,0.0
5031,201404,1,298.0,12,0.0,0.0,0.0,1853.27,39,0.0
5032,201401,0,1542.0,12,2.0,12.0,12.0,400.0,67,1.0
5033,201406,0,261.0,12,0.0,0.0,0.0,600.0,30,0.0
5034,201402,0,1491.0,12,1.0,9.0,10.0,2000.0,62,1.0
5035,201405,1,3769.0,12,8.0,0.0,0.0,1000.0,50,22.0
5036,201401,1,2231.0,12,22.0,12.0,12.0,2627.66,42,3.0
5037,201407,0,530.0,6,0.0,0.0,0.0,300.0,67,0.0
5038,201402,0,306.0,4,0.0,0.0,0.0,200.0,52,0.0
5039,201410,0,415.0,12,0.0,0.0,0.0,2167.71,53,0.0
5040,201407,0,222.0,12,0.0,0.0,0.0,800.0,57,0.0
5041,201403,0,570.0,12,0.0,0.0,0.0,1000.0,58,0.0
5042,201406,1,1570.0,12,2.0,6.0,9.0,2100.0,54,2.0
5043,201410,1,521.0,12,0.0,0.0,0.0,1000.0,42,0.0
5044,201405,0,3349.0,12,11.0,5.0,11.0,1000.0,51,7.0
5045,201412,0,1375.0,12,0.0,6.0,12.0,1500.0,47,0.0
5046,201406,0,627.0,6,0.0,0.0,0.0,1000.0,50,0.0
5047,201409,1,185.0,12,0.0,0.0,0.0,1500.0,52,0.0
5048,201412,0,1095.0,12,0.0,0.0,12.0,1500.0,41,0.0
5049,201403,0,593.0,12,0.0,0.0,0.0,1000.0,63,0.0
5050,201406,0,465.0,12,0.0,0.0,0.0,700.0,48,0.0
5051,201403,0,457.0,12,0.0,0.0,0.0,1000.0,59,0.0
5052,201408,0,3862.0,12,15.0,3.0,12.0,1400.0,46,22.0
5053,201407,0,2417.0,6,23.0,11.0,12.0,1000.0,50,6.0
5054,201403,1,659.0,12,0.0,0.0,0.0,1800.0,28,0.0
5055,201405,0,1108.0,5,0.0,0.0,12.0,800.0,57,0.0
5056,201412,1,615.0,12,0.0,0.0,0.0,1000.0,58,0.0
5057,201402,1,620.0,12,0.0,0.0,0.0,1290.7,43,0.0
5058,201409,0,1889.0,12,11.0,7.0,12.0,1000.0,55,3.0
5059,201408,0,415.0,5,0.0,0.0,0.0,565.67,21,0.0
5060,201408,0,2215.0,5,21.0,11.0,11.0,700.0,28,4.0
5061,201403,0,322.0,12,0.0,0.0,0.0,600.0,63,0.0
5062,201404,0,1717.0,12,7.0,12.0,1.0,1000.0,58,2.0
5063,201404,0,3452.0,10,11.0,12.0,12.0,3000.0,45,4.0
5064,201410,1,2425.0,12,21.0,0.0,10.0,700.0,43,3.0
5065,201408,0,3541.0,12,11.0,0.0,0.0,1000.0,67,8.0
5066,201404,0,2948.0,10,15.0,0.0,3.0,500.0,48,11.0
5067,201404,0,528.0,11,0.0,0.0,0.0,789.0,23,0.0
5068,201408,1,4333.0,12,85.0,11.0,12.0,2000.0,58,4.0
5069,201409,0,818.0,7,0.0,0.0,3.0,700.0,20,0.0
5070,201404,0,521.0,12,0.0,0.0,0.0,2434.92,42,0.0
5071,201404,0,2250.0,12,11.0,7.0,12.0,1380.0,36,4.0
5072,201405,0,514.0,12,0.0,0.0,0.0,1500.0,46,0.0
5073,201404,0,934.0,12,0.0,0.0,4.0,1468.38,47,0.0
5074,201407,1,700.0,12,0.0,0.0,0.0,989.67,46,0.0
5075,201409,0,764.0,12,0.0,0.0,1.0,1300.0,67,0.0
5076,201410,0,1663.0,6,6.0,8.0,0.0,300.0,46,2.0
5077,201404,0,4656.0,12,60.0,8.0,6.0,1838.1,38,11.0
5078,201408,1,4264.0,12,66.0,0.0,0.0,3000.0,66,14.0
5079,201411,0,2329.0,3,10.0,0.0,11.0,600.0,48,8.0
5080,201407,0,613.0,12,0.0,0.0,0.0,1481.24,43,0.0
5081,201412,0,448.0,3,0.0,0.0,0.0,827.2,50,0.0
5082,201403,1,615.0,10,0.0,0.0,0.0,600.0,29,0.0
5083,201401,1,1433.0,12,1.0,12.0,12.0,1500.0,45,1.0
5084,201405,0,1676.0,8,6.0,12.0,12.0,595.0,49,1.0
5085,201403,0,356.0,5,0.0,0.0,0.0,400.0,37,0.0
5086,201410,1,3919.0,12,12.0,0.0,3.0,1300.0,45,3.0
5087,201412,0,2696.0,6,30.0,11.0,12.0,500.0,53,7.0
5088,201410,1,644.0,12,0.0,0.0,0.0,1150.0,36,0.0
5089,201407,0,1371.0,10,0.0,4.0,12.0,1000.0,57,0.0
5090,201408,0,623.0,5,0.0,0.0,0.0,600.0,31,0.0
5091,201402,0,236.0,12,0.0,0.0,0.0,1000.0,49,0.0
5092,201410,1,155.0,12,0.0,0.0,0.0,700.0,58,0.0
5093,201409,1,342.0,12,0.0,0.0,0.0,1000.0,69,0.0
5094,201410,1,291.0,10,0.0,0.0,0.0,1000.0,27,0.0
5095,201412,0,434.0,3,0.0,0.0,0.0,536.0,30,0.0
5096,201405,0,461.0,6,0.0,0.0,0.0,1000.0,43,0.0
5097,201409,0,220.0,8,0.0,0.0,0.0,500.0,49,0.0
5098,201408,0,1572.0,10,3.0,5.0,3.0,1300.0,56,1.0
5099,201405,0,1264.0,12,0.0,4.0,9.0,1406.95,36,0.0
5100,201410,0,490.0,12,0.0,0.0,0.0,700.0,37,0.0
5101,201407,0,1304.0,12,0.0,6.0,12.0,1000.0,44,0.0
5102,201406,1,4741.0,12,7.0,0.0,0.0,1000.0,43,8.0
5103,201407,0,1217.0,12,0.0,3.0,12.0,1300.0,57,0.0
5104,201409,0,259.0,12,0.0,0.0,0.0,1000.0,47,0.0
5105,201411,0,319.0,6,0.0,0.0,0.0,500.0,48,0.0
5106,201405,0,1253.0,12,0.0,3.0,6.0,900.0,45,0.0
5107,201408,0,,12,,,,2082.47,62,
5108,201407,0,1690.0,12,6.0,9.0,12.0,1000.0,58,2.0
5109,201404,0,2736.0,12,35.0,9.0,6.0,992.0,43,6.0
5110,201405,0,583.0,8,0.0,0.0,0.0,500.0,46,0.0
5111,201408,0,223.0,12,0.0,0.0,0.0,1037.0,58,0.0
5112,201404,0,3412.0,4,40.0,3.0,3.0,160.0,62,16.0
5113,201402,0,4674.0,12,102.0,12.0,11.0,1745.43,35,2.0
5114,201410,1,301.0,12,0.0,0.0,0.0,1600.0,55,0.0
5115,201408,0,750.0,12,0.0,0.0,0.0,1000.0,25,0.0
5116,201407,1,212.0,12,0.0,0.0,0.0,2500.0,66,0.0
5117,201402,0,682.0,10,0.0,0.0,0.0,641.49,21,0.0
5118,201411,0,1389.0,12,0.0,9.0,12.0,3000.0,67,0.0
5119,201410,1,1466.0,12,0.0,11.0,12.0,2500.0,51,0.0
5120,201406,1,499.0,12,0.0,0.0,0.0,3000.0,58,0.0
5121,201403,1,238.0,12,0.0,0.0,0.0,730.93,30,0.0
5122,201403,0,474.0,12,0.0,0.0,0.0,1845.53,37,0.0
5123,201410,0,462.0,12,0.0,0.0,0.0,870.0,66,0.0
5124,201409,0,773.0,12,0.0,0.0,4.0,500.0,35,0.0
5125,201404,0,2775.0,8,22.0,0.0,0.0,600.0,62,4.0
5126,201401,0,344.0,12,0.0,0.0,0.0,1500.0,45,0.0
5127,201403,0,1120.0,10,0.0,0.0,9.0,700.0,37,0.0
5128,201409,0,4025.0,8,51.0,10.0,1.0,800.0,53,12.0
5129,201408,0,1311.0,12,0.0,4.0,7.0,1220.0,22,0.0
5130,201402,0,971.0,12,0.0,0.0,7.0,1580.0,21,0.0
5131,201411,0,728.0,8,0.0,0.0,0.0,1000.0,65,0.0
5132,201410,1,664.0,12,0.0,0.0,9.0,1932.99,36,0.0
5133,201407,0,1262.0,12,0.0,4.0,12.0,3000.0,53,0.0
5134,201408,1,1061.0,12,0.0,0.0,7.0,1000.0,28,0.0
5135,201407,0,2678.0,4,14.0,3.0,0.0,500.0,44,3.0
5136,201409,0,1116.0,3,0.0,0.0,12.0,700.0,36,0.0
5137,201406,0,1113.0,12,0.0,0.0,12.0,1900.0,46,0.0
5138,201402,0,2020.0,12,3.0,9.0,6.0,1500.0,38,2.0
5139,201409,0,146.0,6,0.0,0.0,0.0,700.0,62,0.0
5140,201405,1,365.0,12,0.0,0.0,0.0,1000.0,49,0.0
5141,201410,0,217.0,10,0.0,0.0,0.0,150.0,52,0.0
5142,201401,0,1495.0,5,1.0,5.0,5.0,700.0,50,1.0
5143,201406,1,4833.0,12,18.0,0.0,1.0,3000.0,54,16.0
5144,201409,1,443.0,12,0.0,0.0,0.0,2250.0,39,0.0
5145,201404,0,570.0,12,0.0,0.0,0.0,1500.0,21,0.0
5146,201408,0,2727.0,12,39.0,12.0,12.0,500.0,66,2.0
5147,201402,0,1402.0,12,0.0,10.0,10.0,800.0,42,0.0
5148,201411,0,1235.0,12,0.0,2.0,0.0,1310.0,54,0.0
5149,201406,1,674.0,12,0.0,0.0,0.0,1250.0,60,0.0
5150,201402,1,217.0,10,0.0,0.0,0.0,1500.0,55,0.0
5151,201403,0,519.0,7,0.0,0.0,0.0,500.0,39,0.0
5152,201402,0,4382.0,10,20.0,0.0,0.0,692.53,42,6.0
5153,201401,0,227.0,6,0.0,0.0,0.0,500.0,29,0.0
5154,201402,0,696.0,12,0.0,0.0,0.0,2000.0,44,0.0
5155,201402,0,2573.0,12,29.0,11.0,11.0,590.67,67,6.0
5156,201402,0,1687.0,12,2.0,2.0,5.0,1000.0,23,5.0
5157,201405,0,1559.0,12,2.0,6.0,8.0,1702.04,25,2.0
5158,201406,0,228.0,10,0.0,0.0,0.0,1200.0,22,0.0
5159,201407,0,2877.0,12,23.0,0.0,9.0,900.0,73,11.0
5160,201412,0,646.0,8,0.0,0.0,0.0,1500.0,25,0.0
5161,201405,0,1158.0,12,0.0,1.0,12.0,2024.93,48,0.0
5162,201406,0,1241.0,12,0.0,4.0,12.0,2000.0,53,0.0
5163,201406,0,3599.0,6,22.0,11.0,10.0,200.0,55,8.0
5164,201406,0,559.0,10,0.0,0.0,0.0,2000.0,68,0.0
5165,201402,0,348.0,12,0.0,0.0,0.0,1000.0,43,0.0
5166,201403,0,1021.0,10,0.0,0.0,8.0,500.0,41,0.0
5167,201410,1,363.0,12,0.0,0.0,0.0,1989.2,37,0.0
5168,201410,0,450.0,9,0.0,0.0,0.0,1000.0,26,0.0
5169,201410,0,379.0,12,0.0,0.0,0.0,1500.0,75,0.0
5170,201404,1,461.0,12,0.0,0.0,0.0,3000.0,62,0.0
5171,201403,0,269.0,12,0.0,0.0,0.0,700.0,53,0.0
5172,201405,0,1259.0,3,0.0,5.0,11.0,450.0,50,0.0
5173,201403,0,,6,,,,600.0,43,
5174,201412,0,2832.0,12,2.0,0.0,0.0,1200.0,52,1.0
5175,201407,1,1465.0,10,0.0,8.0,0.0,1500.0,51,0.0
5176,201410,1,583.0,12,0.0,0.0,0.0,1250.0,19,0.0
5177,201402,0,1565.0,12,3.0,7.0,12.0,1000.0,50,1.0
5178,201412,1,682.0,12,0.0,0.0,0.0,1000.0,48,0.0
5179,201408,0,3946.0,5,18.0,5.0,11.0,500.0,45,14.0
5180,201408,1,243.0,10,0.0,0.0,0.0,900.0,74,0.0
5181,201401,0,809.0,12,0.0,0.0,3.0,800.0,39,0.0
5182,201407,0,347.0,3,0.0,0.0,0.0,200.0,50,0.0
5183,201411,0,621.0,8,0.0,0.0,0.0,700.0,41,0.0
5184,201406,1,743.0,12,0.0,0.0,2.0,800.0,45,0.0
5185,201409,0,1780.0,12,6.0,6.0,9.0,1000.0,65,1.0
5186,201407,0,4552.0,12,51.0,12.0,10.0,2280.0,48,14.0
5187,201409,0,273.0,12,0.0,0.0,0.0,400.0,19,0.0
5188,201403,1,2467.0,12,15.0,9.0,12.0,1600.0,42,4.0
5189,201409,0,1004.0,12,0.0,0.0,9.0,1000.0,60,0.0
5190,201406,0,2707.0,12,39.0,12.0,12.0,1500.0,46,2.0
5191,201401,0,1760.0,12,7.0,1.0,11.0,1500.0,40,2.0
5192,201405,1,262.0,10,0.0,0.0,0.0,500.0,39,0.0
5193,201408,1,276.0,8,0.0,0.0,0.0,1000.0,37,0.0
5194,201405,0,319.0,12,0.0,0.0,0.0,3000.0,43,0.0
5195,201405,1,235.0,12,0.0,0.0,0.0,728.83,19,0.0
5196,201402,0,1980.0,12,16.0,12.0,12.0,2600.0,71,1.0
5197,201409,0,1077.0,10,0.0,0.0,10.0,700.0,57,0.0
5198,201411,1,157.0,12,0.0,0.0,0.0,800.27,19,0.0
5199,201403,0,1028.0,12,0.0,0.0,7.0,1300.0,58,0.0
5200,201406,0,3815.0,12,43.0,7.0,12.0,3000.0,64,12.0
5201,201412,1,372.0,3,0.0,0.0,0.0,300.0,31,0.0
5202,201404,0,1525.0,12,1.0,10.0,0.0,1000.0,73,1.0
5203,201411,1,507.0,10,0.0,0.0,0.0,320.0,38,0.0
5204,201403,1,1182.0,12,0.0,2.0,12.0,1000.0,46,0.0
5205,201410,0,342.0,6,0.0,0.0,0.0,500.0,51,0.0
5206,201410,0,236.0,3,0.0,0.0,0.0,600.0,57,0.0
5207,201409,0,2970.0,4,6.0,0.0,2.0,400.0,26,1.0
5208,201410,0,372.0,12,0.0,0.0,0.0,649.0,31,0.0
5209,201403,0,2600.0,12,34.0,3.0,0.0,2392.24,43,3.0
5210,201412,0,2485.0,12,27.0,9.0,11.0,1300.0,49,5.0
5211,201404,0,698.0,12,0.0,0.0,0.0,700.0,48,0.0
5212,201404,1,411.0,12,0.0,0.0,0.0,1220.0,63,0.0
5213,201409,0,1467.0,12,0.0,11.0,12.0,3000.0,26,0.0
5214,201410,0,1310.0,10,0.0,8.0,10.0,800.0,42,0.0
5215,201406,1,3439.0,12,23.0,1.0,0.0,2000.0,43,14.0
5216,201410,0,4400.0,12,23.0,12.0,11.0,3000.0,63,23.0
5217,201407,0,2528.0,9,28.0,10.0,12.0,1000.0,70,6.0
5218,201402,1,1611.0,12,4.0,7.0,12.0,620.0,69,1.0
5219,201403,0,440.0,12,0.0,0.0,0.0,1200.0,41,0.0
5220,201402,0,2397.0,8,29.0,10.0,12.0,760.0,43,2.0
5221,201412,0,483.0,8,0.0,0.0,0.0,800.0,40,0.0
5222,201404,0,4544.0,12,61.0,8.0,11.0,750.0,60,13.0
5223,201403,0,256.0,12,0.0,0.0,0.0,1133.94,59,0.0
5224,201403,1,486.0,12,0.0,0.0,0.0,2627.66,37,0.0
5225,201403,1,592.0,12,0.0,0.0,0.0,1500.0,61,0.0
5226,201403,0,635.0,6,0.0,0.0,0.0,600.0,42,0.0
5227,201405,0,796.0,8,0.0,0.0,2.0,1000.0,31,0.0
5228,201410,0,805.0,6,0.0,0.0,2.0,500.0,48,0.0
5229,201406,0,810.0,12,0.0,0.0,2.0,3000.0,54,0.0
5230,201408,1,767.0,12,0.0,0.0,1.0,933.89,44,0.0
5231,201407,0,290.0,10,0.0,0.0,0.0,1000.0,70,0.0
5232,201404,0,594.0,8,0.0,0.0,0.0,600.0,46,0.0
5233,201406,0,2944.0,12,24.0,0.0,1.0,3000.0,62,4.0
5234,201408,1,782.0,10,0.0,0.0,2.0,1500.0,42,0.0
5235,201402,0,626.0,4,0.0,0.0,0.0,200.0,25,0.0
5236,201411,1,447.0,6,0.0,0.0,0.0,450.0,49,0.0
5237,201405,0,1060.0,12,0.0,0.0,11.0,1500.0,38,0.0
5238,201412,1,447.0,12,0.0,0.0,0.0,200.0,22,0.0
5239,201404,0,3354.0,12,32.0,6.0,5.0,1000.0,62,7.0
5240,201405,1,361.0,12,0.0,0.0,0.0,1000.0,47,0.0
5241,201405,0,2016.0,12,10.0,9.0,7.0,1478.0,60,2.0
5242,201404,1,63.0,8,0.0,0.0,0.0,536.0,51,0.0
5243,201401,0,746.0,7,0.0,0.0,0.0,400.0,39,0.0
5244,201410,0,2798.0,12,35.0,11.0,12.0,1200.0,50,9.0
5245,201405,0,3432.0,12,50.0,5.0,6.0,1000.0,63,9.0
5246,201408,0,4230.0,4,11.0,1.0,1.0,1200.0,42,6.0
5247,201407,0,500.0,12,0.0,0.0,0.0,1010.24,21,0.0
5248,201412,1,4532.0,12,29.0,0.0,9.0,500.0,49,4.0
5249,201403,0,3033.0,12,23.0,6.0,3.0,1700.0,48,3.0
5250,201411,1,567.0,12,0.0,0.0,0.0,1000.0,71,0.0
5251,201402,0,168.0,12,0.0,0.0,0.0,739.29,32,0.0
5252,201412,1,531.0,12,0.0,0.0,0.0,1602.2,21,0.0
5253,201412,1,559.0,3,0.0,0.0,0.0,500.0,33,0.0
5254,201403,1,227.0,12,0.0,0.0,0.0,930.0,28,0.0
5255,201411,0,531.0,12,0.0,0.0,0.0,1000.0,49,0.0
5256,201406,0,1427.0,5,0.0,10.0,0.0,500.0,55,0.0
5257,201409,0,1967.0,12,11.0,1.0,0.0,700.0,57,5.0
5258,201406,0,792.0,8,0.0,0.0,2.0,1500.0,46,0.0
5259,201406,0,897.0,10,0.0,0.0,5.0,1100.0,41,0.0
5260,201404,0,621.0,7,0.0,0.0,0.0,350.0,20,0.0
5261,201409,1,281.0,12,0.0,0.0,0.0,2280.83,53,0.0
5262,201409,0,244.0,12,0.0,0.0,0.0,1000.0,47,0.0
5263,201412,1,1839.0,12,9.0,7.0,11.0,2000.0,49,4.0
5264,201402,0,3892.0,12,43.0,8.0,11.0,3000.0,45,12.0
5265,201411,0,385.0,12,0.0,0.0,0.0,3000.0,38,0.0
5266,201402,0,604.0,6,0.0,0.0,0.0,700.0,55,0.0
5267,201401,1,854.0,12,0.0,0.0,5.0,800.0,50,0.0
5268,201408,0,2902.0,12,6.0,0.0,1.0,1649.57,26,3.0
5269,201404,0,886.0,12,0.0,0.0,5.0,2000.0,46,0.0
5270,201406,0,812.0,12,0.0,0.0,3.0,2039.11,46,0.0
5271,201407,0,2681.0,12,19.0,0.0,0.0,1000.0,53,6.0
5272,201402,0,133.0,12,0.0,0.0,0.0,2100.0,57,0.0
5273,201404,0,493.0,12,0.0,0.0,0.0,1000.0,44,0.0
5274,201407,0,595.0,12,0.0,0.0,0.0,1000.0,55,0.0
5275,201407,0,1458.0,12,0.0,8.0,12.0,300.0,25,0.0
5276,201412,1,244.0,12,0.0,0.0,0.0,600.0,23,0.0
5277,201407,0,323.0,12,0.0,0.0,0.0,1500.0,46,0.0
5278,201402,1,150.0,12,0.0,0.0,0.0,469.28,18,0.0
5279,201410,0,3575.0,12,37.0,0.0,0.0,2875.46,57,3.0
5280,201412,0,1663.0,8,5.0,0.0,6.0,1200.0,38,2.0
5281,201408,1,270.0,12,0.0,0.0,0.0,900.0,30,0.0
5282,201401,0,380.0,12,0.0,0.0,0.0,1000.0,71,0.0
5283,201412,0,833.0,12,0.0,0.0,3.0,1000.0,67,0.0
5284,201406,0,2452.0,12,15.0,5.0,12.0,1000.0,69,2.0
5285,201405,1,2562.0,12,12.0,0.0,11.0,1000.0,44,4.0
5286,201409,0,1558.0,12,3.0,9.0,8.0,2000.0,41,1.0
5287,201410,1,159.0,12,0.0,0.0,0.0,2000.0,41,0.0
5288,201410,0,752.0,10,0.0,0.0,1.0,900.0,57,0.0
5289,201410,0,2295.0,12,21.0,10.0,10.0,2500.0,53,5.0
5290,201411,1,256.0,12,0.0,0.0,0.0,1125.0,19,0.0
5291,201405,0,2063.0,12,3.0,0.0,0.0,600.0,52,2.0
5292,201411,1,1317.0,6,0.0,6.0,0.0,200.0,42,0.0
5293,201410,1,219.0,6,0.0,0.0,0.0,678.58,18,0.0
5294,201405,0,893.0,3,0.0,0.0,5.0,150.0,47,0.0
5295,201405,0,2352.0,12,22.0,8.0,12.0,1500.0,59,5.0
5296,201407,1,3331.0,12,60.0,12.0,12.0,714.0,52,1.0
5297,201410,0,3282.0,12,6.0,0.0,0.0,450.0,44,2.0
5298,201412,0,2435.0,8,30.0,9.0,7.0,500.0,42,2.0
5299,201407,0,320.0,12,0.0,0.0,0.0,2162.84,48,0.0
5300,201403,0,1302.0,11,0.0,5.0,0.0,900.0,43,0.0
5301,201408,1,630.0,12,0.0,0.0,0.0,1136.7,21,0.0
5302,201408,0,441.0,12,0.0,0.0,0.0,910.3,31,0.0
5303,201401,0,2343.0,12,12.0,11.0,11.0,700.0,45,3.0
5304,201406,0,101.0,12,0.0,0.0,0.0,700.0,63,0.0
5305,201405,0,457.0,12,0.0,0.0,0.0,1088.0,64,0.0
5306,201408,1,1262.0,7,0.0,1.0,10.0,600.0,57,0.0
5307,201408,0,465.0,12,0.0,0.0,0.0,1000.0,68,0.0
5308,201407,0,750.0,12,0.0,0.0,3.0,600.0,37,0.0
5309,201404,1,286.0,12,0.0,0.0,0.0,3000.0,58,0.0
5310,201408,0,969.0,3,0.0,0.0,8.0,600.0,45,0.0
5311,201408,1,239.0,12,0.0,0.0,0.0,1134.24,36,0.0
5312,201408,0,898.0,12,0.0,0.0,8.0,1300.0,52,0.0
5313,201409,0,2185.0,12,10.0,0.0,1.0,1000.0,47,15.0
5314,201404,1,192.0,12,0.0,0.0,0.0,800.0,21,0.0
5315,201408,0,290.0,12,0.0,0.0,0.0,1500.0,55,0.0
5316,201408,0,2702.0,12,18.0,6.0,0.0,1400.0,68,6.0
5317,201401,0,1930.0,12,15.0,4.0,1.0,1426.68,23,1.0
5318,201409,1,676.0,12,0.0,0.0,0.0,1200.0,54,0.0
5319,201410,0,514.0,12,0.0,0.0,0.0,2000.0,71,0.0
5320,201409,1,320.0,12,0.0,0.0,0.0,850.0,56,0.0
5321,201403,1,650.0,12,0.0,0.0,0.0,1400.0,35,0.0
5322,201401,0,695.0,12,0.0,0.0,1.0,1500.0,24,0.0
5323,201407,0,780.0,10,0.0,0.0,1.0,1200.0,48,0.0
5324,201402,0,2804.0,12,34.0,7.0,12.0,1000.0,51,8.0
5325,201412,0,4150.0,12,34.0,11.0,12.0,1000.0,50,6.0
5326,201410,1,2931.0,12,15.0,6.0,11.0,1340.0,57,3.0
5327,201402,1,271.0,12,0.0,0.0,0.0,680.0,63,0.0
5328,201410,0,379.0,12,0.0,0.0,0.0,1000.0,26,0.0
5329,201407,1,727.0,7,0.0,0.0,0.0,600.0,48,0.0
5330,201408,0,241.0,12,0.0,0.0,0.0,1245.42,72,0.0
5331,201410,1,506.0,12,0.0,0.0,0.0,1067.69,61,0.0
5332,201402,0,2903.0,12,45.0,11.0,12.0,2900.69,61,6.0
5333,201403,0,1209.0,6,0.0,3.0,12.0,150.0,55,0.0
5334,201401,1,839.0,12,0.0,0.0,3.0,1700.0,38,0.0
5335,201403,0,328.0,12,0.0,0.0,0.0,1000.0,50,0.0
5336,201412,0,712.0,12,0.0,0.0,0.0,690.0,30,0.0
5337,201410,1,2233.0,12,22.0,11.0,12.0,980.2,44,4.0
5338,201412,0,569.0,5,0.0,0.0,0.0,500.0,45,0.0
5339,201406,0,462.0,6,0.0,0.0,0.0,480.0,40,0.0
5340,201403,0,2568.0,12,15.0,6.0,6.0,2045.0,50,3.0
5341,201402,0,223.0,12,0.0,0.0,0.0,800.0,61,0.0
5342,201408,0,964.0,12,0.0,0.0,7.0,800.0,50,0.0
5343,201412,0,352.0,12,0.0,0.0,0.0,1358.13,52,0.0
5344,201408,1,978.0,12,0.0,0.0,9.0,3000.0,46,0.0
5345,201402,1,761.0,10,0.0,0.0,1.0,400.0,57,0.0
5346,201407,0,,6,0.0,0.0,0.0,1000.0,60,0.0
5347,201406,0,1496.0,3,0.0,12.0,4.0,320.0,44,1.0
5348,201404,0,771.0,12,0.0,0.0,1.0,1000.0,22,0.0
5349,201409,0,3421.0,12,11.0,6.0,12.0,3000.0,45,4.0
5350,201412,1,1307.0,12,0.0,4.0,6.0,1000.0,51,0.0
5351,201406,0,331.0,12,0.0,0.0,0.0,800.0,67,0.0
5352,201411,0,665.0,10,0.0,0.0,0.0,1496.2,39,0.0
5353,201411,0,413.0,8,0.0,0.0,0.0,1000.0,53,0.0
5354,201407,0,500.0,5,0.0,0.0,0.0,600.0,33,0.0
5355,201407,1,142.0,12,0.0,0.0,0.0,750.0,25,0.0
5356,201406,1,1466.0,12,1.0,1.0,10.0,1000.0,50,0.0
5357,201402,0,416.0,12,0.0,0.0,0.0,1000.0,52,0.0
5358,201409,0,1113.0,12,0.0,0.0,12.0,1500.0,67,0.0
5359,201402,0,2022.0,6,11.0,8.0,10.0,740.0,23,6.0
5360,201409,1,270.0,6,0.0,0.0,0.0,1000.0,23,0.0
5361,201406,0,2408.0,12,19.0,9.0,0.0,900.0,49,9.0
5362,201405,1,311.0,12,0.0,0.0,0.0,922.17,39,0.0
5363,201409,0,3409.0,12,43.0,0.0,0.0,600.0,66,8.0
5364,201407,1,1075.0,12,0.0,0.0,12.0,3000.0,74,0.0
5365,201404,0,338.0,6,0.0,0.0,0.0,431.55,48,0.0
5366,201405,0,2235.0,12,14.0,7.0,2.0,1858.0,67,6.0
5367,201410,1,4259.0,12,12.0,1.0,12.0,1590.78,38,4.0
5368,201412,0,1514.0,12,1.0,7.0,0.0,1500.0,50,1.0
5369,201410,0,590.0,6,0.0,0.0,0.0,1000.0,45,0.0
5370,201405,0,495.0,12,0.0,0.0,0.0,800.0,41,0.0
5371,201407,0,2436.0,12,16.0,7.0,1.0,3000.0,64,10.0
5372,201411,0,4312.0,12,63.0,9.0,0.0,3000.0,55,10.0
5373,201411,0,588.0,4,0.0,0.0,0.0,500.0,28,0.0
5374,201403,0,3630.0,12,54.0,5.0,6.0,260.0,33,17.0
5375,201405,0,4968.0,12,29.0,0.0,3.0,500.0,65,8.0
5376,201409,0,417.0,12,0.0,0.0,0.0,800.0,50,0.0
5377,201410,0,411.0,5,0.0,0.0,0.0,574.0,61,0.0
5378,201407,1,1745.0,12,8.0,12.0,9.0,2200.0,36,2.0
5379,201409,0,186.0,5,0.0,0.0,0.0,500.0,53,0.0
5380,201404,0,916.0,12,0.0,0.0,6.0,1000.0,41,0.0
5381,201406,0,762.0,12,0.0,0.0,1.0,3000.0,65,0.0
5382,201407,0,1736.0,12,8.0,4.0,0.0,978.14,45,1.0
5383,201411,0,751.0,12,0.0,0.0,1.0,700.0,66,0.0
5384,201411,1,341.0,6,0.0,0.0,0.0,300.0,71,0.0
5385,201408,0,788.0,12,0.0,0.0,2.0,1500.0,52,0.0
5386,201403,0,982.0,12,0.0,0.0,8.0,2282.0,63,0.0
5387,201402,0,284.0,12,0.0,0.0,0.0,2000.0,54,0.0
5388,201406,0,2309.0,4,19.0,9.0,7.0,400.0,46,6.0
5389,201401,1,1786.0,12,10.0,12.0,12.0,2505.68,39,1.0
5390,201412,0,738.0,7,0.0,0.0,0.0,800.0,40,0.0
5391,201402,0,254.0,12,0.0,0.0,0.0,630.0,55,0.0
5392,201408,1,356.0,12,0.0,0.0,0.0,920.97,36,0.0
5393,201411,0,4413.0,6,11.0,0.0,8.0,1300.0,51,17.0
5394,201411,0,1705.0,12,6.0,0.0,0.0,613.01,61,1.0
5395,201407,1,637.0,12,0.0,0.0,0.0,1000.0,67,0.0
5396,201408,1,834.0,10,0.0,0.0,3.0,500.0,43,0.0
5397,201411,0,2359.0,8,26.0,7.0,11.0,1300.0,67,4.0
5398,201401,1,1046.0,12,0.0,0.0,10.0,1000.0,43,0.0
5399,201408,0,3019.0,12,16.0,6.0,6.0,1000.0,51,12.0
5400,201401,0,763.0,12,0.0,0.0,1.0,1000.0,42,0.0
5401,201411,1,491.0,3,0.0,0.0,0.0,500.0,47,0.0
5402,201402,0,2733.0,8,35.0,10.0,12.0,1500.0,48,3.0
5403,201409,0,344.0,12,0.0,0.0,0.0,1093.94,37,0.0
5404,201404,0,768.0,12,0.0,0.0,4.0,887.11,30,0.0
5405,201406,1,1427.0,12,0.0,10.0,12.0,350.0,34,0.0
5406,201410,0,943.0,12,0.0,0.0,7.0,1000.0,35,0.0
5407,201411,1,1375.0,12,0.0,4.0,7.0,2000.0,41,0.0
5408,201404,0,917.0,12,0.0,0.0,6.0,1200.0,77,0.0
5409,201404,1,1007.0,12,0.0,0.0,9.0,300.0,54,0.0
5410,201402,0,427.0,10,0.0,0.0,0.0,300.0,49,0.0
5411,201411,1,740.0,12,0.0,0.0,0.0,1200.0,60,0.0
5412,201405,0,2347.0,12,18.0,5.0,12.0,1300.0,37,11.0
5413,201404,1,1029.0,12,0.0,0.0,10.0,742.92,26,0.0
5414,201403,1,2782.0,12,22.0,4.0,1.0,800.0,51,8.0
5415,201402,0,1009.0,6,0.0,0.0,8.0,500.0,34,0.0
5416,201402,0,2277.0,12,13.0,2.0,9.0,942.93,26,7.0
5417,201407,0,2698.0,12,13.0,0.0,0.0,1926.02,49,4.0
5418,201405,0,4848.0,12,58.0,8.0,6.0,2500.0,64,13.0
5419,201412,1,3119.0,12,2.0,0.0,0.0,1964.06,35,1.0
5420,201402,0,672.0,12,0.0,0.0,2.0,1000.0,33,0.0
5421,201411,0,3129.0,10,39.0,10.0,12.0,2903.03,34,13.0
5422,201408,1,3507.0,12,44.0,12.0,12.0,3000.0,45,19.0
5423,201408,1,3319.0,12,33.0,7.0,5.0,1200.0,48,7.0
5424,201401,0,1614.0,12,4.0,4.0,8.0,2900.0,51,1.0
5425,201412,0,3493.0,8,49.0,6.0,7.0,1000.0,62,11.0
5426,201403,0,350.0,7,0.0,0.0,0.0,600.0,34,0.0
5427,201407,0,3631.0,12,65.0,10.0,10.0,1500.0,46,6.0
5428,201404,0,3405.0,3,5.0,0.0,3.0,300.0,33,2.0
5429,201412,0,3314.0,6,57.0,9.0,12.0,200.0,59,2.0
5430,201401,1,259.0,12,0.0,0.0,0.0,300.0,38,0.0
5431,201404,1,190.0,12,0.0,0.0,0.0,961.15,34,0.0
5432,201402,1,400.0,12,0.0,0.0,0.0,1072.08,35,0.0
5433,201411,0,2809.0,7,35.0,8.0,5.0,900.0,41,9.0
5434,201411,0,1810.0,7,8.0,11.0,10.0,500.0,35,4.0
5435,201409,0,2823.0,6,24.0,0.0,10.0,500.0,56,6.0
5436,201412,0,,12,,,,3000.0,52,
5437,201405,0,2376.0,12,10.0,12.0,11.0,3000.0,69,4.0
5438,201407,1,135.0,12,0.0,0.0,0.0,1217.05,60,0.0
5439,201408,0,251.0,8,0.0,0.0,0.0,600.0,47,0.0
5440,201410,0,2796.0,12,25.0,0.0,0.0,1608.15,50,6.0
5441,201406,1,267.0,8,0.0,0.0,0.0,700.0,60,0.0
5442,201407,1,522.0,12,0.0,0.0,0.0,2000.0,46,0.0
5443,201410,0,2297.0,12,22.0,9.0,12.0,1398.86,45,6.0
5444,201412,0,,4,,,,200.0,50,
5445,201406,0,830.0,12,0.0,0.0,10.0,500.0,53,0.0
5446,201406,1,595.0,12,0.0,0.0,0.0,2200.0,30,0.0
5447,201407,0,960.0,3,0.0,0.0,7.0,500.0,65,0.0
5448,201412,1,1214.0,12,0.0,2.0,12.0,2756.83,27,0.0
5449,201401,1,298.0,10,0.0,0.0,0.0,380.0,47,0.0
5450,201404,1,203.0,12,0.0,0.0,0.0,714.6,53,0.0
5451,201407,0,2440.0,12,24.0,7.0,10.0,1373.19,51,9.0
5452,201408,0,4695.0,12,6.0,2.0,5.0,1000.0,72,10.0
5453,201403,1,1738.0,12,6.0,5.0,9.0,1000.0,49,4.0
5454,201409,0,572.0,3,0.0,0.0,0.0,250.0,53,0.0
5455,201412,0,4909.0,12,42.0,10.0,11.0,1500.0,58,31.0
5456,201406,1,848.0,12,0.0,0.0,2.0,3000.0,56,0.0
5457,201404,0,379.0,11,0.0,0.0,0.0,500.0,42,0.0
5458,201402,0,1169.0,12,0.0,1.0,7.0,1500.0,43,0.0
5459,201406,0,1373.0,12,0.0,9.0,11.0,900.0,41,0.0
5460,201407,0,2224.0,10,24.0,12.0,12.0,3000.0,62,1.0
5461,201404,1,3098.0,12,4.0,0.0,0.0,1000.0,41,4.0
5462,201401,0,477.0,12,0.0,0.0,0.0,2058.87,46,0.0
5463,201401,1,308.0,12,0.0,0.0,0.0,1017.0,23,0.0
5464,201408,0,1795.0,8,7.0,3.0,8.0,701.0,23,2.0
5465,201402,1,174.0,12,0.0,0.0,0.0,2096.95,58,0.0
5466,201412,0,472.0,12,0.0,0.0,0.0,1745.19,53,0.0
5467,201410,0,466.0,12,0.0,0.0,0.0,2000.0,46,0.0
5468,201409,0,1748.0,4,8.0,8.0,4.0,300.0,48,1.0
5469,201404,0,3893.0,12,41.0,3.0,4.0,1000.0,46,20.0
5470,201405,0,1169.0,5,0.0,2.0,12.0,1000.0,44,0.0
5471,201409,0,559.0,6,0.0,0.0,0.0,400.0,60,0.0
5472,201406,0,4267.0,12,65.0,7.0,10.0,1500.0,47,17.0
5473,201410,0,1687.0,12,5.0,7.0,12.0,1000.0,55,1.0
5474,201404,1,1376.0,12,0.0,4.0,6.0,1500.0,44,0.0
5475,201411,0,2199.0,6,7.0,1.0,5.0,600.0,63,12.0
5476,201411,0,572.0,10,0.0,0.0,0.0,1000.0,55,0.0
5477,201406,0,3316.0,12,4.0,2.0,7.0,1000.0,41,6.0
5478,201405,0,2569.0,12,15.0,4.0,9.0,1283.03,58,10.0
5479,201407,0,2161.0,12,10.0,6.0,9.0,1185.21,44,5.0
5480,201404,0,855.0,12,0.0,0.0,4.0,500.0,43,0.0
5481,201404,0,947.0,12,0.0,0.0,7.0,1500.0,48,0.0
5482,201412,0,245.0,12,0.0,0.0,0.0,3000.0,58,0.0
5483,201409,1,49.0,12,0.0,0.0,0.0,1000.0,54,0.0
5484,201401,0,2654.0,12,17.0,7.0,12.0,1000.0,58,16.0
5485,201404,0,1616.0,12,4.0,4.0,0.0,1500.0,22,1.0
5486,201403,1,338.0,12,0.0,0.0,0.0,1000.0,71,0.0
5487,201411,1,907.0,12,0.0,0.0,6.0,2500.0,52,0.0
5488,201406,1,542.0,12,0.0,0.0,0.0,1000.0,33,0.0
5489,201405,0,3301.0,10,26.0,6.0,12.0,1000.0,34,4.0
5490,201402,1,228.0,12,0.0,0.0,0.0,500.0,52,0.0
5491,201405,0,459.0,12,0.0,0.0,0.0,1255.0,35,0.0
5492,201407,1,562.0,12,0.0,0.0,0.0,1000.0,46,0.0
5493,201401,1,1222.0,12,0.0,4.0,12.0,1500.0,39,0.0
5494,201402,0,1199.0,12,0.0,3.0,11.0,800.0,34,0.0
5495,201408,1,820.0,12,0.0,0.0,3.0,1000.0,35,0.0
5496,201403,0,1308.0,12,0.0,5.0,12.0,1000.0,42,0.0
5497,201404,0,889.0,12,0.0,0.0,3.0,1000.0,49,0.0
5498,201401,0,2578.0,12,29.0,7.0,12.0,600.0,42,5.0
5499,201406,0,4861.0,12,48.0,0.0,0.0,3000.0,55,26.0
5500,201409,0,2671.0,12,23.0,5.0,12.0,1865.45,42,17.0
5501,201401,1,273.0,12,0.0,0.0,0.0,700.0,23,0.0
5502,201401,0,1699.0,12,7.0,11.0,6.0,1200.0,34,1.0
5503,201409,1,457.0,12,0.0,0.0,0.0,1000.0,39,0.0
5504,201412,0,276.0,12,0.0,0.0,0.0,1000.0,52,0.0
5505,201408,1,533.0,9,0.0,0.0,0.0,350.0,46,0.0
5506,201403,0,306.0,12,0.0,0.0,0.0,500.0,59,0.0
5507,201411,0,1987.0,10,7.0,0.0,0.0,1000.0,62,2.0
5508,201407,1,1845.0,12,10.0,9.0,0.0,1000.0,36,3.0
5509,201401,0,1275.0,12,0.0,5.0,12.0,500.0,36,0.0
5510,201406,1,2743.0,12,15.0,5.0,0.0,3000.0,62,8.0
5511,201409,0,3726.0,5,33.0,7.0,11.0,2052.3,69,19.0
5512,201406,1,266.0,12,0.0,0.0,0.0,500.0,27,0.0
5513,201407,0,4929.0,10,50.0,10.0,12.0,3000.0,40,42.0
5514,201406,0,399.0,3,0.0,0.0,0.0,300.0,22,0.0
5515,201411,0,626.0,12,0.0,0.0,0.0,1000.0,64,0.0
5516,201407,0,593.0,6,0.0,0.0,0.0,1013.92,23,0.0
5517,201401,0,1513.0,10,1.0,9.0,8.0,1213.65,53,1.0
5518,201403,0,3037.0,10,33.0,6.0,12.0,1000.0,75,4.0
5519,201402,1,228.0,12,0.0,0.0,0.0,898.24,37,0.0
5520,201408,0,981.0,4,0.0,0.0,8.0,300.0,34,0.0
5521,201405,0,559.0,4,0.0,0.0,0.0,300.0,22,0.0
5522,201404,1,399.0,12,0.0,0.0,0.0,1500.0,51,0.0
5523,201403,1,245.0,6,0.0,0.0,0.0,500.0,50,0.0
5524,201409,0,775.0,12,0.0,0.0,2.0,1510.0,67,0.0
5525,201407,0,957.0,10,0.0,0.0,7.0,2973.13,51,0.0
5526,201408,0,272.0,12,0.0,0.0,0.0,500.0,34,0.0
5527,201411,0,425.0,12,0.0,0.0,0.0,900.0,42,0.0
5528,201410,1,493.0,8,0.0,0.0,0.0,1500.0,28,0.0
5529,201412,1,259.0,12,0.0,0.0,0.0,2475.49,46,0.0
5530,201405,0,2745.0,12,40.0,12.0,12.0,1000.0,47,2.0
5531,201405,0,1264.0,12,0.0,5.0,2.0,2073.55,43,0.0
5532,201404,0,1841.0,12,12.0,7.0,12.0,2000.0,53,1.0
5533,201405,0,249.0,12,0.0,0.0,0.0,1082.41,44,0.0
5534,201412,0,1305.0,12,0.0,6.0,11.0,1500.0,43,0.0
5535,201405,0,4914.0,12,97.0,6.0,12.0,3000.0,47,17.0
5536,201406,0,897.0,10,0.0,0.0,6.0,425.0,47,0.0
5537,201409,0,790.0,4,0.0,0.0,3.0,300.0,43,0.0
5538,201403,0,4808.0,12,85.0,12.0,12.0,1700.0,41,4.0
5539,201405,1,381.0,12,0.0,0.0,0.0,1000.0,54,0.0
5540,201407,0,582.0,12,0.0,0.0,0.0,2000.0,32,0.0
5541,201409,0,313.0,12,0.0,0.0,0.0,1000.0,44,0.0
5542,201401,0,941.0,3,0.0,0.0,7.0,490.0,46,0.0
5543,201403,0,4433.0,12,51.0,5.0,12.0,500.0,42,10.0
5544,201406,1,818.0,12,0.0,0.0,3.0,2397.97,38,0.0
5545,201404,0,527.0,12,0.0,0.0,0.0,1000.0,47,0.0
5546,201401,0,598.0,4,0.0,0.0,0.0,500.0,27,0.0
5547,201412,0,706.0,12,0.0,0.0,0.0,1000.0,57,0.0
5548,201402,1,623.0,12,0.0,0.0,0.0,1355.39,36,0.0
5549,201405,0,682.0,5,0.0,0.0,0.0,370.0,47,0.0
5550,201410,0,3204.0,3,34.0,10.0,11.0,300.0,58,17.0
5551,201405,0,4356.0,8,52.0,11.0,12.0,1101.13,47,15.0
5552,201407,0,4261.0,12,13.0,4.0,12.0,2000.0,40,26.0
5553,201405,1,1035.0,10,0.0,0.0,10.0,1500.0,45,0.0
5554,201405,0,632.0,6,0.0,0.0,0.0,400.0,46,0.0
5555,201401,1,802.0,12,0.0,0.0,3.0,1500.0,73,0.0
5556,201407,0,3347.0,12,5.0,0.0,1.0,1000.0,36,6.0
5557,201408,1,609.0,12,0.0,0.0,0.0,1556.2,50,0.0
5558,201410,0,1276.0,12,0.0,1.0,12.0,1500.0,72,0.0
5559,201406,0,2104.0,12,19.0,12.0,12.0,1500.0,67,2.0
5560,201401,1,70.0,4,0.0,0.0,0.0,277.37,21,0.0
5561,201412,1,357.0,12,0.0,0.0,0.0,1162.81,45,0.0
5562,201409,0,236.0,12,0.0,0.0,0.0,500.0,59,0.0
5563,201411,0,388.0,12,0.0,0.0,0.0,600.0,49,0.0
5564,201406,0,395.0,12,0.0,0.0,0.0,1500.0,62,0.0
5565,201404,0,4295.0,12,18.0,12.0,12.0,1500.0,53,14.0
5566,201406,0,993.0,12,0.0,0.0,9.0,1000.0,62,0.0
5567,201401,0,2026.0,12,10.0,1.0,4.0,800.0,49,3.0
5568,201403,0,1764.0,10,9.0,12.0,11.0,300.0,57,2.0
5569,201402,0,264.0,12,0.0,0.0,0.0,696.08,47,0.0
5570,201402,0,441.0,12,0.0,0.0,0.0,1000.0,62,0.0
5571,201409,0,1639.0,6,6.0,7.0,12.0,500.0,40,1.0
5572,201404,0,239.0,4,0.0,0.0,0.0,1500.0,35,0.0
5573,201411,0,1772.0,12,8.0,8.0,12.0,500.0,65,2.0
5574,201405,1,791.0,12,0.0,0.0,2.0,1000.0,65,0.0
5575,201404,0,622.0,12,0.0,0.0,0.0,800.0,41,0.0
5576,201407,1,845.0,12,0.0,0.0,4.0,1023.16,44,0.0
5577,201408,1,4596.0,12,8.0,3.0,12.0,2566.96,51,31.0
5578,201410,0,351.0,4,0.0,0.0,0.0,400.0,47,0.0
5579,201412,0,4720.0,6,90.0,10.0,11.0,1000.0,60,10.0
5580,201411,1,877.0,12,0.0,0.0,4.0,800.0,50,0.0
5581,201412,1,1235.0,12,0.0,3.0,12.0,1311.0,46,0.0
5582,201406,0,863.0,12,0.0,0.0,7.0,1000.0,50,0.0
5583,201405,0,390.0,4,0.0,0.0,0.0,400.0,47,0.0
5584,201403,0,4537.0,6,42.0,0.0,0.0,500.0,54,12.0
5585,201403,0,150.0,12,0.0,0.0,0.0,328.0,60,0.0
5586,201403,1,462.0,12,0.0,0.0,0.0,1000.0,41,0.0
5587,201409,0,221.0,3,0.0,0.0,0.0,250.0,57,0.0
5588,201403,0,2638.0,10,9.0,4.0,7.0,250.0,54,4.0
5589,201410,0,1126.0,12,0.0,0.0,11.0,1216.0,57,0.0
5590,201406,0,321.0,12,0.0,0.0,0.0,2050.0,47,0.0
5591,201408,0,2028.0,6,16.0,7.0,3.0,500.0,46,3.0
5592,201408,0,423.0,5,0.0,0.0,0.0,1000.0,35,0.0
5593,201405,0,355.0,12,0.0,0.0,0.0,500.0,57,0.0
5594,201404,0,461.0,6,0.0,0.0,0.0,600.0,25,0.0
5595,201408,1,573.0,12,0.0,0.0,0.0,1615.59,48,0.0
5596,201406,0,2245.0,10,19.0,11.0,11.0,600.0,43,7.0
5597,201408,0,237.0,12,0.0,0.0,0.0,700.0,44,0.0
5598,201405,0,1497.0,12,0.0,8.0,12.0,2000.0,44,1.0
5599,201405,0,285.0,12,0.0,0.0,0.0,1320.61,59,0.0
5600,201409,0,481.0,6,0.0,0.0,0.0,400.0,41,0.0
5601,201405,1,717.0,12,0.0,0.0,0.0,1625.51,22,0.0
5602,201404,0,128.0,12,0.0,0.0,0.0,800.0,58,0.0
5603,201409,0,3223.0,12,32.0,9.0,0.0,1300.0,34,13.0
5604,201407,0,461.0,12,0.0,0.0,0.0,1200.0,66,0.0
5605,201408,1,506.0,12,0.0,0.0,0.0,2219.81,27,0.0
5606,201401,0,750.0,12,0.0,0.0,2.0,1312.65,22,0.0
5607,201412,1,1851.0,12,12.0,11.0,9.0,1700.0,71,1.0
5608,201403,0,4786.0,12,9.0,0.0,7.0,1600.0,50,35.0
5609,201401,0,738.0,12,0.0,0.0,1.0,700.0,74,0.0
5610,201407,0,2462.0,7,31.0,12.0,12.0,1000.0,26,1.0
5611,201406,0,446.0,12,0.0,0.0,0.0,500.0,52,0.0
5612,201404,1,2074.0,12,5.0,1.0,11.0,3000.0,46,5.0
5613,201403,1,350.0,12,0.0,0.0,0.0,807.0,59,0.0
5614,201407,1,529.0,5,0.0,0.0,0.0,451.0,33,0.0
5615,201406,1,3095.0,12,12.0,11.0,4.0,3000.0,46,5.0
5616,201405,0,286.0,8,0.0,0.0,0.0,1000.0,45,0.0
5617,201402,1,202.0,12,0.0,0.0,0.0,1000.0,43,0.0
5618,201407,0,521.0,12,0.0,0.0,0.0,1500.0,58,0.0
5619,201410,0,2498.0,12,7.0,0.0,10.0,700.0,63,5.0
5620,201406,0,1598.0,12,4.0,8.0,11.0,1000.0,46,1.0
5621,201406,0,3191.0,8,25.0,0.0,0.0,1000.0,47,15.0
5622,201404,1,1628.0,12,5.0,10.0,12.0,3000.0,45,1.0
5623,201406,0,352.0,12,0.0,0.0,0.0,800.0,57,0.0
5624,201404,0,464.0,12,0.0,0.0,0.0,1000.0,48,0.0
5625,201404,0,2355.0,4,12.0,0.0,5.0,200.0,40,3.0
5626,201405,1,477.0,12,0.0,0.0,0.0,690.0,67,0.0
5627,201410,0,2543.0,12,1.0,0.0,0.0,1200.0,46,3.0
5628,201410,1,1292.0,12,0.0,7.0,9.0,1000.0,34,0.0
5629,201412,0,385.0,12,0.0,0.0,0.0,1500.0,51,0.0
5630,201405,0,2564.0,12,23.0,0.0,4.0,1500.0,70,6.0
5631,201408,0,3537.0,12,56.0,12.0,12.0,800.0,62,9.0
5632,201410,0,509.0,5,0.0,0.0,0.0,793.32,35,0.0
5633,201403,0,1425.0,12,0.0,9.0,12.0,800.0,35,0.0
5634,201408,0,173.0,10,0.0,0.0,0.0,600.0,54,0.0
5635,201408,1,4750.0,12,28.0,6.0,8.0,1000.0,50,25.0
5636,201411,0,1624.0,12,4.0,5.0,0.0,1000.0,44,1.0
5637,201408,1,829.0,12,0.0,0.0,6.0,1000.0,58,0.0
5638,201406,0,2059.0,12,11.0,0.0,0.0,1032.06,49,1.0
5639,201409,1,5015.0,12,21.0,0.0,4.0,1000.0,45,29.0
5640,201405,0,500.0,12,0.0,0.0,0.0,500.0,45,0.0
5641,201409,0,1257.0,12,0.0,4.0,10.0,1432.06,24,0.0
5642,201409,0,192.0,12,0.0,0.0,0.0,1742.22,46,0.0
5643,201409,1,1383.0,12,0.0,6.0,7.0,1262.19,58,0.0
5644,201407,0,638.0,6,0.0,0.0,0.0,500.0,66,0.0
5645,201401,1,3976.0,12,26.0,0.0,0.0,1500.0,41,6.0
5646,201412,0,,12,,,,1500.0,45,
5647,201402,0,1875.0,12,12.0,11.0,12.0,1000.0,65,2.0
5648,201404,0,2696.0,12,32.0,7.0,12.0,2000.0,54,9.0
5649,201401,0,2161.0,9,16.0,10.0,3.0,2087.32,45,7.0
5650,201404,1,548.0,10,0.0,0.0,0.0,1999.62,32,0.0
5651,201411,0,3583.0,12,52.0,1.0,11.0,1300.0,42,6.0
5652,201401,1,556.0,10,0.0,0.0,0.0,1500.0,59,0.0
5653,201407,0,503.0,12,0.0,0.0,0.0,900.0,56,0.0
5654,201409,0,3731.0,7,54.0,5.0,0.0,600.0,42,13.0
5655,201403,0,2627.0,12,27.0,10.0,12.0,1500.0,46,10.0
5656,201405,0,315.0,12,0.0,0.0,0.0,1500.0,54,0.0
5657,201402,0,826.0,6,0.0,0.0,3.0,500.0,47,0.0
5658,201407,0,650.0,12,0.0,0.0,0.0,1200.0,42,0.0
5659,201401,0,816.0,12,0.0,0.0,3.0,1000.0,22,0.0
5660,201408,0,953.0,7,0.0,0.0,2.0,300.0,76,0.0
5661,201405,1,665.0,12,0.0,0.0,0.0,3000.0,43,0.0
5662,201410,1,1413.0,12,0.0,7.0,12.0,1500.0,56,0.0
5663,201406,0,3003.0,12,18.0,5.0,10.0,1900.0,54,6.0
5664,201408,0,4416.0,10,35.0,0.0,0.0,2000.0,43,8.0
5665,201404,0,358.0,12,0.0,0.0,0.0,3000.0,53,0.0
5666,201412,1,820.0,12,0.0,0.0,4.0,600.0,22,0.0
5667,201412,0,3287.0,12,28.0,0.0,9.0,1000.0,35,7.0
5668,201404,0,709.0,12,0.0,0.0,1.0,800.0,61,0.0
5669,201404,0,311.0,12,0.0,2.0,0.0,2000.0,45,0.0
5670,201404,0,534.0,12,0.0,0.0,0.0,1000.0,42,0.0
5671,201404,0,1980.0,12,3.0,0.0,9.0,300.0,44,1.0
5672,201403,0,950.0,12,0.0,0.0,7.0,2500.0,55,0.0
5673,201403,1,549.0,4,0.0,0.0,0.0,450.0,41,0.0
5674,201404,0,1325.0,12,0.0,7.0,12.0,1200.0,51,0.0
5675,201411,0,1992.0,4,13.0,5.0,12.0,600.0,54,5.0
5676,201408,1,749.0,12,0.0,0.0,1.0,2400.0,60,0.0
5677,201402,0,424.0,12,0.0,0.0,0.0,934.0,53,0.0
5678,201411,0,418.0,5,0.0,0.0,0.0,500.0,22,0.0
5679,201402,0,1062.0,12,0.0,0.0,11.0,600.0,39,0.0
5680,201407,0,501.0,12,0.0,0.0,0.0,1500.0,48,0.0
5681,201407,0,3244.0,12,16.0,0.0,7.0,1000.0,58,8.0
5682,201412,1,4357.0,12,18.0,6.0,12.0,2000.0,37,17.0
5683,201406,0,1456.0,12,0.0,5.0,5.0,2000.0,22,0.0
5684,201404,0,961.0,10,0.0,0.0,7.0,400.0,44,0.0
5685,201407,1,3151.0,12,37.0,9.0,8.0,2500.0,48,18.0
5686,201407,0,1060.0,12,0.0,0.0,10.0,600.0,46,0.0
5687,201407,1,1221.0,12,0.0,3.0,9.0,1000.0,44,0.0
5688,201411,0,1887.0,12,13.0,7.0,12.0,1000.0,57,1.0
5689,201410,0,2375.0,10,14.0,0.0,12.0,1000.0,41,2.0
5690,201403,0,487.0,12,0.0,0.0,0.0,900.0,36,0.0
5691,201410,0,3336.0,12,15.0,2.0,5.0,1100.0,74,2.0
5692,201412,1,532.0,6,0.0,0.0,0.0,800.0,45,0.0
5693,201406,0,1560.0,12,3.0,12.0,12.0,1985.5,55,1.0
5694,201402,1,851.0,12,0.0,0.0,4.0,1000.0,45,0.0
5695,201406,1,1775.0,12,4.0,0.0,1.0,1327.89,39,6.0
5696,201401,1,420.0,12,0.0,0.0,0.0,1000.0,56,0.0
5697,201411,1,716.0,6,0.0,0.0,0.0,600.0,21,0.0
5698,201406,0,191.0,12,0.0,0.0,0.0,3000.0,58,0.0
5699,201401,0,4743.0,12,40.0,0.0,0.0,300.0,45,16.0
5700,201412,0,2000.0,12,17.0,12.0,10.0,1200.0,50,1.0
5701,201407,0,4912.0,12,94.0,6.0,0.0,1500.0,73,10.0
5702,201407,1,325.0,12,0.0,0.0,0.0,1000.0,23,0.0
5703,201408,1,613.0,10,0.0,0.0,0.0,1060.0,46,0.0
5704,201408,0,796.0,10,0.0,0.0,3.0,1889.29,36,0.0
5705,201404,0,736.0,12,0.0,0.0,0.0,800.0,55,0.0
5706,201407,1,3213.0,12,55.0,12.0,11.0,3000.0,54,3.0
5707,201401,0,3490.0,12,30.0,6.0,6.0,800.0,75,4.0
5708,201402,0,888.0,12,0.0,0.0,5.0,500.0,45,0.0
5709,201406,0,1543.0,12,2.0,9.0,12.0,2450.0,43,1.0
5710,201401,0,641.0,6,0.0,0.0,0.0,1000.0,43,0.0
5711,201402,0,1385.0,12,0.0,10.0,11.0,1728.93,42,0.0
5712,201410,0,1347.0,12,0.0,7.0,12.0,1000.0,57,0.0
5713,201402,1,2300.0,12,23.0,12.0,12.0,2632.87,64,4.0
5714,201405,0,996.0,8,0.0,0.0,8.0,800.0,53,0.0
5715,201406,0,1593.0,12,4.0,10.0,12.0,650.0,51,1.0
5716,201405,0,1895.0,12,9.0,9.0,11.0,1500.0,44,4.0
5717,201412,0,479.0,10,0.0,0.0,0.0,1380.0,43,0.0
5718,201403,0,1644.0,12,5.0,12.0,5.0,2000.0,50,1.0
5719,201401,0,3050.0,10,3.0,0.0,0.0,800.0,51,5.0
5720,201404,0,229.0,3,0.0,0.0,0.0,219.0,43,0.0
5721,201402,0,1338.0,12,0.0,6.0,11.0,536.63,40,0.0
5722,201405,0,1571.0,12,3.0,11.0,11.0,1171.63,51,1.0
5723,201410,0,1065.0,12,0.0,0.0,12.0,700.0,68,0.0
5724,201401,0,1856.0,12,10.0,8.0,11.0,1000.0,49,4.0
5725,201405,0,409.0,12,0.0,0.0,0.0,862.0,41,0.0
5726,201405,0,4335.0,12,53.0,6.0,2.0,1000.0,52,8.0
5727,201409,0,2855.0,3,18.0,5.0,12.0,300.0,39,7.0
5728,201408,0,1086.0,12,0.0,0.0,12.0,1000.0,56,0.0
5729,201410,0,1048.0,12,0.0,0.0,11.0,1500.0,51,0.0
5730,201408,0,2196.0,12,23.0,2.0,0.0,1288.21,49,1.0
5731,201412,0,221.0,12,0.0,0.0,0.0,1500.0,39,0.0
5732,201412,0,408.0,4,0.0,0.0,0.0,150.0,22,0.0
5733,201402,0,3528.0,12,38.0,9.0,12.0,700.0,44,30.0
5734,201406,1,949.0,12,0.0,0.0,3.0,2000.0,43,0.0
5735,201406,1,198.0,12,0.0,0.0,0.0,300.0,43,0.0
5736,201412,0,1499.0,5,0.0,11.0,9.0,200.0,41,1.0
5737,201412,1,389.0,6,0.0,0.0,0.0,1000.0,32,0.0
5738,201412,0,285.0,12,0.0,0.0,0.0,700.0,74,0.0
5739,201401,1,743.0,12,0.0,0.0,1.0,600.0,45,0.0
5740,201402,0,286.0,12,0.0,0.0,0.0,350.0,48,0.0
5741,201402,0,970.0,3,0.0,0.0,8.0,150.0,50,0.0
5742,201407,0,1074.0,12,0.0,0.0,12.0,1000.0,55,0.0
5743,201407,0,1511.0,6,0.0,7.0,1.0,500.0,42,2.0
5744,201409,0,1167.0,6,0.0,1.0,8.0,700.0,36,0.0
5745,201411,0,3735.0,6,34.0,9.0,9.0,1000.0,49,14.0
5746,201402,1,631.0,9,0.0,0.0,0.0,2159.42,69,0.0
5747,201404,0,1005.0,10,0.0,0.0,9.0,500.0,40,0.0
5748,201412,1,432.0,3,0.0,0.0,0.0,300.0,22,0.0
5749,201411,0,866.0,10,0.0,0.0,7.0,1000.0,55,0.0
5750,201407,1,4939.0,12,15.0,0.0,0.0,1200.0,41,36.0
5751,201405,0,658.0,8,0.0,0.0,0.0,800.0,21,0.0
5752,201405,0,2343.0,12,13.0,8.0,8.0,1024.85,35,4.0
5753,201406,0,552.0,7,0.0,0.0,0.0,600.0,50,0.0
5754,201402,0,4197.0,7,75.0,9.0,12.0,200.0,51,5.0
5755,201408,1,252.0,12,0.0,0.0,0.0,1628.77,34,0.0
5756,201403,0,917.0,12,0.0,0.0,6.0,946.96,22,0.0
5757,201405,1,468.0,12,0.0,0.0,0.0,1459.4,57,0.0
5758,201408,1,1538.0,12,2.0,4.0,4.0,1893.41,34,1.0
5759,201409,0,838.0,4,0.0,0.0,5.0,600.0,41,0.0
5760,201409,1,460.0,6,0.0,0.0,0.0,500.0,38,0.0
5761,201401,0,738.0,12,0.0,0.0,1.0,1007.88,42,0.0
5762,201403,0,4544.0,12,78.0,11.0,10.0,1000.0,59,18.0
5763,201410,1,386.0,12,0.0,0.0,0.0,700.0,48,0.0
5764,201407,0,924.0,12,0.0,0.0,4.0,1000.0,25,0.0
5765,201410,1,1333.0,12,0.0,5.0,6.0,1200.0,42,0.0
5766,201407,0,2033.0,12,1.0,0.0,0.0,1350.0,74,2.0
5767,201401,0,792.0,12,0.0,0.0,2.0,1000.0,32,0.0
5768,201402,0,1054.0,12,0.0,0.0,10.0,600.0,49,0.0
5769,201407,1,1259.0,12,0.0,5.0,2.0,1000.0,49,0.0
5770,201411,0,429.0,12,0.0,0.0,0.0,1300.0,64,0.0
5771,201406,0,2315.0,6,24.0,12.0,12.0,350.0,45,4.0
5772,201403,0,2488.0,12,28.0,12.0,12.0,500.0,52,5.0
5773,201401,0,3198.0,12,52.0,11.0,8.0,2000.0,57,3.0
5774,201408,0,730.0,12,0.0,0.0,0.0,1000.0,55,0.0
5775,201409,0,1002.0,12,0.0,0.0,8.0,1000.0,53,0.0
5776,201404,1,2617.0,12,17.0,0.0,9.0,2000.0,45,3.0
5777,201407,0,2611.0,3,6.0,0.0,0.0,150.0,38,2.0
5778,201406,1,236.0,12,0.0,0.0,0.0,1000.0,49,0.0
5779,201403,0,2461.0,12,32.0,12.0,12.0,2000.0,51,1.0
5780,201403,0,1156.0,12,0.0,1.0,10.0,2627.66,54,0.0
5781,201408,0,1690.0,6,7.0,12.0,11.0,600.0,63,1.0
5782,201409,0,5083.0,12,63.0,3.0,1.0,900.0,45,36.0
5783,201407,0,280.0,10,0.0,0.0,0.0,600.0,46,0.0
5784,201402,0,1085.0,12,0.0,0.0,12.0,800.0,63,0.0
5785,201404,0,2836.0,10,34.0,11.0,12.0,200.0,43,9.0
5786,201409,1,273.0,12,0.0,0.0,0.0,500.0,21,0.0
5787,201407,1,2298.0,10,16.0,11.0,3.0,600.0,32,10.0
5788,201411,0,1845.0,12,4.0,0.0,0.0,1500.0,51,1.0
5789,201403,0,4419.0,12,75.0,12.0,12.0,2900.69,60,9.0
5790,201407,0,1323.0,12,0.0,3.0,4.0,1500.0,53,0.0
5791,201402,0,284.0,12,0.0,0.0,0.0,1000.0,56,0.0
5792,201403,0,181.0,5,0.0,0.0,0.0,300.0,47,0.0
5793,201403,1,418.0,10,0.0,0.0,0.0,1300.0,44,0.0
5794,201405,0,1704.0,12,6.0,4.0,0.0,600.0,39,2.0
5795,201401,0,2663.0,12,13.0,4.0,2.0,1200.0,41,14.0
5796,201403,0,640.0,12,0.0,0.0,0.0,1502.18,70,0.0
5797,201404,0,487.0,12,0.0,0.0,0.0,2500.0,51,0.0
5798,201404,0,619.0,3,0.0,0.0,0.0,400.0,53,0.0
5799,201407,0,801.0,12,0.0,0.0,3.0,500.0,47,0.0
5800,201401,1,712.0,12,0.0,0.0,0.0,1500.0,34,0.0
5801,201409,0,454.0,3,0.0,0.0,0.0,300.0,39,0.0
5802,201410,0,848.0,12,0.0,0.0,4.0,2000.0,46,0.0
5803,201406,0,392.0,12,0.0,0.0,0.0,250.0,54,0.0
5804,201401,0,435.0,10,0.0,0.0,0.0,800.0,70,0.0
5805,201403,0,413.0,12,0.0,0.0,0.0,1900.0,55,0.0
5806,201408,1,1319.0,12,0.0,5.0,9.0,1000.0,47,0.0
5807,201407,0,,12,0.0,0.0,0.0,1000.0,55,0.0
5808,201410,0,1288.0,12,0.0,5.0,12.0,1779.24,55,0.0
5809,201412,0,2738.0,12,17.0,0.0,0.0,1000.0,63,4.0
5810,201403,1,282.0,12,0.0,0.0,0.0,1500.0,47,0.0
5811,201410,0,2852.0,12,22.0,0.0,0.0,1500.0,37,12.0
5812,201411,0,4041.0,12,5.0,2.0,8.0,2000.0,61,7.0
5813,201406,0,1504.0,5,0.0,7.0,11.0,700.0,44,1.0
5814,201406,0,1528.0,12,0.0,6.0,4.0,1000.0,41,2.0
5815,201407,0,1348.0,6,0.0,6.0,12.0,1000.0,62,0.0
5816,201406,0,731.0,10,0.0,0.0,0.0,1381.0,55,0.0
5817,201411,0,1332.0,7,0.0,5.0,8.0,584.0,47,0.0
5818,201401,0,683.0,12,0.0,0.0,0.0,1300.0,45,0.0
5819,201401,0,2003.0,12,17.0,12.0,12.0,2000.0,45,1.0
5820,201409,0,1350.0,12,0.0,8.0,6.0,1059.86,41,0.0
5821,201411,1,1006.0,12,0.0,0.0,12.0,2000.0,56,0.0
5822,201401,0,188.0,7,0.0,0.0,0.0,600.0,72,0.0
5823,201408,1,260.0,12,0.0,0.0,0.0,980.0,42,0.0
5824,201410,0,531.0,12,0.0,0.0,0.0,1500.0,55,0.0
5825,201410,0,4843.0,12,86.0,9.0,11.0,1800.0,48,18.0
5826,201402,0,4280.0,12,58.0,12.0,12.0,500.0,60,14.0
5827,201410,1,732.0,12,0.0,0.0,0.0,1500.0,35,0.0
5828,201402,0,258.0,12,0.0,0.0,0.0,650.0,21,0.0
5829,201403,1,459.0,12,0.0,0.0,0.0,726.42,31,0.0
5830,201409,0,4989.0,12,90.0,7.0,0.0,400.0,41,17.0
5831,201404,1,771.0,12,0.0,0.0,1.0,2000.0,40,0.0
5832,201406,1,317.0,12,0.0,0.0,0.0,1000.0,43,0.0
5833,201401,1,268.0,12,0.0,0.0,0.0,1500.0,76,0.0
5834,201412,0,667.0,12,0.0,0.0,0.0,1500.0,46,0.0
5835,201406,0,304.0,12,0.0,0.0,0.0,1500.0,67,0.0
5836,201412,0,791.0,5,0.0,0.0,2.0,779.8,22,0.0
5837,201401,1,407.0,12,0.0,0.0,0.0,1300.0,38,0.0
5838,201409,0,548.0,5,0.0,0.0,0.0,200.0,37,0.0
5839,201411,0,442.0,12,0.0,0.0,0.0,2000.0,68,0.0
5840,201404,0,,12,,,,600.0,47,
5841,201403,0,786.0,12,0.0,0.0,1.0,840.16,33,0.0
5842,201406,0,766.0,12,0.0,0.0,4.0,2624.25,35,0.0
5843,201405,0,241.0,12,0.0,0.0,0.0,1000.0,44,0.0
5844,201409,1,161.0,12,0.0,0.0,0.0,1000.0,56,0.0
5845,201412,0,1140.0,12,0.0,0.0,8.0,2000.0,42,0.0
5846,201404,1,1715.0,12,8.0,12.0,12.0,600.0,60,1.0
5847,201407,0,1625.0,12,2.0,7.0,12.0,1000.0,35,3.0
5848,201406,1,351.0,12,0.0,0.0,0.0,1500.0,43,0.0
5849,201409,0,3532.0,10,50.0,10.0,11.0,2500.0,69,13.0
5850,201411,0,2822.0,12,24.0,4.0,8.0,1300.0,41,4.0
5851,201411,0,556.0,6,0.0,0.0,0.0,1000.0,55,0.0
5852,201403,0,1414.0,10,0.0,3.0,7.0,2000.0,60,0.0
5853,201403,0,829.0,12,0.0,0.0,3.0,2000.0,63,0.0
5854,201402,0,656.0,12,0.0,0.0,0.0,2900.69,62,0.0
5855,201401,1,4431.0,12,7.0,0.0,0.0,1986.5,33,16.0
5856,201408,0,521.0,12,0.0,0.0,0.0,1000.0,49,0.0
5857,201412,1,3362.0,12,46.0,11.0,12.0,1600.0,65,16.0
5858,201404,0,1489.0,12,0.0,10.0,11.0,1000.0,75,1.0
5859,201408,0,594.0,12,0.0,0.0,0.0,1500.0,42,0.0
5860,201407,0,933.0,12,0.0,0.0,7.0,2200.0,55,0.0
5861,201408,0,762.0,12,0.0,0.0,1.0,800.0,36,0.0
5862,201404,1,2152.0,12,18.0,2.0,0.0,2500.0,34,4.0
5863,201412,0,1497.0,8,3.0,11.0,12.0,500.0,42,1.0
5864,201411,0,4680.0,12,26.0,3.0,0.0,1191.99,31,28.0
5865,201406,0,1288.0,7,0.0,6.0,8.0,300.0,41,0.0
5866,201407,0,767.0,12,0.0,0.0,2.0,800.0,33,0.0
5867,201404,0,3056.0,10,43.0,4.0,12.0,1000.0,55,5.0
5868,201401,1,513.0,12,0.0,0.0,0.0,1000.0,42,0.0
5869,201408,0,1383.0,12,0.0,7.0,12.0,2000.0,42,0.0
5870,201408,0,893.0,10,0.0,0.0,6.0,1200.0,33,0.0
5871,201406,0,1044.0,12,0.0,0.0,7.0,200.0,48,0.0
5872,201411,0,2829.0,10,29.0,6.0,12.0,1300.0,54,13.0
5873,201407,1,557.0,12,0.0,0.0,0.0,1600.0,52,0.0
5874,201409,1,353.0,12,0.0,0.0,0.0,1500.0,56,0.0
5875,201403,0,404.0,12,0.0,0.0,0.0,1742.22,32,0.0
5876,201404,0,2741.0,8,18.0,0.0,2.0,1000.0,34,7.0
5877,201410,0,375.0,12,0.0,0.0,0.0,600.0,47,0.0
5878,201409,0,1523.0,12,1.0,11.0,12.0,696.0,54,1.0
5879,201405,0,219.0,12,0.0,0.0,0.0,600.0,45,0.0
5880,201407,0,472.0,12,0.0,0.0,0.0,1700.0,62,0.0
5881,201404,1,3145.0,12,34.0,0.0,0.0,1500.0,62,11.0
5882,201401,1,2696.0,5,6.0,0.0,0.0,1500.0,31,5.0
5883,201402,1,4822.0,12,66.0,10.0,12.0,1000.0,54,44.0
5884,201410,0,4612.0,10,6.0,0.0,0.0,1000.0,62,1.0
5885,201407,0,592.0,12,0.0,0.0,0.0,1000.0,66,0.0
5886,201401,0,4753.0,10,37.0,6.0,12.0,1000.0,38,15.0
5887,201403,0,2562.0,8,15.0,10.0,8.0,800.0,32,3.0
5888,201407,0,1477.0,12,0.0,10.0,0.0,2124.3,40,1.0
5889,201408,0,1018.0,6,0.0,0.0,12.0,300.0,41,0.0
5890,201402,0,3063.0,12,26.0,0.0,0.0,2000.0,58,24.0
5891,201412,1,525.0,12,0.0,0.0,0.0,536.0,22,0.0
5892,201404,1,679.0,12,0.0,0.0,0.0,1290.0,54,0.0
5893,201407,0,4580.0,12,4.0,0.0,1.0,1000.0,43,30.0
5894,201406,1,190.0,12,0.0,0.0,0.0,1960.42,37,0.0
5895,201402,1,606.0,12,0.0,0.0,0.0,578.58,19,0.0
5896,201412,0,1414.0,12,0.0,10.0,12.0,2000.0,51,0.0
5897,201405,1,3451.0,12,10.0,0.0,1.0,1500.0,50,2.0
5898,201408,0,205.0,12,0.0,0.0,0.0,713.89,70,0.0
5899,201405,1,848.0,12,0.0,0.0,4.0,2000.0,36,0.0
5900,201404,0,1266.0,12,0.0,5.0,3.0,2000.0,49,0.0
5901,201406,0,2242.0,12,12.0,0.0,0.0,870.67,39,4.0
5902,201409,0,3185.0,12,52.0,9.0,12.0,3000.0,65,5.0
5903,201401,0,2722.0,5,28.0,8.0,12.0,300.0,43,14.0
5904,201402,0,763.0,12,0.0,0.0,1.0,900.0,48,0.0
5905,201408,0,513.0,12,0.0,0.0,0.0,1808.1,32,0.0
5906,201410,0,452.0,4,0.0,0.0,0.0,300.0,34,0.0
5907,201401,0,628.0,12,0.0,0.0,0.0,857.0,39,0.0
5908,201409,0,1590.0,3,3.0,5.0,8.0,200.0,28,1.0
5909,201406,0,617.0,12,0.0,0.0,0.0,2141.36,56,0.0
5910,201407,0,604.0,3,0.0,0.0,0.0,1000.0,62,0.0
5911,201404,0,3753.0,4,1.0,0.0,0.0,300.0,55,6.0
5912,201402,1,443.0,12,0.0,0.0,0.0,2900.69,60,0.0
5913,201410,1,686.0,12,0.0,0.0,0.0,1004.64,44,0.0
5914,201401,1,236.0,12,0.0,0.0,0.0,1381.26,73,0.0
5915,201408,0,527.0,12,0.0,0.0,0.0,3000.0,65,0.0
5916,201404,1,664.0,6,0.0,0.0,0.0,400.0,23,0.0
5917,201407,1,266.0,12,0.0,0.0,0.0,900.0,61,0.0
5918,201404,0,1448.0,12,0.0,10.0,12.0,1000.0,50,0.0
5919,201404,0,3344.0,8,34.0,7.0,11.0,600.0,72,7.0
5920,201409,0,4259.0,12,80.0,8.0,12.0,1000.0,59,10.0
5921,201404,0,4932.0,12,71.0,12.0,4.0,1843.39,44,20.0
5922,201402,0,1138.0,12,0.0,0.0,12.0,1331.0,46,0.0
5923,201402,1,2551.0,10,19.0,5.0,12.0,800.0,32,10.0
5924,201411,0,166.0,12,0.0,0.0,0.0,1690.0,53,0.0
5925,201403,0,1432.0,12,0.0,9.0,12.0,2000.0,31,0.0
5926,201401,0,2659.0,12,14.0,0.0,5.0,500.0,30,6.0
5927,201401,1,592.0,12,0.0,0.0,0.0,400.0,36,0.0
5928,201402,0,710.0,12,0.0,0.0,0.0,1000.0,58,0.0
5929,201403,0,2991.0,12,34.0,0.0,0.0,300.0,55,7.0
5930,201401,0,4104.0,12,58.0,11.0,11.0,900.0,55,15.0
5931,201410,0,3131.0,5,13.0,0.0,0.0,500.0,33,4.0
5932,201404,0,606.0,12,0.0,0.0,0.0,650.0,48,0.0
5933,201405,0,303.0,12,0.0,0.0,0.0,1300.0,62,0.0
5934,201405,1,167.0,12,0.0,0.0,0.0,859.74,65,0.0
5935,201408,1,3423.0,12,24.0,5.0,12.0,1000.0,33,26.0
5936,201406,1,344.0,12,0.0,0.0,0.0,1250.99,49,0.0
5937,201405,1,295.0,12,0.0,0.0,0.0,1312.62,44,0.0
5938,201408,0,976.0,3,0.0,0.0,3.0,700.0,33,0.0
5939,201409,1,2413.0,12,26.0,12.0,12.0,1900.0,54,4.0
5940,201412,1,,12,0.0,0.0,0.0,1285.34,42,0.0
5941,201401,0,1045.0,12,0.0,0.0,11.0,1278.14,71,0.0
5942,201410,1,407.0,5,0.0,0.0,0.0,1000.0,45,0.0
5943,201404,0,332.0,12,0.0,0.0,0.0,992.0,52,0.0
5944,201405,0,274.0,12,0.0,0.0,0.0,250.0,18,0.0
5945,201402,0,219.0,12,0.0,0.0,0.0,677.0,54,0.0
5946,201407,0,1428.0,12,0.0,10.0,12.0,1000.0,63,0.0
5947,201411,0,1667.0,6,3.0,0.0,0.0,1000.0,61,2.0
5948,201410,1,1232.0,12,0.0,2.0,3.0,1838.34,46,0.0
5949,201412,0,728.0,12,0.0,0.0,0.0,1000.0,45,0.0
5950,201412,1,3809.0,12,54.0,10.0,7.0,3000.0,49,7.0
5951,201408,1,4714.0,12,11.0,0.0,4.0,1000.0,33,42.0
5952,201404,0,2034.0,12,18.0,11.0,11.0,1000.0,58,1.0
5953,201411,1,1181.0,12,0.0,2.0,12.0,240.0,38,0.0
5954,201410,0,3627.0,12,68.0,12.0,12.0,1640.0,73,4.0
5955,201405,0,4555.0,10,42.0,3.0,11.0,570.0,44,44.0
5956,201404,0,251.0,12,0.0,0.0,0.0,1409.79,52,0.0
5957,201405,0,404.0,6,0.0,0.0,0.0,570.0,46,0.0
5958,201407,0,707.0,4,0.0,0.0,0.0,200.0,46,0.0
5959,201407,0,866.0,12,0.0,0.0,5.0,1500.0,51,0.0
5960,201409,0,206.0,5,0.0,0.0,0.0,571.37,58,0.0
5961,201407,0,617.0,5,0.0,0.0,0.0,400.0,48,0.0
5962,201402,1,423.0,12,0.0,0.0,0.0,1000.0,41,0.0
5963,201404,0,723.0,12,0.0,0.0,0.0,981.95,42,0.0
5964,201404,0,685.0,12,0.0,0.0,0.0,2000.0,38,0.0
5965,201401,0,825.0,12,0.0,0.0,5.0,1000.0,36,0.0
5966,201403,0,2051.0,12,14.0,12.0,12.0,2000.0,54,5.0
5967,201411,0,415.0,12,0.0,0.0,0.0,2000.0,39,0.0
5968,201401,1,401.0,10,0.0,0.0,0.0,800.0,35,0.0
5969,201404,0,2773.0,10,21.0,3.0,0.0,1634.15,41,6.0
5970,201411,0,540.0,12,0.0,0.0,0.0,1000.0,63,0.0
5971,201402,0,235.0,10,0.0,0.0,0.0,2232.92,48,0.0
5972,201409,0,2551.0,12,28.0,11.0,11.0,1500.0,46,9.0
5973,201405,0,374.0,12,0.0,0.0,0.0,500.0,45,0.0
5974,201410,1,259.0,5,0.0,0.0,0.0,500.0,36,0.0
5975,201401,0,410.0,12,0.0,0.0,0.0,1300.0,38,0.0
5976,201412,0,905.0,6,0.0,0.0,6.0,300.0,69,0.0
5977,201408,0,337.0,12,0.0,0.0,0.0,2500.0,77,0.0
5978,201411,1,322.0,12,0.0,0.0,0.0,1362.81,22,0.0
5979,201408,1,447.0,12,0.0,0.0,0.0,1263.62,55,0.0
5980,201409,0,2714.0,8,34.0,8.0,12.0,800.0,66,6.0
5981,201411,1,543.0,12,0.0,0.0,0.0,2840.41,49,0.0
5982,201410,0,2543.0,12,15.0,10.0,0.0,2761.87,41,6.0
5983,201408,0,2739.0,12,41.0,12.0,12.0,1500.0,69,1.0
5984,201410,0,1788.0,12,10.0,8.0,12.0,2000.0,51,1.0
5985,201408,0,3331.0,12,57.0,12.0,12.0,1000.0,54,7.0
5986,201412,0,2916.0,5,4.0,0.0,0.0,800.0,41,4.0
5987,201406,0,4318.0,12,27.0,0.0,8.0,1500.0,52,21.0
5988,201403,0,3161.0,12,51.0,11.0,12.0,1942.0,49,6.0
5989,201408,0,5053.0,12,35.0,0.0,4.0,1000.0,56,45.0
5990,201403,0,2579.0,12,16.0,3.0,12.0,1000.0,59,12.0
5991,201403,1,803.0,12,0.0,0.0,3.0,1500.0,41,0.0
5992,201403,1,2090.0,12,17.0,5.0,12.0,350.0,45,4.0
5993,201406,0,2248.0,10,21.0,6.0,9.0,2000.0,31,2.0
5994,201404,0,674.0,12,0.0,0.0,0.0,500.0,38,0.0
5995,201410,0,1852.0,12,3.0,8.0,3.0,2000.0,55,2.0
5996,201408,0,2654.0,12,14.0,3.0,6.0,1500.0,38,2.0
5997,201403,1,197.0,10,0.0,0.0,0.0,1000.0,18,0.0
5998,201408,1,985.0,12,0.0,0.0,9.0,1189.78,44,0.0
5999,201405,0,634.0,3,0.0,0.0,0.0,500.0,40,0.0
6000,201409,0,3379.0,12,60.0,12.0,9.0,800.0,54,3.0
6001,201401,0,897.0,12,0.0,0.0,6.0,1000.0,57,0.0
6002,201405,1,1098.0,12,0.0,0.0,12.0,700.0,40,0.0
6003,201410,1,355.0,12,0.0,0.0,0.0,1000.0,57,0.0
6004,201405,0,2074.0,5,19.0,12.0,12.0,460.0,46,1.0
6005,201410,1,486.0,12,0.0,0.0,0.0,2493.0,38,0.0
6006,201402,1,452.0,12,0.0,0.0,0.0,876.59,39,0.0
6007,201410,1,5041.0,4,35.0,11.0,12.0,500.0,43,38.0
6008,201410,0,293.0,4,0.0,0.0,0.0,500.0,40,0.0
6009,201401,0,1958.0,10,8.0,0.0,8.0,1000.0,62,2.0
6010,201410,1,2.0,12,0.0,0.0,0.0,1000.0,46,0.0
6011,201402,1,2171.0,12,9.0,0.0,6.0,1095.44,45,3.0
6012,201411,1,1010.0,12,0.0,0.0,12.0,1200.0,45,0.0
6013,201401,0,435.0,6,0.0,0.0,0.0,600.0,31,0.0
6014,201402,0,980.0,4,0.0,0.0,8.0,600.0,58,0.0
6015,201405,0,630.0,5,0.0,0.0,0.0,500.0,32,0.0
6016,201407,0,1191.0,6,0.0,2.0,12.0,500.0,34,0.0
6017,201410,0,783.0,3,0.0,0.0,2.0,300.0,53,0.0
6018,201401,0,489.0,12,0.0,0.0,0.0,700.0,54,0.0
6019,201410,0,202.0,12,0.0,0.0,0.0,1000.0,52,0.0
6020,201407,0,419.0,12,0.0,0.0,0.0,1943.0,60,0.0
6021,201401,1,2560.0,12,31.0,9.0,12.0,1488.21,44,5.0
6022,201404,1,928.0,5,0.0,0.0,8.0,200.0,30,0.0
6023,201409,1,359.0,12,0.0,0.0,0.0,400.0,36,0.0
6024,201407,0,176.0,8,0.0,0.0,0.0,500.0,40,0.0
6025,201402,0,2447.0,12,8.0,0.0,0.0,1000.0,58,6.0
6026,201409,1,4905.0,12,5.0,0.0,0.0,2000.0,76,51.0
6027,201402,0,831.0,3,0.0,0.0,4.0,300.0,33,0.0
6028,201404,0,231.0,12,0.0,0.0,0.0,2000.0,41,0.0
6029,201405,1,691.0,12,0.0,0.0,0.0,1064.31,32,0.0
6030,201402,0,489.0,8,0.0,0.0,0.0,1000.0,35,0.0
6031,201407,0,964.0,4,0.0,0.0,7.0,500.0,40,0.0
6032,201406,0,407.0,5,0.0,0.0,0.0,250.0,55,0.0
6033,201403,0,1896.0,8,12.0,11.0,4.0,400.0,62,2.0
6034,201410,0,1725.0,10,8.0,11.0,12.0,1020.18,42,1.0
6035,201402,0,1224.0,12,0.0,2.0,10.0,902.74,43,0.0
6036,201410,0,2895.0,10,21.0,8.0,3.0,1000.0,43,10.0
6037,201405,0,1240.0,12,0.0,2.0,12.0,300.0,60,0.0
6038,201410,0,4781.0,12,85.0,11.0,8.0,800.0,63,24.0
6039,201411,0,438.0,6,0.0,0.0,0.0,600.0,33,0.0
6040,201404,0,2658.0,8,34.0,8.0,11.0,1000.0,51,3.0
6041,201404,0,1367.0,12,0.0,6.0,8.0,2000.0,35,0.0
6042,201401,1,935.0,12,0.0,0.0,5.0,2000.0,40,0.0
6043,201406,0,1196.0,10,0.0,3.0,11.0,1000.0,57,0.0
6044,201403,0,662.0,12,0.0,0.0,0.0,2000.4,61,0.0
6045,201411,0,4718.0,8,86.0,12.0,11.0,600.0,40,8.0
6046,201404,1,591.0,12,0.0,0.0,0.0,1058.05,43,0.0
6047,201409,0,2546.0,12,3.0,0.0,0.0,600.0,43,1.0
6048,201409,0,4979.0,12,111.0,12.0,11.0,1000.0,54,5.0
6049,201407,0,3531.0,12,6.0,0.0,7.0,2479.78,44,3.0
6050,201404,0,4471.0,12,50.0,7.0,12.0,2000.0,43,20.0
6051,201412,0,376.0,12,0.0,0.0,0.0,1000.0,36,0.0
6052,201401,0,747.0,12,0.0,0.0,1.0,599.57,52,0.0
6053,201408,0,1960.0,12,15.0,11.0,11.0,800.0,75,1.0
6054,201411,0,783.0,12,0.0,0.0,2.0,2000.0,59,0.0
6055,201402,1,859.0,12,0.0,0.0,4.0,1000.0,55,0.0
6056,201401,0,760.0,12,0.0,0.0,2.0,800.0,55,0.0
6057,201401,0,766.0,12,0.0,0.0,2.0,1500.0,52,0.0
6058,201404,1,262.0,12,0.0,0.0,0.0,1000.0,67,0.0
6059,201403,0,2270.0,12,24.0,12.0,12.0,1000.0,44,3.0
6060,201407,0,4373.0,5,8.0,0.0,6.0,800.0,42,6.0
6061,201409,0,3567.0,10,45.0,0.0,8.0,1000.0,62,7.0
6062,201410,1,822.0,12,0.0,0.0,3.0,2000.0,64,0.0
6063,201403,1,373.0,12,0.0,0.0,0.0,1000.0,19,0.0
6064,201411,0,855.0,3,0.0,0.0,4.0,300.0,42,0.0
6065,201408,1,1894.0,6,7.0,2.0,1.0,601.0,39,5.0
6066,201409,0,336.0,6,0.0,0.0,0.0,3000.0,46,0.0
6067,201408,0,1602.0,7,4.0,11.0,9.0,900.0,35,1.0
6068,201407,0,2779.0,3,6.0,0.0,7.0,300.0,31,12.0
6069,201410,0,2030.0,12,18.0,10.0,11.0,1000.0,60,1.0
6070,201401,0,599.0,12,0.0,0.0,1.0,1210.0,49,0.0
6071,201405,0,,12,0.0,0.0,0.0,800.0,51,0.0
6072,201412,1,712.0,5,0.0,0.0,0.0,500.0,41,0.0
6073,201405,0,1488.0,12,0.0,12.0,12.0,2500.0,57,1.0
6074,201403,0,3050.0,12,47.0,12.0,11.0,2000.0,39,5.0
6075,201406,0,2202.0,4,9.0,0.0,0.0,958.83,45,5.0
6076,201408,1,4338.0,12,8.0,0.0,0.0,500.0,67,5.0
6077,201403,0,1783.0,5,9.0,12.0,12.0,500.0,41,2.0
6078,201406,0,547.0,12,0.0,0.0,0.0,400.0,30,0.0
6079,201412,0,328.0,3,0.0,0.0,0.0,400.0,37,0.0
6080,201402,0,2510.0,12,23.0,7.0,7.0,1000.0,67,4.0
6081,201408,0,1704.0,5,5.0,6.0,6.0,500.0,46,3.0
6082,201406,0,1916.0,12,7.0,0.0,0.0,1000.0,70,9.0
6083,201402,1,1215.0,12,0.0,3.0,11.0,2296.83,63,0.0
6084,201407,0,717.0,12,0.0,0.0,0.0,900.0,56,0.0
6085,201409,1,755.0,12,0.0,0.0,1.0,1200.0,47,0.0
6086,201407,0,297.0,12,0.0,0.0,0.0,1000.0,66,0.0
6087,201402,0,2420.0,12,25.0,10.0,3.0,700.0,57,4.0
6088,201402,0,1510.0,12,2.0,6.0,5.0,1000.0,52,1.0
6089,201403,0,697.0,8,0.0,0.0,0.0,600.0,62,0.0
6090,201401,0,3963.0,12,8.0,0.0,0.0,1900.0,57,10.0
6091,201403,0,4116.0,12,52.0,0.0,0.0,1000.0,48,9.0
6092,201405,0,390.0,12,0.0,0.0,0.0,500.0,67,0.0
6093,201407,0,950.0,12,0.0,0.0,7.0,1000.0,55,0.0
6094,201406,0,255.0,12,0.0,0.0,0.0,1000.0,42,0.0
6095,201408,0,859.0,10,0.0,0.0,11.0,1000.0,58,0.0
6096,201405,0,3216.0,6,50.0,10.0,12.0,300.0,61,2.0
6097,201403,0,639.0,5,0.0,0.0,0.0,300.0,21,0.0
6098,201410,0,4811.0,12,38.0,0.0,10.0,800.0,74,26.0
6099,201411,1,231.0,5,0.0,0.0,0.0,600.0,36,0.0
6100,201403,0,2411.0,12,29.0,5.0,11.0,2000.0,68,2.0
6101,201411,0,1851.0,5,7.0,0.0,4.0,1000.0,56,6.0
6102,201401,0,370.0,10,0.0,0.0,0.0,500.0,33,0.0
6103,201411,0,101.0,6,0.0,0.0,0.0,400.0,52,0.0
6104,201411,0,1575.0,4,2.0,8.0,12.0,300.0,35,2.0
6105,201401,0,1679.0,12,5.0,0.0,10.0,1500.0,54,2.0
6106,201408,0,489.0,6,0.0,0.0,0.0,800.0,41,0.0
6107,201410,0,227.0,7,0.0,0.0,0.0,300.0,64,0.0
6108,201412,0,1037.0,12,0.0,0.0,6.0,3000.0,48,0.0
6109,201401,0,1183.0,12,0.0,2.0,12.0,1000.0,59,0.0
6110,201401,0,190.0,12,0.0,0.0,0.0,1000.0,43,0.0
6111,201405,0,873.0,10,0.0,0.0,5.0,500.0,20,0.0
6112,201401,1,1029.0,12,0.0,0.0,9.0,1300.0,51,0.0
6113,201406,0,488.0,8,0.0,0.0,0.0,600.0,39,0.0
6114,201410,0,4299.0,9,14.0,0.0,7.0,500.0,64,15.0
6115,201407,1,829.0,12,0.0,0.0,6.0,985.51,42,0.0
6116,201411,1,322.0,12,0.0,0.0,0.0,1200.0,39,0.0
6117,201402,0,3150.0,12,35.0,9.0,10.0,2000.0,28,7.0
6118,201409,1,374.0,12,0.0,0.0,0.0,700.0,32,0.0
6119,201408,0,313.0,7,0.0,0.0,0.0,536.0,61,0.0
6120,201408,0,240.0,12,0.0,0.0,0.0,900.0,28,0.0
6121,201407,1,207.0,12,0.0,0.0,0.0,2000.0,31,0.0
6122,201412,0,196.0,12,0.0,0.0,0.0,800.0,64,0.0
6123,201405,1,3613.0,12,5.0,0.0,0.0,1000.0,39,11.0
6124,201405,0,4815.0,10,70.0,11.0,10.0,1000.0,75,13.0
6125,201405,1,1077.0,12,0.0,0.0,11.0,1000.0,52,0.0
6126,201409,1,231.0,12,0.0,0.0,0.0,800.0,48,0.0
6127,201405,0,223.0,5,0.0,0.0,0.0,500.0,35,0.0
6128,201402,1,962.0,12,0.0,0.0,5.0,1000.0,71,0.0
6129,201402,0,356.0,12,0.0,0.0,0.0,500.0,39,0.0
6130,201412,1,955.0,8,0.0,0.0,7.0,500.0,52,0.0
6131,201403,0,3642.0,12,17.0,2.0,1.0,2000.0,57,8.0
6132,201406,0,532.0,12,0.0,0.0,0.0,1000.0,69,0.0
6133,201412,0,1373.0,9,0.0,7.0,0.0,1000.0,36,0.0
6134,201407,0,1694.0,12,7.0,12.0,12.0,2500.0,41,1.0
6135,201407,0,526.0,12,0.0,0.0,0.0,1000.0,31,0.0
6136,201401,0,1019.0,12,0.0,0.0,10.0,857.0,48,0.0
6137,201401,0,600.0,12,0.0,0.0,0.0,1500.0,39,0.0
6138,201403,0,1627.0,6,3.0,3.0,5.0,350.0,52,2.0
6139,201406,0,318.0,12,0.0,0.0,0.0,860.0,56,0.0
6140,201407,0,2721.0,12,41.0,12.0,12.0,1400.0,68,1.0
6141,201401,0,2534.0,10,25.0,0.0,0.0,1000.0,38,5.0
6142,201405,1,2536.0,10,28.0,8.0,12.0,650.0,39,6.0
6143,201412,0,787.0,6,0.0,0.0,2.0,400.0,28,0.0
6144,201410,0,1472.0,12,1.0,12.0,11.0,500.0,65,2.0
6145,201405,0,2751.0,12,42.0,10.0,12.0,1500.0,38,1.0
6146,201403,0,1960.0,12,14.0,4.0,11.0,600.0,57,3.0
6147,201407,0,580.0,12,0.0,0.0,0.0,1315.33,19,0.0
6148,201401,0,1399.0,12,0.0,10.0,11.0,800.0,29,0.0
6149,201409,1,496.0,12,0.0,0.0,0.0,1000.0,50,0.0
6150,201404,0,1039.0,6,0.0,0.0,10.0,500.0,56,0.0
6151,201409,1,184.0,12,0.0,0.0,0.0,1000.0,47,0.0
6152,201411,1,2283.0,12,15.0,8.0,5.0,2700.0,68,9.0
6153,201412,1,3633.0,12,57.0,9.0,12.0,2200.0,65,10.0
6154,201412,0,2518.0,12,25.0,0.0,12.0,1000.0,74,7.0
6155,201403,0,1196.0,12,0.0,2.0,12.0,2000.0,45,0.0
6156,201411,0,433.0,6,0.0,0.0,0.0,1000.0,55,0.0
6157,201408,0,1385.0,12,0.0,9.0,0.0,700.0,44,0.0
6158,201406,0,299.0,12,0.0,0.0,0.0,1000.0,41,0.0
6159,201404,1,831.0,12,0.0,0.0,4.0,1500.0,41,0.0
6160,201402,0,426.0,12,0.0,0.0,0.0,1200.0,32,0.0
6161,201403,1,726.0,12,0.0,0.0,0.0,2000.0,48,0.0
6162,201404,0,4926.0,5,40.0,5.0,3.0,500.0,53,25.0
6163,201406,0,1026.0,12,0.0,0.0,4.0,1500.0,55,0.0
6164,201409,0,1511.0,10,1.0,4.0,6.0,1400.0,54,1.0
6165,201403,0,558.0,12,0.0,0.0,0.0,1000.0,54,0.0
6166,201402,0,2536.0,12,16.0,5.0,2.0,689.0,45,3.0
6167,201412,0,5075.0,12,39.0,10.0,9.0,1300.0,69,34.0
6168,201403,0,4149.0,12,11.0,0.0,2.0,600.0,67,10.0
6169,201410,0,294.0,12,0.0,0.0,0.0,2200.0,73,0.0
6170,201403,0,425.0,8,0.0,0.0,0.0,1000.0,65,0.0
6171,201403,0,3329.0,12,41.0,9.0,12.0,1100.0,48,19.0
6172,201403,0,1617.0,12,5.0,9.0,0.0,1300.0,71,1.0
6173,201408,0,1901.0,3,13.0,12.0,12.0,300.0,63,1.0
6174,201402,1,935.0,12,0.0,0.0,7.0,800.0,41,0.0
6175,201407,1,498.0,12,0.0,0.0,0.0,1397.26,19,0.0
6176,201410,0,620.0,10,0.0,0.0,0.0,600.0,40,0.0
6177,201406,0,1672.0,12,5.0,9.0,2.0,1000.0,54,1.0
6178,201411,1,730.0,12,0.0,0.0,0.0,500.0,63,0.0
6179,201408,0,1202.0,12,0.0,3.0,4.0,3000.0,74,0.0
6180,201404,0,832.0,5,0.0,0.0,4.0,300.0,70,0.0
6181,201401,0,3330.0,12,40.0,8.0,10.0,2161.0,40,4.0
6182,201406,0,4906.0,12,63.0,9.0,12.0,1900.0,55,35.0
6183,201409,0,980.0,12,0.0,0.0,8.0,1500.0,61,0.0
6184,201404,0,1628.0,6,5.0,6.0,9.0,500.0,55,1.0
6185,201409,0,1533.0,6,2.0,12.0,11.0,500.0,49,1.0
6186,201412,0,837.0,12,0.0,0.0,4.0,1300.0,39,0.0
6187,201412,0,620.0,12,0.0,0.0,0.0,1600.0,41,0.0
6188,201412,0,1262.0,12,0.0,3.0,12.0,1200.0,37,0.0
6189,201411,0,320.0,12,0.0,0.0,0.0,300.0,19,0.0
6190,201409,1,270.0,6,0.0,0.0,0.0,500.0,46,0.0
6191,201408,1,421.0,12,0.0,0.0,0.0,1912.43,33,0.0
6192,201412,1,1088.0,4,0.0,0.0,11.0,300.0,26,0.0
6193,201401,0,1584.0,12,3.0,8.0,12.0,2000.0,55,1.0
6194,201404,0,4102.0,12,7.0,0.0,0.0,500.0,35,8.0
6195,201409,0,1116.0,5,0.0,3.0,10.0,1615.48,42,0.0
6196,201410,0,3203.0,12,55.0,9.0,12.0,1500.0,46,3.0
6197,201404,1,513.0,12,0.0,0.0,0.0,807.0,50,0.0
6198,201408,0,4957.0,12,109.0,12.0,12.0,500.0,45,3.0
6199,201405,0,419.0,12,0.0,0.0,0.0,1600.0,69,0.0
6200,201408,1,210.0,12,0.0,0.0,0.0,1848.16,30,0.0
6201,201407,1,1032.0,12,0.0,0.0,9.0,2066.94,51,0.0
6202,201406,0,1967.0,12,15.0,11.0,12.0,1000.0,61,2.0
6203,201401,1,222.0,11,0.0,0.0,0.0,716.32,66,0.0
6204,201407,0,627.0,10,0.0,0.0,0.0,1274.75,32,0.0
6205,201409,0,661.0,7,0.0,0.0,0.0,1000.0,30,0.0
6206,201409,0,872.0,6,0.0,0.0,5.0,400.0,49,0.0
6207,201409,1,1280.0,12,0.0,5.0,10.0,1274.79,29,0.0
6208,201406,1,521.0,10,0.0,0.0,0.0,802.7,37,0.0
6209,201405,1,199.0,12,0.0,0.0,0.0,1445.11,30,0.0
6210,201408,0,2981.0,6,38.0,9.0,12.0,1500.0,36,9.0
6211,201411,0,1923.0,12,16.0,10.0,12.0,1750.0,59,2.0
6212,201408,0,1707.0,12,5.0,8.0,12.0,1000.0,72,2.0
6213,201408,0,239.0,12,0.0,0.0,0.0,2000.0,32,0.0
6214,201406,0,837.0,12,0.0,0.0,4.0,300.0,54,0.0
6215,201412,1,467.0,9,0.0,0.0,0.0,900.0,33,0.0
6216,201403,0,2072.0,12,16.0,5.0,12.0,1000.0,42,3.0
6217,201402,0,2811.0,12,30.0,7.0,8.0,1000.0,48,12.0
6218,201408,0,351.0,12,0.0,0.0,0.0,1000.0,67,0.0
6219,201401,0,2034.0,12,18.0,11.0,12.0,2500.0,24,1.0
6220,201409,0,942.0,12,0.0,0.0,3.0,1000.0,65,0.0
6221,201408,0,713.0,12,0.0,0.0,0.0,1350.0,72,0.0
6222,201410,0,255.0,5,0.0,0.0,0.0,200.0,65,0.0
6223,201403,0,-47.0,12,0.0,0.0,0.0,500.0,30,0.0
6224,201406,0,811.0,10,0.0,0.0,3.0,500.0,32,0.0
6225,201404,0,1827.0,12,3.0,9.0,5.0,1100.0,64,4.0
6226,201411,0,1195.0,12,0.0,1.0,10.0,1000.0,54,0.0
6227,201403,0,241.0,12,0.0,0.0,0.0,400.0,27,0.0
6228,201411,1,5190.0,12,93.0,5.0,3.0,700.0,45,16.0
6229,201410,0,801.0,10,0.0,0.0,2.0,500.0,32,0.0
6230,201403,0,2128.0,10,14.0,0.0,0.0,700.0,71,1.0
6231,201409,0,771.0,12,0.0,0.0,2.0,1000.0,54,0.0
6232,201410,0,890.0,5,0.0,0.0,5.0,2000.0,69,0.0
6233,201407,1,1953.0,10,9.0,12.0,12.0,500.0,27,3.0
6234,201410,0,596.0,9,0.0,0.0,0.0,380.0,49,0.0
6235,201404,1,852.0,12,0.0,0.0,4.0,2000.0,30,0.0
6236,201408,1,602.0,12,0.0,0.0,0.0,961.71,31,0.0
6237,201406,1,3162.0,12,44.0,12.0,4.0,2500.0,50,8.0
6238,201412,1,1065.0,12,0.0,0.0,11.0,2000.0,52,0.0
6239,201404,0,3207.0,12,24.0,0.0,8.0,700.0,55,9.0
6240,201412,0,301.0,3,0.0,0.0,0.0,150.0,35,0.0
6241,201408,0,2909.0,12,14.0,6.0,11.0,985.51,30,3.0
6242,201404,0,1505.0,3,1.0,12.0,12.0,400.0,59,1.0
6243,201410,0,2703.0,10,31.0,9.0,12.0,500.0,46,10.0
6244,201405,1,681.0,12,0.0,0.0,0.0,1500.0,29,0.0
6245,201411,0,4871.0,12,109.0,11.0,12.0,1500.0,44,4.0
6246,201410,0,1409.0,12,0.0,11.0,12.0,500.0,45,1.0
6247,201406,0,3129.0,12,47.0,12.0,8.0,1000.0,65,7.0
6248,201405,0,723.0,12,0.0,0.0,0.0,923.78,31,0.0
6249,201411,0,1382.0,12,0.0,9.0,12.0,3000.0,69,0.0
6250,201409,1,2820.0,12,33.0,11.0,11.0,2000.0,45,3.0
6251,201409,0,991.0,10,0.0,0.0,8.0,700.0,50,0.0
6252,201404,1,335.0,6,0.0,0.0,5.0,1000.0,38,0.0
6253,201403,0,3070.0,10,47.0,8.0,5.0,1200.0,36,4.0
6254,201408,1,2150.0,12,19.0,6.0,4.0,1360.64,56,2.0
6255,201404,0,295.0,12,0.0,0.0,0.0,400.0,72,0.0
6256,201401,0,479.0,12,0.0,0.0,0.0,425.96,40,0.0
6257,201408,1,996.0,12,0.0,0.0,9.0,986.01,41,0.0
6258,201410,0,1360.0,12,0.0,4.0,12.0,400.0,63,0.0
6259,201401,1,4018.0,12,13.0,1.0,0.0,1000.0,53,18.0
6260,201404,0,3723.0,12,16.0,0.0,1.0,3000.0,42,8.0
6261,201402,0,184.0,12,0.0,0.0,0.0,1560.0,30,0.0
6262,201409,0,198.0,12,0.0,0.0,0.0,1000.0,40,0.0
6263,201403,0,1168.0,12,0.0,1.0,11.0,800.0,41,0.0
6264,201405,1,2005.0,12,15.0,8.0,11.0,1500.0,68,4.0
6265,201405,0,715.0,12,0.0,0.0,0.0,1140.41,28,0.0
6266,201409,0,1541.0,12,2.0,12.0,12.0,1000.0,45,1.0
6267,201407,0,1244.0,12,0.0,3.0,4.0,1000.0,53,0.0
6268,201401,1,783.0,8,0.0,0.0,2.0,400.0,55,0.0
6269,201412,0,238.0,6,0.0,0.0,0.0,1000.0,57,0.0
6270,201411,0,770.0,6,0.0,0.0,1.0,1000.0,52,0.0
6271,201409,0,3256.0,12,50.0,12.0,12.0,2000.0,45,9.0
6272,201407,0,2884.0,12,44.0,9.0,12.0,300.0,27,2.0
6273,201408,0,1857.0,12,6.0,6.0,11.0,1500.0,64,8.0
6274,201402,1,321.0,12,0.0,0.0,0.0,2000.0,40,0.0
6275,201402,0,2155.0,6,13.0,11.0,10.0,600.0,26,2.0
6276,201412,0,72.0,12,0.0,0.0,0.0,1000.0,27,0.0
6277,201401,1,320.0,12,0.0,0.0,0.0,1380.67,30,0.0
6278,201406,0,3434.0,12,20.0,0.0,9.0,2100.0,46,20.0
6279,201407,0,1009.0,12,0.0,0.0,9.0,3000.0,49,0.0
6280,201405,0,2460.0,10,24.0,8.0,12.0,931.92,53,6.0
6281,201406,1,882.0,12,0.0,0.0,5.0,893.63,46,0.0
6282,201412,1,1599.0,10,4.0,5.0,12.0,1000.0,23,1.0
6283,201411,0,2010.0,12,18.0,12.0,5.0,1000.0,46,1.0
6284,201406,1,446.0,12,0.0,0.0,0.0,3000.0,59,0.0
6285,201406,1,1051.0,12,0.0,0.0,10.0,958.42,33,0.0
6286,201407,0,3114.0,10,52.0,12.0,11.0,1000.0,47,3.0
6287,201405,0,2566.0,12,19.0,9.0,11.0,1500.0,58,6.0
6288,201411,0,4405.0,12,30.0,8.0,12.0,1000.0,68,12.0
6289,201412,0,165.0,12,0.0,0.0,0.0,2000.0,45,0.0
6290,201412,0,3607.0,12,51.0,11.0,12.0,2209.0,58,7.0
6291,201401,0,2090.0,3,16.0,8.0,8.0,400.0,29,2.0
6292,201408,0,1172.0,12,0.0,2.0,12.0,2000.0,44,0.0
6293,201409,0,3416.0,12,35.0,0.0,0.0,1948.83,46,17.0
6294,201404,0,2933.0,6,19.0,11.0,11.0,600.0,30,7.0
6295,201408,0,476.0,6,0.0,0.0,0.0,400.0,31,0.0
6296,201406,1,2512.0,12,16.0,10.0,12.0,1733.0,60,18.0
6297,201405,1,332.0,12,0.0,0.0,0.0,1000.0,57,0.0
6298,201411,0,2648.0,12,30.0,11.0,12.0,1000.0,45,9.0
6299,201403,0,934.0,12,0.0,0.0,7.0,500.0,39,0.0
6300,201411,0,3379.0,12,57.0,12.0,12.0,1000.0,63,6.0
6301,201402,0,2992.0,12,34.0,11.0,1.0,2500.0,62,14.0
6302,201401,1,1378.0,12,0.0,8.0,12.0,944.96,39,0.0
6303,201407,0,517.0,12,0.0,0.0,0.0,1000.0,70,0.0
6304,201411,0,1155.0,10,0.0,1.0,12.0,500.0,26,0.0
6305,201408,0,2739.0,12,33.0,8.0,10.0,1000.0,44,4.0
6306,201410,0,883.0,12,0.0,0.0,5.0,1350.0,58,0.0
6307,201406,1,1380.0,12,1.0,10.0,12.0,500.0,31,1.0
6308,201403,1,567.0,12,0.0,0.0,0.0,2249.3,48,0.0
6309,201404,0,686.0,12,0.0,0.0,0.0,1000.0,51,0.0
6310,201412,0,818.0,12,0.0,0.0,3.0,1000.0,56,0.0
6311,201410,0,2055.0,12,22.0,6.0,9.0,1000.0,43,1.0
6312,201412,0,1119.0,12,0.0,0.0,12.0,2000.0,50,0.0
6313,201404,0,267.0,12,0.0,0.0,0.0,465.25,28,0.0
6314,201410,0,1634.0,9,5.0,12.0,11.0,2000.0,65,1.0
6315,201411,1,3786.0,12,3.0,0.0,0.0,2000.0,36,2.0
6316,201411,0,5045.0,12,72.0,0.0,7.0,1500.0,48,17.0
6317,201406,1,377.0,6,0.0,0.0,0.0,500.0,42,0.0
6318,201406,0,474.0,12,0.0,0.0,0.0,1500.0,53,0.0
6319,201412,0,742.0,12,0.0,0.0,1.0,1200.0,62,0.0
6320,201408,1,490.0,12,0.0,0.0,0.0,1000.0,61,0.0
6321,201402,0,4778.0,12,93.0,9.0,11.0,1152.22,63,11.0
6322,201411,0,3635.0,4,6.0,0.0,0.0,500.0,62,10.0
6323,201406,0,664.0,12,0.0,0.0,0.0,1000.0,28,0.0
6324,201402,0,4523.0,12,70.0,3.0,5.0,1500.0,61,27.0
6325,201404,0,2600.0,12,12.0,1.0,0.0,1500.0,60,6.0
6326,201411,0,4041.0,3,66.0,8.0,12.0,200.0,57,20.0
6327,201403,0,3000.0,12,8.0,0.0,7.0,1232.03,38,4.0
6328,201410,0,1581.0,12,3.0,9.0,9.0,1325.67,50,1.0
6329,201410,1,3258.0,6,28.0,1.0,0.0,400.0,37,11.0
6330,201404,0,302.0,7,0.0,0.0,0.0,400.0,54,0.0
6331,201410,0,2609.0,10,19.0,5.0,12.0,1000.0,67,12.0
6332,201404,0,199.0,10,0.0,0.0,0.0,500.0,43,0.0
6333,201402,0,352.0,12,0.0,0.0,0.0,801.03,28,0.0
6334,201409,0,1694.0,6,2.0,4.0,11.0,1000.0,31,1.0
6335,201411,0,1458.0,12,0.0,3.0,10.0,1000.0,49,1.0
6336,201409,0,1734.0,6,7.0,11.0,11.0,1000.0,52,2.0
6337,201410,0,2571.0,10,10.0,4.0,4.0,1500.0,52,3.0
6338,201407,0,497.0,12,0.0,0.0,0.0,944.5,32,0.0
6339,201401,0,4314.0,12,10.0,11.0,12.0,1000.0,42,11.0
6340,201411,0,3274.0,12,42.0,0.0,11.0,1500.0,46,6.0
6341,201412,0,4841.0,10,108.0,12.0,12.0,1350.0,45,3.0
6342,201409,1,343.0,12,0.0,0.0,0.0,2359.9,52,0.0
6343,201403,1,674.0,12,0.0,0.0,0.0,1197.92,57,0.0
6344,201411,0,5113.0,8,100.0,1.0,1.0,2000.0,56,11.0
6345,201403,0,850.0,12,0.0,0.0,4.0,2000.0,54,0.0
6346,201412,0,244.0,12,0.0,0.0,0.0,1000.0,46,0.0
6347,201407,0,2180.0,6,22.0,11.0,12.0,500.0,52,2.0
6348,201408,1,396.0,12,0.0,0.0,0.0,500.0,39,0.0
6349,201404,0,282.0,12,0.0,0.0,0.0,1000.0,19,0.0
6350,201412,1,1545.0,12,3.0,6.0,11.0,2000.0,28,1.0
6351,201405,0,2022.0,12,13.0,9.0,10.0,1000.0,51,6.0
6352,201411,0,352.0,12,0.0,0.0,0.0,1260.34,25,0.0
6353,201410,1,690.0,12,0.0,0.0,0.0,1500.0,56,0.0
6354,201404,0,1974.0,12,5.0,9.0,1.0,2000.0,44,2.0
6355,201408,0,193.0,12,0.0,0.0,0.0,2000.0,53,0.0
6356,201401,1,449.0,5,0.0,0.0,0.0,468.0,24,0.0
6357,201402,0,2849.0,12,16.0,0.0,9.0,1000.0,55,3.0
6358,201406,0,549.0,12,0.0,0.0,0.0,1000.0,45,0.0
6359,201412,0,3887.0,12,50.0,11.0,12.0,1920.39,40,15.0
6360,201407,0,2691.0,5,39.0,12.0,12.0,200.0,50,1.0
6361,201405,0,321.0,10,0.0,0.0,0.0,399.0,38,0.0
6362,201409,0,505.0,4,0.0,0.0,0.0,1000.0,41,0.0
6363,201409,0,2487.0,10,18.0,7.0,10.0,1000.0,51,15.0
6364,201411,1,256.0,12,0.0,0.0,0.0,1000.0,48,0.0
6365,201411,1,5064.0,12,79.0,11.0,12.0,2000.0,62,14.0
6366,201402,0,2567.0,12,22.0,1.0,3.0,1500.0,34,5.0
6367,201407,1,218.0,12,0.0,0.0,0.0,1000.0,39,0.0
6368,201410,0,335.0,12,0.0,0.0,0.0,1800.0,70,0.0
6369,201403,0,1513.0,3,1.0,8.0,10.0,400.0,39,1.0
6370,201410,0,3169.0,4,3.0,0.0,0.0,400.0,38,6.0
6371,201412,0,533.0,12,0.0,0.0,0.0,1000.0,64,0.0
6372,201411,0,4927.0,12,77.0,9.0,12.0,1000.0,58,33.0
6373,201403,0,819.0,12,0.0,0.0,3.0,800.0,41,0.0
6374,201406,0,1092.0,12,0.0,0.0,11.0,500.0,57,0.0
6375,201404,0,924.0,12,0.0,0.0,7.0,1500.0,40,0.0
6376,201402,1,1535.0,12,2.0,7.0,11.0,1500.0,38,1.0
6377,201401,1,400.0,12,0.0,0.0,0.0,1000.0,51,0.0
6378,201410,0,507.0,3,0.0,0.0,0.0,1346.99,48,0.0
6379,201406,0,1442.0,6,0.0,7.0,0.0,400.0,69,0.0
6380,201407,0,522.0,12,0.0,0.0,0.0,2000.0,57,0.0
6381,201401,0,319.0,12,0.0,0.0,0.0,800.0,55,0.0
6382,201404,0,1199.0,6,0.0,2.0,6.0,1000.0,46,0.0
6383,201412,0,175.0,6,0.0,0.0,0.0,500.0,67,0.0
6384,201410,1,885.0,3,0.0,0.0,4.0,1000.0,63,0.0
6385,201406,0,759.0,5,0.0,0.0,0.0,600.0,64,0.0
6386,201411,0,668.0,12,0.0,0.0,0.0,1000.0,68,0.0
6387,201402,1,615.0,12,0.0,0.0,0.0,2627.0,49,0.0
6388,201411,0,3491.0,10,40.0,7.0,6.0,1000.0,41,10.0
6389,201409,0,140.0,12,0.0,0.0,0.0,2000.0,35,0.0
6390,201407,1,1372.0,12,0.0,4.0,6.0,1756.36,43,0.0
6391,201409,0,824.0,12,0.0,0.0,3.0,3000.0,76,0.0
6392,201402,0,1061.0,8,0.0,0.0,9.0,1000.0,43,0.0
6393,201402,0,1597.0,12,1.0,0.0,0.0,1000.0,36,2.0
6394,201407,0,2707.0,12,35.0,7.0,12.0,2000.0,51,4.0
6395,201411,0,1005.0,12,0.0,0.0,9.0,2000.0,55,0.0
6396,201402,0,3517.0,3,8.0,0.0,9.0,200.0,32,4.0
6397,201405,1,619.0,12,0.0,0.0,0.0,1000.0,36,0.0
6398,201412,0,276.0,12,0.0,0.0,0.0,2193.23,31,0.0
6399,201411,0,2149.0,7,14.0,0.0,1.0,1200.0,54,6.0
6400,201410,0,1446.0,3,0.0,10.0,6.0,298.72,31,0.0
6401,201402,0,516.0,12,0.0,0.0,0.0,1000.0,40,0.0
6402,201404,0,228.0,12,0.0,0.0,0.0,450.0,52,0.0
6403,201407,1,490.0,12,0.0,0.0,0.0,1500.0,41,0.0
6404,201410,0,340.0,3,0.0,0.0,0.0,300.0,31,0.0
6405,201412,0,552.0,12,0.0,0.0,0.0,1000.0,67,0.0
6406,201407,0,2605.0,12,1.0,7.0,9.0,1200.0,55,1.0
6407,201410,1,435.0,12,0.0,0.0,0.0,979.34,36,0.0
6408,201408,0,837.0,12,0.0,0.0,4.0,500.0,30,0.0
6409,201406,0,4838.0,12,97.0,7.0,12.0,714.0,56,15.0
6410,201412,0,568.0,5,0.0,0.0,0.0,389.0,31,0.0
6411,201402,1,410.0,12,0.0,0.0,0.0,612.3,61,0.0
6412,201401,0,351.0,3,0.0,0.0,0.0,235.2,30,0.0
6413,201402,0,1762.0,12,7.0,10.0,12.0,400.0,52,3.0
6414,201401,1,1540.0,12,2.0,7.0,9.0,2900.69,54,1.0
6415,201405,0,1233.0,12,0.0,3.0,12.0,1800.0,38,0.0
6416,201405,0,679.0,10,0.0,0.0,0.0,800.0,30,0.0
6417,201401,0,1521.0,12,0.0,11.0,12.0,1000.0,64,2.0
6418,201409,0,2684.0,12,37.0,12.0,12.0,935.0,70,4.0
6419,201404,0,1047.0,10,0.0,0.0,10.0,1000.0,40,0.0
6420,201407,1,2484.0,12,22.0,8.0,3.0,1000.0,40,3.0
6421,201406,0,2309.0,10,28.0,12.0,12.0,800.0,64,1.0
6422,201404,0,764.0,12,0.0,0.0,6.0,1000.0,53,0.0
6423,201401,0,1992.0,4,16.0,9.0,12.0,400.0,29,2.0
6424,201407,1,251.0,12,0.0,0.0,0.0,898.59,37,0.0
6425,201412,0,2786.0,10,17.0,0.0,0.0,1500.0,46,8.0
6426,201408,0,1115.0,5,0.0,0.0,8.0,500.0,48,0.0
6427,201408,0,743.0,12,0.0,0.0,1.0,1500.0,74,0.0
6428,201402,0,2290.0,12,6.0,0.0,3.0,2000.0,51,2.0
6429,201404,0,203.0,12,0.0,0.0,0.0,1000.0,58,0.0
6430,201409,0,1564.0,12,4.0,12.0,12.0,1461.45,33,1.0
6431,201404,0,2047.0,12,12.0,9.0,12.0,1000.0,42,3.0
6432,201408,1,184.0,12,0.0,0.0,0.0,800.0,64,0.0
6433,201412,0,847.0,12,0.0,0.0,4.0,3000.0,71,0.0
6434,201405,0,737.0,10,0.0,0.0,0.0,2000.0,61,0.0
6435,201407,0,931.0,12,0.0,0.0,6.0,1297.0,56,0.0
6436,201404,0,1351.0,12,0.0,6.0,8.0,600.0,29,0.0
6437,201404,0,846.0,5,0.0,0.0,4.0,500.0,44,0.0
6438,201411,0,2113.0,8,20.0,10.0,12.0,1155.79,30,6.0
6439,201404,0,590.0,12,0.0,0.0,0.0,1000.0,41,0.0
6440,201402,0,419.0,12,0.0,0.0,0.0,600.0,40,0.0
6441,201404,0,2514.0,12,28.0,11.0,12.0,1500.0,68,3.0
6442,201412,0,3310.0,12,29.0,12.0,7.0,2474.87,45,31.0
6443,201407,0,679.0,12,0.0,0.0,0.0,400.0,37,0.0
6444,201409,0,2474.0,12,22.0,5.0,11.0,1500.0,59,5.0
6445,201403,1,637.0,6,0.0,0.0,0.0,328.0,37,0.0
6446,201406,0,3881.0,12,40.0,2.0,1.0,1000.0,44,10.0
6447,201402,0,1541.0,12,2.0,12.0,12.0,1461.73,46,1.0
6448,201402,0,1442.0,12,0.0,10.0,12.0,1300.0,56,0.0
6449,201411,1,378.0,12,0.0,0.0,0.0,1000.0,68,0.0
6450,201405,0,4342.0,12,76.0,11.0,6.0,1000.0,39,12.0
6451,201409,1,2411.0,12,25.0,11.0,12.0,1000.0,60,3.0
6452,201412,0,208.0,12,0.0,0.0,0.0,800.0,50,0.0
6453,201404,0,3036.0,3,32.0,5.0,12.0,200.0,49,15.0
6454,201405,0,980.0,12,0.0,0.0,8.0,1664.17,36,0.0
6455,201407,0,770.0,12,0.0,0.0,2.0,1500.0,71,0.0
6456,201402,0,254.0,3,0.0,0.0,0.0,230.0,28,0.0
6457,201408,0,2938.0,12,45.0,12.0,11.0,700.0,59,4.0
6458,201409,0,1128.0,10,0.0,3.0,12.0,500.0,67,0.0
6459,201410,0,3414.0,6,40.0,5.0,7.0,1400.0,68,4.0
6460,201409,0,490.0,6,0.0,0.0,0.0,300.0,56,0.0
6461,201406,0,3058.0,12,2.0,0.0,0.0,1303.64,43,6.0
6462,201403,1,359.0,12,0.0,0.0,0.0,500.0,34,0.0
6463,201411,0,1805.0,12,7.0,3.0,0.0,2000.0,58,3.0
6464,201412,1,405.0,12,0.0,0.0,0.0,1500.0,37,0.0
6465,201401,0,1506.0,12,0.0,12.0,12.0,1600.0,54,1.0
6466,201403,1,815.0,10,0.0,0.0,4.0,700.0,40,0.0
6467,201404,0,2314.0,12,21.0,7.0,12.0,2000.0,41,7.0
6468,201407,1,130.0,12,0.0,0.0,0.0,1065.02,51,0.0
6469,201401,1,3745.0,12,8.0,12.0,12.0,2900.69,32,24.0
6470,201404,0,867.0,12,0.0,0.0,4.0,1700.0,68,0.0
6471,201407,0,2419.0,12,17.0,0.0,0.0,1000.0,45,10.0
6472,201406,1,1267.0,12,0.0,2.0,12.0,700.0,49,0.0
6473,201403,0,571.0,10,0.0,0.0,0.0,1200.0,39,0.0
6474,201407,0,4927.0,12,76.0,12.0,11.0,1000.0,50,26.0
6475,201410,1,1644.0,10,5.0,12.0,9.0,1000.0,39,1.0
6476,201410,1,320.0,12,0.0,0.0,0.0,350.0,55,0.0
6477,201402,0,3773.0,12,63.0,10.0,12.0,1426.68,49,14.0
6478,201402,0,322.0,12,0.0,0.0,0.0,1000.0,37,0.0
6479,201402,1,455.0,12,0.0,0.0,0.0,887.58,47,0.0
6480,201402,0,600.0,12,0.0,0.0,0.0,1000.0,78,0.0
6481,201405,0,4552.0,12,72.0,8.0,12.0,1200.0,42,18.0
6482,201402,1,562.0,5,0.0,0.0,0.0,300.0,32,0.0
6483,201405,0,1634.0,12,6.0,11.0,12.0,1841.62,37,1.0
6484,201410,0,4730.0,12,7.0,0.0,4.0,1344.32,43,14.0
6485,201412,1,340.0,12,0.0,0.0,0.0,550.0,35,0.0
6486,201410,1,2229.0,12,6.0,5.0,1.0,2000.0,38,2.0
6487,201405,1,516.0,12,0.0,0.0,0.0,1000.0,30,0.0
6488,201409,1,712.0,12,0.0,0.0,0.0,1500.0,55,0.0
6489,201410,0,302.0,5,0.0,0.0,0.0,200.0,28,0.0
6490,201401,0,2580.0,12,28.0,11.0,3.0,1000.0,64,9.0
6491,201408,0,3481.0,10,1.0,0.0,8.0,600.0,68,1.0
6492,201411,0,1817.0,12,11.0,12.0,12.0,2000.0,63,1.0
6493,201407,0,1318.0,12,0.0,5.0,6.0,2700.0,54,0.0
6494,201403,1,3852.0,12,54.0,6.0,5.0,1000.0,57,12.0
6495,201406,1,466.0,12,0.0,0.0,0.0,2470.0,57,0.0
6496,201409,0,3966.0,6,52.0,2.0,12.0,1366.0,35,12.0
6497,201411,1,1179.0,12,0.0,2.0,12.0,2000.0,51,0.0
6498,201408,0,3504.0,12,16.0,0.0,1.0,1400.0,62,16.0
6499,201411,0,2018.0,3,14.0,10.0,12.0,500.0,51,5.0
6500,201402,1,3154.0,9,4.0,0.0,0.0,1000.0,31,4.0
6501,201408,0,1073.0,8,0.0,0.0,12.0,1000.0,46,0.0
6502,201404,0,429.0,3,0.0,0.0,0.0,200.0,48,0.0
6503,201403,0,3375.0,12,5.0,0.0,0.0,1500.0,66,6.0
6504,201407,0,431.0,5,0.0,0.0,0.0,1200.0,70,0.0
6505,201404,0,973.0,12,0.0,0.0,8.0,600.0,57,0.0
6506,201401,0,2675.0,12,36.0,9.0,12.0,2400.0,50,5.0
6507,201401,0,2952.0,12,27.0,10.0,12.0,1000.0,27,11.0
6508,201412,0,3797.0,12,55.0,5.0,0.0,1000.0,64,21.0
6509,201408,1,342.0,12,0.0,0.0,0.0,700.0,33,0.0
6510,201409,1,1236.0,12,0.0,4.0,12.0,1000.0,64,0.0
6511,201405,1,967.0,12,0.0,0.0,8.0,1500.0,45,0.0
6512,201401,0,2237.0,12,18.0,9.0,9.0,986.22,73,6.0
6513,201409,0,1763.0,10,8.0,1.0,0.0,3000.0,71,2.0
6514,201408,0,1425.0,12,0.0,7.0,10.0,1000.0,31,0.0
6515,201401,0,197.0,12,0.0,0.0,0.0,1000.0,38,0.0
6516,201411,0,3810.0,12,60.0,9.0,0.0,1000.0,38,18.0
6517,201409,1,2616.0,8,24.0,4.0,2.0,700.0,37,5.0
6518,201405,1,687.0,12,0.0,0.0,0.0,900.0,29,0.0
6519,201408,0,1241.0,4,0.0,4.0,12.0,350.0,43,0.0
6520,201411,1,274.0,8,0.0,0.0,0.0,200.0,37,0.0
6521,201411,0,254.0,12,0.0,0.0,0.0,600.0,48,0.0
6522,201412,0,3648.0,5,68.0,12.0,11.0,300.0,63,5.0
6523,201409,0,1792.0,8,9.0,0.0,0.0,250.0,53,1.0
6524,201412,0,357.0,12,0.0,0.0,0.0,1006.59,55,0.0
6525,201403,0,177.0,12,0.0,0.0,0.0,1400.0,52,9.0
6526,201409,1,558.0,12,0.0,0.0,0.0,3000.0,66,0.0
6527,201401,1,258.0,12,0.0,0.0,0.0,936.89,43,0.0
6528,201405,0,207.0,9,0.0,0.0,0.0,500.0,55,0.0
6529,201401,0,763.0,12,0.0,0.0,1.0,2000.0,40,0.0
6530,201405,0,701.0,12,0.0,0.0,0.0,700.0,50,0.0
6531,201406,0,1038.0,8,0.0,0.0,12.0,400.0,57,0.0
6532,201411,1,1857.0,6,12.0,12.0,12.0,1000.0,38,1.0
6533,201411,1,513.0,12,0.0,0.0,0.0,800.0,32,0.0
6534,201405,0,233.0,12,0.0,0.0,0.0,1500.0,42,0.0
6535,201403,0,517.0,12,0.0,0.0,0.0,642.77,50,0.0
6536,201406,0,3303.0,12,43.0,8.0,12.0,1500.0,56,17.0
6537,201410,1,498.0,12,0.0,0.0,0.0,1500.0,60,0.0
6538,201401,0,2330.0,12,12.0,0.0,0.0,500.0,57,11.0
6539,201406,1,528.0,12,0.0,0.0,0.0,1500.0,29,0.0
6540,201404,0,1250.0,12,0.0,4.0,2.0,1800.0,58,0.0
6541,201403,0,978.0,12,0.0,0.0,7.0,3000.0,33,0.0
6542,201405,0,1030.0,9,0.0,0.0,7.0,800.0,36,0.0
6543,201410,0,379.0,12,0.0,0.0,0.0,900.0,29,0.0
6544,201407,1,1136.0,12,0.0,0.0,12.0,950.0,31,0.0
6545,201406,0,4925.0,5,66.0,10.0,12.0,400.0,45,21.0
6546,201406,1,3803.0,12,21.0,4.0,5.0,1400.0,32,5.0
6547,201410,1,3270.0,12,30.0,9.0,12.0,2000.0,45,14.0
6548,201403,0,4865.0,12,104.0,12.0,12.0,2000.0,53,4.0
6549,201402,1,233.0,3,0.0,0.0,0.0,278.16,32,0.0
6550,201402,0,424.0,12,0.0,0.0,0.0,1000.0,54,0.0
6551,201404,1,650.0,10,0.0,0.0,0.0,2000.0,35,0.0
6552,201406,0,2231.0,12,15.0,8.0,12.0,800.0,54,6.0
6553,201412,0,4415.0,5,66.0,12.0,12.0,1000.0,52,21.0
6554,201409,1,295.0,8,0.0,0.0,0.0,300.0,39,0.0
6555,201409,0,1650.0,6,4.0,6.0,7.0,200.0,65,2.0
6556,201403,1,294.0,12,0.0,0.0,0.0,1107.03,35,0.0
6557,201408,0,416.0,3,0.0,0.0,0.0,250.0,68,0.0
6558,201409,1,1370.0,12,0.0,3.0,11.0,1508.43,24,0.0
6559,201403,0,522.0,12,0.0,0.0,0.0,1000.0,49,0.0
6560,201401,0,753.0,4,0.0,0.0,1.0,1100.0,50,0.0
6561,201406,0,2492.0,12,17.0,0.0,0.0,1906.4,64,3.0
6562,201407,1,1411.0,12,0.0,4.0,0.0,1441.22,25,0.0
6563,201407,0,,3,0.0,0.0,0.0,534.37,26,0.0
6564,201403,1,660.0,12,0.0,0.0,0.0,818.25,27,0.0
6565,201407,0,742.0,5,0.0,0.0,0.0,700.0,26,0.0
6566,201407,1,418.0,12,0.0,0.0,0.0,1309.79,50,0.0
6567,201405,0,251.0,12,0.0,0.0,0.0,500.0,49,0.0
6568,201411,0,1030.0,3,0.0,0.0,10.0,200.0,55,0.0
6569,201411,1,503.0,12,0.0,0.0,0.0,1500.0,43,0.0
6570,201406,0,892.0,10,0.0,0.0,6.0,700.0,26,0.0
6571,201403,1,1104.0,12,0.0,1.0,12.0,1000.0,47,0.0
6572,201405,1,604.0,12,0.0,0.0,0.0,1500.0,29,0.0
6573,201407,0,515.0,4,0.0,0.0,0.0,500.0,48,0.0
6574,201404,0,473.0,10,0.0,0.0,0.0,500.0,50,0.0
6575,201406,1,1128.0,12,0.0,0.0,12.0,3000.0,23,0.0
6576,201409,1,3344.0,12,17.0,0.0,1.0,800.0,44,10.0
6577,201407,1,1238.0,10,0.0,4.0,3.0,300.0,44,0.0
6578,201401,0,4024.0,12,20.0,0.0,5.0,1665.87,60,37.0
6579,201412,1,872.0,12,0.0,0.0,5.0,3000.0,64,0.0
6580,201408,1,268.0,12,0.0,0.0,0.0,909.95,29,0.0
6581,201402,0,362.0,12,0.0,0.0,0.0,1707.79,57,0.0
6582,201412,0,2974.0,12,9.0,3.0,8.0,1000.0,63,25.0
6583,201409,0,773.0,12,0.0,0.0,1.0,1000.0,27,0.0
6584,201405,1,4002.0,12,11.0,0.0,1.0,2000.0,63,10.0
6585,201405,0,496.0,12,0.0,0.0,0.0,2300.0,61,0.0
6586,201409,0,2496.0,3,22.0,11.0,10.0,400.0,38,5.0
6587,201405,0,4317.0,12,44.0,2.0,0.0,1500.0,51,13.0
6588,201401,0,2198.0,12,20.0,12.0,11.0,1500.0,68,2.0
6589,201407,0,417.0,7,0.0,0.0,0.0,1074.44,35,0.0
6590,201402,0,993.0,12,0.0,0.0,8.0,250.0,41,0.0
6591,201406,0,3471.0,10,10.0,0.0,12.0,2000.0,57,7.0
6592,201408,0,1483.0,12,0.0,12.0,12.0,1000.0,60,1.0
6593,201404,1,,12,,,,879.88,46,
6594,201404,0,399.0,12,0.0,0.0,0.0,1743.87,38,0.0
6595,201410,0,3679.0,5,44.0,8.0,10.0,500.0,59,6.0
6596,201402,0,216.0,6,0.0,0.0,0.0,500.0,54,0.0
6597,201405,1,173.0,12,0.0,0.0,0.0,1500.0,26,0.0
6598,201406,0,1974.0,6,11.0,8.0,11.0,500.0,46,5.0
6599,201407,1,589.0,12,0.0,0.0,0.0,891.7,28,0.0
6600,201412,0,4747.0,12,58.0,6.0,12.0,1500.0,69,22.0
6601,201405,0,177.0,10,0.0,0.0,0.0,800.0,59,0.0
6602,201407,0,1158.0,4,0.0,1.0,12.0,400.0,38,0.0
6603,201408,0,1427.0,12,0.0,10.0,11.0,2900.0,50,0.0
6604,201411,1,232.0,10,0.0,0.0,0.0,500.0,37,0.0
6605,201404,0,165.0,12,0.0,0.0,0.0,500.0,56,0.0
6606,201407,0,298.0,12,0.0,0.0,0.0,800.0,32,0.0
6607,201403,1,288.0,12,0.0,0.0,0.0,1500.0,48,0.0
6608,201409,0,759.0,8,0.0,0.0,1.0,852.63,42,0.0
6609,201411,0,2417.0,6,22.0,12.0,12.0,500.0,63,4.0
6610,201407,0,630.0,8,0.0,0.0,0.0,1200.0,30,0.0
6611,201404,0,223.0,12,0.0,0.0,0.0,1000.0,63,0.0
6612,201404,1,2351.0,12,11.0,8.0,2.0,2500.0,59,3.0
6613,201405,1,548.0,12,0.0,0.0,0.0,2408.88,48,0.0
6614,201406,0,1589.0,12,4.0,10.0,12.0,1000.0,69,1.0
6615,201401,1,157.0,12,0.0,0.0,0.0,1300.0,31,0.0
6616,201403,0,1148.0,12,0.0,1.0,8.0,1500.0,28,0.0
6617,201401,0,607.0,12,0.0,0.0,0.0,1000.0,48,0.0
6618,201407,0,2825.0,12,31.0,7.0,12.0,300.0,52,14.0
6619,201411,0,894.0,12,0.0,0.0,5.0,2000.0,37,0.0
6620,201410,0,224.0,12,0.0,0.0,0.0,1000.0,33,0.0
6621,201410,0,3405.0,12,11.0,0.0,6.0,3000.0,68,2.0
6622,201405,1,606.0,12,0.0,0.0,0.0,1016.3,24,0.0
6623,201407,0,2446.0,12,22.0,0.0,9.0,2000.0,64,6.0
6624,201407,0,946.0,10,0.0,0.0,8.0,1000.0,45,0.0
6625,201412,0,293.0,6,0.0,0.0,0.0,800.0,42,0.0
6626,201401,0,1423.0,3,0.0,6.0,6.0,300.0,31,0.0
6627,201407,0,365.0,8,0.0,0.0,0.0,600.0,38,0.0
6628,201407,0,2070.0,12,10.0,4.0,4.0,700.0,46,7.0
6629,201408,0,890.0,6,0.0,0.0,7.0,633.0,55,0.0
6630,201406,0,2383.0,12,28.0,9.0,12.0,2000.0,50,2.0
6631,201405,0,1693.0,12,6.0,5.0,8.0,1310.0,47,1.0
6632,201403,0,2692.0,12,30.0,9.0,10.0,2000.0,55,7.0
6633,201406,0,2343.0,3,23.0,11.0,12.0,500.0,48,7.0
6634,201408,1,595.0,12,0.0,0.0,0.0,1000.0,41,0.0
6635,201406,0,2740.0,10,41.0,12.0,12.0,2438.52,47,1.0
6636,201404,0,1161.0,3,0.0,1.0,12.0,200.0,49,0.0
6637,201407,0,1314.0,12,0.0,6.0,0.0,1000.0,48,0.0
6638,201404,0,466.0,12,0.0,0.0,0.0,2000.0,53,0.0
6639,201401,0,300.0,12,0.0,0.0,0.0,776.31,56,0.0
6640,201411,0,332.0,6,0.0,0.0,0.0,300.0,61,0.0
6641,201407,1,3593.0,12,19.0,0.0,0.0,3000.0,57,16.0
6642,201402,0,1311.0,12,0.0,8.0,7.0,1000.0,51,0.0
6643,201407,0,281.0,12,0.0,0.0,0.0,1000.0,56,0.0
6644,201408,1,217.0,12,0.0,0.0,0.0,1350.0,49,0.0
6645,201401,0,184.0,12,0.0,0.0,0.0,1200.0,58,0.0
6646,201408,0,544.0,5,0.0,0.0,0.0,500.0,39,0.0
6647,201408,0,3311.0,10,45.0,9.0,12.0,1000.0,60,7.0
6648,201409,0,2274.0,3,21.0,11.0,11.0,400.0,25,3.0
6649,201404,0,2729.0,12,27.0,9.0,12.0,2300.0,47,9.0
6650,201408,0,1890.0,12,12.0,6.0,0.0,1000.0,24,3.0
6651,201404,0,1966.0,12,15.0,6.0,8.0,600.0,65,2.0
6652,201405,0,560.0,12,0.0,0.0,0.0,1145.55,55,0.0
6653,201404,0,1239.0,12,0.0,4.0,11.0,1000.0,27,0.0
6654,201401,1,240.0,12,1.0,0.0,0.0,1000.0,33,6.0
6655,201411,0,2344.0,4,19.0,5.0,12.0,700.0,24,6.0
6656,201411,0,491.0,6,0.0,0.0,0.0,1000.0,35,25.0
6657,201403,0,,12,,,,800.0,32,
6658,201404,1,336.0,12,0.0,0.0,0.0,1000.0,60,0.0
6659,201405,0,1293.0,12,0.0,3.0,12.0,1000.0,47,0.0
6660,201406,0,,12,,,,746.0,43,
6661,201405,0,274.0,8,0.0,0.0,0.0,700.0,63,0.0
6662,201407,1,1205.0,12,0.0,3.0,3.0,961.18,37,0.0
6663,201405,0,1755.0,12,8.0,7.0,10.0,1200.0,43,2.0
6664,201406,0,406.0,8,0.0,0.0,0.0,500.0,65,0.0
6665,201408,1,1800.0,12,4.0,8.0,12.0,1200.0,35,5.0
6666,201402,0,591.0,12,0.0,0.0,0.0,1000.0,54,0.0
6667,201405,0,1449.0,12,0.0,2.0,0.0,1000.0,54,0.0
6668,201402,0,2073.0,12,13.0,4.0,6.0,572.15,35,8.0
6669,201412,0,3282.0,6,28.0,7.0,8.0,500.0,64,21.0
6670,201407,1,434.0,12,0.0,0.0,0.0,1845.29,46,0.0
6671,201404,0,1859.0,3,7.0,2.0,11.0,300.0,39,7.0
6672,201408,1,1086.0,12,0.0,0.0,11.0,2000.0,45,0.0
6673,201412,1,2649.0,12,19.0,4.0,10.0,2456.16,50,9.0
6674,201409,1,763.0,12,0.0,0.0,1.0,1000.0,74,0.0
6675,201412,0,2989.0,12,35.0,11.0,6.0,2000.0,50,21.0
6676,201412,0,2525.0,12,8.0,0.0,0.0,2497.5,52,2.0
6677,201411,0,754.0,12,0.0,0.0,1.0,2079.85,38,0.0
6678,201411,1,4906.0,12,48.0,7.0,8.0,1076.72,78,43.0
6679,201409,0,2263.0,7,8.0,2.0,0.0,1000.0,63,2.0
6680,201405,1,295.0,12,0.0,0.0,0.0,1500.0,50,0.0
6681,201408,0,3259.0,12,19.0,0.0,0.0,1000.0,57,3.0
6682,201410,0,1848.0,12,11.0,12.0,12.0,1100.0,43,2.0
6683,201409,0,3709.0,12,32.0,11.0,12.0,1500.0,52,32.0
6684,201405,0,1990.0,10,14.0,8.0,0.0,800.0,59,2.0
6685,201412,0,2631.0,12,12.0,4.0,12.0,1500.0,35,6.0
6686,201408,0,530.0,12,0.0,0.0,0.0,900.0,36,0.0
6687,201403,0,539.0,4,0.0,0.0,0.0,978.4,47,0.0
6688,201402,0,1516.0,12,1.0,9.0,6.0,1200.0,46,2.0
6689,201408,1,2177.0,12,18.0,10.0,11.0,2500.0,64,6.0
6690,201404,0,825.0,5,0.0,0.0,3.0,350.0,25,0.0
6691,201405,0,679.0,12,0.0,0.0,0.0,1223.83,56,0.0
6692,201402,0,878.0,12,0.0,0.0,5.0,1382.94,56,0.0
6693,201406,0,2674.0,7,3.0,0.0,0.0,600.0,30,4.0
6694,201401,1,2961.0,12,38.0,10.0,9.0,1983.08,47,9.0
6695,201411,1,2372.0,10,15.0,8.0,12.0,1000.0,44,6.0
6696,201404,0,333.0,3,0.0,0.0,0.0,370.0,25,0.0
6697,201406,1,571.0,12,0.0,0.0,0.0,1500.0,35,0.0
6698,201402,0,2449.0,12,30.0,0.0,1.0,850.0,28,2.0
6699,201407,1,556.0,9,0.0,0.0,0.0,3000.0,34,0.0
6700,201406,0,2122.0,3,15.0,10.0,9.0,150.0,49,4.0
6701,201406,0,2754.0,12,29.0,4.0,12.0,700.0,35,12.0
6702,201408,1,987.0,12,0.0,0.0,9.0,3000.0,54,0.0
6703,201410,0,715.0,12,0.0,0.0,0.0,800.0,51,0.0
6704,201402,0,3626.0,12,18.0,0.0,0.0,500.0,71,10.0
6705,201410,0,1955.0,12,6.0,5.0,2.0,2600.0,71,4.0
6706,201406,1,904.0,12,0.0,0.0,7.0,1300.0,60,0.0
6707,201411,0,1784.0,12,10.0,1.0,0.0,650.0,59,1.0
6708,201412,0,2036.0,5,10.0,8.0,9.0,1000.0,34,3.0
6709,201407,0,1082.0,12,0.0,0.0,11.0,3000.0,43,0.0
6710,201401,0,430.0,5,0.0,0.0,0.0,499.79,42,0.0
6711,201402,0,1160.0,12,0.0,1.0,9.0,700.0,45,0.0
6712,201408,1,1854.0,12,7.0,9.0,9.0,2000.0,49,6.0
6713,201408,0,2375.0,12,15.0,7.0,0.0,800.0,63,1.0
6714,201407,1,3918.0,10,66.0,12.0,12.0,3000.0,66,6.0
6715,201405,0,465.0,12,0.0,0.0,0.0,1000.0,35,0.0
6716,201402,1,336.0,12,0.0,0.0,0.0,1500.0,26,0.0
6717,201407,1,788.0,12,0.0,0.0,2.0,2096.72,39,0.0
6718,201402,0,511.0,12,0.0,0.0,0.0,1700.0,64,0.0
6719,201404,1,620.0,12,0.0,0.0,0.0,1191.94,48,0.0
6720,201406,0,868.0,10,0.0,0.0,5.0,813.35,50,0.0
6721,201412,0,1022.0,12,0.0,0.0,10.0,1900.0,59,0.0
6722,201408,0,701.0,12,0.0,0.0,0.0,600.0,38,0.0
6723,201404,0,2460.0,12,29.0,11.0,11.0,2000.0,57,2.0
6724,201407,1,523.0,10,0.0,0.0,0.0,500.0,38,0.0
6725,201406,0,402.0,12,0.0,0.0,0.0,807.0,58,0.0
6726,201401,0,1037.0,12,0.0,0.0,11.0,1200.0,25,0.0
6727,201410,0,375.0,6,0.0,0.0,0.0,800.0,25,0.0
6728,201401,1,383.0,12,0.0,0.0,0.0,2627.66,48,0.0
6729,201407,0,2191.0,12,10.0,7.0,10.0,1000.0,49,4.0
6730,201409,1,419.0,12,0.0,0.0,0.0,3000.0,62,0.0
6731,201405,0,225.0,12,0.0,0.0,0.0,1000.0,51,0.0
6732,201411,0,499.0,3,0.0,0.0,0.0,200.0,25,0.0
6733,201401,0,344.0,12,0.0,0.0,0.0,1500.0,56,0.0
6734,201412,1,1259.0,12,0.0,4.0,12.0,2703.39,42,0.0
6735,201405,1,555.0,12,0.0,0.0,0.0,2000.0,52,0.0
6736,201403,0,613.0,12,0.0,0.0,0.0,500.0,58,0.0
6737,201405,0,228.0,12,0.0,0.0,0.0,651.4,55,0.0
6738,201403,0,2832.0,10,18.0,8.0,12.0,2000.0,67,5.0
6739,201409,0,,12,,,,1300.0,59,
6740,201408,0,2128.0,12,12.0,8.0,10.0,1200.0,40,3.0
6741,201408,0,793.0,12,0.0,0.0,2.0,700.0,27,0.0
6742,201406,0,668.0,12,0.0,0.0,0.0,1500.0,56,0.0
6743,201401,1,846.0,12,0.0,0.0,4.0,700.0,47,0.0
6744,201401,1,16.0,12,0.0,0.0,0.0,1500.0,52,0.0
6745,201408,0,380.0,12,0.0,0.0,0.0,600.0,45,0.0
6746,201407,0,669.0,12,0.0,0.0,0.0,1000.0,74,0.0
6747,201404,0,1317.0,12,0.0,7.0,0.0,2500.0,76,0.0
6748,201405,0,178.0,12,0.0,0.0,0.0,1000.0,57,0.0
6749,201405,0,1191.0,12,0.0,2.0,12.0,1000.0,54,0.0
6750,201401,1,433.0,10,0.0,0.0,0.0,700.0,55,0.0
6751,201406,0,628.0,12,0.0,0.0,0.0,1380.0,46,0.0
6752,201409,1,636.0,10,0.0,0.0,0.0,1000.0,52,0.0
6753,201404,0,182.0,8,0.0,0.0,0.0,508.6,42,0.0
6754,201411,0,412.0,4,0.0,0.0,0.0,600.0,49,0.0
6755,201402,1,599.0,12,0.0,0.0,0.0,1332.34,31,0.0
6756,201411,0,2634.0,5,31.0,9.0,12.0,1050.0,61,8.0
6757,201403,1,834.0,12,0.0,0.0,3.0,1945.78,27,0.0
6758,201407,1,688.0,12,0.0,0.0,0.0,2038.63,48,0.0
6759,201408,1,987.0,12,0.0,0.0,9.0,900.0,38,0.0
6760,201406,1,227.0,12,0.0,0.0,0.0,1824.87,36,0.0
6761,201405,0,1731.0,12,10.0,6.0,0.0,1273.58,26,0.0
6762,201409,0,4933.0,12,70.0,0.0,4.0,2000.0,59,12.0
6763,201407,0,924.0,6,0.0,0.0,7.0,700.0,46,0.0
6764,201403,1,1827.0,12,7.0,0.0,8.0,1939.32,27,2.0
6765,201409,1,511.0,12,0.0,0.0,0.0,600.0,26,0.0
6766,201410,0,495.0,12,0.0,0.0,0.0,1000.0,42,0.0
6767,201408,1,1143.0,12,0.0,1.0,8.0,2000.0,42,0.0
6768,201408,1,379.0,12,0.0,0.0,0.0,1000.0,43,0.0
6769,201406,0,2299.0,8,20.0,11.0,12.0,700.0,66,3.0
6770,201406,0,314.0,12,0.0,0.0,0.0,1000.0,61,0.0
6771,201410,1,1790.0,12,1.0,7.0,6.0,2000.0,51,1.0
6772,201410,0,4912.0,12,86.0,0.0,0.0,1000.0,64,8.0
6773,201404,1,1964.0,12,11.0,10.0,6.0,3000.0,67,4.0
6774,201401,0,2408.0,12,20.0,0.0,8.0,2900.0,52,7.0
6775,201404,0,981.0,12,0.0,0.0,10.0,2000.0,47,0.0
6776,201403,0,2891.0,5,25.0,6.0,0.0,300.0,63,12.0
6777,201409,1,762.0,4,0.0,0.0,2.0,200.0,31,0.0
6778,201411,0,390.0,10,0.0,0.0,0.0,696.0,48,0.0
6779,201403,1,1571.0,12,3.0,11.0,12.0,2000.0,49,1.0
6780,201412,1,713.0,12,0.0,0.0,0.0,1000.0,28,0.0
6781,201406,0,164.0,12,0.0,0.0,0.0,348.0,52,0.0
6782,201403,1,1925.0,10,6.0,6.0,12.0,1500.0,48,3.0
6783,201403,0,1498.0,8,1.0,9.0,7.0,150.0,24,1.0
6784,201408,0,1315.0,12,0.0,6.0,12.0,1000.0,55,0.0
6785,201406,0,654.0,12,0.0,0.0,0.0,300.0,58,0.0
6786,201411,1,4699.0,10,11.0,4.0,12.0,600.0,39,30.0
6787,201402,0,1062.0,12,0.0,0.0,12.0,2000.0,51,0.0
6788,201402,1,267.0,4,0.0,0.0,0.0,460.0,52,0.0
6789,201406,0,4568.0,4,85.0,11.0,12.0,500.0,52,18.0
6790,201408,0,205.0,3,0.0,0.0,0.0,230.0,40,0.0
6791,201401,1,1503.0,12,1.0,10.0,10.0,1500.0,47,1.0
6792,201402,0,4159.0,12,60.0,5.0,0.0,2000.0,64,17.0
6793,201407,1,634.0,12,0.0,0.0,0.0,1500.0,47,0.0
6794,201408,0,675.0,12,0.0,0.0,0.0,450.0,60,0.0
6795,201409,0,5033.0,12,107.0,11.0,12.0,2500.0,59,10.0
6796,201410,0,2220.0,12,20.0,7.0,8.0,1500.0,50,5.0
6797,201408,0,867.0,12,0.0,0.0,1.0,800.0,26,0.0
6798,201409,0,384.0,12,0.0,0.0,0.0,1500.0,58,0.0
6799,201401,1,1169.0,12,0.0,1.0,0.0,1000.0,60,0.0
6800,201405,1,193.0,12,0.0,0.0,0.0,720.0,51,0.0
6801,201401,0,201.0,10,0.0,0.0,0.0,800.0,23,0.0
6802,201410,0,2850.0,9,27.0,8.0,12.0,500.0,46,19.0
6803,201411,0,1588.0,12,4.0,6.0,0.0,879.23,43,1.0
6804,201405,0,882.0,12,0.0,0.0,5.0,795.32,43,0.0
6805,201405,0,687.0,12,0.0,0.0,0.0,1000.0,68,0.0
6806,201405,0,343.0,12,0.0,0.0,0.0,1000.0,56,0.0
6807,201406,0,2105.0,8,21.0,10.0,12.0,600.0,69,1.0
6808,201410,1,377.0,10,0.0,0.0,0.0,250.0,42,0.0
6809,201411,0,583.0,12,0.0,0.0,0.0,3000.0,60,0.0
6810,201403,0,237.0,12,0.0,0.0,0.0,2000.0,66,0.0
6811,201407,0,2053.0,6,14.0,12.0,12.0,1000.0,57,5.0
6812,201407,1,288.0,5,0.0,0.0,0.0,500.0,36,0.0
6813,201412,0,529.0,6,0.0,0.0,0.0,1535.08,50,0.0
6814,201405,0,1004.0,12,0.0,0.0,9.0,1000.0,65,0.0
6815,201404,0,2878.0,12,12.0,3.0,2.0,3000.0,47,2.0
6816,201409,0,2561.0,3,13.0,0.0,0.0,350.0,26,4.0
6817,201401,0,2598.0,12,19.0,5.0,12.0,380.0,69,19.0
6818,201401,1,436.0,10,0.0,0.0,0.0,600.0,37,0.0
6819,201402,0,1198.0,12,0.0,3.0,12.0,900.0,63,0.0
6820,201401,0,548.0,6,0.0,0.0,0.0,500.0,24,0.0
6821,201407,1,496.0,12,0.0,0.0,0.0,1226.0,60,0.0
6822,201408,1,238.0,12,0.0,0.0,0.0,2000.0,49,0.0
6823,201411,0,730.0,12,0.0,0.0,0.0,1400.0,48,0.0
6824,201404,1,1153.0,8,0.0,2.0,11.0,1000.0,40,0.0
6825,201411,1,970.0,12,0.0,0.0,11.0,1966.92,24,0.0
6826,201403,0,1626.0,12,1.0,8.0,2.0,1000.0,23,2.0
6827,201408,1,726.0,12,0.0,0.0,3.0,950.0,23,0.0
6828,201406,0,1369.0,12,0.0,7.0,12.0,1000.0,54,0.0
6829,201410,1,293.0,12,0.0,0.0,0.0,1000.0,67,0.0
6830,201411,0,1189.0,3,0.0,1.0,0.0,200.0,48,0.0
6831,201407,0,2143.0,12,10.0,0.0,0.0,1000.0,50,2.0
6832,201411,0,1007.0,3,0.0,0.0,6.0,600.0,42,0.0
6833,201401,0,1890.0,12,6.0,8.0,12.0,1000.0,57,7.0
6834,201404,0,1665.0,12,4.0,0.0,2.0,1000.0,58,1.0
6835,201409,1,960.0,12,0.0,0.0,5.0,1000.0,73,0.0
6836,201412,1,1353.0,8,0.0,6.0,11.0,600.0,28,0.0
6837,201408,0,1251.0,12,0.0,4.0,7.0,536.0,60,0.0
6838,201403,1,317.0,12,0.0,0.0,0.0,1139.88,46,0.0
6839,201409,1,773.0,12,0.0,0.0,1.0,1000.0,52,0.0
6840,201408,0,2200.0,12,16.0,4.0,12.0,2914.82,66,8.0
6841,201408,0,2193.0,12,11.0,7.0,6.0,1400.0,72,9.0
6842,201411,0,564.0,10,0.0,0.0,0.0,1000.0,55,0.0
6843,201410,0,2518.0,6,30.0,10.0,11.0,500.0,25,4.0
6844,201404,0,387.0,8,0.0,0.0,0.0,200.0,41,0.0
6845,201405,1,264.0,12,0.0,0.0,0.0,700.0,54,0.0
6846,201407,1,778.0,12,0.0,0.0,2.0,1341.29,52,0.0
6847,201403,1,469.0,12,0.0,0.0,0.0,400.0,26,0.0
6848,201406,0,594.0,12,0.0,0.0,0.0,915.0,61,0.0
6849,201401,0,316.0,12,0.0,0.0,0.0,771.44,44,0.0
6850,201406,1,1288.0,12,0.0,5.0,11.0,1600.0,72,0.0
6851,201409,0,619.0,5,0.0,0.0,0.0,1500.0,64,0.0
6852,201404,0,1689.0,12,7.0,6.0,6.0,1500.0,72,1.0
6853,201411,0,609.0,10,0.0,0.0,0.0,300.0,42,0.0
6854,201405,0,243.0,12,0.0,0.0,0.0,500.0,57,0.0
6855,201411,0,448.0,12,0.0,0.0,0.0,1000.0,54,0.0
6856,201412,0,374.0,12,0.0,0.0,0.0,2000.0,61,0.0
6857,201406,0,883.0,12,0.0,0.0,5.0,1192.0,24,0.0
6858,201403,1,1788.0,12,8.0,0.0,8.0,1500.0,62,1.0
6859,201401,0,718.0,12,0.0,0.0,0.0,600.0,21,0.0
6860,201409,0,1774.0,12,10.0,12.0,3.0,2141.62,23,1.0
6861,201410,0,1336.0,6,0.0,7.0,7.0,600.0,69,0.0
6862,201404,0,279.0,12,0.0,0.0,0.0,1066.36,47,0.0
6863,201408,0,129.0,12,0.0,0.0,0.0,1476.26,41,0.0
6864,201407,1,199.0,12,0.0,0.0,0.0,1000.0,26,0.0
6865,201403,0,4706.0,12,29.0,3.0,1.0,3000.0,59,14.0
6866,201406,0,823.0,12,0.0,0.0,3.0,910.0,64,0.0
6867,201408,0,4372.0,3,53.0,0.0,0.0,200.0,31,10.0
6868,201411,0,1720.0,3,7.0,9.0,10.0,500.0,43,1.0
6869,201404,0,623.0,12,0.0,0.0,0.0,1000.0,42,0.0
6870,201409,0,3052.0,5,17.0,0.0,0.0,1000.0,49,7.0
6871,201404,0,714.0,12,0.0,0.0,3.0,1000.0,55,0.0
6872,201405,0,1241.0,6,0.0,3.0,10.0,500.0,39,0.0
6873,201410,0,313.0,12,0.0,0.0,0.0,1000.0,44,0.0
6874,201406,0,344.0,12,0.0,0.0,0.0,500.0,49,0.0
6875,201412,0,383.0,12,0.0,0.0,0.0,1000.0,48,0.0
6876,201403,0,372.0,10,0.0,0.0,0.0,1736.76,52,0.0
6877,201410,0,350.0,12,0.0,0.0,0.0,230.0,41,0.0
6878,201412,1,871.0,12,0.0,0.0,5.0,1000.0,71,0.0
6879,201401,0,378.0,12,0.0,0.0,0.0,400.0,53,0.0
6880,201411,1,1260.0,12,0.0,2.0,11.0,1145.0,26,0.0
6881,201405,0,605.0,6,0.0,0.0,0.0,424.67,35,0.0
6882,201407,1,231.0,12,0.0,0.0,0.0,1000.0,22,0.0
6883,201402,0,634.0,12,0.0,0.0,0.0,2500.0,54,0.0
6884,201408,0,4228.0,12,13.0,0.0,1.0,1000.0,49,10.0
6885,201402,0,4027.0,12,22.0,10.0,5.0,1000.0,56,15.0
6886,201405,1,643.0,12,0.0,0.0,0.0,1000.0,34,0.0
6887,201408,1,655.0,12,0.0,0.0,0.0,2470.0,54,0.0
6888,201412,1,1419.0,12,0.0,6.0,0.0,700.0,62,0.0
6889,201410,0,276.0,5,0.0,0.0,0.0,600.0,24,0.0
6890,201403,0,183.0,10,0.0,0.0,0.0,900.0,63,0.0
6891,201402,1,299.0,12,0.0,0.0,0.0,1300.0,49,0.0
6892,201412,0,2883.0,12,38.0,11.0,12.0,1000.0,58,9.0
6893,201405,0,1217.0,12,0.0,2.0,10.0,2017.02,54,0.0
6894,201404,0,3831.0,12,51.0,6.0,8.0,1000.0,44,10.0
6895,201407,1,338.0,12,0.0,0.0,0.0,1000.0,61,0.0
6896,201409,0,3839.0,12,62.0,9.0,12.0,1000.0,48,6.0
6897,201402,0,2618.0,12,9.0,4.0,0.0,1454.04,52,5.0
6898,201412,1,324.0,8,0.0,0.0,0.0,1500.0,44,0.0
6899,201410,0,1056.0,10,0.0,0.0,6.0,200.0,56,0.0
6900,201401,0,4604.0,12,59.0,0.0,0.0,1000.0,49,7.0
6901,201405,0,707.0,12,0.0,0.0,0.0,883.01,56,0.0
6902,201401,1,211.0,12,0.0,0.0,0.0,558.58,21,0.0
6903,201401,0,583.0,12,0.0,0.0,0.0,1700.0,42,0.0
6904,201404,0,182.0,10,0.0,0.0,0.0,500.0,39,0.0
6905,201404,1,915.0,12,0.0,0.0,6.0,2000.0,37,0.0
6906,201405,1,4483.0,10,77.0,0.0,0.0,1000.0,51,15.0
6907,201412,0,635.0,5,0.0,0.0,0.0,350.0,25,0.0
6908,201402,1,932.0,12,0.0,0.0,7.0,300.0,45,0.0
6909,201408,0,2207.0,3,9.0,0.0,8.0,300.0,55,12.0
6910,201411,1,498.0,12,0.0,0.0,0.0,1000.0,47,0.0
6911,201408,1,451.0,12,0.0,0.0,0.0,2000.0,43,0.0
6912,201404,0,402.0,12,0.0,0.0,0.0,1000.0,56,0.0
6913,201410,0,367.0,12,0.0,0.0,0.0,1454.92,23,0.0
6914,201411,0,503.0,6,0.0,0.0,0.0,400.0,40,0.0
6915,201404,0,375.0,12,0.0,0.0,0.0,1800.0,46,0.0
6916,201412,0,4186.0,12,58.0,10.0,11.0,1300.0,58,11.0
6917,201409,0,1117.0,8,0.0,0.0,12.0,500.0,24,0.0
6918,201404,0,1649.0,12,4.0,1.0,0.0,800.0,76,2.0
6919,201406,0,3956.0,12,71.0,7.0,9.0,1900.0,54,9.0
6920,201404,0,2024.0,12,3.0,4.0,4.0,1000.0,67,3.0
6921,201405,1,157.0,12,0.0,0.0,0.0,600.0,63,0.0
6922,201404,0,1513.0,12,1.0,7.0,12.0,600.0,62,1.0
6923,201408,0,250.0,8,0.0,0.0,0.0,340.0,54,0.0
6924,201403,1,502.0,12,0.0,0.0,0.0,1200.0,28,0.0
6925,201405,0,971.0,12,0.0,0.0,8.0,1200.0,71,0.0
6926,201406,0,2776.0,12,1.0,0.0,2.0,3000.0,60,0.0
6927,201401,0,1797.0,12,3.0,3.0,10.0,2160.0,36,9.0
6928,201402,1,289.0,12,0.0,0.0,0.0,2627.66,50,0.0
6929,201408,0,1898.0,12,14.0,10.0,10.0,1000.0,46,1.0
6930,201411,0,797.0,5,0.0,0.0,2.0,500.0,46,0.0
6931,201410,0,548.0,8,0.0,0.0,0.0,600.0,26,0.0
6932,201409,0,399.0,12,0.0,0.0,0.0,500.0,54,0.0
6933,201411,0,3950.0,3,75.0,12.0,12.0,500.0,49,7.0
6934,201403,1,481.0,12,0.0,0.0,0.0,2627.0,55,0.0
6935,201402,1,578.0,6,0.0,0.0,0.0,900.0,62,0.0
6936,201405,0,263.0,12,0.0,0.0,0.0,400.0,55,0.0
6937,201407,1,228.0,12,0.0,0.0,0.0,2000.0,45,0.0
6938,201412,1,700.0,12,0.0,0.0,0.0,600.0,64,0.0
6939,201410,1,406.0,12,0.0,0.0,0.0,740.15,39,0.0
6940,201404,0,321.0,12,0.0,0.0,0.0,400.0,33,0.0
6941,201408,0,1342.0,6,0.0,6.0,12.0,400.0,53,0.0
6942,201408,0,397.0,4,0.0,0.0,0.0,300.0,38,0.0
6943,201403,0,1549.0,12,1.0,9.0,5.0,900.0,60,2.0
6944,201411,0,191.0,12,0.0,0.0,0.0,1000.0,68,0.0
6945,201412,1,541.0,12,0.0,0.0,0.0,986.13,23,0.0
6946,201409,1,505.0,12,0.0,0.0,0.0,1997.1,39,0.0
6947,201403,1,235.0,12,0.0,0.0,0.0,800.0,59,0.0
6948,201401,1,1857.0,12,11.0,10.0,12.0,1000.0,41,2.0
6949,201412,1,441.0,12,0.0,0.0,0.0,1500.0,64,0.0
6950,201410,0,523.0,10,0.0,0.0,0.0,1000.0,48,0.0
6951,201412,1,734.0,6,0.0,0.0,0.0,500.0,56,0.0
6952,201412,0,363.0,12,0.0,0.0,0.0,1569.22,34,0.0
6953,201406,0,168.0,12,0.0,0.0,0.0,1140.0,63,0.0
6954,201411,0,1109.0,4,0.0,0.0,11.0,500.0,56,0.0
6955,201402,1,2609.0,12,5.0,0.0,0.0,2000.0,53,5.0
6956,201408,0,166.0,12,0.0,0.0,0.0,1000.0,49,0.0
6957,201410,1,4335.0,10,58.0,0.0,4.0,2000.0,40,8.0
6958,201402,0,1338.0,5,0.0,7.0,12.0,200.0,63,0.0
6959,201405,0,411.0,12,0.0,0.0,0.0,400.0,19,0.0
6960,201402,0,2536.0,12,24.0,11.0,12.0,1500.0,62,12.0
6961,201407,1,198.0,12,0.0,0.0,0.0,2000.0,56,0.0
6962,201407,0,217.0,10,0.0,0.0,0.0,1000.0,67,0.0
6963,201410,0,499.0,12,0.0,0.0,0.0,1000.0,48,0.0
6964,201412,0,221.0,8,0.0,0.0,0.0,500.0,63,0.0
6965,201401,1,237.0,12,0.0,0.0,0.0,300.0,20,0.0
6966,201408,0,478.0,6,0.0,0.0,0.0,2000.0,39,0.0
6967,201405,1,2609.0,5,12.0,4.0,11.0,500.0,43,29.0
6968,201409,0,869.0,3,0.0,0.0,7.0,300.0,33,0.0
6969,201404,0,213.0,12,0.0,0.0,0.0,1382.94,48,0.0
6970,201408,0,566.0,12,0.0,0.0,0.0,1500.0,50,0.0
6971,201404,0,2353.0,12,17.0,11.0,8.0,2000.0,57,5.0
6972,201411,0,1086.0,12,0.0,0.0,12.0,1300.0,57,0.0
6973,201412,0,407.0,12,0.0,0.0,0.0,600.0,39,0.0
6974,201408,1,784.0,12,0.0,0.0,2.0,1000.0,37,0.0
6975,201401,0,752.0,12,0.0,0.0,1.0,600.0,38,0.0
6976,201407,0,3621.0,6,39.0,8.0,12.0,1000.0,55,27.0
6977,201401,0,1584.0,12,2.0,11.0,12.0,1000.0,61,1.0
6978,201409,0,414.0,12,0.0,0.0,0.0,782.0,37,0.0
6979,201402,0,1569.0,12,2.0,8.0,10.0,1000.0,72,1.0
6980,201410,0,385.0,12,0.0,0.0,0.0,1500.0,48,0.0
6981,201403,0,2991.0,12,22.0,0.0,1.0,1700.0,68,10.0
6982,201411,0,1813.0,12,7.0,0.0,8.0,2000.0,41,1.0
6983,201401,1,335.0,12,0.0,0.0,0.0,2000.0,61,0.0
6984,201406,1,555.0,10,0.0,0.0,0.0,600.0,48,0.0
6985,201402,1,732.0,12,0.0,0.0,0.0,800.0,51,0.0
6986,201409,0,4531.0,12,94.0,11.0,12.0,1430.0,39,8.0
6987,201404,0,549.0,12,0.0,0.0,0.0,1000.0,19,0.0
6988,201404,1,242.0,12,0.0,0.0,0.0,725.8,31,0.0
6989,201405,0,837.0,12,0.0,0.0,3.0,1775.0,58,0.0
6990,201406,1,983.0,12,0.0,0.0,9.0,450.0,42,0.0
6991,201405,0,1612.0,12,4.0,3.0,0.0,900.0,54,1.0
6992,201409,1,1154.0,12,0.0,1.0,1.0,3000.0,60,0.0
6993,201405,1,4213.0,12,17.0,0.0,0.0,1500.0,58,8.0
6994,201408,0,374.0,4,0.0,0.0,0.0,200.0,48,0.0
6995,201408,0,999.0,12,0.0,0.0,8.0,1000.0,60,0.0
6996,201404,1,667.0,12,0.0,0.0,0.0,2350.0,32,0.0
6997,201402,0,680.0,12,0.0,0.0,0.0,600.0,58,0.0
6998,201410,1,257.0,12,0.0,0.0,0.0,800.0,59,0.0
6999,201405,0,98.0,3,0.0,0.0,0.0,328.0,58,0.0
7000,201402,0,4711.0,12,94.0,12.0,12.0,1400.0,53,12.0
7001,201411,1,253.0,12,0.0,0.0,0.0,829.72,37,0.0
7002,201407,0,3507.0,12,46.0,0.0,0.0,2607.28,45,6.0
7003,201404,0,300.0,12,0.0,0.0,0.0,700.0,57,0.0
7004,201408,0,413.0,12,0.0,0.0,0.0,1500.0,58,0.0
7005,201411,0,4803.0,8,10.0,8.0,10.0,200.0,34,21.0
7006,201409,0,3601.0,3,10.0,0.0,0.0,500.0,69,3.0
7007,201402,1,472.0,4,0.0,0.0,0.0,500.0,40,0.0
7008,201403,0,577.0,12,0.0,0.0,0.0,1800.0,39,0.0
7009,201409,0,184.0,12,0.0,0.0,0.0,490.4,64,0.0
7010,201412,1,362.0,6,0.0,0.0,0.0,500.0,51,0.0
7011,201404,0,971.0,10,0.0,0.0,10.0,1300.0,59,0.0
7012,201410,0,713.0,3,0.0,0.0,1.0,500.0,63,0.0
7013,201403,1,270.0,12,0.0,0.0,0.0,2000.0,44,0.0
7014,201405,0,3192.0,12,4.0,0.0,0.0,600.0,53,4.0
7015,201403,0,4588.0,3,8.0,0.0,0.0,150.0,37,13.0
7016,201406,1,249.0,12,0.0,0.0,0.0,2082.58,42,0.0
7017,201411,0,2641.0,12,26.0,12.0,11.0,2000.0,47,3.0
7018,201409,0,3423.0,12,42.0,11.0,12.0,1000.0,48,15.0
7019,201410,0,1247.0,12,0.0,4.0,12.0,1600.0,68,0.0
7020,201401,1,330.0,10,0.0,0.0,0.0,1187.0,39,0.0
7021,201401,1,164.0,12,0.0,0.0,0.0,864.02,71,0.0
7022,201405,0,4866.0,3,53.0,2.0,12.0,523.25,42,6.0
7023,201408,0,1763.0,10,10.0,12.0,11.0,1700.0,48,1.0
7024,201411,0,1507.0,12,1.0,8.0,3.0,1652.18,66,1.0
7025,201402,1,292.0,12,0.0,0.0,0.0,402.68,38,0.0
7026,201406,0,668.0,3,0.0,0.0,2.0,300.0,45,0.0
7027,201411,0,962.0,5,0.0,0.0,9.0,500.0,49,0.0
7028,201409,1,197.0,12,0.0,0.0,0.0,700.0,35,0.0
7029,201404,1,4845.0,12,20.0,0.0,7.0,2000.0,57,29.0
7030,201407,0,3579.0,6,51.0,12.0,12.0,500.0,67,11.0
7031,201406,0,978.0,12,0.0,0.0,12.0,1200.0,38,0.0
7032,201408,0,3529.0,12,5.0,0.0,9.0,2858.38,54,1.0
7033,201409,0,350.0,12,0.0,0.0,0.0,1000.0,69,0.0
7034,201404,0,1087.0,12,0.0,0.0,11.0,1000.0,63,0.0
7035,201408,1,248.0,12,0.0,0.0,0.0,1083.64,46,0.0
7036,201410,0,1255.0,3,0.0,4.0,12.0,150.0,37,0.0
7037,201405,1,146.0,12,0.0,0.0,0.0,432.45,19,0.0
7038,201404,0,202.0,12,0.0,0.0,0.0,950.0,65,0.0
7039,201411,0,2128.0,12,11.0,7.0,11.0,2000.0,62,2.0
7040,201406,0,727.0,12,0.0,0.0,0.0,1000.0,67,0.0
7041,201405,0,3773.0,12,8.0,0.0,0.0,2200.0,77,14.0
7042,201408,0,628.0,10,0.0,0.0,0.0,2000.0,53,0.0
7043,201405,0,1103.0,12,0.0,0.0,7.0,1925.7,39,0.0
7044,201409,1,861.0,12,0.0,0.0,4.0,1000.0,59,0.0
7045,201410,0,659.0,5,0.0,0.0,0.0,700.0,20,0.0
7046,201405,0,407.0,12,0.0,0.0,0.0,600.0,38,0.0
7047,201403,0,3393.0,12,32.0,4.0,11.0,2500.0,61,22.0
7048,201412,0,642.0,12,0.0,0.0,0.0,1000.0,56,0.0
7049,201410,0,1362.0,12,0.0,8.0,12.0,2000.0,67,0.0
7050,201408,0,495.0,12,0.0,0.0,0.0,700.0,47,0.0
7051,201411,0,1830.0,12,9.0,6.0,8.0,2000.0,39,2.0
7052,201409,0,224.0,12,0.0,0.0,0.0,200.0,46,0.0
7053,201412,0,931.0,12,0.0,0.0,7.0,2000.0,75,0.0
7054,201404,0,346.0,4,0.0,0.0,0.0,350.0,44,0.0
7055,201411,1,1791.0,12,10.0,1.0,0.0,2000.0,53,1.0
7056,201405,1,243.0,12,0.0,0.0,0.0,1000.0,37,0.0
7057,201401,0,2632.0,12,36.0,10.0,12.0,400.0,38,2.0
7058,201404,0,3567.0,8,63.0,12.0,12.0,500.0,46,5.0
7059,201409,0,1566.0,5,3.0,6.0,7.0,350.0,61,1.0
7060,201408,0,2425.0,12,30.0,10.0,12.0,1600.0,55,2.0
7061,201407,1,584.0,12,0.0,0.0,0.0,2131.6,36,0.0
7062,201401,0,4809.0,12,28.0,11.0,11.0,1250.0,50,10.0
7063,201404,0,1070.0,10,0.0,0.0,8.0,500.0,60,0.0
7064,201411,0,3999.0,12,73.0,8.0,12.0,2000.0,50,5.0
7065,201402,0,2448.0,12,28.0,0.0,0.0,2000.0,74,3.0
7066,201402,1,638.0,12,0.0,0.0,0.0,800.0,37,0.0
7067,201403,1,213.0,12,0.0,0.0,0.0,1254.0,43,0.0
7068,201401,0,1126.0,12,0.0,0.0,7.0,1000.0,39,0.0
7069,201404,0,2064.0,12,11.0,3.0,10.0,1000.0,39,6.0
7070,201411,0,2085.0,8,17.0,10.0,12.0,1200.0,63,4.0
7071,201402,0,129.0,3,0.0,0.0,0.0,350.0,34,0.0
7072,201407,0,294.0,12,0.0,0.0,0.0,787.54,19,0.0
7073,201409,0,3192.0,8,19.0,0.0,0.0,1000.0,47,10.0
7074,201405,0,382.0,6,0.0,0.0,0.0,500.0,56,0.0
7075,201407,0,4317.0,10,66.0,5.0,11.0,800.0,56,27.0
7076,201401,0,317.0,12,0.0,0.0,0.0,1800.0,47,0.0
7077,201408,1,4555.0,10,13.0,0.0,0.0,600.0,39,27.0
7078,201411,1,440.0,12,0.0,0.0,0.0,1000.0,57,0.0
7079,201411,1,257.0,12,0.0,0.0,0.0,962.98,49,0.0
7080,201408,1,224.0,12,0.0,0.0,0.0,933.0,38,0.0
7081,201410,1,4056.0,12,58.0,6.0,10.0,1285.93,36,10.0
7082,201410,0,770.0,10,0.0,0.0,1.0,800.0,51,0.0
7083,201403,0,486.0,12,0.0,0.0,0.0,640.0,54,0.0
7084,201401,0,1065.0,12,0.0,0.0,11.0,2000.0,45,0.0
7085,201405,1,1763.0,12,10.0,10.0,9.0,2000.0,38,1.0
7086,201410,0,1527.0,12,1.0,1.0,1.0,3000.0,59,1.0
7087,201404,1,1570.0,12,3.0,4.0,0.0,2000.0,56,1.0
7088,201407,0,494.0,10,0.0,0.0,0.0,1000.0,47,0.0
7089,201409,0,528.0,3,0.0,0.0,0.0,160.0,38,0.0
7090,201404,0,4106.0,12,62.0,9.0,12.0,2227.06,38,12.0
7091,201405,0,740.0,12,0.0,0.0,0.0,1000.0,36,0.0
7092,201410,0,2061.0,9,22.0,0.0,0.0,600.0,44,1.0
7093,201412,0,734.0,12,0.0,0.0,2.0,800.0,54,0.0
7094,201409,0,3061.0,12,27.0,0.0,0.0,500.0,71,4.0
7095,201402,1,1309.0,5,0.0,6.0,11.0,570.0,42,0.0
7096,201403,0,1613.0,3,3.0,8.0,12.0,150.0,37,2.0
7097,201411,0,354.0,12,0.0,0.0,0.0,1448.34,57,0.0
7098,201412,1,299.0,12,0.0,0.0,0.0,1000.0,51,0.0
7099,201402,1,3674.0,12,32.0,0.0,2.0,820.0,73,9.0
7100,201402,0,2209.0,10,9.0,0.0,0.0,2000.0,50,5.0
7101,201412,0,1113.0,12,0.0,0.0,12.0,1400.0,74,0.0
7102,201408,0,1331.0,12,0.0,7.0,12.0,1100.0,65,0.0
7103,201405,1,502.0,12,0.0,0.0,0.0,500.0,38,0.0
7104,201404,0,2303.0,12,26.0,7.0,4.0,2000.0,51,2.0
7105,201408,1,530.0,12,0.0,0.0,0.0,1998.21,45,0.0
7106,201403,0,526.0,12,0.0,0.0,0.0,1000.0,48,0.0
7107,201407,1,633.0,12,0.0,0.0,0.0,1000.0,56,0.0
7108,201409,1,1774.0,12,4.0,9.0,10.0,1381.26,37,2.0
7109,201409,1,1012.0,12,0.0,0.0,5.0,1832.94,37,0.0
7110,201410,1,1033.0,10,0.0,0.0,9.0,500.0,36,0.0
7111,201407,0,4359.0,10,7.0,0.0,0.0,500.0,46,16.0
7112,201401,0,2768.0,10,31.0,4.0,7.0,1000.0,35,11.0
7113,201410,0,3106.0,12,14.0,6.0,12.0,2000.0,53,21.0
7114,201405,0,532.0,4,0.0,0.0,0.0,600.0,44,0.0
7115,201409,1,2141.0,5,21.0,12.0,12.0,1203.35,36,1.0
7116,201401,0,1285.0,12,0.0,5.0,11.0,1500.0,36,0.0
7117,201403,0,1647.0,12,6.0,11.0,12.0,600.0,54,1.0
7118,201406,0,4210.0,12,18.0,2.0,0.0,1400.0,38,30.0
7119,201412,0,739.0,12,0.0,0.0,3.0,1000.0,59,0.0
7120,201408,0,469.0,12,0.0,0.0,0.0,500.0,60,0.0
7121,201402,0,4497.0,12,6.0,0.0,1.0,1000.0,53,6.0
7122,201403,0,1190.0,12,0.0,3.0,8.0,1000.0,58,0.0
7123,201405,0,4871.0,12,56.0,7.0,12.0,1000.0,57,25.0
7124,201401,1,403.0,12,0.0,0.0,0.0,1190.0,69,0.0
7125,201404,0,364.0,6,0.0,0.0,0.0,500.0,35,0.0
7126,201403,0,961.0,12,0.0,0.0,7.0,2000.0,57,0.0
7127,201404,0,994.0,5,0.0,0.0,9.0,500.0,49,0.0
7128,201406,0,874.0,12,0.0,0.0,7.0,973.04,36,0.0
7129,201401,0,799.0,12,0.0,0.0,2.0,1409.59,47,0.0
7130,201412,1,293.0,12,0.0,0.0,0.0,3000.0,43,0.0
7131,201401,0,2457.0,12,28.0,12.0,12.0,2000.0,40,4.0
7132,201410,0,1269.0,12,0.0,5.0,10.0,400.0,47,0.0
7133,201408,0,2630.0,12,11.0,10.0,2.0,800.0,60,7.0
7134,201404,0,1570.0,12,3.0,6.0,3.0,300.0,54,1.0
7135,201412,0,4496.0,12,18.0,0.0,0.0,3000.0,50,8.0
7136,201401,1,681.0,4,0.0,0.0,1.0,400.0,41,0.0
7137,201403,0,2057.0,12,18.0,7.0,7.0,1478.0,58,2.0
7138,201410,0,4651.0,12,53.0,1.0,6.0,2000.0,63,20.0
7139,201411,1,1166.0,12,0.0,1.0,12.0,1000.0,34,0.0
7140,201401,0,1071.0,12,0.0,0.0,11.0,1000.0,47,0.0
7141,201407,0,354.0,12,0.0,0.0,0.0,1350.0,50,0.0
7142,201405,0,430.0,12,0.0,0.0,0.0,840.0,49,0.0
7143,201401,0,585.0,12,0.0,0.0,0.0,700.0,35,0.0
7144,201401,0,1027.0,6,0.0,0.0,9.0,250.0,47,0.0
7145,201401,0,3147.0,12,26.0,5.0,12.0,1000.0,39,22.0
7146,201410,0,968.0,12,0.0,0.0,6.0,800.0,60,0.0
7147,201402,0,3414.0,12,56.0,12.0,12.0,2900.69,60,9.0
7148,201406,0,1092.0,3,0.0,0.0,8.0,300.0,40,0.0
7149,201410,1,665.0,12,0.0,0.0,0.0,1991.21,44,0.0
7150,201401,1,1133.0,12,0.0,0.0,12.0,2000.0,45,0.0
7151,201410,1,748.0,12,0.0,0.0,0.0,1000.0,64,0.0
7152,201405,1,2460.0,12,1.0,0.0,9.0,2090.78,37,5.0
7153,201405,0,893.0,5,0.0,0.0,5.0,500.0,56,0.0
7154,201402,0,424.0,12,0.0,0.0,0.0,1181.74,65,0.0
7155,201406,0,2972.0,3,21.0,0.0,0.0,1000.0,46,6.0
7156,201404,0,3047.0,12,12.0,0.0,3.0,778.85,48,5.0
7157,201407,1,793.0,12,0.0,0.0,4.0,1478.28,44,0.0
7158,201405,0,509.0,12,0.0,0.0,0.0,1355.47,52,0.0
7159,201408,0,405.0,6,0.0,0.0,0.0,1000.0,44,0.0
7160,201408,0,518.0,12,0.0,0.0,0.0,921.55,42,0.0
7161,201410,1,2450.0,12,4.0,1.0,10.0,2000.0,56,3.0
7162,201409,0,366.0,12,0.0,0.0,0.0,2500.0,44,0.0
7163,201404,0,608.0,12,0.0,0.0,0.0,1700.0,55,0.0
7164,201405,0,856.0,12,0.0,0.0,5.0,1000.0,53,0.0
7165,201408,1,709.0,12,0.0,0.0,0.0,2975.35,47,0.0
7166,201405,0,2963.0,12,24.0,2.0,12.0,600.0,58,17.0
7167,201401,1,1353.0,12,0.0,5.0,12.0,1310.0,43,0.0
7168,201410,0,439.0,12,0.0,0.0,0.0,800.0,45,0.0
7169,201411,0,3619.0,3,23.0,5.0,3.0,1000.0,53,6.0
7170,201408,0,3079.0,10,9.0,11.0,11.0,1000.0,41,3.0
7171,201407,1,957.0,12,0.0,0.0,8.0,1742.34,46,0.0
7172,201405,0,709.0,12,0.0,0.0,0.0,1763.77,33,0.0
7173,201404,0,3059.0,10,23.0,9.0,9.0,500.0,60,8.0
7174,201405,1,340.0,12,0.0,0.0,3.0,1638.93,46,0.0
7175,201406,0,291.0,3,0.0,0.0,0.0,300.0,37,0.0
7176,201405,0,958.0,12,0.0,0.0,7.0,2000.0,50,0.0
7177,201404,0,304.0,12,0.0,0.0,0.0,800.0,55,0.0
7178,201407,0,1093.0,12,0.0,0.0,12.0,900.0,35,0.0
7179,201411,1,2243.0,5,17.0,9.0,10.0,800.0,47,4.0
7180,201405,0,593.0,12,0.0,0.0,0.0,3000.0,55,0.0
7181,201411,1,732.0,12,0.0,0.0,0.0,3000.0,55,0.0
7182,201407,0,1540.0,12,0.0,5.0,9.0,667.08,48,2.0
7183,201410,0,705.0,6,0.0,0.0,1.0,400.0,48,0.0
7184,201403,1,2008.0,12,10.0,4.0,2.0,2759.03,35,6.0
7185,201403,0,2585.0,6,33.0,7.0,0.0,200.0,42,4.0
7186,201409,1,2507.0,12,15.0,7.0,0.0,1500.0,57,2.0
7187,201409,0,2375.0,12,16.0,11.0,11.0,2000.0,67,2.0
7188,201406,1,1178.0,12,0.0,2.0,11.0,991.91,35,0.0
7189,201408,0,616.0,12,0.0,0.0,0.0,500.0,43,0.0
7190,201411,1,2823.0,12,19.0,2.0,12.0,1744.39,35,7.0
7191,201401,1,1146.0,12,0.0,1.0,9.0,2000.0,59,0.0
7192,201404,0,182.0,6,0.0,0.0,0.0,500.0,35,0.0
7193,201401,1,2178.0,12,19.0,7.0,12.0,1740.0,59,5.0
7194,201402,1,2749.0,12,41.0,10.0,12.0,1500.0,41,4.0
7195,201402,1,215.0,7,0.0,0.0,0.0,500.0,55,0.0
7196,201401,1,237.0,12,0.0,0.0,0.0,2000.0,51,0.0
7197,201410,0,329.0,3,0.0,0.0,0.0,250.0,47,0.0
7198,201403,0,1973.0,6,11.0,0.0,7.0,600.0,39,2.0
7199,201408,1,445.0,12,0.0,0.0,0.0,1232.98,54,0.0
7200,201411,0,4272.0,12,77.0,0.0,0.0,1000.0,50,7.0
7201,201408,0,2590.0,6,3.0,0.0,0.0,600.0,41,3.0
7202,201406,0,1939.0,12,11.0,0.0,6.0,1000.0,65,2.0
7203,201407,0,3283.0,12,9.0,0.0,0.0,1000.0,56,5.0
7204,201403,0,327.0,12,0.0,0.0,0.0,1000.0,60,0.0
7205,201404,0,2679.0,12,18.0,9.0,5.0,1000.0,63,6.0
7206,201404,1,2151.0,12,21.0,10.0,12.0,700.0,71,2.0
7207,201406,0,2183.0,12,13.0,9.0,11.0,3000.0,45,12.0
7208,201410,1,741.0,12,0.0,0.0,1.0,2508.32,33,0.0
7209,201408,0,2280.0,3,9.0,3.0,7.0,350.0,34,9.0
7210,201408,1,715.0,12,0.0,0.0,0.0,2227.01,32,0.0
7211,201410,0,2933.0,12,38.0,4.0,0.0,300.0,46,8.0
7212,201405,0,3698.0,8,22.0,0.0,0.0,500.0,54,21.0
7213,201404,0,584.0,12,0.0,0.0,0.0,1000.0,59,0.0
7214,201409,0,192.0,12,0.0,0.0,0.0,941.28,36,0.0
7215,201406,0,2330.0,5,22.0,12.0,12.0,300.0,52,6.0
7216,201404,0,1908.0,12,14.0,7.0,10.0,1000.0,68,1.0
7217,201404,0,3129.0,12,47.0,11.0,12.0,600.0,58,9.0
7218,201411,1,3667.0,12,9.0,0.0,2.0,2000.0,60,3.0
7219,201412,1,572.0,12,0.0,0.0,0.0,800.0,47,0.0
7220,201410,0,667.0,12,0.0,0.0,0.0,1074.44,43,0.0
7221,201405,0,641.0,12,0.0,0.0,0.0,1000.0,45,0.0
7222,201404,1,783.0,12,0.0,0.0,2.0,1589.86,50,0.0
7223,201409,0,1060.0,10,0.0,0.0,11.0,1500.0,39,0.0
7224,201401,0,1479.0,12,1.0,11.0,1.0,1400.0,35,0.0
7225,201403,1,737.0,12,0.0,0.0,0.0,2627.66,32,0.0
7226,201408,0,1120.0,12,0.0,0.0,11.0,1100.0,31,0.0
7227,201401,0,335.0,12,0.0,0.0,0.0,800.0,56,0.0
7228,201408,0,3506.0,4,15.0,0.0,7.0,800.0,34,9.0
7229,201405,0,2363.0,10,29.0,11.0,12.0,800.0,51,1.0
7230,201406,0,267.0,7,0.0,0.0,0.0,837.39,53,0.0
7231,201406,0,1878.0,3,11.0,8.0,0.0,500.0,38,2.0
7232,201404,0,2397.0,12,2.0,0.0,0.0,260.0,47,2.0
7233,201409,0,331.0,3,0.0,0.0,0.0,200.0,34,0.0
7234,201409,0,1992.0,12,4.0,0.0,0.0,1736.74,30,2.0
7235,201408,0,262.0,12,0.0,0.0,0.0,900.0,51,0.0
7236,201404,0,608.0,12,0.0,0.0,0.0,570.0,53,0.0
7237,201411,1,2591.0,12,35.0,12.0,12.0,1500.0,40,2.0
7238,201410,0,585.0,12,0.0,0.0,0.0,800.0,42,0.0
7239,201407,1,1233.0,12,0.0,3.0,12.0,1400.0,52,0.0
7240,201407,0,720.0,12,0.0,0.0,1.0,450.0,47,0.0
7241,201403,0,1449.0,12,0.0,8.0,12.0,2900.69,47,0.0
7242,201402,1,746.0,10,0.0,0.0,0.0,1000.0,35,0.0
7243,201409,0,611.0,12,0.0,0.0,0.0,1200.0,57,0.0
7244,201411,0,849.0,12,0.0,0.0,4.0,1230.0,51,0.0
7245,201411,0,4568.0,12,70.0,10.0,5.0,1300.0,60,30.0
7246,201412,1,453.0,12,0.0,0.0,0.0,1000.0,48,0.0
7247,201408,0,1464.0,12,0.0,5.0,10.0,1000.0,39,1.0
7248,201402,0,623.0,12,0.0,0.0,0.0,2872.15,56,0.0
7249,201402,0,787.0,5,0.0,0.0,2.0,500.0,42,0.0
7250,201407,1,523.0,10,0.0,0.0,0.0,1600.0,65,0.0
7251,201404,0,513.0,12,0.0,0.0,0.0,500.0,55,0.0
7252,201405,0,343.0,12,0.0,0.0,0.0,500.0,35,0.0
7253,201406,0,1215.0,7,0.0,3.0,12.0,1000.0,38,0.0
7254,201409,0,2604.0,12,23.0,7.0,10.0,1000.0,45,14.0
7255,201412,1,1140.0,6,0.0,1.0,11.0,1000.0,43,0.0
7256,201408,0,2438.0,9,13.0,11.0,12.0,2000.0,64,8.0
7257,201403,1,256.0,12,0.0,0.0,0.0,600.0,44,0.0
7258,201403,1,4077.0,12,7.0,0.0,0.0,1200.0,44,5.0
7259,201407,1,340.0,12,0.0,0.0,0.0,350.0,42,0.0
7260,201411,0,333.0,4,0.0,0.0,0.0,300.0,51,0.0
7261,201404,0,4146.0,10,54.0,12.0,12.0,1000.0,47,7.0
7262,201403,1,249.0,10,0.0,0.0,0.0,1214.61,36,0.0
7263,201409,0,3934.0,12,33.0,9.0,11.0,1975.77,47,11.0
7264,201412,0,1159.0,12,0.0,1.0,4.0,1200.0,57,0.0
7265,201408,1,617.0,12,0.0,0.0,0.0,2254.31,51,0.0
7266,201409,0,5011.0,12,63.0,12.0,9.0,3000.0,50,3.0
7267,201410,0,3774.0,12,59.0,12.0,2.0,2000.0,51,16.0
7268,201406,0,4687.0,5,14.0,11.0,12.0,400.0,50,33.0
7269,201411,1,320.0,12,0.0,0.0,0.0,2535.62,28,0.0
7270,201404,1,343.0,12,0.0,0.0,0.0,1000.0,32,0.0
7271,201401,1,484.0,12,0.0,0.0,0.0,1100.0,56,0.0
7272,201405,1,427.0,12,0.0,0.0,0.0,600.0,28,0.0
7273,201407,1,2619.0,12,18.0,9.0,12.0,1500.0,56,3.0
7274,201408,0,3684.0,12,21.0,0.0,1.0,1007.55,69,9.0
7275,201412,1,269.0,12,0.0,0.0,0.0,1000.0,54,0.0
7276,201402,1,377.0,12,0.0,0.0,0.0,800.0,50,0.0
7277,201404,0,4376.0,12,8.0,0.0,0.0,1000.0,55,20.0
7278,201406,0,743.0,6,0.0,0.0,1.0,1500.0,57,0.0
7279,201411,1,1046.0,10,0.0,0.0,11.0,1000.0,54,0.0
7280,201404,0,469.0,4,0.0,0.0,0.0,300.0,42,0.0
7281,201409,0,1233.0,12,0.0,3.0,10.0,2451.65,39,0.0
7282,201407,0,925.0,12,0.0,0.0,6.0,2282.0,57,0.0
7283,201412,0,213.0,10,0.0,0.0,0.0,1500.0,49,0.0
7284,201408,0,814.0,12,0.0,0.0,3.0,883.38,35,0.0
7285,201404,0,310.0,10,0.0,0.0,0.0,1000.0,50,0.0
7286,201403,0,3499.0,12,53.0,4.0,7.0,1800.03,67,9.0
7287,201404,0,147.0,10,0.0,0.0,0.0,300.0,39,0.0
7288,201412,1,4715.0,12,4.0,0.0,0.0,1500.0,35,43.0
7289,201412,1,720.0,12,0.0,0.0,0.0,2698.08,49,0.0
7290,201401,1,850.0,12,0.0,0.0,4.0,700.0,42,0.0
7291,201405,0,821.0,12,0.0,0.0,3.0,1500.0,62,0.0
7292,201409,0,1340.0,10,0.0,5.0,7.0,1500.0,41,0.0
7293,201407,0,1297.0,5,0.0,3.0,12.0,500.0,53,0.0
7294,201412,0,708.0,12,0.0,0.0,0.0,1550.0,48,0.0
7295,201402,0,4650.0,12,12.0,0.0,0.0,1800.0,42,9.0
7296,201411,1,300.0,12,0.0,0.0,0.0,3000.0,60,0.0
7297,201404,0,3618.0,12,54.0,7.0,12.0,1000.0,54,13.0
7298,201402,0,2656.0,12,11.0,0.0,6.0,2000.0,43,4.0
7299,201410,0,1674.0,12,5.0,12.0,8.0,1140.0,42,3.0
7300,201410,0,267.0,12,0.0,0.0,0.0,1000.0,42,0.0
7301,201403,0,3307.0,12,38.0,9.0,4.0,1000.0,61,16.0
7302,201408,0,1403.0,12,0.0,9.0,12.0,1100.0,62,0.0
7303,201404,0,283.0,8,0.0,0.0,0.0,1000.0,46,0.0
7304,201406,0,512.0,12,0.0,0.0,0.0,3000.0,52,0.0
7305,201403,0,819.0,12,0.0,0.0,3.0,500.0,44,0.0
7306,201410,0,1775.0,4,7.0,7.0,11.0,300.0,60,3.0
7307,201403,0,3448.0,12,26.0,0.0,0.0,1000.0,44,13.0
7308,201402,0,4796.0,12,58.0,2.0,0.0,800.0,70,26.0
7309,201405,1,429.0,12,0.0,0.0,0.0,772.49,54,0.0
7310,201412,0,1686.0,12,7.0,7.0,12.0,800.0,70,1.0
7311,201411,1,294.0,12,0.0,0.0,0.0,3000.0,43,0.0
7312,201412,0,3185.0,6,29.0,6.0,11.0,500.0,42,6.0
7313,201405,0,4945.0,6,39.0,9.0,10.0,300.0,40,11.0
7314,201401,0,231.0,12,0.0,0.0,0.0,800.0,64,0.0
7315,201409,1,525.0,12,0.0,0.0,3.0,815.32,43,0.0
7316,201410,1,314.0,8,0.0,0.0,0.0,1000.0,58,0.0
7317,201407,0,1241.0,12,0.0,2.0,11.0,1000.0,25,0.0
7318,201401,1,927.0,12,0.0,0.0,9.0,1300.0,33,0.0
7319,201404,1,3090.0,12,51.0,9.0,12.0,1821.85,49,3.0
7320,201407,0,4474.0,12,8.0,0.0,0.0,1000.0,34,1.0
7321,201409,1,3600.0,12,62.0,9.0,12.0,3000.0,53,9.0
7322,201410,0,631.0,12,0.0,0.0,0.0,1000.0,18,0.0
7323,201405,1,208.0,8,0.0,0.0,0.0,700.0,55,0.0
7324,201404,0,1757.0,12,6.0,11.0,12.0,1500.0,52,3.0
7325,201412,1,329.0,12,0.0,0.0,0.0,1000.0,34,0.0
7326,201411,0,406.0,6,0.0,0.0,0.0,500.0,38,0.0
7327,201407,1,215.0,10,0.0,0.0,0.0,710.37,21,0.0
7328,201408,0,153.0,6,0.0,0.0,0.0,500.0,46,0.0
7329,201407,0,2087.0,12,19.0,9.0,5.0,1000.0,56,2.0
7330,201403,0,894.0,8,0.0,0.0,5.0,600.0,56,0.0
7331,201408,0,568.0,12,0.0,0.0,0.0,2000.0,48,0.0
7332,201404,1,768.0,10,0.0,0.0,4.0,1400.0,55,0.0
7333,201404,1,220.0,12,0.0,0.0,0.0,400.0,24,0.0
7334,201405,1,807.0,12,0.0,0.0,3.0,1500.0,44,0.0
7335,201404,0,388.0,12,0.0,0.0,0.0,535.0,37,0.0
7336,201412,0,1092.0,12,0.0,0.0,11.0,1000.0,48,0.0
7337,201411,1,254.0,12,0.0,0.0,0.0,750.0,58,0.0
7338,201411,0,1949.0,8,9.0,5.0,1.0,500.0,36,5.0
7339,201403,1,1220.0,12,0.0,5.0,12.0,1000.0,63,0.0
7340,201409,0,760.0,5,0.0,0.0,1.0,800.0,46,0.0
7341,201402,0,3065.0,3,6.0,3.0,2.0,150.0,47,4.0
7342,201402,0,246.0,10,0.0,0.0,0.0,690.0,64,0.0
7343,201401,1,282.0,12,0.0,0.0,0.0,1000.0,38,0.0
7344,201409,0,2205.0,12,13.0,5.0,7.0,600.0,64,2.0
7345,201404,0,3393.0,8,57.0,11.0,12.0,500.0,55,7.0
7346,201405,0,572.0,12,0.0,0.0,0.0,1319.38,46,0.0
7347,201412,0,2502.0,12,21.0,10.0,8.0,1000.0,51,4.0
7348,201401,0,965.0,10,0.0,0.0,8.0,1000.0,24,0.0
7349,201412,1,5169.0,12,119.0,9.0,12.0,3000.0,47,3.0
7350,201408,0,764.0,10,0.0,0.0,2.0,2000.0,54,0.0
7351,201406,0,4757.0,12,56.0,0.0,0.0,700.0,43,5.0
7352,201404,1,305.0,12,0.0,0.0,0.0,500.0,66,0.0
7353,201401,0,1840.0,12,10.0,7.0,10.0,1000.0,38,3.0
7354,201401,0,354.0,5,0.0,0.0,0.0,1000.0,38,0.0
7355,201409,0,,12,0.0,0.0,0.0,1000.0,47,0.0
7356,201409,1,219.0,12,0.0,0.0,0.0,800.0,44,0.0
7357,201409,0,261.0,3,0.0,0.0,0.0,150.0,21,0.0
7358,201405,0,701.0,12,0.0,0.0,3.0,1000.0,54,0.0
7359,201401,0,3582.0,3,20.0,0.0,5.0,300.0,54,7.0
7360,201404,0,340.0,12,0.0,0.0,0.0,2057.53,42,0.0
7361,201405,0,3763.0,10,66.0,11.0,9.0,1000.0,50,7.0
7362,201408,0,686.0,9,0.0,0.0,0.0,1000.0,22,0.0
7363,201411,0,3041.0,12,32.0,0.0,0.0,1500.0,51,13.0
7364,201406,1,492.0,12,0.0,0.0,0.0,1033.0,55,0.0
7365,201407,0,552.0,12,0.0,0.0,0.0,1800.0,64,0.0
7366,201410,1,187.0,8,0.0,0.0,0.0,500.0,22,0.0
7367,201401,1,413.0,12,0.0,0.0,0.0,1900.0,39,0.0
7368,201402,0,981.0,12,0.0,0.0,9.0,1500.0,36,0.0
7369,201401,0,684.0,12,0.0,0.0,2.0,2000.0,54,0.0
7370,201402,0,4419.0,8,52.0,11.0,11.0,2050.0,65,41.0
7371,201412,1,4344.0,12,68.0,12.0,9.0,1000.0,50,17.0
7372,201408,0,819.0,8,0.0,0.0,3.0,2000.0,55,0.0
7373,201407,0,1479.0,12,0.0,11.0,12.0,2100.0,51,1.0
7374,201407,0,376.0,12,0.0,0.0,0.0,1517.02,43,0.0
7375,201411,1,328.0,12,0.0,0.0,0.0,500.0,35,0.0
7376,201412,0,625.0,12,0.0,0.0,0.0,1000.0,55,0.0
7377,201405,0,418.0,12,0.0,0.0,0.0,1000.0,44,0.0
7378,201402,0,203.0,10,0.0,0.0,0.0,2000.0,50,0.0
7379,201410,0,2086.0,12,16.0,10.0,12.0,2000.0,56,2.0
7380,201409,0,2513.0,12,13.0,0.0,9.0,2324.27,59,5.0
7381,201410,0,539.0,6,0.0,0.0,0.0,500.0,35,0.0
7382,201401,1,735.0,7,0.0,0.0,1.0,1454.21,37,0.0
7383,201405,0,1648.0,8,5.0,5.0,0.0,1500.0,66,1.0
7384,201410,0,881.0,10,0.0,0.0,5.0,1000.0,51,0.0
7385,201407,0,1335.0,12,0.0,5.0,8.0,3000.0,45,0.0
7386,201412,0,915.0,12,0.0,0.0,6.0,500.0,37,0.0
7387,201407,0,1416.0,12,0.0,3.0,1.0,3000.0,70,0.0
7388,201402,0,1274.0,12,0.0,2.0,12.0,1500.0,49,0.0
7389,201407,1,1592.0,12,2.0,8.0,10.0,570.0,34,2.0
7390,201407,1,761.0,8,0.0,4.0,12.0,500.0,49,0.0
7391,201410,0,3598.0,5,41.0,1.0,10.0,300.0,64,11.0
7392,201405,1,441.0,12,0.0,0.0,0.0,818.84,22,0.0
7393,201408,0,1110.0,12,0.0,1.0,11.0,2382.67,46,2.0
7394,201410,1,1248.0,12,0.0,4.0,11.0,2000.0,49,0.0
7395,201407,0,2751.0,12,12.0,6.0,8.0,1633.53,45,2.0
7396,201412,0,4199.0,12,78.0,12.0,10.0,3000.0,74,11.0
7397,201410,1,1478.0,10,0.0,8.0,8.0,1156.18,22,1.0
7398,201406,0,2394.0,7,25.0,6.0,11.0,1000.0,52,6.0
7399,201405,0,1693.0,5,7.0,9.0,9.0,380.0,47,1.0
7400,201404,1,1192.0,5,0.0,2.0,11.0,500.0,42,0.0
7401,201408,1,616.0,8,0.0,0.0,0.0,654.59,19,0.0
7402,201409,0,368.0,8,0.0,0.0,0.0,300.0,46,0.0
7403,201412,1,4544.0,12,93.0,12.0,12.0,2000.0,62,4.0
7404,201408,0,1339.0,12,0.0,7.0,12.0,2781.95,57,0.0
7405,201410,0,529.0,12,0.0,0.0,0.0,2086.09,41,0.0
7406,201404,1,522.0,12,0.0,0.0,2.0,1000.0,51,0.0
7407,201404,0,,12,0.0,0.0,0.0,1000.0,60,0.0
7408,201404,0,2657.0,10,11.0,8.0,4.0,700.0,58,8.0
7409,201407,1,3214.0,12,32.0,2.0,10.0,1000.0,48,13.0
7410,201408,0,3269.0,12,35.0,12.0,12.0,1000.0,61,6.0
7411,201404,0,1101.0,6,0.0,0.0,8.0,1000.0,22,0.0
7412,201402,0,4166.0,6,43.0,5.0,12.0,300.0,59,15.0
7413,201408,0,1285.0,12,0.0,4.0,0.0,1400.0,51,0.0
7414,201406,0,221.0,12,0.0,0.0,0.0,695.14,78,0.0
7415,201407,0,1651.0,12,3.0,12.0,10.0,1000.0,35,2.0
7416,201402,0,2925.0,12,15.0,11.0,12.0,1500.0,57,13.0
7417,201405,0,1599.0,12,2.0,10.0,6.0,1500.0,54,3.0
7418,201409,0,512.0,12,0.0,0.0,0.0,1000.0,66,0.0
7419,201409,0,3693.0,12,54.0,0.0,0.0,3000.0,37,5.0
7420,201412,1,532.0,12,0.0,0.0,0.0,1800.0,20,0.0
7421,201409,0,1105.0,12,0.0,2.0,11.0,900.0,30,0.0
7422,201408,0,581.0,6,0.0,0.0,0.0,1000.0,64,0.0
7423,201412,1,1178.0,12,0.0,1.0,12.0,1500.0,38,0.0
7424,201401,1,965.0,12,0.0,0.0,8.0,1431.98,47,0.0
7425,201412,1,4074.0,12,81.0,11.0,11.0,3000.0,50,6.0
7426,201405,0,3221.0,3,18.0,0.0,0.0,500.0,51,6.0
7427,201402,0,4032.0,12,64.0,11.0,12.0,1423.42,40,19.0
7428,201402,0,2783.0,6,29.0,2.0,0.0,300.0,47,13.0
7429,201409,0,287.0,12,0.0,0.0,0.0,1039.64,45,0.0
7430,201404,0,554.0,12,0.0,0.0,0.0,1500.0,46,0.0
7431,201405,0,413.0,12,0.0,0.0,0.0,1000.0,20,0.0
7432,201410,0,999.0,7,0.0,0.0,9.0,500.0,52,0.0
7433,201412,1,948.0,12,0.0,0.0,7.0,1500.0,61,0.0
7434,201405,1,4854.0,12,6.0,0.0,0.0,2767.91,39,36.0
7435,201403,0,351.0,12,0.0,0.0,0.0,1025.5,66,0.0
7436,201406,0,520.0,10,0.0,0.0,0.0,500.0,50,0.0
7437,201402,0,1098.0,12,0.0,0.0,12.0,1000.0,39,0.0
7438,201409,1,1456.0,12,0.0,11.0,11.0,3000.0,52,0.0
7439,201401,0,213.0,5,0.0,0.0,0.0,210.0,38,0.0
7440,201410,0,2485.0,4,22.0,8.0,8.0,300.0,69,2.0
7441,201410,0,3774.0,12,42.0,0.0,8.0,1500.0,46,18.0
7442,201406,0,219.0,8,0.0,0.0,0.0,400.0,62,0.0
7443,201412,1,2893.0,12,43.0,12.0,10.0,3000.0,57,2.0
7444,201412,0,816.0,6,0.0,0.0,3.0,500.0,52,0.0
7445,201412,0,301.0,12,0.0,0.0,0.0,1800.0,69,0.0
7446,201407,0,368.0,3,0.0,0.0,0.0,700.0,48,0.0
7447,201404,0,1572.0,12,3.0,8.0,0.0,1452.37,39,1.0
7448,201410,1,335.0,12,0.0,0.0,0.0,1300.0,33,0.0
7449,201404,0,1383.0,5,0.0,8.0,6.0,400.0,26,0.0
7450,201407,1,2042.0,12,8.0,1.0,8.0,2312.02,42,8.0
7451,201406,1,655.0,8,0.0,0.0,0.0,480.0,49,0.0
7452,201407,1,4309.0,12,18.0,0.0,1.0,1500.0,51,6.0
7453,201401,0,400.0,12,0.0,0.0,0.0,600.0,61,0.0
7454,201412,1,1299.0,12,0.0,3.0,8.0,2840.88,42,0.0
7455,201407,0,2856.0,10,21.0,4.0,0.0,1000.0,49,10.0
7456,201406,1,4893.0,12,25.0,0.0,0.0,1472.59,36,7.0
7457,201401,0,422.0,12,0.0,0.0,0.0,1700.0,43,0.0
7458,201412,1,297.0,12,0.0,0.0,0.0,700.0,44,0.0
7459,201406,1,1111.0,10,0.0,0.0,12.0,500.0,35,0.0
7460,201406,0,183.0,10,0.0,0.0,0.0,1000.0,36,0.0
7461,201401,0,212.0,12,0.0,0.0,0.0,1200.0,64,0.0
7462,201410,1,863.0,12,0.0,0.0,4.0,1100.0,22,0.0
7463,201406,1,195.0,12,0.0,0.0,0.0,2500.0,48,0.0
7464,201408,1,258.0,12,0.0,0.0,0.0,415.57,25,0.0
7465,201410,1,109.0,12,0.0,0.0,0.0,2000.0,48,0.0
7466,201405,0,4801.0,12,48.0,1.0,6.0,3000.0,65,16.0
7467,201403,0,1200.0,5,0.0,3.0,7.0,500.0,34,0.0
7468,201408,0,3448.0,3,18.0,6.0,12.0,150.0,34,15.0
7469,201403,0,531.0,12,0.0,0.0,0.0,1000.0,49,0.0
7470,201401,0,608.0,12,0.0,0.0,0.0,1000.0,66,0.0
7471,201403,0,3535.0,12,52.0,8.0,5.0,1200.0,72,10.0
7472,201411,0,2530.0,12,25.0,0.0,6.0,600.0,44,8.0
7473,201410,1,409.0,12,0.0,0.0,0.0,1000.0,59,0.0
7474,201404,0,331.0,6,0.0,0.0,0.0,743.67,46,0.0
7475,201406,1,401.0,12,0.0,0.0,0.0,950.0,45,0.0
7476,201410,0,605.0,12,0.0,0.0,0.0,1200.0,44,0.0
7477,201405,1,3162.0,12,52.0,12.0,12.0,2000.0,59,2.0
7478,201407,0,292.0,12,0.0,0.0,0.0,1900.0,54,0.0
7479,201409,0,927.0,12,0.0,0.0,6.0,1500.0,35,0.0
7480,201408,0,,12,,,,3000.0,42,
7481,201403,0,254.0,12,0.0,0.0,0.0,1754.1,59,0.0
7482,201408,1,162.0,12,0.0,0.0,0.0,570.0,46,0.0
7483,201410,1,520.0,10,0.0,0.0,0.0,1200.0,40,0.0
7484,201401,1,479.0,12,0.0,0.0,0.0,2627.66,41,0.0
7485,201401,0,427.0,12,0.0,0.0,0.0,850.22,19,0.0
7486,201401,0,2255.0,8,19.0,7.0,12.0,800.0,46,7.0
7487,201407,0,2038.0,12,7.0,7.0,7.0,2261.36,57,6.0
7488,201407,0,209.0,5,0.0,0.0,0.0,600.0,73,0.0
7489,201411,1,386.0,12,0.0,0.0,0.0,1000.0,40,0.0
7490,201412,1,765.0,5,0.0,0.0,1.0,1500.0,55,0.0
7491,201402,0,1200.0,12,0.0,2.0,3.0,1400.0,55,0.0
7492,201408,0,189.0,5,0.0,0.0,0.0,600.0,54,0.0
7493,201411,0,1281.0,12,0.0,5.0,12.0,1600.0,54,0.0
7494,201401,0,3298.0,12,49.0,10.0,11.0,1000.0,76,13.0
7495,201404,1,679.0,12,0.0,0.0,0.0,1369.69,19,0.0
7496,201405,1,574.0,12,0.0,0.0,0.0,1000.0,36,0.0
7497,201408,1,229.0,12,0.0,0.0,0.0,1000.0,51,0.0
7498,201401,0,229.0,5,0.0,0.0,0.0,291.68,22,0.0
7499,201401,0,1623.0,12,4.0,12.0,12.0,1749.96,44,1.0
7500,201403,0,4229.0,10,19.0,0.0,3.0,974.7,46,31.0
7501,201406,0,939.0,12,0.0,0.0,7.0,500.0,59,0.0
7502,201410,0,1557.0,12,2.0,8.0,11.0,1500.0,49,1.0
7503,201411,0,893.0,12,0.0,0.0,6.0,3000.0,27,0.0
7504,201405,0,875.0,12,0.0,0.0,5.0,1070.78,52,0.0
7505,201407,0,477.0,12,0.0,0.0,0.0,1200.0,36,0.0
7506,201408,1,1166.0,10,0.0,2.0,11.0,1700.0,54,0.0
7507,201408,0,1674.0,12,3.0,5.0,0.0,700.0,63,3.0
7508,201410,0,751.0,12,0.0,0.0,1.0,807.0,50,0.0
7509,201412,1,1367.0,12,0.0,7.0,9.0,1500.0,67,0.0
7510,201407,0,1206.0,4,0.0,2.0,11.0,1000.0,52,0.0
7511,201405,1,668.0,12,0.0,0.0,0.0,875.63,46,0.0
7512,201405,0,3590.0,12,45.0,9.0,9.0,1000.0,35,23.0
7513,201408,0,4293.0,4,61.0,10.0,12.0,400.0,74,24.0
7514,201402,1,309.0,12,0.0,0.0,0.0,1700.0,39,0.0
7515,201403,0,1705.0,10,6.0,8.0,10.0,1000.0,46,2.0
7516,201411,1,1389.0,12,0.0,9.0,0.0,600.0,34,0.0
7517,201402,1,237.0,12,0.0,0.0,0.0,800.0,43,0.0
7518,201406,0,3492.0,10,55.0,11.0,12.0,500.0,31,11.0
7519,201407,0,1295.0,12,0.0,3.0,9.0,2504.24,34,0.0
7520,201407,0,655.0,12,0.0,0.0,0.0,1200.0,55,0.0
7521,201401,1,4760.0,12,10.0,0.0,9.0,1000.0,49,31.0
7522,201402,0,624.0,10,0.0,0.0,0.0,500.0,47,0.0
7523,201412,0,3848.0,6,78.0,11.0,12.0,300.0,69,2.0
7524,201406,0,106.0,6,0.0,0.0,0.0,600.0,36,0.0
7525,201403,0,2790.0,12,15.0,7.0,5.0,2900.69,35,5.0
7526,201409,0,1850.0,12,10.0,11.0,12.0,800.0,42,3.0
7527,201401,0,204.0,12,0.0,0.0,0.0,2505.68,48,0.0
7528,201402,1,378.0,12,0.0,0.0,0.0,500.0,56,0.0
7529,201402,1,429.0,12,0.0,0.0,0.0,1000.0,50,0.0
7530,201407,0,832.0,12,0.0,0.0,8.0,2000.0,66,0.0
7531,201409,1,1239.0,12,0.0,4.0,10.0,2000.0,40,0.0
7532,201405,0,3932.0,10,55.0,0.0,0.0,800.0,58,13.0
7533,201402,1,2919.0,12,30.0,1.0,11.0,1200.0,36,19.0
7534,201402,0,930.0,12,0.0,0.0,7.0,900.0,43,0.0
7535,201412,0,603.0,3,0.0,0.0,0.0,249.0,40,0.0
7536,201407,0,401.0,12,0.0,0.0,0.0,1000.0,55,0.0
7537,201411,0,3052.0,12,41.0,7.0,3.0,1000.0,49,10.0
7538,201401,0,1076.0,12,0.0,0.0,11.0,1000.0,46,0.0
7539,201406,1,181.0,12,0.0,0.0,0.0,2458.52,45,0.0
7540,201407,0,450.0,6,0.0,0.0,0.0,300.0,38,0.0
7541,201401,0,741.0,7,0.0,0.0,0.0,650.0,45,0.0
7542,201404,1,1215.0,10,0.0,3.0,11.0,800.0,40,0.0
7543,201401,0,604.0,12,0.0,0.0,0.0,1500.0,40,0.0
7544,201402,1,1298.0,12,0.0,6.0,3.0,1000.0,57,0.0
7545,201404,0,3148.0,12,23.0,2.0,0.0,3000.0,42,7.0
7546,201404,0,753.0,12,0.0,0.0,1.0,3000.0,41,0.0
7547,201402,0,1337.0,12,0.0,7.0,12.0,1200.0,45,0.0
7548,201404,1,1623.0,12,3.0,4.0,6.0,1659.4,48,1.0
7549,201408,0,66.0,12,0.0,0.0,0.0,1500.0,43,0.0
7550,201409,0,2836.0,12,40.0,12.0,12.0,1800.0,54,5.0
7551,201402,0,4688.0,12,101.0,10.0,0.0,800.0,50,6.0
7552,201406,0,4915.0,12,70.0,10.0,12.0,2300.0,34,27.0
7553,201409,0,561.0,12,0.0,0.0,0.0,1500.0,47,0.0
7554,201401,0,1480.0,12,0.0,12.0,8.0,1500.0,58,1.0
7555,201405,0,4764.0,10,19.0,0.0,0.0,1000.0,39,2.0
7556,201408,0,331.0,6,0.0,0.0,0.0,700.0,57,0.0
7557,201405,0,612.0,12,0.0,0.0,0.0,710.88,40,0.0
7558,201404,0,1561.0,12,2.0,6.0,5.0,1000.0,34,1.0
7559,201402,0,781.0,10,0.0,0.0,1.0,1000.0,55,0.0
7560,201410,1,438.0,12,0.0,0.0,0.0,1000.0,39,0.0
7561,201411,0,3963.0,12,41.0,0.0,12.0,2000.0,47,7.0
7562,201409,1,2104.0,6,1.0,0.0,0.0,400.0,37,1.0
7563,201402,1,1163.0,12,0.0,2.0,6.0,1500.0,37,0.0
7564,201409,0,3524.0,8,60.0,5.0,11.0,1000.0,33,4.0
7565,201405,0,1545.0,5,2.0,7.0,8.0,500.0,51,1.0
7566,201412,1,389.0,6,0.0,0.0,0.0,1000.0,39,0.0
7567,201412,0,671.0,7,0.0,0.0,0.0,600.0,72,0.0
7568,201407,0,4923.0,10,60.0,3.0,5.0,2000.0,69,19.0
7569,201401,0,699.0,12,0.0,0.0,0.0,1000.0,58,0.0
7570,201402,0,1000.0,12,0.0,0.0,9.0,700.0,55,0.0
7571,201402,0,618.0,5,0.0,0.0,0.0,300.0,37,0.0
7572,201409,0,4246.0,12,67.0,11.0,11.0,2000.0,59,16.0
7573,201409,0,514.0,6,0.0,0.0,0.0,500.0,20,0.0
7574,201401,0,1776.0,12,9.0,7.0,12.0,600.0,44,2.0
7575,201411,0,1820.0,12,11.0,12.0,12.0,2000.0,50,1.0
7576,201404,0,769.0,12,0.0,0.0,2.0,1000.0,44,0.0
7577,201408,0,3038.0,12,35.0,0.0,2.0,1250.0,55,8.0
7578,201402,1,610.0,12,0.0,0.0,0.0,2000.0,34,0.0
7579,201401,0,4461.0,12,20.0,0.0,0.0,1500.0,52,19.0
7580,201401,1,2198.0,12,19.0,12.0,11.0,2000.0,36,5.0
7581,201401,0,2705.0,12,23.0,6.0,11.0,2000.0,56,13.0
7582,201407,0,1672.0,12,5.0,5.0,0.0,1000.0,67,1.0
7583,201402,0,1626.0,12,4.0,11.0,12.0,1200.0,46,3.0
7584,201407,0,801.0,4,0.0,0.0,2.0,500.0,34,0.0
7585,201410,0,883.0,12,0.0,0.0,5.0,1000.0,47,0.0
7586,201403,0,2303.0,12,26.0,11.0,12.0,500.0,30,2.0
7587,201404,0,770.0,12,0.0,0.0,2.0,1000.0,32,0.0
7588,201411,0,3237.0,12,20.0,0.0,0.0,1000.0,33,6.0
7589,201402,1,4652.0,12,15.0,0.0,0.0,1500.0,64,22.0
7590,201409,1,472.0,12,0.0,0.0,0.0,1219.97,33,0.0
7591,201407,0,1809.0,12,8.0,11.0,4.0,1800.0,50,3.0
7592,201409,0,2080.0,12,8.0,0.0,0.0,2150.42,67,2.0
7593,201410,0,641.0,12,0.0,0.0,0.0,1148.4,36,0.0
7594,201404,0,968.0,12,0.0,0.0,8.0,2000.0,46,0.0
7595,201406,0,1215.0,12,0.0,2.0,12.0,1000.0,40,0.0
7596,201409,0,835.0,10,0.0,0.0,4.0,500.0,53,0.0
7597,201403,0,611.0,10,0.0,0.0,0.0,700.0,53,0.0
7598,201409,0,947.0,12,0.0,0.0,9.0,1000.0,57,0.0
7599,201406,1,1121.0,12,0.0,0.0,12.0,3000.0,67,0.0
7600,201408,0,473.0,10,0.0,0.0,0.0,400.0,46,0.0
7601,201405,1,798.0,12,0.0,0.0,3.0,2000.0,42,0.0
7602,201401,0,566.0,12,0.0,0.0,0.0,2000.0,49,0.0
7603,201403,1,1067.0,12,0.0,0.0,11.0,978.41,32,0.0
7604,201410,0,2933.0,12,40.0,10.0,12.0,1130.97,45,7.0
7605,201408,0,1377.0,12,0.0,2.0,0.0,3000.0,71,0.0
7606,201412,0,418.0,9,0.0,0.0,0.0,500.0,42,0.0
7607,201404,0,696.0,6,0.0,0.0,0.0,300.0,36,0.0
7608,201410,0,954.0,12,0.0,0.0,8.0,1500.0,54,0.0
7609,201411,0,2917.0,12,35.0,7.0,12.0,2000.0,66,6.0
7610,201411,0,4065.0,6,44.0,10.0,11.0,1802.92,65,20.0
7611,201411,0,2545.0,12,22.0,7.0,5.0,2000.0,59,9.0
7612,201402,0,218.0,12,0.0,0.0,0.0,1041.04,42,0.0
7613,201405,0,692.0,12,0.0,0.0,2.0,500.0,53,0.0
7614,201410,1,577.0,12,0.0,0.0,0.0,2000.0,58,0.0
7615,201409,0,413.0,6,0.0,0.0,0.0,400.0,47,0.0
7616,201406,0,1836.0,6,4.0,3.0,0.0,300.0,41,1.0
7617,201410,0,2357.0,3,10.0,0.0,1.0,150.0,72,3.0
7618,201407,0,1739.0,10,5.0,0.0,6.0,1000.0,78,1.0
7619,201411,0,905.0,10,0.0,0.0,6.0,1700.0,58,0.0
7620,201405,1,636.0,12,0.0,0.0,0.0,1279.47,38,0.0
7621,201408,0,3454.0,10,40.0,12.0,9.0,2000.0,49,21.0
7622,201407,1,4955.0,12,61.0,6.0,6.0,1200.0,63,42.0
7623,201409,0,3765.0,12,46.0,4.0,8.0,2300.0,55,27.0
7624,201408,1,602.0,12,0.0,0.0,0.0,2000.0,47,0.0
7625,201409,0,2754.0,12,10.0,0.0,0.0,2000.0,51,3.0
7626,201410,0,599.0,4,0.0,0.0,0.0,1000.0,35,0.0
7627,201411,1,326.0,12,0.0,0.0,0.0,2000.0,39,0.0
7628,201402,1,2291.0,4,20.0,11.0,12.0,600.0,46,7.0
7629,201412,0,3002.0,12,34.0,12.0,12.0,2000.0,52,11.0
7630,201408,0,2975.0,12,40.0,10.0,10.0,1000.0,35,7.0
7631,201406,0,3504.0,12,39.0,0.0,0.0,700.0,39,7.0
7632,201411,0,900.0,5,0.0,0.0,6.0,500.0,49,0.0
7633,201411,0,393.0,12,0.0,0.0,0.0,958.53,35,0.0
7634,201408,0,1241.0,12,0.0,4.0,10.0,2000.0,31,0.0
7635,201407,0,1987.0,3,5.0,4.0,8.0,431.0,39,9.0
7636,201404,0,4685.0,12,30.0,0.0,7.0,2500.0,41,30.0
7637,201401,0,2164.0,12,18.0,0.0,0.0,1000.0,58,2.0
7638,201412,1,1410.0,12,0.0,6.0,9.0,1938.61,32,0.0
7639,201402,0,157.0,12,0.0,0.0,0.0,1858.15,32,0.0
7640,201401,1,876.0,12,0.0,0.0,6.0,1500.0,46,0.0
7641,201404,0,700.0,12,0.0,0.0,0.0,1500.0,48,0.0
7642,201412,0,3283.0,12,37.0,0.0,0.0,1850.0,47,4.0
7643,201409,0,5075.0,12,53.0,7.0,0.0,1500.0,58,8.0
7644,201402,0,4262.0,12,59.0,0.0,0.0,1000.0,58,11.0
7645,201408,0,1510.0,8,1.0,11.0,10.0,400.0,36,1.0
7646,201407,1,1796.0,10,11.0,5.0,9.0,2000.0,35,4.0
7647,201406,1,3945.0,12,56.0,0.0,0.0,912.57,44,5.0
7648,201411,1,134.0,12,0.0,0.0,0.0,2000.0,53,0.0
7649,201402,0,211.0,6,0.0,0.0,0.0,1000.0,33,0.0
7650,201401,0,2517.0,12,30.0,10.0,12.0,2000.0,50,5.0
7651,201410,0,947.0,4,0.0,0.0,7.0,400.0,48,0.0
7652,201411,0,1902.0,12,13.0,8.0,12.0,3000.0,61,2.0
7653,201402,1,1756.0,12,5.0,0.0,5.0,650.0,29,1.0
7654,201408,0,644.0,10,0.0,0.0,0.0,500.0,45,0.0
7655,201404,0,507.0,12,0.0,0.0,0.0,1000.0,58,0.0
7656,201403,1,1308.0,12,0.0,6.0,8.0,1134.24,57,0.0
7657,201412,1,633.0,12,0.0,0.0,0.0,1000.0,43,0.0
7658,201404,0,2777.0,12,32.0,7.0,12.0,600.0,43,6.0
7659,201410,1,157.0,12,0.0,0.0,0.0,1000.0,46,0.0
7660,201409,0,1904.0,4,5.0,3.0,5.0,150.0,48,2.0
7661,201409,0,646.0,12,0.0,0.0,0.0,800.0,49,0.0
7662,201405,0,2844.0,12,32.0,0.0,0.0,897.0,52,2.0
7663,201403,0,1757.0,12,9.0,8.0,11.0,1500.0,64,1.0
7664,201410,1,558.0,12,0.0,0.0,0.0,600.0,43,0.0
7665,201406,1,184.0,12,0.0,0.0,0.0,1233.92,36,0.0
7666,201402,0,3284.0,4,19.0,0.0,0.0,190.0,29,28.0
7667,201406,1,192.0,12,0.0,0.0,0.0,2000.0,45,0.0
7668,201405,0,2149.0,12,4.0,0.0,10.0,1907.74,35,8.0
7669,201407,0,485.0,12,0.0,0.0,0.0,1000.0,66,0.0
7670,201412,0,3806.0,12,65.0,12.0,12.0,1000.0,41,7.0
7671,201403,0,269.0,3,0.0,0.0,0.0,150.0,39,0.0
7672,201411,1,2688.0,12,20.0,10.0,9.0,2500.0,47,3.0
7673,201409,0,1159.0,12,0.0,2.0,11.0,350.0,49,0.0
7674,201403,0,4227.0,10,55.0,6.0,4.0,900.0,48,14.0
7675,201410,1,348.0,10,0.0,0.0,0.0,1000.0,47,0.0
7676,201411,0,1066.0,12,0.0,0.0,6.0,1000.0,36,0.0
7677,201411,1,5056.0,12,66.0,10.0,10.0,3000.0,47,27.0
7678,201406,0,520.0,12,0.0,0.0,0.0,1000.0,50,0.0
7679,201403,0,251.0,12,0.0,0.0,0.0,1500.0,61,0.0
7680,201402,0,556.0,12,0.0,0.0,0.0,700.0,37,0.0
7681,201404,1,4196.0,12,29.0,9.0,12.0,1169.0,39,28.0
7682,201409,0,1034.0,12,0.0,0.0,3.0,1000.0,44,0.0
7683,201403,0,1345.0,12,0.0,2.0,3.0,600.0,61,0.0
7684,201401,0,2425.0,12,2.0,0.0,0.0,1000.0,42,6.0
7685,201406,0,204.0,12,0.0,0.0,0.0,1570.46,35,0.0
7686,201410,0,914.0,12,0.0,0.0,6.0,500.0,41,0.0
7687,201407,0,225.0,12,0.0,0.0,0.0,1000.0,54,0.0
7688,201412,0,2979.0,12,40.0,12.0,12.0,2603.54,52,10.0
7689,201411,0,345.0,12,0.0,0.0,0.0,1600.0,32,0.0
7690,201411,0,1225.0,12,0.0,3.0,12.0,1000.0,43,0.0
7691,201407,0,1191.0,10,0.0,2.0,12.0,500.0,51,0.0
7692,201404,0,2575.0,12,34.0,8.0,6.0,3000.0,59,2.0
7693,201408,1,368.0,12,0.0,0.0,0.0,1936.0,70,0.0
7694,201403,0,,12,0.0,0.0,0.0,1000.0,37,0.0
7695,201412,0,383.0,6,0.0,0.0,0.0,500.0,61,0.0
7696,201405,0,2107.0,12,8.0,6.0,6.0,1500.0,32,9.0
7697,201405,1,917.0,12,0.0,0.0,6.0,1900.0,42,0.0
7698,201405,1,935.0,12,0.0,0.0,7.0,1000.0,56,0.0
7699,201403,1,331.0,12,0.0,0.0,0.0,1000.0,60,0.0
7700,201407,0,3819.0,12,59.0,12.0,11.0,2500.0,55,8.0
7701,201406,1,732.0,12,0.0,0.0,0.0,1736.48,32,0.0
7702,201410,0,1494.0,12,0.0,4.0,10.0,1000.0,63,1.0
7703,201410,0,3668.0,12,20.0,0.0,0.0,2600.0,31,11.0
7704,201401,1,230.0,12,0.0,0.0,0.0,481.97,38,0.0
7705,201410,1,321.0,12,0.0,0.0,0.0,1500.0,34,0.0
7706,201405,0,908.0,6,0.0,0.0,6.0,1000.0,30,0.0
7707,201405,1,947.0,12,0.0,0.0,7.0,1000.0,44,0.0
7708,201406,1,2068.0,12,14.0,4.0,10.0,2584.38,55,5.0
7709,201406,1,539.0,10,0.0,0.0,0.0,500.0,39,0.0
7710,201401,0,1193.0,12,0.0,2.0,12.0,700.0,61,0.0
7711,201404,0,546.0,5,0.0,0.0,0.0,300.0,46,0.0
7712,201410,0,184.0,12,0.0,0.0,0.0,2000.0,33,0.0
7713,201407,1,4780.0,12,10.0,0.0,8.0,1000.0,44,32.0
7714,201405,0,245.0,12,0.0,0.0,0.0,1100.0,39,0.0
7715,201404,0,2310.0,12,26.0,10.0,9.0,1500.0,49,3.0
7716,201409,0,409.0,12,0.0,0.0,0.0,1500.0,60,0.0
7717,201405,1,3143.0,10,28.0,0.0,12.0,3000.0,45,5.0
7718,201405,0,2722.0,12,31.0,11.0,12.0,700.0,55,5.0
7719,201408,0,463.0,12,0.0,0.0,0.0,1300.0,35,0.0
7720,201410,0,440.0,12,0.0,0.0,0.0,1000.0,49,0.0
7721,201407,0,2067.0,6,5.0,1.0,1.0,300.0,39,9.0
7722,201402,0,393.0,12,0.0,0.0,0.0,900.0,67,0.0
7723,201406,0,925.0,10,0.0,0.0,6.0,350.0,34,0.0
7724,201406,0,1648.0,6,5.0,7.0,7.0,700.0,52,1.0
7725,201404,1,730.0,12,0.0,0.0,0.0,1500.0,52,0.0
7726,201401,0,1478.0,7,0.0,12.0,12.0,600.0,37,1.0
7727,201408,0,1369.0,12,0.0,8.0,12.0,1000.0,71,0.0
7728,201411,0,1757.0,10,6.0,12.0,8.0,843.0,41,4.0
7729,201402,0,1175.0,12,0.0,2.0,6.0,800.0,47,0.0
7730,201407,0,426.0,12,0.0,0.0,0.0,500.0,37,0.0
7731,201409,0,4982.0,12,52.0,0.0,0.0,1989.29,47,19.0
7732,201403,0,799.0,9,0.0,0.0,2.0,1047.49,52,0.0
7733,201403,0,794.0,12,0.0,0.0,6.0,1000.0,42,0.0
7734,201411,0,1786.0,12,10.0,10.0,12.0,2303.27,50,1.0
7735,201406,0,1456.0,12,0.0,9.0,11.0,2500.0,73,0.0
7736,201404,0,259.0,12,0.0,0.0,0.0,1491.82,63,0.0
7737,201408,0,627.0,12,0.0,0.0,0.0,1400.0,46,0.0
7738,201403,0,1308.0,8,0.0,6.0,12.0,1000.0,69,0.0
7739,201402,1,229.0,12,0.0,0.0,0.0,1680.0,58,0.0
7740,201409,0,4840.0,12,17.0,0.0,0.0,3000.0,52,26.0
7741,201403,0,986.0,12,0.0,0.0,9.0,2605.45,38,0.0
7742,201412,1,939.0,12,0.0,0.0,7.0,2698.08,57,0.0
7743,201410,0,158.0,5,0.0,0.0,0.0,600.0,46,0.0
7744,201405,1,4876.0,6,42.0,0.0,0.0,1000.0,54,18.0
7745,201410,0,1455.0,12,0.0,10.0,9.0,1000.0,66,0.0
7746,201403,1,,10,,,,1000.0,37,
7747,201408,0,720.0,12,0.0,0.0,0.0,1000.0,33,0.0
7748,201403,0,1105.0,12,0.0,1.0,12.0,1500.0,59,0.0
7749,201403,0,1318.0,12,0.0,4.0,5.0,1000.0,59,0.0
7750,201404,0,732.0,8,0.0,0.0,0.0,300.0,46,0.0
7751,201412,0,586.0,12,0.0,0.0,0.0,1150.0,52,0.0
7752,201403,1,994.0,8,0.0,0.0,9.0,800.0,42,0.0
7753,201411,0,2940.0,12,11.0,3.0,0.0,2460.05,42,7.0
7754,201408,0,219.0,12,0.0,0.0,0.0,1800.0,44,0.0
7755,201408,1,530.0,12,0.0,0.0,0.0,2000.0,49,0.0
7756,201404,0,3975.0,10,70.0,12.0,12.0,1000.0,60,13.0
7757,201403,0,1441.0,10,0.0,6.0,5.0,1500.0,47,0.0
7758,201408,0,539.0,8,0.0,0.0,0.0,400.0,52,0.0
7759,201406,0,4923.0,12,112.0,12.0,0.0,2300.0,36,3.0
7760,201403,0,480.0,12,0.0,0.0,0.0,1000.0,54,0.0
7761,201402,0,4915.0,12,93.0,2.0,10.0,1500.0,73,12.0
7762,201409,0,348.0,12,0.0,0.0,0.0,1500.0,78,0.0
7763,201407,1,1210.0,8,0.0,2.0,9.0,1500.0,29,0.0
7764,201406,1,881.0,12,0.0,0.0,7.0,1350.0,66,0.0
7765,201412,0,2123.0,10,11.0,5.0,6.0,1735.54,35,6.0
7766,201409,0,437.0,12,0.0,0.0,0.0,1134.24,31,0.0
7767,201402,0,3472.0,12,50.0,11.0,12.0,2000.0,53,6.0
7768,201411,1,492.0,12,0.0,0.0,0.0,1725.65,52,0.0
7769,201409,0,850.0,12,0.0,0.0,4.0,1000.0,33,0.0
7770,201410,0,2186.0,12,19.0,10.0,11.0,1500.0,28,2.0
7771,201411,0,569.0,12,0.0,0.0,0.0,1000.0,52,0.0
7772,201406,0,1231.0,12,0.0,4.0,12.0,2000.0,43,0.0
7773,201404,0,508.0,10,0.0,0.0,0.0,580.0,49,0.0
7774,201409,0,1414.0,12,0.0,4.0,0.0,1000.0,56,0.0
7775,201408,0,739.0,3,0.0,0.0,1.0,300.0,46,0.0
7776,201401,0,3084.0,6,37.0,0.0,7.0,600.0,40,11.0
7777,201402,1,,12,0.0,0.0,0.0,916.87,31,0.0
7778,201409,0,1925.0,12,8.0,0.0,11.0,1800.0,31,3.0
7779,201405,0,446.0,6,0.0,0.0,0.0,350.0,35,0.0
7780,201409,0,1463.0,12,0.0,3.0,4.0,1500.0,62,0.0
7781,201404,0,485.0,5,0.0,0.0,0.0,300.0,41,0.0
7782,201411,0,775.0,3,0.0,0.0,4.0,500.0,30,0.0
7783,201403,0,2391.0,12,14.0,0.0,0.0,500.0,61,10.0
7784,201404,0,2602.0,12,24.0,9.0,9.0,1537.8,47,5.0
7785,201412,0,,12,0.0,0.0,0.0,1000.0,56,0.0
7786,201412,0,374.0,5,0.0,0.0,0.0,900.0,35,0.0
7787,201406,0,1276.0,12,0.0,4.0,12.0,1434.53,32,0.0
7788,201402,0,475.0,12,0.0,0.0,0.0,2000.0,71,0.0
7789,201405,0,807.0,4,0.0,0.0,2.0,1437.61,55,0.0
7790,201402,0,3458.0,12,9.0,0.0,0.0,1000.0,50,4.0
7791,201410,0,1022.0,12,0.0,0.0,10.0,1000.0,68,0.0
7792,201408,1,656.0,12,0.0,0.0,4.0,2000.0,54,0.0
7793,201407,0,391.0,12,0.0,0.0,0.0,1714.13,34,0.0
7794,201411,0,568.0,10,0.0,0.0,0.0,1000.0,49,0.0
7795,201408,0,3025.0,12,33.0,8.0,5.0,1700.0,48,8.0
7796,201403,0,1025.0,12,0.0,0.0,9.0,1000.0,37,0.0
7797,201406,1,255.0,12,0.0,0.0,0.0,1056.98,37,0.0
7798,201402,1,573.0,8,0.0,0.0,0.0,800.0,31,0.0
7799,201412,1,351.0,8,0.0,0.0,0.0,800.0,51,0.0
7800,201412,1,699.0,12,0.0,0.0,0.0,1500.0,49,0.0
7801,201405,0,566.0,12,0.0,0.0,0.0,1500.0,42,0.0
7802,201401,1,327.0,12,0.0,0.0,0.0,500.0,55,0.0
7803,201412,0,5072.0,12,59.0,11.0,12.0,2137.67,53,19.0
7804,201410,0,1385.0,10,0.0,4.0,0.0,1000.0,66,0.0
7805,201403,0,546.0,12,0.0,0.0,0.0,536.63,61,0.0
7806,201411,1,-42.0,12,,,,1630.11,32,
7807,201403,0,2578.0,12,25.0,9.0,4.0,1500.0,72,4.0
7808,201402,1,195.0,12,0.0,0.0,0.0,2500.0,60,0.0
7809,201403,1,3097.0,12,11.0,0.0,0.0,1000.0,34,7.0
7810,201408,1,307.0,12,0.0,0.0,0.0,1500.0,40,0.0
7811,201409,0,2102.0,12,7.0,0.0,8.0,1050.1,35,10.0
7812,201406,0,452.0,12,0.0,0.0,0.0,1350.0,33,0.0
7813,201404,0,280.0,4,0.0,0.0,0.0,317.04,37,0.0
7814,201405,0,3034.0,10,48.0,12.0,12.0,200.0,66,3.0
7815,201406,0,735.0,12,0.0,0.0,0.0,1000.0,34,0.0
7816,201409,0,2342.0,3,25.0,3.0,5.0,300.0,45,2.0
7817,201406,0,1365.0,12,0.0,7.0,6.0,2400.0,57,0.0
7818,201409,1,1133.0,12,0.0,1.0,9.0,2341.17,47,0.0
7819,201402,0,574.0,12,0.0,0.0,0.0,500.0,34,0.0
7820,201406,1,1013.0,10,0.0,0.0,8.0,1000.0,48,0.0
7821,201406,0,422.0,12,0.0,0.0,0.0,500.0,65,0.0
7822,201410,1,4774.0,9,11.0,0.0,0.0,800.0,45,4.0
7823,201409,1,899.0,12,0.0,0.0,6.0,2000.0,59,0.0
7824,201403,1,654.0,12,0.0,0.0,0.0,1000.0,65,0.0
7825,201410,0,288.0,12,0.0,0.0,0.0,1800.0,52,0.0
7826,201412,0,991.0,6,0.0,0.0,8.0,550.0,70,0.0
7827,201408,0,2995.0,10,9.0,0.0,7.0,1200.0,66,5.0
7828,201403,0,2607.0,12,31.0,11.0,12.0,800.0,39,11.0
7829,201403,0,1292.0,5,0.0,2.0,8.0,779.74,28,0.0
7830,201412,0,5066.0,12,6.0,5.0,0.0,2500.0,42,19.0
7831,201403,0,1724.0,12,7.0,7.0,8.0,1200.0,33,3.0
7832,201401,0,3296.0,10,28.0,3.0,7.0,1000.0,57,13.0
7833,201401,1,441.0,12,0.0,0.0,0.0,1000.0,38,0.0
7834,201407,0,754.0,10,0.0,0.0,1.0,790.36,33,0.0
7835,201409,0,225.0,12,0.0,0.0,0.0,200.0,45,0.0
7836,201408,0,533.0,12,0.0,0.0,0.0,1200.0,52,0.0
7837,201404,0,845.0,12,0.0,0.0,4.0,1300.0,51,0.0
7838,201410,0,1046.0,12,0.0,0.0,5.0,1000.0,33,0.0
7839,201409,0,4645.0,12,77.0,12.0,11.0,2000.0,67,28.0
7840,201408,0,2947.0,12,9.0,0.0,1.0,1300.0,44,12.0
7841,201405,0,3647.0,10,58.0,11.0,0.0,800.0,39,10.0
7842,201406,1,2437.0,12,13.0,5.0,12.0,3000.0,69,9.0
7843,201405,0,1646.0,12,3.0,11.0,12.0,1000.0,50,3.0
7844,201408,0,216.0,12,0.0,0.0,0.0,1300.0,50,0.0
7845,201410,0,249.0,12,0.0,0.0,0.0,1500.0,50,0.0
7846,201407,1,1426.0,12,0.0,6.0,11.0,1783.17,35,0.0
7847,201404,1,469.0,12,0.0,0.0,0.0,997.92,50,0.0
7848,201411,1,507.0,12,0.0,0.0,0.0,580.0,42,0.0
7849,201405,0,4372.0,8,31.0,0.0,5.0,1000.0,41,6.0
7850,201407,0,289.0,12,0.0,0.0,0.0,800.0,49,0.0
7851,201404,1,983.0,12,0.0,0.0,9.0,2000.0,37,0.0
7852,201407,0,2190.0,12,13.0,4.0,6.0,1500.0,57,6.0
7853,201401,0,134.0,12,0.0,0.0,0.0,800.0,59,0.0
7854,201405,1,2013.0,12,12.0,9.0,3.0,1500.0,64,4.0
7855,201409,1,906.0,12,0.0,0.0,4.0,1481.15,32,0.0
7856,201405,0,3450.0,12,17.0,4.0,9.0,2751.34,62,3.0
7857,201405,1,1115.0,12,0.0,0.0,11.0,1000.0,45,0.0
7858,201410,0,387.0,12,0.0,0.0,0.0,2000.0,30,0.0
7859,201404,0,1079.0,7,0.0,0.0,10.0,650.0,37,0.0
7860,201409,0,4540.0,5,51.0,8.0,0.0,300.0,51,7.0
7861,201402,0,413.0,12,0.0,0.0,0.0,2296.0,53,0.0
7862,201405,0,2331.0,6,5.0,0.0,2.0,500.0,56,1.0
7863,201403,0,843.0,5,0.0,0.0,6.0,300.0,58,0.0
7864,201403,0,438.0,12,0.0,0.0,0.0,676.0,41,0.0
7865,201410,1,322.0,12,0.0,0.0,0.0,944.5,44,0.0
7866,201409,1,2245.0,12,11.0,10.0,12.0,1000.0,44,5.0
7867,201402,1,4727.0,12,85.0,0.0,3.0,2600.0,54,7.0
7868,201411,1,805.0,12,0.0,0.0,3.0,2000.0,52,0.0
7869,201406,0,474.0,12,0.0,0.0,0.0,1000.0,48,0.0
7870,201410,0,2808.0,3,28.0,0.0,3.0,300.0,46,7.0
7871,201410,0,2036.0,4,9.0,3.0,0.0,400.0,54,7.0
7872,201410,1,393.0,12,0.0,0.0,0.0,1800.0,26,0.0
7873,201401,0,4630.0,10,28.0,0.0,0.0,1000.0,52,36.0
7874,201403,0,267.0,3,0.0,0.0,0.0,400.0,45,0.0
7875,201408,0,725.0,12,0.0,0.0,2.0,1000.0,21,0.0
7876,201404,1,1624.0,9,5.0,11.0,11.0,3000.0,61,1.0
7877,201407,0,383.0,12,0.0,0.0,0.0,1500.0,58,0.0
7878,201402,0,2183.0,12,19.0,11.0,11.0,1200.0,70,5.0
7879,201411,0,1976.0,10,13.0,6.0,12.0,1000.0,47,4.0
7880,201407,1,405.0,12,0.0,0.0,0.0,2000.0,44,0.0
7881,201408,0,2620.0,7,27.0,5.0,12.0,700.0,53,7.0
7882,201406,0,2262.0,12,25.0,12.0,12.0,1900.0,67,1.0
7883,201401,0,712.0,12,0.0,0.0,0.0,1500.0,29,0.0
7884,201403,0,3177.0,10,42.0,8.0,12.0,1000.0,51,9.0
7885,201410,0,1916.0,8,5.0,0.0,0.0,2962.56,67,1.0
7886,201412,0,377.0,4,0.0,0.0,0.0,700.0,51,0.0
7887,201410,0,4696.0,12,47.0,0.0,7.0,2000.0,39,31.0
7888,201410,0,1213.0,12,0.0,1.0,11.0,2500.0,47,0.0
7889,201410,0,1312.0,12,0.0,5.0,5.0,900.0,51,0.0
7890,201410,0,599.0,12,0.0,0.0,0.0,1160.0,55,0.0
7891,201409,0,3109.0,5,37.0,6.0,11.0,800.0,56,11.0
7892,201410,0,4928.0,4,40.0,10.0,7.0,1000.0,53,36.0
7893,201411,1,395.0,12,0.0,0.0,0.0,500.0,37,0.0
7894,201406,0,662.0,3,0.0,0.0,0.0,350.0,55,0.0
7895,201412,1,2729.0,8,28.0,3.0,0.0,1164.96,46,5.0
7896,201408,0,5015.0,5,25.0,9.0,12.0,1696.0,56,34.0
7897,201410,0,3271.0,8,39.0,0.0,11.0,1000.0,56,11.0
7898,201406,0,627.0,9,0.0,0.0,0.0,1140.0,32,0.0
7899,201407,0,1503.0,8,0.0,5.0,12.0,300.0,51,1.0
7900,201405,0,3462.0,12,52.0,8.0,12.0,500.0,43,12.0
7901,201401,1,1636.0,10,5.0,11.0,12.0,2143.74,51,1.0
7902,201402,0,3653.0,3,35.0,3.0,6.0,169.0,44,17.0
7903,201410,0,632.0,10,0.0,0.0,0.0,3000.0,65,0.0
7904,201405,1,2480.0,12,11.0,7.0,11.0,500.0,44,3.0
7905,201407,0,1518.0,12,2.0,6.0,8.0,2500.0,56,1.0
7906,201405,0,3067.0,12,8.0,0.0,0.0,700.0,63,5.0
7907,201411,0,249.0,12,0.0,0.0,0.0,1000.0,59,0.0
7908,201405,0,1572.0,12,1.0,3.0,11.0,1166.82,47,1.0
7909,201407,0,1117.0,10,0.0,0.0,8.0,1000.0,29,0.0
7910,201403,1,1616.0,6,5.0,2.0,0.0,500.0,59,1.0
7911,201404,1,766.0,12,0.0,0.0,1.0,1000.0,49,0.0
7912,201405,0,827.0,12,0.0,0.0,4.0,500.0,60,0.0
7913,201405,0,1044.0,8,0.0,0.0,10.0,700.0,31,0.0
7914,201405,0,2040.0,12,18.0,12.0,11.0,1500.0,51,1.0
7915,201405,0,2818.0,12,28.0,7.0,12.0,1597.6,37,6.0
7916,201410,0,316.0,12,0.0,0.0,0.0,1500.0,53,0.0
7917,201404,1,612.0,12,0.0,0.0,0.0,1000.0,45,0.0
7918,201401,0,248.0,12,0.0,0.0,0.0,1500.0,52,0.0
7919,201405,1,1047.0,12,0.0,0.0,9.0,750.0,45,0.0
7920,201407,1,565.0,12,0.0,0.0,0.0,1000.0,63,0.0
7921,201407,1,866.0,12,0.0,0.0,4.0,2000.0,54,0.0
7922,201405,1,3930.0,6,42.0,2.0,0.0,1000.0,32,10.0
7923,201405,1,269.0,10,0.0,0.0,0.0,440.6,36,0.0
7924,201409,1,951.0,12,0.0,0.0,7.0,1400.0,40,0.0
7925,201411,1,328.0,10,0.0,0.0,0.0,1000.0,40,0.0
7926,201402,1,248.0,12,0.0,0.0,0.0,1000.0,37,0.0
7927,201411,1,322.0,12,0.0,0.0,0.0,2223.38,49,0.0
7928,201402,0,903.0,12,0.0,0.0,6.0,800.0,68,0.0
7929,201403,0,235.0,12,0.0,0.0,0.0,944.0,52,0.0
7930,201409,0,1028.0,12,0.0,0.0,4.0,700.0,50,0.0
7931,201405,0,211.0,12,0.0,0.0,0.0,660.96,52,0.0
7932,201412,1,320.0,12,0.0,0.0,0.0,2081.23,52,0.0
7933,201401,0,567.0,12,0.0,0.0,0.0,1000.0,45,0.0
7934,201409,1,237.0,6,0.0,0.0,0.0,1500.0,30,0.0
7935,201406,0,1734.0,12,9.0,12.0,11.0,500.0,38,1.0
7936,201409,1,114.0,12,0.0,0.0,1.0,2600.0,52,0.0
7937,201406,1,1605.0,12,5.0,5.0,0.0,1500.0,28,1.0
7938,201412,0,4716.0,12,86.0,12.0,12.0,1500.0,53,18.0
7939,201409,0,936.0,12,0.0,0.0,7.0,1000.0,52,0.0
7940,201407,0,266.0,12,0.0,0.0,0.0,660.0,53,0.0
7941,201401,0,839.0,12,0.0,0.0,6.0,1000.0,35,0.0
7942,201409,0,1731.0,12,4.0,11.0,12.0,1380.0,35,5.0
7943,201405,0,1678.0,6,7.0,5.0,10.0,500.0,36,1.0
7944,201401,0,904.0,12,0.0,0.0,6.0,1100.0,57,0.0
7945,201406,0,2753.0,12,34.0,10.0,11.0,3000.0,46,9.0
7946,201410,0,3041.0,12,8.0,0.0,0.0,1000.0,38,7.0
7947,201408,0,3157.0,12,39.0,0.0,4.0,1500.0,58,6.0
7948,201408,0,1473.0,10,0.0,9.0,5.0,200.0,32,1.0
7949,201410,0,467.0,12,0.0,0.0,0.0,600.0,40,0.0
7950,201410,0,4945.0,12,60.0,0.0,0.0,1797.95,56,9.0
7951,201406,1,971.0,12,0.0,0.0,8.0,1300.0,60,0.0
7952,201401,0,340.0,12,0.0,0.0,0.0,700.0,54,0.0
7953,201408,1,177.0,12,0.0,0.0,0.0,994.44,51,0.0
7954,201405,0,647.0,6,0.0,0.0,0.0,520.0,49,0.0
7955,201411,1,3014.0,10,4.0,0.0,0.0,450.0,42,3.0
7956,201405,0,363.0,12,0.0,0.0,0.0,1897.25,46,0.0
7957,201411,0,314.0,12,0.0,0.0,0.0,2082.58,46,0.0
7958,201401,0,1907.0,12,9.0,5.0,12.0,2000.0,56,3.0
7959,201405,1,1122.0,10,0.0,0.0,12.0,800.0,43,0.0
7960,201404,1,1250.0,12,0.0,9.0,9.0,1200.0,43,1.0
7961,201404,1,384.0,12,0.0,0.0,0.0,2000.0,51,0.0
7962,201409,0,2572.0,10,27.0,8.0,0.0,700.0,37,9.0
7963,201403,0,319.0,12,0.0,0.0,0.0,500.0,61,0.0
7964,201403,0,2683.0,12,15.0,6.0,5.0,1000.0,40,4.0
7965,201402,0,1469.0,10,0.0,6.0,7.0,600.0,55,1.0
7966,201409,0,859.0,7,0.0,0.0,4.0,1500.0,49,0.0
7967,201407,0,960.0,12,0.0,0.0,11.0,800.0,63,0.0
7968,201406,0,1273.0,12,0.0,5.0,11.0,400.0,31,0.0
7969,201406,0,582.0,12,0.0,0.0,0.0,1000.0,47,0.0
7970,201406,0,1122.0,10,0.0,1.0,5.0,860.0,50,0.0
7971,201407,1,249.0,12,0.0,0.0,0.0,1000.0,67,0.0
7972,201410,0,1712.0,12,8.0,8.0,12.0,3000.0,53,1.0
7973,201410,0,396.0,12,0.0,0.0,0.0,2113.19,34,0.0
7974,201411,1,474.0,12,0.0,0.0,0.0,1500.0,29,0.0
7975,201401,0,331.0,12,0.0,0.0,0.0,600.0,33,0.0
7976,201405,1,2675.0,10,25.0,8.0,10.0,400.0,52,13.0
7977,201410,0,1071.0,12,0.0,0.0,11.0,1500.0,59,0.0
7978,201405,0,185.0,12,0.0,0.0,0.0,800.0,54,0.0
7979,201411,0,4880.0,12,20.0,0.0,1.0,1026.0,60,11.0
7980,201405,0,1321.0,12,0.0,7.0,12.0,1000.0,50,0.0
7981,201411,0,2244.0,3,7.0,8.0,7.0,1014.97,54,3.0
7982,201402,0,727.0,12,0.0,0.0,0.0,500.0,65,0.0
7983,201402,0,3156.0,12,4.0,0.0,0.0,600.0,71,3.0
7984,201404,1,706.0,12,0.0,0.0,0.0,1000.0,44,0.0
7985,201407,0,1224.0,12,0.0,3.0,9.0,2000.0,46,0.0
7986,201410,0,2731.0,12,2.0,0.0,6.0,1000.0,47,4.0
7987,201409,0,536.0,12,0.0,0.0,0.0,1000.0,50,0.0
7988,201411,1,4346.0,12,39.0,0.0,11.0,1000.0,39,8.0
7989,201401,0,1160.0,12,0.0,1.0,4.0,503.84,36,0.0
7990,201402,1,942.0,12,0.0,0.0,7.0,1312.65,41,0.0
7991,201402,0,430.0,12,0.0,0.0,0.0,1000.0,52,0.0
7992,201403,0,4057.0,12,50.0,11.0,12.0,2000.0,51,11.0
7993,201408,1,1993.0,12,8.0,0.0,0.0,1500.0,66,1.0
7994,201410,1,390.0,12,0.0,0.0,0.0,1260.0,59,0.0
7995,201411,1,1768.0,12,4.0,9.0,12.0,3000.0,56,4.0
7996,201408,0,258.0,12,0.0,0.0,0.0,977.28,41,0.0
7997,201408,0,782.0,5,0.0,0.0,1.0,500.0,62,0.0
7998,201404,0,,12,,,,1000.0,52,
7999,201403,0,2792.0,12,13.0,0.0,4.0,2500.0,65,5.0
8000,201412,0,839.0,12,0.0,0.0,3.0,500.0,64,0.0
8001,201409,1,1091.0,12,0.0,0.0,11.0,1000.0,48,0.0
8002,201404,1,3539.0,12,3.0,0.0,5.0,800.0,29,11.0
8003,201406,1,442.0,12,0.0,0.0,0.0,1140.41,59,0.0
8004,201408,0,1865.0,12,12.0,8.0,12.0,2000.0,55,2.0
8005,201410,0,1163.0,12,0.0,2.0,12.0,2500.0,62,0.0
8006,201406,0,2125.0,12,21.0,8.0,8.0,500.0,57,1.0
8007,201403,0,2406.0,12,19.0,6.0,12.0,1300.0,69,10.0
8008,201404,0,2497.0,10,9.0,2.0,6.0,1235.13,43,1.0
8009,201406,0,2881.0,12,45.0,7.0,9.0,1500.0,42,2.0
8010,201401,1,223.0,12,0.0,0.0,0.0,800.0,50,0.0
8011,201410,1,462.0,12,0.0,0.0,0.0,1549.44,41,0.0
8012,201409,0,3910.0,12,59.0,0.0,7.0,1000.0,68,2.0
8013,201410,0,471.0,12,0.0,0.0,0.0,1000.0,68,0.0
8014,201404,0,2101.0,12,13.0,4.0,12.0,1000.0,41,8.0
8015,201407,0,1427.0,12,0.0,9.0,12.0,1200.0,50,0.0
8016,201409,0,639.0,12,0.0,0.0,0.0,1000.0,45,0.0
8017,201410,1,1329.0,12,0.0,7.0,12.0,600.0,60,0.0
8018,201411,1,336.0,12,0.0,0.0,0.0,1420.09,40,0.0
8019,201410,0,461.0,12,0.0,0.0,0.0,500.0,40,0.0
8020,201411,0,695.0,7,0.0,0.0,0.0,800.0,44,0.0
8021,201411,0,364.0,6,0.0,0.0,0.0,1000.0,32,0.0
8022,201405,0,1154.0,12,0.0,2.0,10.0,500.0,53,0.0
8023,201403,1,1005.0,12,0.0,0.0,9.0,1000.0,62,0.0
8024,201409,0,2158.0,12,3.0,0.0,8.0,1000.0,31,6.0
8025,201404,0,1591.0,12,3.0,6.0,10.0,2000.0,60,1.0
8026,201409,0,1322.0,6,0.0,6.0,12.0,500.0,55,0.0
8027,201410,0,217.0,12,0.0,0.0,0.0,984.73,43,0.0
8028,201404,1,1730.0,12,6.0,1.0,6.0,2000.0,42,3.0
8029,201409,0,318.0,12,0.0,0.0,2.0,1200.0,47,0.0
8030,201402,1,684.0,12,0.0,0.0,3.0,1300.0,52,0.0
8031,201403,0,321.0,12,0.0,0.0,0.0,500.0,54,0.0
8032,201412,0,434.0,12,0.0,0.0,0.0,1200.0,37,0.0
8033,201401,0,4815.0,12,88.0,5.0,11.0,1980.0,52,10.0
8034,201402,0,516.0,12,0.0,0.0,0.0,1500.0,72,0.0
8035,201412,0,1138.0,12,0.0,1.0,1.0,1000.0,50,0.0
8036,201410,0,4414.0,12,39.0,4.0,4.0,1000.0,34,32.0
8037,201409,1,778.0,12,0.0,0.0,2.0,1000.0,51,0.0
8038,201410,0,2109.0,12,19.0,12.0,11.0,1800.0,45,3.0
8039,201411,0,2909.0,12,37.0,12.0,12.0,1500.0,53,3.0
8040,201411,1,287.0,12,0.0,0.0,0.0,1000.0,61,0.0
8041,201405,0,510.0,8,0.0,0.0,0.0,2400.0,43,0.0
8042,201412,1,718.0,12,0.0,0.0,0.0,1500.0,41,0.0
8043,201412,1,3783.0,12,73.0,12.0,12.0,1000.0,74,2.0
8044,201410,0,300.0,6,0.0,0.0,4.0,598.2,37,0.0
8045,201402,0,653.0,12,0.0,0.0,2.0,2327.97,55,0.0
8046,201408,1,684.0,12,0.0,0.0,0.0,800.0,34,0.0
8047,201410,0,564.0,3,0.0,0.0,0.0,600.0,45,0.0
8048,201406,0,2732.0,12,36.0,10.0,12.0,1300.0,50,6.0
8049,201408,0,2281.0,12,12.0,10.0,12.0,2000.0,48,8.0
8050,201410,0,371.0,3,0.0,0.0,0.0,264.0,50,0.0
8051,201407,1,175.0,8,0.0,0.0,0.0,500.0,30,0.0
8052,201401,0,668.0,12,0.0,0.0,0.0,1166.26,50,0.0
8053,201407,1,596.0,12,0.0,0.0,0.0,700.0,43,0.0
8054,201407,0,2502.0,3,12.0,0.0,0.0,300.0,48,8.0
8055,201411,0,1885.0,12,10.0,6.0,0.0,1650.0,44,3.0
8056,201404,1,1114.0,6,0.0,0.0,12.0,1500.0,47,0.0
8057,201411,1,1157.0,12,0.0,1.0,3.0,1200.0,64,0.0
8058,201401,1,2550.0,12,29.0,6.0,9.0,1000.0,52,7.0
8059,201410,0,1934.0,12,4.0,7.0,12.0,700.0,48,6.0
8060,201410,0,1858.0,12,11.0,9.0,12.0,3000.0,51,2.0
8061,201401,0,392.0,10,0.0,0.0,0.0,800.0,49,0.0
8062,201412,1,835.0,12,0.0,0.0,4.0,2480.0,50,0.0
8063,201409,0,1150.0,12,0.0,1.0,12.0,1000.0,55,0.0
8064,201406,1,574.0,12,0.0,0.0,0.0,420.0,31,0.0
8065,201408,0,1447.0,12,0.0,5.0,0.0,1000.0,58,0.0
8066,201406,1,2303.0,12,25.0,6.0,11.0,2000.0,68,3.0
8067,201407,0,3685.0,12,36.0,8.0,11.0,1000.0,41,11.0
8068,201406,1,3144.0,12,46.0,6.0,12.0,1200.0,31,8.0
8069,201403,0,2791.0,12,43.0,3.0,0.0,1500.0,60,2.0
8070,201408,0,1314.0,12,0.0,6.0,12.0,3000.0,39,0.0
8071,201409,1,696.0,12,0.0,0.0,0.0,2500.0,45,0.0
8072,201405,0,275.0,6,0.0,0.0,0.0,920.0,61,0.0
8073,201411,0,3514.0,12,46.0,10.0,12.0,1000.0,66,16.0
8074,201405,0,172.0,12,0.0,0.0,0.0,1000.0,56,0.0
8075,201409,1,312.0,12,0.0,0.0,0.0,1000.0,35,0.0
8076,201410,0,312.0,12,0.0,0.0,0.0,1250.0,75,0.0
8077,201402,1,672.0,12,0.0,0.0,0.0,1000.0,32,0.0
8078,201407,1,577.0,12,0.0,0.0,0.0,2500.0,56,0.0
8079,201402,0,2386.0,12,20.0,8.0,12.0,1000.0,40,9.0
8080,201410,1,927.0,12,0.0,0.0,7.0,900.0,44,0.0
8081,201407,0,1048.0,12,0.0,0.0,11.0,1180.0,47,0.0
8082,201406,0,875.0,12,0.0,0.0,7.0,1000.0,46,0.0
8083,201402,1,445.0,12,0.0,0.0,0.0,1000.0,29,0.0
8084,201405,0,319.0,12,0.0,0.0,0.0,1500.0,28,0.0
8085,201412,0,279.0,12,0.0,0.0,0.0,1000.0,64,0.0
8086,201411,1,2210.0,12,13.0,4.0,4.0,1527.14,35,8.0
8087,201407,0,2441.0,12,26.0,12.0,12.0,1200.0,49,3.0
8088,201405,0,4608.0,12,35.0,3.0,0.0,1000.0,59,11.0
8089,201411,1,390.0,12,0.0,0.0,0.0,800.0,52,0.0
8090,201401,0,341.0,6,0.0,0.0,0.0,250.0,53,0.0
8091,201406,0,428.0,6,0.0,0.0,0.0,800.0,48,0.0
8092,201406,0,1090.0,12,0.0,0.0,12.0,1500.0,39,0.0
8093,201401,0,268.0,12,0.0,0.0,0.0,800.0,27,0.0
8094,201408,0,461.0,12,0.0,0.0,0.0,1057.47,28,0.0
8095,201409,0,1948.0,12,6.0,4.0,0.0,1100.0,63,2.0
8096,201411,1,242.0,12,0.0,0.0,0.0,1000.0,41,0.0
8097,201410,0,2166.0,12,8.0,6.0,0.0,838.13,41,4.0
8098,201402,0,1263.0,12,0.0,5.0,11.0,1485.87,33,0.0
8099,201406,0,234.0,10,0.0,0.0,0.0,400.0,56,0.0
8100,201407,1,2605.0,12,12.0,0.0,0.0,1467.39,39,5.0
8101,201403,0,1847.0,12,12.0,8.0,12.0,2280.0,62,1.0
8102,201408,0,3795.0,10,28.0,2.0,10.0,1363.1,47,17.0
8103,201408,1,4746.0,12,67.0,12.0,12.0,600.0,64,3.0
8104,201412,0,1231.0,12,0.0,1.0,5.0,1296.72,54,0.0
8105,201405,0,399.0,6,0.0,0.0,0.0,500.0,43,0.0
8106,201409,1,640.0,12,0.0,0.0,0.0,650.0,39,0.0
8107,201411,0,1858.0,12,12.0,9.0,11.0,2000.0,60,2.0
8108,201412,1,4351.0,12,4.0,0.0,0.0,1200.0,53,2.0
8109,201408,0,643.0,12,0.0,0.0,2.0,2000.0,39,0.0
8110,201412,0,985.0,12,0.0,0.0,5.0,981.07,35,0.0
8111,201412,0,350.0,12,0.0,0.0,0.0,1713.54,46,0.0
8112,201412,0,2859.0,12,36.0,5.0,8.0,1118.6,46,10.0
8113,201404,1,3228.0,12,57.0,12.0,12.0,1500.0,33,1.0
8114,201411,1,442.0,12,0.0,0.0,0.0,2000.0,47,0.0
8115,201403,0,4011.0,12,40.0,9.0,12.0,500.0,76,16.0
8116,201401,0,3479.0,5,51.0,5.0,11.0,500.0,52,7.0
8117,201411,1,179.0,5,0.0,0.0,0.0,450.0,32,0.0
8118,201406,0,875.0,10,0.0,0.0,5.0,700.0,42,0.0
8119,201405,0,1459.0,12,0.0,11.0,5.0,2500.0,68,0.0
8120,201406,0,4336.0,12,52.0,8.0,9.0,2000.0,48,22.0
8121,201410,1,302.0,12,0.0,0.0,0.0,1000.0,27,0.0
8122,201410,0,955.0,12,0.0,0.0,10.0,481.0,40,0.0
8123,201408,0,790.0,12,0.0,0.0,2.0,1500.0,54,0.0
8124,201408,0,170.0,12,0.0,0.0,0.0,250.0,50,0.0
8125,201404,0,4101.0,12,51.0,9.0,10.0,2000.0,48,9.0
8126,201405,0,1362.0,10,0.0,8.0,12.0,1000.0,55,0.0
8127,201404,0,584.0,12,0.0,0.0,0.0,1500.0,72,0.0
8128,201405,0,436.0,8,0.0,0.0,0.0,374.0,43,0.0
8129,201404,0,1871.0,12,4.0,2.0,12.0,500.0,54,7.0
8130,201408,0,791.0,12,0.0,0.0,2.0,1000.0,62,0.0
8131,201409,0,2446.0,12,4.0,0.0,0.0,600.0,48,1.0
8132,201411,1,1805.0,12,6.0,7.0,7.0,1000.0,29,2.0
8133,201406,1,458.0,12,0.0,0.0,0.0,1000.0,34,0.0
8134,201408,1,288.0,12,0.0,0.0,0.0,2000.0,60,0.0
8135,201401,0,1400.0,12,0.0,7.0,11.0,1500.0,32,0.0
8136,201402,0,2773.0,12,28.0,7.0,8.0,1797.02,45,4.0
8137,201410,0,1556.0,3,2.0,7.0,12.0,300.0,66,2.0
8138,201406,0,3436.0,11,47.0,9.0,9.0,2000.0,42,12.0
8139,201409,0,1182.0,6,0.0,2.0,12.0,2000.0,40,0.0
8140,201411,1,529.0,12,0.0,0.0,0.0,2286.84,58,0.0
8141,201408,0,280.0,10,0.0,0.0,0.0,300.0,36,0.0
8142,201408,0,3039.0,3,36.0,4.0,11.0,150.0,29,5.0
8143,201412,0,2606.0,12,36.0,12.0,12.0,1800.0,48,2.0
8144,201402,1,1219.0,12,0.0,4.0,6.0,748.04,28,0.0
8145,201408,1,684.0,12,0.0,0.0,0.0,1140.0,32,0.0
8146,201405,0,515.0,12,0.0,0.0,0.0,1000.0,36,0.0
8147,201408,0,1655.0,6,6.0,12.0,12.0,800.0,39,1.0
8148,201408,1,534.0,12,0.0,0.0,0.0,2000.0,48,0.0
8149,201409,1,1582.0,12,4.0,8.0,11.0,3000.0,31,1.0
8150,201409,0,2494.0,12,22.0,12.0,12.0,1000.0,43,4.0
8151,201401,0,888.0,12,0.0,0.0,3.0,1500.0,60,0.0
8152,201406,0,1162.0,12,0.0,1.0,12.0,1976.86,32,0.0
8153,201405,0,618.0,12,0.0,0.0,0.0,1000.0,47,0.0
8154,201411,0,199.0,12,0.0,0.0,0.0,1000.0,38,0.0
8155,201404,0,590.0,3,0.0,0.0,0.0,400.0,33,0.0
8156,201408,0,1134.0,12,0.0,1.0,6.0,1500.0,56,0.0
8157,201410,0,493.0,12,0.0,0.0,0.0,3000.0,54,0.0
8158,201409,1,555.0,12,0.0,0.0,0.0,2000.0,54,0.0
8159,201411,0,1639.0,12,2.0,4.0,0.0,2000.0,34,1.0
8160,201406,0,1743.0,12,5.0,8.0,12.0,2700.0,30,5.0
8161,201404,1,136.0,12,0.0,0.0,0.0,1000.0,43,0.0
8162,201408,0,454.0,12,0.0,0.0,0.0,800.0,27,0.0
8163,201401,0,193.0,12,0.0,0.0,0.0,588.12,32,0.0
8164,201402,0,3189.0,12,46.0,6.0,12.0,1000.0,73,3.0
8165,201404,0,2107.0,12,11.0,4.0,11.0,1100.0,47,4.0
8166,201404,0,476.0,12,0.0,0.0,0.0,3000.0,53,0.0
8167,201404,0,2759.0,12,14.0,0.0,0.0,1400.0,47,6.0
8168,201402,0,2636.0,12,21.0,10.0,4.0,500.0,63,3.0
8169,201404,0,323.0,12,0.0,0.0,0.0,1000.0,53,0.0
8170,201406,0,3387.0,12,63.0,12.0,12.0,1500.0,62,3.0
8171,201409,0,1699.0,12,4.0,7.0,11.0,844.0,47,2.0
8172,201402,0,1749.0,12,8.0,8.0,12.0,3000.0,69,1.0
8173,201401,0,947.0,12,0.0,0.0,7.0,2500.0,67,0.0
8174,201412,0,1121.0,6,0.0,0.0,12.0,1000.0,53,0.0
8175,201403,0,1169.0,5,0.0,1.0,12.0,500.0,40,0.0
8176,201407,0,870.0,7,0.0,0.0,7.0,500.0,30,0.0
8177,201403,0,3350.0,12,50.0,11.0,12.0,1996.97,30,8.0
8178,201408,0,732.0,12,0.0,0.0,0.0,1000.0,42,0.0
8179,201412,0,1194.0,5,0.0,3.0,11.0,500.0,33,0.0
8180,201402,1,881.0,6,0.0,0.0,4.0,700.0,29,0.0
8181,201412,0,187.0,12,0.0,0.0,0.0,3000.0,37,0.0
8182,201411,0,2860.0,12,39.0,12.0,12.0,1500.0,38,7.0
8183,201412,1,391.0,12,0.0,0.0,0.0,1300.0,29,0.0
8184,201402,1,178.0,12,0.0,0.0,0.0,1200.0,54,0.0
8185,201409,0,4991.0,12,60.0,4.0,12.0,2000.0,50,19.0
8186,201408,0,1040.0,12,0.0,0.0,10.0,2000.0,54,0.0
8187,201406,0,1652.0,12,5.0,11.0,12.0,1000.0,65,1.0
8188,201412,0,389.0,10,0.0,0.0,0.0,1000.0,68,0.0
8189,201409,0,270.0,3,0.0,0.0,0.0,150.0,45,0.0
8190,201409,0,354.0,12,0.0,0.0,0.0,1000.0,38,0.0
8191,201404,1,772.0,12,0.0,0.0,4.0,1000.0,58,0.0
8192,201412,1,3220.0,12,47.0,11.0,11.0,800.0,65,7.0
8193,201401,1,524.0,6,0.0,0.0,0.0,442.17,39,0.0
8194,201412,0,1616.0,9,3.0,9.0,12.0,1200.0,48,2.0
8195,201409,0,1054.0,12,0.0,0.0,11.0,2000.0,38,0.0
8196,201404,0,726.0,12,0.0,0.0,0.0,1000.0,45,0.0
8197,201410,0,1328.0,12,0.0,7.0,10.0,2311.83,38,0.0
8198,201407,0,1233.0,12,0.0,1.0,12.0,1500.0,33,0.0
8199,201405,1,3288.0,12,37.0,9.0,12.0,1506.0,47,23.0
8200,201408,0,2707.0,12,38.0,4.0,3.0,600.0,29,3.0
8201,201403,0,1489.0,4,1.0,12.0,10.0,200.0,23,1.0
8202,201403,0,727.0,5,0.0,0.0,0.0,600.0,43,0.0
8203,201402,0,249.0,10,0.0,0.0,0.0,500.0,67,0.0
8204,201408,1,1354.0,12,0.0,8.0,12.0,1699.06,46,0.0
8205,201412,1,326.0,12,0.0,0.0,0.0,1339.08,51,0.0
8206,201412,0,1014.0,12,0.0,0.0,7.0,1000.0,38,0.0
8207,201410,0,484.0,12,0.0,0.0,0.0,1000.0,46,0.0
8208,201408,0,836.0,12,0.0,0.0,3.0,3000.0,54,0.0
8209,201410,0,202.0,12,0.0,0.0,0.0,1000.0,68,0.0
8210,201404,0,2374.0,12,22.0,10.0,12.0,1000.0,46,6.0
8211,201408,0,471.0,12,0.0,0.0,0.0,1513.8,45,0.0
8212,201405,0,334.0,12,0.0,0.0,0.0,500.0,42,0.0
8213,201408,0,1542.0,12,2.0,10.0,11.0,600.0,38,1.0
8214,201407,0,4773.0,12,72.0,8.0,12.0,3000.0,41,22.0
8215,201412,0,1831.0,12,11.0,8.0,11.0,1500.0,54,1.0
8216,201404,1,317.0,12,0.0,0.0,0.0,500.0,55,0.0
8217,201411,1,1481.0,12,0.0,12.0,12.0,1634.24,55,1.0
8218,201410,1,1482.0,12,0.0,4.0,0.0,1450.0,52,1.0
8219,201411,0,257.0,6,0.0,0.0,0.0,400.0,44,0.0
8220,201408,1,1044.0,12,0.0,0.0,10.0,700.0,35,0.0
8221,201404,0,778.0,8,0.0,0.0,4.0,570.0,46,0.0
8222,201409,0,3207.0,8,32.0,0.0,2.0,1200.0,41,8.0
8223,201407,1,3300.0,12,53.0,7.0,12.0,1324.19,43,7.0
8224,201404,0,1487.0,6,3.0,11.0,11.0,450.0,36,1.0
8225,201404,0,925.0,12,0.0,0.0,7.0,1000.0,67,0.0
8226,201405,0,310.0,12,0.0,0.0,0.0,700.0,53,0.0
8227,201409,0,2482.0,12,16.0,1.0,1.0,700.0,76,6.0
8228,201409,1,81.0,12,0.0,0.0,0.0,1939.13,33,0.0
8229,201408,0,528.0,12,0.0,0.0,0.0,600.0,48,0.0
8230,201409,0,2262.0,3,25.0,8.0,8.0,500.0,28,1.0
8231,201401,1,434.0,12,0.0,0.0,0.0,686.24,36,0.0
8232,201408,1,273.0,12,0.0,0.0,0.0,885.62,34,0.0
8233,201409,0,494.0,12,0.0,0.0,0.0,1000.0,63,0.0
8234,201402,1,2972.0,12,31.0,8.0,9.0,438.0,73,6.0
8235,201403,0,263.0,12,0.0,0.0,0.0,871.5,32,0.0
8236,201407,0,200.0,12,0.0,0.0,0.0,1066.0,69,0.0
8237,201409,0,1384.0,12,0.0,5.0,0.0,1000.0,45,0.0
8238,201401,0,236.0,12,0.0,0.0,0.0,1600.0,52,0.0
8239,201401,1,1112.0,8,0.0,0.0,12.0,300.0,44,0.0
8240,201410,0,1253.0,6,0.0,2.0,12.0,500.0,47,0.0
8241,201403,0,2947.0,12,6.0,2.0,1.0,984.89,43,7.0
8242,201408,0,231.0,12,0.0,0.0,0.0,700.0,44,0.0
8243,201404,0,131.0,12,0.0,0.0,0.0,875.63,50,0.0
8244,201402,0,1061.0,12,0.0,0.0,6.0,1012.0,45,0.0
8245,201405,0,316.0,12,0.0,0.0,0.0,600.0,54,0.0
8246,201409,0,3214.0,12,54.0,12.0,11.0,2000.0,52,4.0
8247,201409,0,3685.0,6,51.0,12.0,12.0,500.0,67,21.0
8248,201405,1,1109.0,12,0.0,2.0,10.0,1558.73,59,0.0
8249,201409,1,251.0,12,0.0,0.0,0.0,1200.0,23,0.0
8250,201409,0,2898.0,7,34.0,8.0,8.0,700.0,45,8.0
8251,201403,0,234.0,10,0.0,0.0,0.0,2000.0,34,0.0
8252,201405,0,1903.0,12,7.0,6.0,9.0,1000.0,42,2.0
8253,201407,1,783.0,12,0.0,0.0,2.0,1465.55,30,0.0
8254,201405,0,547.0,12,0.0,0.0,0.0,2479.0,56,0.0
8255,201403,0,343.0,3,0.0,0.0,0.0,300.0,36,0.0
8256,201406,0,2315.0,8,17.0,4.0,8.0,700.0,50,9.0
8257,201409,0,3141.0,12,19.0,0.0,0.0,1449.53,28,9.0
8258,201407,0,709.0,12,0.0,0.0,2.0,2197.96,51,0.0
8259,201405,0,485.0,12,0.0,0.0,0.0,2800.0,58,0.0
8260,201402,0,127.0,12,0.0,0.0,0.0,500.0,32,0.0
8261,201405,1,1005.0,12,0.0,0.0,10.0,1424.57,30,0.0
8262,201406,0,219.0,12,0.0,0.0,0.0,700.0,70,0.0
8263,201403,0,4678.0,12,21.0,0.0,0.0,2000.0,66,31.0
8264,201412,0,1933.0,6,10.0,9.0,12.0,600.0,52,6.0
8265,201410,0,4829.0,10,29.0,2.0,11.0,1500.0,66,19.0
8266,201406,0,4474.0,12,29.0,0.0,0.0,2000.0,41,8.0
8267,201411,0,953.0,12,0.0,0.0,7.0,936.0,28,0.0
8268,201402,0,2479.0,6,30.0,4.0,12.0,1000.0,56,4.0
8269,201405,0,258.0,12,0.0,0.0,0.0,600.0,41,0.0
8270,201407,0,2231.0,10,13.0,10.0,5.0,3000.0,39,8.0
8271,201412,0,1616.0,12,5.0,8.0,11.0,1808.1,53,1.0
8272,201407,0,121.0,9,0.0,0.0,0.0,1000.0,39,0.0
8273,201409,0,1043.0,12,0.0,0.0,11.0,1000.0,28,0.0
8274,201410,0,3027.0,12,36.0,9.0,12.0,2000.0,43,16.0
8275,201402,1,301.0,12,0.0,0.0,0.0,600.0,61,0.0
8276,201401,0,753.0,8,0.0,0.0,1.0,600.0,41,0.0
8277,201407,0,4098.0,12,72.0,0.0,3.0,2079.23,44,12.0
8278,201408,0,294.0,12,0.0,0.0,0.0,500.0,74,0.0
8279,201406,1,903.0,12,0.0,0.0,6.0,2000.0,42,0.0
8280,201402,0,1093.0,12,0.0,0.0,11.0,500.0,34,0.0
8281,201410,1,2801.0,10,22.0,3.0,2.0,2000.0,30,12.0
8282,201407,0,3681.0,5,43.0,5.0,3.0,300.0,42,25.0
8283,201401,0,589.0,10,0.0,0.0,0.0,600.0,27,0.0
8284,201401,0,4661.0,12,26.0,0.0,9.0,1700.0,43,26.0
8285,201411,0,682.0,12,0.0,0.0,0.0,2000.0,46,0.0
8286,201409,1,700.0,10,0.0,0.0,0.0,300.0,60,0.0
8287,201402,0,985.0,8,0.0,0.0,7.0,1400.0,45,0.0
8288,201409,0,514.0,5,0.0,0.0,0.0,250.0,50,0.0
8289,201404,0,481.0,10,0.0,0.0,0.0,1000.0,47,0.0
8290,201409,1,2744.0,12,11.0,4.0,1.0,2000.0,28,3.0
8291,201412,0,781.0,12,0.0,0.0,2.0,2000.0,54,0.0
8292,201407,0,740.0,5,0.0,0.0,1.0,300.0,70,0.0
8293,201409,1,4423.0,12,55.0,9.0,10.0,2000.0,55,31.0
8294,201411,1,1800.0,12,7.0,0.0,0.0,2800.0,32,2.0
8295,201408,1,2362.0,12,4.0,0.0,4.0,2000.0,55,5.0
8296,201411,1,275.0,12,0.0,0.0,0.0,700.0,35,0.0
8297,201403,0,2173.0,12,23.0,12.0,12.0,500.0,42,1.0
8298,201411,1,4319.0,12,59.0,10.0,11.0,1705.0,77,33.0
8299,201403,0,312.0,10,0.0,0.0,0.0,500.0,42,0.0
8300,201408,0,1881.0,3,8.0,1.0,11.0,300.0,56,3.0
8301,201409,0,726.0,12,0.0,0.0,0.0,1000.0,58,0.0
8302,201401,1,1053.0,12,0.0,0.0,9.0,1000.0,35,0.0
8303,201406,0,734.0,12,0.0,0.0,0.0,1000.0,45,0.0
8304,201401,0,1686.0,12,7.0,11.0,12.0,1500.0,41,1.0
8305,201412,0,693.0,12,0.0,0.0,0.0,1000.0,57,0.0
8306,201410,1,3002.0,12,2.0,0.0,0.0,2000.0,55,13.0
8307,201411,1,716.0,12,0.0,0.0,0.0,3000.0,39,0.0
8308,201406,1,3275.0,12,25.0,8.0,12.0,800.0,34,7.0
8309,201403,0,776.0,12,0.0,0.0,2.0,1800.0,49,0.0
8310,201406,0,215.0,10,0.0,0.0,0.0,1000.0,55,0.0
8311,201410,0,2889.0,12,9.0,2.0,5.0,1978.18,30,5.0
8312,201412,0,2583.0,12,34.0,8.0,12.0,1500.0,28,3.0
8313,201405,0,2065.0,12,9.0,9.0,12.0,1500.0,68,3.0
8314,201407,0,2430.0,12,28.0,12.0,11.0,3000.0,49,4.0
8315,201407,1,1033.0,12,0.0,0.0,10.0,2000.0,54,0.0
8316,201406,1,1178.0,12,0.0,3.0,7.0,1300.0,41,0.0
8317,201404,0,1146.0,12,0.0,3.0,12.0,800.0,37,0.0
8318,201412,1,2639.0,12,29.0,9.0,12.0,2000.0,58,6.0
8319,201406,0,740.0,8,0.0,0.0,2.0,1300.0,41,0.0
8320,201405,0,924.0,12,0.0,0.0,6.0,1500.0,57,0.0
8321,201408,0,796.0,12,0.0,0.0,4.0,1000.0,43,0.0
8322,201408,1,2749.0,12,37.0,11.0,12.0,1350.0,61,5.0
8323,201406,0,582.0,5,0.0,0.0,0.0,1000.0,53,0.0
8324,201406,0,835.0,6,0.0,0.0,3.0,1000.0,69,0.0
8325,201409,0,3771.0,12,35.0,0.0,0.0,2000.0,53,13.0
8326,201409,0,294.0,12,0.0,0.0,0.0,1000.0,43,0.0
8327,201406,1,2612.0,12,22.0,6.0,0.0,1200.0,37,16.0
8328,201407,0,3329.0,12,9.0,0.0,11.0,1200.0,65,4.0
8329,201409,1,3491.0,12,62.0,8.0,12.0,2000.0,46,2.0
8330,201408,0,527.0,12,0.0,0.0,0.0,1886.57,62,0.0
8331,201412,1,318.0,12,0.0,0.0,0.0,1300.0,71,0.0
8332,201411,1,244.0,12,0.0,0.0,0.0,943.45,33,0.0
8333,201412,0,206.0,12,0.0,0.0,0.0,1000.0,45,0.0
8334,201412,0,339.0,3,0.0,0.0,0.0,200.0,32,0.0
8335,201408,0,224.0,12,0.0,0.0,0.0,1917.0,49,0.0
8336,201410,0,1600.0,3,7.0,10.0,12.0,400.0,47,1.0
8337,201406,0,1674.0,8,6.0,4.0,0.0,769.7,37,1.0
8338,201408,0,186.0,12,0.0,0.0,0.0,600.0,49,0.0
8339,201407,0,414.0,10,0.0,0.0,0.0,500.0,36,0.0
8340,201404,1,1961.0,12,15.0,6.0,8.0,831.56,26,2.0
8341,201407,0,957.0,12,0.0,0.0,7.0,947.09,31,0.0
8342,201412,1,1354.0,12,0.0,8.0,11.0,2000.0,28,0.0
8343,201404,0,2331.0,12,26.0,11.0,12.0,300.0,48,3.0
8344,201410,0,1862.0,10,7.0,0.0,4.0,500.0,39,4.0
8345,201408,1,740.0,12,0.0,0.0,0.0,1895.78,42,0.0
8346,201404,1,235.0,12,0.0,0.0,0.0,650.0,47,0.0
8347,201409,0,2395.0,12,15.0,4.0,0.0,2430.43,54,2.0
8348,201410,1,,12,,,,2700.0,64,
8349,201404,1,307.0,12,0.0,0.0,0.0,582.88,30,0.0
8350,201409,0,304.0,12,0.0,0.0,0.0,1000.0,46,0.0
8351,201411,1,416.0,12,0.0,0.0,0.0,1000.0,30,0.0
8352,201409,1,746.0,12,0.0,0.0,0.0,2082.58,41,0.0
8353,201408,0,770.0,6,0.0,0.0,1.0,650.0,47,0.0
8354,201405,0,503.0,12,0.0,0.0,0.0,1700.0,47,0.0
8355,201405,1,3667.0,12,62.0,12.0,11.0,2150.0,41,10.0
8356,201410,1,,12,,,,973.0,29,
8357,201411,0,4164.0,12,60.0,11.0,12.0,3000.0,73,12.0
8358,201411,1,163.0,12,0.0,0.0,0.0,920.93,32,0.0
8359,201401,0,1314.0,12,0.0,5.0,12.0,850.0,27,0.0
8360,201403,0,815.0,4,0.0,0.0,3.0,400.0,37,0.0
8361,201404,1,381.0,12,0.0,0.0,0.0,800.0,52,0.0
8362,201405,0,2910.0,12,28.0,2.0,1.0,2277.13,54,9.0
8363,201403,0,847.0,12,0.0,0.0,4.0,1400.0,43,0.0
8364,201401,0,195.0,12,0.0,0.0,0.0,328.0,56,0.0
8365,201411,0,1215.0,5,0.0,3.0,12.0,821.82,33,0.0
8366,201407,0,376.0,12,0.0,0.0,0.0,1000.0,62,0.0
8367,201409,1,572.0,12,0.0,0.0,0.0,2250.1,37,0.0
8368,201411,0,306.0,12,0.0,0.0,0.0,500.0,57,0.0
8369,201401,1,340.0,12,0.0,0.0,0.0,1400.0,57,0.0
8370,201403,1,839.0,10,0.0,0.0,3.0,1000.0,60,0.0
8371,201407,0,660.0,12,0.0,0.0,0.0,1500.0,53,0.0
8372,201403,0,1017.0,12,0.0,0.0,10.0,2500.0,26,0.0
8373,201412,0,552.0,12,0.0,0.0,0.0,1480.0,26,0.0
8374,201403,0,3081.0,12,45.0,12.0,11.0,1000.0,69,3.0
8375,201412,0,1383.0,12,0.0,7.0,8.0,1000.0,62,0.0
8376,201402,0,588.0,12,0.0,0.0,0.0,500.0,55,0.0
8377,201407,1,246.0,12,0.0,0.0,0.0,1000.0,56,0.0
8378,201404,0,580.0,12,0.0,0.0,0.0,300.0,29,0.0
8379,201412,1,1235.0,12,0.0,3.0,8.0,2992.14,55,0.0
8380,201402,1,3007.0,12,7.0,0.0,0.0,1000.0,58,7.0
8381,201401,0,1070.0,3,0.0,0.0,6.0,550.0,26,0.0
8382,201405,1,733.0,12,0.0,0.0,1.0,1500.0,28,0.0
8383,201405,0,4914.0,12,68.0,11.0,11.0,500.0,50,34.0
8384,201406,1,215.0,12,0.0,0.0,0.0,864.15,27,0.0
8385,201407,0,2636.0,12,34.0,12.0,12.0,1135.46,37,5.0
8386,201408,1,1065.0,12,0.0,0.0,5.0,1000.0,46,0.0
8387,201408,0,693.0,10,0.0,0.0,0.0,1000.0,55,0.0
8388,201411,1,4917.0,12,21.0,0.0,0.0,1140.0,53,21.0
8389,201405,0,2848.0,12,40.0,9.0,12.0,1600.0,46,6.0
8390,201407,0,766.0,12,0.0,0.0,2.0,1200.0,39,0.0
8391,201404,0,1893.0,12,12.0,10.0,11.0,3000.0,65,3.0
8392,201402,0,463.0,12,0.0,0.0,0.0,1200.0,50,0.0
8393,201403,1,216.0,12,0.0,0.0,0.0,681.52,39,0.0
8394,201410,0,1163.0,6,0.0,2.0,12.0,300.0,21,0.0
8395,201406,0,805.0,4,0.0,0.0,3.0,400.0,31,0.0
8396,201405,0,1050.0,12,0.0,0.0,10.0,1200.0,48,0.0
8397,201407,1,370.0,12,0.0,0.0,0.0,916.33,43,0.0
8398,201403,0,1238.0,10,0.0,2.0,10.0,500.0,44,0.0
8399,201408,1,2685.0,12,28.0,8.0,11.0,2200.0,53,2.0
8400,201408,0,817.0,12,0.0,0.0,3.0,1000.0,42,0.0
8401,201404,0,3557.0,12,56.0,12.0,12.0,1000.0,75,12.0
8402,201407,0,1320.0,12,0.0,6.0,9.0,1500.0,54,0.0
8403,201403,0,1601.0,12,4.0,3.0,0.0,1000.0,36,1.0
8404,201407,0,1315.0,12,0.0,5.0,8.0,500.0,59,0.0
8405,201407,0,2987.0,5,38.0,8.0,12.0,500.0,60,11.0
8406,201406,1,1103.0,12,0.0,0.0,11.0,1000.0,54,0.0
8407,201402,1,242.0,6,0.0,0.0,0.0,1000.0,41,0.0
8408,201412,1,1655.0,10,6.0,10.0,0.0,1500.0,48,1.0
8409,201406,0,476.0,12,0.0,0.0,0.0,1200.0,63,0.0
8410,201405,0,256.0,12,0.0,0.0,0.0,879.19,49,0.0
8411,201407,0,100.0,3,0.0,0.0,0.0,200.0,35,0.0
8412,201406,1,380.0,12,0.0,0.0,0.0,980.47,55,0.0
8413,201404,0,4268.0,12,6.0,0.0,0.0,500.0,60,20.0
8414,201409,0,4650.0,7,25.0,0.0,0.0,550.0,35,12.0
8415,201403,0,528.0,12,0.0,0.0,0.0,500.0,57,0.0
8416,201404,0,355.0,6,0.0,0.0,0.0,405.23,39,0.0
8417,201411,1,1649.0,12,6.0,2.0,1.0,920.0,27,1.0
8418,201406,0,2918.0,12,32.0,11.0,11.0,1505.0,28,16.0
8419,201405,0,1018.0,5,0.0,0.0,7.0,250.0,51,0.0
8420,201408,0,1406.0,4,0.0,7.0,12.0,577.71,48,0.0
8421,201407,0,597.0,12,0.0,0.0,0.0,1000.0,34,0.0
8422,201410,0,350.0,3,0.0,0.0,0.0,300.0,45,0.0
8423,201404,0,1975.0,6,9.0,2.0,0.0,350.0,46,3.0
8424,201406,1,625.0,12,0.0,0.0,0.0,800.0,31,0.0
8425,201402,0,659.0,12,0.0,0.0,0.0,779.0,31,0.0
8426,201401,0,3871.0,8,48.0,9.0,11.0,800.0,53,24.0
8427,201402,0,552.0,12,0.0,0.0,0.0,944.96,43,0.0
8428,201410,0,657.0,12,0.0,0.0,0.0,2006.35,55,0.0
8429,201403,1,332.0,5,0.0,0.0,0.0,300.0,29,0.0
8430,201408,1,3454.0,8,19.0,12.0,12.0,1000.0,44,18.0
8431,201404,0,2840.0,12,21.0,4.0,8.0,3000.0,69,18.0
8432,201408,0,573.0,12,0.0,0.0,0.0,1650.0,49,0.0
8433,201406,0,546.0,12,0.0,0.0,0.0,1000.0,29,0.0
8434,201404,1,522.0,12,0.0,0.0,0.0,592.0,53,0.0
8435,201403,1,1776.0,12,7.0,10.0,7.0,1000.0,45,3.0
8436,201411,1,718.0,3,0.0,0.0,0.0,320.0,32,0.0
8437,201404,0,1119.0,12,0.0,0.0,12.0,1000.0,68,0.0
8438,201410,0,3585.0,12,11.0,0.0,0.0,1500.0,38,10.0
8439,201406,1,917.0,12,0.0,0.0,6.0,1079.25,41,0.0
8440,201407,1,290.0,12,0.0,0.0,0.0,1000.0,66,0.0
8441,201401,1,231.0,10,0.0,0.0,0.0,1000.0,49,0.0
8442,201410,0,436.0,12,0.0,0.0,0.0,750.0,52,0.0
8443,201410,0,1057.0,4,0.0,0.0,11.0,1000.0,26,0.0
8444,201402,1,350.0,12,0.0,0.0,0.0,2000.0,64,0.0
8445,201402,1,1369.0,12,0.0,4.0,11.0,1000.0,25,0.0
8446,201412,1,5083.0,6,24.0,0.0,0.0,1040.0,41,19.0
8447,201412,0,2272.0,10,10.0,7.0,10.0,1300.0,50,5.0
8448,201402,1,970.0,10,0.0,0.0,7.0,1305.0,51,0.0
8449,201410,1,,12,0.0,0.0,0.0,2180.63,30,0.0
8450,201403,1,222.0,12,0.0,0.0,0.0,2699.82,60,0.0
8451,201412,0,3295.0,12,35.0,10.0,12.0,860.0,40,16.0
8452,201409,0,1444.0,12,0.0,5.0,9.0,2439.45,32,0.0
8453,201410,1,357.0,12,0.0,0.0,0.0,1700.51,51,0.0
8454,201410,0,2947.0,12,44.0,6.0,5.0,2500.0,67,5.0
8455,201405,0,750.0,5,0.0,0.0,1.0,400.0,31,0.0
8456,201403,0,2808.0,12,32.0,10.0,12.0,1000.0,53,8.0
8457,201401,1,1041.0,12,0.0,0.0,10.0,2000.0,42,0.0
8458,201408,0,1365.0,12,0.0,4.0,9.0,1200.0,28,0.0
8459,201409,0,2289.0,12,6.0,0.0,0.0,700.0,31,1.0
8460,201410,0,3348.0,3,20.0,6.0,12.0,250.0,36,7.0
8461,201408,0,1302.0,10,0.0,4.0,11.0,1300.0,37,0.0
8462,201408,0,263.0,4,0.0,0.0,0.0,900.0,39,0.0
8463,201409,1,196.0,7,0.0,0.0,0.0,1000.0,49,0.0
8464,201410,0,1817.0,5,5.0,0.0,0.0,600.0,58,1.0
8465,201409,1,753.0,12,0.0,0.0,1.0,2000.0,50,0.0
8466,201406,1,1113.0,12,0.0,0.0,12.0,2500.0,61,0.0
8467,201412,0,5082.0,12,93.0,12.0,12.0,3000.0,57,8.0
8468,201404,0,939.0,12,0.0,0.0,7.0,1669.03,58,0.0
8469,201411,1,198.0,12,0.0,0.0,0.0,2000.0,50,0.0
8470,201406,1,822.0,12,0.0,0.0,6.0,981.65,39,0.0
8471,201405,1,211.0,10,0.0,0.0,0.0,500.0,33,0.0
8472,201406,0,1563.0,12,2.0,6.0,6.0,500.0,68,2.0
8473,201408,0,1128.0,9,0.0,0.0,11.0,1000.0,53,0.0
8474,201402,0,519.0,12,0.0,0.0,0.0,600.0,52,0.0
8475,201411,1,2696.0,12,19.0,12.0,10.0,1300.0,42,3.0
8476,201405,0,935.0,12,0.0,0.0,11.0,300.0,50,0.0
8477,201412,0,162.0,12,0.0,0.0,0.0,1464.46,49,0.0
8478,201407,0,2800.0,12,28.0,7.0,0.0,1500.0,70,6.0
8479,201404,1,1264.0,12,0.0,5.0,12.0,2000.0,61,0.0
8480,201403,1,1553.0,12,2.0,6.0,0.0,1800.0,41,1.0
8481,201401,0,2600.0,12,23.0,5.0,12.0,1000.0,50,9.0
8482,201411,0,925.0,12,0.0,0.0,7.0,1000.0,58,0.0
8483,201410,0,1044.0,7,0.0,0.0,11.0,890.0,73,0.0
8484,201405,0,841.0,12,0.0,0.0,4.0,1400.0,38,0.0
8485,201410,1,1177.0,10,0.0,1.0,12.0,1200.0,31,0.0
8486,201402,0,1565.0,3,2.0,1.0,1.0,300.0,43,1.0
8487,201401,0,929.0,12,0.0,0.0,6.0,2167.07,36,0.0
8488,201410,1,1753.0,12,8.0,3.0,0.0,2248.03,42,1.0
8489,201410,1,625.0,12,0.0,0.0,0.0,2000.0,62,0.0
8490,201405,1,2398.0,12,22.0,6.0,12.0,2400.0,51,7.0
8491,201412,0,2662.0,5,27.0,8.0,12.0,500.0,25,6.0
8492,201408,0,1029.0,12,0.0,0.0,10.0,1000.0,52,0.0
8493,201407,0,559.0,3,0.0,0.0,0.0,450.0,51,0.0
8494,201408,0,2199.0,6,23.0,12.0,12.0,500.0,35,1.0
8495,201407,0,471.0,12,0.0,0.0,0.0,1000.0,51,0.0
8496,201410,1,842.0,12,0.0,0.0,3.0,967.61,24,0.0
8497,201409,0,1400.0,12,0.0,2.0,2.0,1215.4,37,0.0
8498,201406,0,662.0,10,0.0,0.0,0.0,2000.0,59,0.0
8499,201410,0,1480.0,8,1.0,8.0,5.0,500.0,37,2.0
8500,201405,1,254.0,5,0.0,0.0,0.0,300.0,37,0.0
8501,201404,0,212.0,8,0.0,0.0,0.0,509.47,34,0.0
8502,201401,0,547.0,3,0.0,0.0,0.0,150.0,45,0.0
8503,201404,0,3019.0,12,13.0,0.0,11.0,2000.0,47,6.0
8504,201402,0,1569.0,12,3.0,5.0,12.0,800.0,46,2.0
8505,201409,1,2127.0,6,17.0,7.0,7.0,1132.11,56,5.0
8506,201412,1,943.0,6,0.0,0.0,7.0,600.0,47,0.0
8507,201402,0,2016.0,12,13.0,0.0,4.0,1500.0,39,1.0
8508,201412,1,868.0,12,0.0,0.0,5.0,2000.0,51,0.0
8509,201407,1,606.0,12,0.0,0.0,0.0,1011.74,46,0.0
8510,201409,0,1709.0,7,8.0,11.0,12.0,700.0,38,1.0
8511,201411,0,2888.0,3,1.0,0.0,4.0,300.0,37,2.0
8512,201411,1,316.0,5,0.0,0.0,0.0,1000.0,47,0.0
8513,201409,0,1807.0,12,8.0,5.0,0.0,650.0,40,3.0
8514,201412,1,256.0,12,0.0,0.0,0.0,1588.01,56,0.0
8515,201409,0,3681.0,12,40.0,0.0,0.0,1230.0,53,27.0
8516,201402,1,238.0,12,0.0,0.0,0.0,1000.0,48,0.0
8517,201406,0,1643.0,7,5.0,12.0,12.0,650.0,48,1.0
8518,201408,0,1254.0,12,0.0,2.0,9.0,1500.0,41,0.0
8519,201410,0,595.0,4,0.0,0.0,0.0,300.0,49,0.0
8520,201401,1,624.0,12,0.0,0.0,0.0,1000.0,28,0.0
8521,201402,1,580.0,12,0.0,0.0,0.0,1000.0,26,0.0
8522,201412,1,841.0,10,0.0,0.0,3.0,1016.58,49,0.0
8523,201408,0,391.0,12,0.0,0.0,0.0,1761.3,55,0.0
8524,201408,0,788.0,12,0.0,0.0,2.0,700.0,33,0.0
8525,201406,1,366.0,12,0.0,0.0,0.0,1500.0,54,0.0
8526,201403,0,3379.0,12,35.0,9.0,10.0,500.0,54,13.0
8527,201406,0,4545.0,12,78.0,1.0,0.0,2575.85,38,25.0
8528,201407,0,923.0,12,0.0,0.0,7.0,1000.0,38,0.0
8529,201408,1,787.0,12,0.0,0.0,1.0,500.0,27,0.0
8530,201407,1,264.0,12,0.0,0.0,0.0,1982.89,31,0.0
8531,201404,0,737.0,10,0.0,0.0,0.0,1000.0,47,0.0
8532,201409,1,2231.0,12,18.0,6.0,12.0,1800.0,46,5.0
8533,201404,0,159.0,12,0.0,0.0,0.0,772.31,38,0.0
8534,201412,1,2884.0,10,36.0,12.0,0.0,1400.0,34,10.0
8535,201402,0,3503.0,5,38.0,8.0,12.0,1200.0,36,17.0
8536,201406,0,2513.0,12,3.0,0.0,0.0,2393.16,52,1.0
8537,201406,0,829.0,12,0.0,0.0,3.0,600.0,45,0.0
8538,201411,0,2633.0,5,10.0,7.0,0.0,500.0,72,2.0
8539,201412,0,2711.0,12,17.0,0.0,0.0,1200.0,49,2.0
8540,201409,0,2420.0,12,24.0,10.0,12.0,1400.0,59,5.0
8541,201402,0,418.0,12,0.0,0.0,0.0,600.0,42,0.0
8542,201411,1,1321.0,12,0.0,6.0,11.0,1000.0,45,0.0
8543,201401,0,2902.0,12,4.0,0.0,0.0,1500.0,38,5.0
8544,201412,0,2550.0,6,11.0,0.0,0.0,1000.0,54,2.0
8545,201407,0,2077.0,5,9.0,0.0,0.0,1000.0,63,1.0
8546,201406,0,203.0,12,0.0,0.0,0.0,500.0,41,0.0
8547,201411,0,2739.0,6,24.0,3.0,0.0,500.0,75,16.0
8548,201402,0,2415.0,12,12.0,5.0,8.0,1687.55,44,4.0
8549,201401,0,221.0,10,0.0,0.0,0.0,700.0,47,0.0
8550,201405,1,863.0,12,0.0,0.0,5.0,1000.0,35,0.0
8551,201412,0,2818.0,12,15.0,10.0,12.0,2000.0,69,4.0
8552,201407,0,1436.0,6,0.0,8.0,12.0,600.0,52,0.0
8553,201402,1,189.0,12,0.0,0.0,0.0,1024.83,39,0.0
8554,201402,0,344.0,12,0.0,0.0,0.0,400.0,26,0.0
8555,201409,1,186.0,12,0.0,0.0,0.0,1000.0,41,0.0
8556,201410,1,686.0,3,0.0,0.0,0.0,939.21,43,0.0
8557,201401,0,3355.0,12,54.0,11.0,9.0,1500.0,30,8.0
8558,201402,0,306.0,5,0.0,0.0,0.0,400.0,63,0.0
8559,201411,1,2082.0,12,2.0,0.0,8.0,1439.83,26,4.0
8560,201408,1,171.0,12,0.0,0.0,0.0,996.1,40,0.0
8561,201401,0,1476.0,12,0.0,5.0,0.0,500.0,39,1.0
8562,201402,1,209.0,12,0.0,0.0,0.0,500.0,32,0.0
8563,201407,0,2556.0,12,31.0,8.0,7.0,1800.0,53,5.0
8564,201411,1,626.0,12,0.0,0.0,0.0,2000.0,67,0.0
8565,201408,0,1307.0,8,0.0,5.0,12.0,1500.0,50,0.0
8566,201408,0,1256.0,12,0.0,4.0,10.0,500.0,36,0.0
8567,201411,0,2714.0,4,5.0,10.0,11.0,1000.0,32,9.0
8568,201404,1,721.0,12,0.0,0.0,0.0,1000.0,24,0.0
8569,201407,0,4193.0,6,14.0,0.0,10.0,1000.0,63,2.0
8570,201403,0,377.0,12,0.0,0.0,0.0,500.0,54,0.0
8571,201411,0,752.0,7,0.0,0.0,1.0,1500.0,34,0.0
8572,201412,1,325.0,12,0.0,0.0,0.0,944.96,26,0.0
8573,201404,0,683.0,12,0.0,0.0,0.0,941.18,36,0.0
8574,201411,0,4860.0,12,99.0,3.0,0.0,1000.0,41,6.0
8575,201402,1,310.0,12,0.0,0.0,0.0,1190.0,45,0.0
8576,201409,0,1576.0,12,3.0,11.0,12.0,1804.15,41,1.0
8577,201403,0,895.0,12,0.0,0.0,5.0,2000.0,48,0.0
8578,201404,1,1187.0,12,0.0,2.0,2.0,1200.0,27,0.0
8579,201409,1,2032.0,12,11.0,0.0,7.0,2550.0,49,1.0
8580,201407,1,843.0,12,0.0,0.0,6.0,640.0,48,0.0
8581,201412,1,858.0,7,0.0,0.0,5.0,400.0,42,0.0
8582,201404,1,262.0,12,0.0,0.0,0.0,700.0,47,0.0
8583,201406,1,2922.0,12,31.0,6.0,7.0,500.0,46,12.0
8584,201403,0,3009.0,12,38.0,10.0,9.0,800.0,47,10.0
8585,201405,0,932.0,12,0.0,0.0,6.0,1500.0,56,0.0
8586,201404,0,2677.0,12,33.0,12.0,12.0,1500.0,38,5.0
8587,201411,1,617.0,10,0.0,0.0,0.0,800.0,32,0.0
8588,201404,1,1216.0,12,0.0,2.0,5.0,500.0,45,0.0
8589,201401,0,400.0,12,0.0,0.0,0.0,1200.0,52,0.0
8590,201404,1,869.0,12,0.0,0.0,4.0,3000.0,21,0.0
8591,201401,0,311.0,12,0.0,0.0,0.0,1165.56,55,0.0
8592,201411,0,2506.0,12,28.0,9.0,12.0,1430.0,42,7.0
8593,201411,0,689.0,12,0.0,0.0,0.0,1000.0,42,0.0
8594,201403,1,2595.0,12,27.0,10.0,12.0,1000.0,58,9.0
8595,201410,0,2789.0,12,28.0,3.0,12.0,1394.78,53,1.0
8596,201405,1,1381.0,12,0.0,5.0,11.0,2000.0,23,0.0
8597,201410,0,1318.0,8,0.0,7.0,12.0,1103.14,50,0.0
8598,201405,0,588.0,12,0.0,0.0,0.0,1000.0,43,0.0
8599,201404,0,374.0,12,0.0,0.0,0.0,700.0,52,0.0
8600,201404,1,4176.0,12,63.0,9.0,12.0,2307.61,55,21.0
8601,201406,0,678.0,3,0.0,0.0,1.0,200.0,37,0.0
8602,201407,0,,12,0.0,0.0,2.0,1500.0,51,0.0
8603,201411,0,479.0,10,0.0,0.0,0.0,1000.0,39,0.0
8604,201412,0,1837.0,10,11.0,9.0,3.0,1500.0,74,2.0
8605,201412,0,2197.0,12,18.0,4.0,12.0,1200.0,67,4.0
8606,201409,0,351.0,12,0.0,0.0,0.0,1187.93,43,0.0
8607,201407,1,694.0,12,0.0,0.0,0.0,1500.0,31,0.0
8608,201403,0,2682.0,9,26.0,8.0,7.0,500.0,71,10.0
8609,201411,1,4089.0,12,23.0,0.0,0.0,2000.0,41,7.0
8610,201405,0,886.0,12,0.0,0.0,6.0,1500.0,52,0.0
8611,201410,1,1793.0,12,6.0,5.0,10.0,2200.0,59,6.0
8612,201404,0,1104.0,12,0.0,0.0,12.0,2209.22,56,0.0
8613,201412,1,2605.0,10,32.0,12.0,12.0,1500.0,43,6.0
8614,201409,1,448.0,12,0.0,0.0,0.0,2012.0,60,0.0
8615,201407,0,3194.0,12,41.0,0.0,6.0,1300.0,50,5.0
8616,201405,0,928.0,12,0.0,0.0,7.0,2000.0,58,0.0
8617,201404,0,3453.0,12,48.0,9.0,10.0,1000.0,53,8.0
8618,201406,0,340.0,10,0.0,0.0,0.0,1000.0,43,0.0
8619,201409,0,1296.0,12,0.0,6.0,9.0,200.0,45,0.0
8620,201407,0,762.0,6,0.0,0.0,1.0,890.0,32,0.0
8621,201408,1,695.0,12,0.0,0.0,0.0,2015.06,38,0.0
8622,201401,0,264.0,12,0.0,0.0,0.0,975.09,33,0.0
8623,201401,0,1845.0,6,4.0,7.0,0.0,600.0,29,4.0
8624,201401,0,230.0,3,0.0,0.0,0.0,200.0,28,0.0
8625,201404,0,2627.0,12,32.0,12.0,12.0,1700.0,53,5.0
8626,201405,0,438.0,12,0.0,0.0,0.0,3000.0,52,0.0
8627,201408,1,320.0,10,0.0,0.0,0.0,1000.0,29,0.0
8628,201401,1,440.0,12,0.0,0.0,0.0,1175.34,25,0.0
8629,201404,0,559.0,12,0.0,0.0,0.0,300.0,28,0.0
8630,201407,0,2746.0,5,22.0,4.0,6.0,300.0,49,5.0
8631,201406,0,423.0,12,0.0,0.0,0.0,954.12,38,0.0
8632,201408,0,609.0,12,0.0,0.0,0.0,1350.0,51,0.0
8633,201403,0,3362.0,12,40.0,11.0,12.0,1500.0,69,10.0
8634,201404,0,1468.0,12,0.0,2.0,4.0,2500.0,46,1.0
8635,201412,1,398.0,10,0.0,0.0,0.0,450.0,54,0.0
8636,201408,0,1209.0,3,0.0,3.0,12.0,300.0,25,0.0
8637,201404,1,193.0,12,0.0,0.0,0.0,1166.03,34,0.0
8638,201407,0,246.0,6,0.0,0.0,0.0,500.0,37,0.0
8639,201412,0,418.0,12,0.0,0.0,0.0,500.0,32,0.0
8640,201404,0,416.0,12,0.0,0.0,0.0,800.0,34,0.0
8641,201411,0,2820.0,12,21.0,5.0,0.0,1500.0,65,4.0
8642,201402,0,787.0,12,0.0,0.0,1.0,700.0,26,0.0
8643,201402,1,368.0,12,0.0,0.0,0.0,1500.0,37,0.0
8644,201407,0,212.0,5,0.0,0.0,0.0,500.0,52,0.0
8645,201409,0,408.0,12,0.0,0.0,0.0,1000.0,38,0.0
8646,201401,1,406.0,12,0.0,0.0,0.0,1900.0,55,0.0
8647,201412,1,123.0,12,0.0,0.0,0.0,1000.0,36,0.0
8648,201405,1,247.0,12,0.0,0.0,0.0,370.0,35,0.0
8649,201409,0,1117.0,5,0.0,0.0,12.0,992.84,34,0.0
8650,201405,0,1161.0,12,0.0,1.0,11.0,1500.0,54,0.0
8651,201403,0,3311.0,12,36.0,12.0,10.0,1000.0,48,16.0
8652,201405,0,549.0,12,0.0,0.0,0.0,1000.0,44,0.0
8653,201404,1,314.0,12,0.0,0.0,0.0,1250.0,43,0.0
8654,201406,0,4530.0,6,55.0,6.0,5.0,500.0,51,26.0
8655,201412,0,2080.0,12,19.0,9.0,12.0,1500.0,53,2.0
8656,201407,0,3369.0,12,42.0,8.0,12.0,3000.0,51,21.0
8657,201402,0,396.0,12,0.0,0.0,0.0,992.31,46,0.0
8658,201404,1,2587.0,12,10.0,0.0,0.0,2479.78,52,4.0
8659,201406,0,762.0,12,0.0,0.0,2.0,1060.0,55,0.0
8660,201406,0,298.0,12,0.0,0.0,0.0,1000.0,26,0.0
8661,201409,0,200.0,12,0.0,0.0,0.0,2000.0,45,0.0
8662,201406,0,1206.0,12,0.0,2.0,10.0,1000.0,25,0.0
8663,201409,0,277.0,7,0.0,0.0,0.0,700.0,35,0.0
8664,201402,0,342.0,12,0.0,0.0,0.0,818.41,47,0.0
8665,201406,1,609.0,12,0.0,0.0,0.0,888.82,41,0.0
8666,201403,1,848.0,10,0.0,0.0,4.0,600.0,34,0.0
8667,201403,0,3008.0,12,42.0,9.0,12.0,1900.0,66,6.0
8668,201405,1,144.0,12,0.0,0.0,0.0,2350.56,54,0.0
8669,201408,0,976.0,12,0.0,0.0,8.0,900.0,60,0.0
8670,201411,1,1803.0,12,10.0,9.0,11.0,2393.2,23,2.0
8671,201405,0,2775.0,12,39.0,8.0,7.0,2000.0,40,3.0
8672,201408,0,971.0,6,0.0,0.0,9.0,600.0,62,0.0
8673,201405,0,412.0,12,0.0,0.0,0.0,1600.0,60,0.0
8674,201406,0,2447.0,12,7.0,0.0,0.0,2568.11,36,8.0
8675,201401,0,4772.0,12,72.0,12.0,12.0,500.0,43,20.0
8676,201401,0,380.0,12,0.0,0.0,0.0,700.0,31,0.0
8677,201405,0,589.0,12,0.0,0.0,0.0,1500.0,29,0.0
8678,201411,0,3385.0,10,62.0,5.0,3.0,934.11,52,1.0
8679,201403,0,829.0,12,0.0,0.0,4.0,1000.0,45,0.0
8680,201410,0,603.0,8,0.0,0.0,0.0,1000.0,45,0.0
8681,201408,1,165.0,12,0.0,0.0,0.0,1344.82,44,0.0
8682,201404,1,339.0,12,0.0,0.0,0.0,1439.47,50,0.0
8683,201407,1,566.0,12,0.0,0.0,0.0,1420.0,26,0.0
8684,201410,0,294.0,12,0.0,0.0,0.0,1000.0,36,0.0
8685,201403,0,2133.0,5,1.0,0.0,0.0,500.0,56,2.0
8686,201401,1,524.0,12,0.0,0.0,0.0,2000.0,53,0.0
8687,201406,1,233.0,12,0.0,0.0,0.0,1751.06,27,0.0
8688,201401,0,1047.0,12,0.0,0.0,8.0,1000.0,60,0.0
8689,201401,0,1410.0,12,0.0,9.0,9.0,1300.0,43,0.0
8690,201403,1,458.0,9,0.0,0.0,0.0,750.0,38,0.0
8691,201402,1,428.0,12,0.0,0.0,0.0,1300.0,61,0.0
8692,201411,0,610.0,6,0.0,0.0,0.0,400.0,46,0.0
8693,201404,0,3574.0,12,22.0,2.0,0.0,300.0,56,27.0
8694,201411,0,2125.0,12,21.0,11.0,12.0,1000.0,67,3.0
8695,201404,0,868.0,12,0.0,0.0,5.0,1500.0,60,0.0
8696,201405,0,581.0,8,0.0,0.0,0.0,500.0,49,0.0
8697,201403,1,449.0,12,0.0,0.0,0.0,1500.0,53,0.0
8698,201408,0,619.0,6,0.0,0.0,0.0,1000.0,52,0.0
8699,201402,0,1516.0,12,1.0,9.0,11.0,1500.0,27,1.0
8700,201410,0,627.0,5,0.0,0.0,0.0,300.0,26,0.0
8701,201411,1,679.0,12,0.0,0.0,0.0,700.0,27,0.0
8702,201407,0,776.0,10,0.0,0.0,4.0,600.0,28,0.0
8703,201401,0,962.0,12,0.0,0.0,8.0,888.76,44,0.0
8704,201408,0,1101.0,12,0.0,0.0,11.0,500.0,33,0.0
8705,201402,0,1153.0,12,0.0,1.0,12.0,1000.0,38,0.0
8706,201410,0,311.0,12,0.0,0.0,0.0,800.0,52,0.0
8707,201407,0,633.0,6,0.0,0.0,0.0,896.19,29,0.0
8708,201401,1,731.0,12,0.0,0.0,0.0,1200.0,27,0.0
8709,201404,0,791.0,12,0.0,0.0,5.0,700.0,67,0.0
8710,201409,1,3884.0,12,54.0,9.0,5.0,1300.0,63,15.0
8711,201407,0,3855.0,12,50.0,11.0,12.0,1040.0,64,24.0
8712,201402,1,670.0,12,0.0,0.0,0.0,1000.0,28,0.0
8713,201407,0,388.0,12,0.0,0.0,0.0,963.37,22,0.0
8714,201405,0,659.0,9,0.0,0.0,0.0,700.0,23,0.0
8715,201402,0,1041.0,12,0.0,0.0,5.0,2000.0,46,0.0
8716,201406,0,4509.0,5,36.0,4.0,10.0,900.0,46,24.0
8717,201406,0,105.0,8,0.0,0.0,0.0,598.63,36,0.0
8718,201411,0,2968.0,6,26.0,3.0,6.0,150.0,53,1.0
8719,201404,1,290.0,12,0.0,0.0,0.0,807.0,52,0.0
8720,201412,0,818.0,12,0.0,0.0,2.0,1500.0,47,0.0
8721,201401,0,412.0,4,0.0,0.0,0.0,300.0,24,0.0
8722,201410,0,296.0,6,0.0,0.0,0.0,500.0,56,0.0
8723,201408,0,475.0,12,0.0,0.0,0.0,2000.0,50,0.0
8724,201405,0,2126.0,12,21.0,12.0,12.0,1500.0,47,1.0
8725,201406,1,175.0,8,0.0,0.0,0.0,500.0,27,0.0
8726,201408,0,3087.0,12,16.0,0.0,0.0,1200.0,46,8.0
8727,201403,0,675.0,12,0.0,0.0,0.0,2000.0,49,0.0
8728,201412,0,1105.0,7,0.0,0.0,12.0,800.0,47,0.0
8729,201408,0,653.0,12,0.0,0.0,0.0,1121.71,45,0.0
8730,201412,0,269.0,4,0.0,0.0,0.0,438.66,37,0.0
8731,201404,0,2978.0,4,19.0,2.0,4.0,340.0,38,3.0
8732,201409,0,432895.0,12,26.0,6.0,8.0,1000.0,52,3.0
8733,201412,0,3731.0,12,58.0,10.0,7.0,1500.0,69,6.0
8734,201405,0,369.0,12,0.0,0.0,0.0,1950.0,55,0.0
8735,201408,0,930.0,8,0.0,0.0,9.0,400.0,55,0.0
8736,201402,0,1592.0,12,5.0,7.0,7.0,2000.0,70,2.0
8737,201408,1,425.0,12,0.0,0.0,0.0,1213.67,32,0.0
8738,201403,1,862.0,10,0.0,0.0,4.0,1000.0,31,0.0
8739,201402,1,1125.0,12,0.0,0.0,12.0,2000.0,51,0.0
8740,201407,1,502.0,10,0.0,0.0,0.0,1000.0,53,0.0
8741,201402,1,1087.0,12,0.0,0.0,6.0,683.21,22,0.0
8742,201407,0,863.0,12,0.0,0.0,2.0,2300.0,59,0.0
8743,201402,0,2741.0,12,25.0,11.0,11.0,1975.77,40,8.0
8744,201410,1,771.0,12,0.0,0.0,2.0,500.0,44,0.0
8745,201403,0,693.0,12,0.0,0.0,0.0,1000.0,67,0.0
8746,201411,0,2451.0,12,28.0,10.0,5.0,1000.0,56,4.0
8747,201410,1,1530.0,12,1.0,8.0,0.0,1500.0,52,1.0
8748,201401,0,2643.0,12,8.0,0.0,0.0,849.32,31,3.0
8749,201406,0,1836.0,12,9.0,7.0,12.0,2000.0,39,3.0
8750,201404,0,523.0,12,0.0,0.0,0.0,700.0,48,0.0
8751,201410,0,4663.0,12,13.0,0.0,2.0,3000.0,53,7.0
8752,201412,0,1160.0,12,0.0,1.0,12.0,1899.33,53,0.0
8753,201405,0,1536.0,12,1.0,7.0,0.0,1600.0,60,1.0
8754,201411,0,249.0,3,0.0,0.0,0.0,300.0,62,0.0
8755,201410,0,383.0,6,0.0,0.0,0.0,1000.0,46,0.0
8756,201403,0,142.0,12,0.0,0.0,0.0,2553.62,48,0.0
8757,201405,1,4086.0,12,41.0,1.0,0.0,1500.0,53,31.0
8758,201408,0,2455.0,12,28.0,12.0,12.0,1625.51,58,3.0
8759,201409,0,945.0,12,0.0,0.0,7.0,1300.0,39,0.0
8760,201407,1,196.0,12,0.0,0.0,0.0,1000.0,36,0.0
8761,201405,0,1251.0,3,0.0,4.0,12.0,1000.0,52,0.0
8762,201409,1,359.0,12,0.0,0.0,0.0,1000.0,32,0.0
8763,201408,0,881.0,12,0.0,0.0,5.0,1000.0,25,0.0
8764,201404,0,2101.0,12,19.0,12.0,12.0,980.0,49,2.0
8765,201410,1,219.0,12,0.0,0.0,0.0,500.0,43,0.0
8766,201412,0,782.0,12,0.0,0.0,4.0,1500.0,68,0.0
8767,201407,0,1151.0,7,0.0,1.0,12.0,905.83,45,0.0
8768,201409,0,1015.0,4,0.0,0.0,8.0,300.0,66,0.0
8769,201404,0,277.0,5,0.0,0.0,0.0,574.0,37,0.0
8770,201406,0,544.0,8,0.0,0.0,0.0,1500.0,53,0.0
8771,201409,1,506.0,12,0.0,0.0,0.0,2000.0,28,0.0
8772,201411,0,1161.0,12,0.0,3.0,11.0,2000.0,50,0.0
8773,201404,0,2120.0,12,17.0,9.0,11.0,1000.0,67,5.0
8774,201407,0,1602.0,12,4.0,10.0,11.0,1000.0,52,1.0
8775,201409,1,297.0,12,0.0,0.0,0.0,3000.0,25,0.0
8776,201410,1,1810.0,12,6.0,11.0,12.0,1500.0,26,5.0
8777,201405,0,1117.0,12,0.0,0.0,12.0,1500.0,36,0.0
8778,201403,0,1837.0,12,7.0,7.0,9.0,1000.0,24,6.0
8779,201410,1,677.0,12,0.0,0.0,0.0,1200.0,50,0.0
8780,201412,1,955.0,12,0.0,0.0,7.0,1000.0,28,0.0
8781,201410,1,583.0,12,0.0,0.0,0.0,1500.0,59,0.0
8782,201411,0,356.0,12,0.0,0.0,0.0,2273.88,60,0.0
8783,201401,0,3615.0,3,3.0,0.0,0.0,300.0,51,5.0
8784,201410,0,2908.0,6,13.0,6.0,3.0,400.0,63,10.0
8785,201403,1,268.0,10,0.0,0.0,0.0,500.0,45,0.0
8786,201403,0,2150.0,12,14.0,9.0,11.0,1607.74,43,9.0
8787,201412,1,369.0,12,0.0,0.0,0.0,1500.0,45,0.0
8788,201410,0,3380.0,5,44.0,3.0,11.0,600.0,67,15.0
8789,201401,0,768.0,10,0.0,0.0,1.0,800.0,38,0.0
8790,201404,0,666.0,12,0.0,0.0,0.0,1500.0,32,0.0
8791,201401,0,2441.0,12,16.0,7.0,4.0,2900.69,54,11.0
8792,201401,1,727.0,4,0.0,0.0,2.0,400.0,51,0.0
8793,201402,1,494.0,5,0.0,0.0,0.0,500.0,49,0.0
8794,201408,0,2032.0,12,8.0,0.0,0.0,1633.12,37,3.0
8795,201403,0,4005.0,8,46.0,0.0,4.0,500.0,43,10.0
8796,201409,0,631.0,12,0.0,0.0,0.0,2000.0,58,0.0
8797,201406,0,1794.0,5,11.0,11.0,11.0,500.0,43,1.0
8798,201405,0,1449.0,12,0.0,11.0,8.0,2000.0,49,0.0
8799,201410,1,3528.0,12,45.0,4.0,11.0,2000.0,57,13.0
8800,201404,1,481.0,12,0.0,0.0,0.0,800.0,25,0.0
8801,201408,0,456.0,12,0.0,0.0,0.0,1200.0,27,0.0
8802,201409,0,1935.0,12,13.0,0.0,0.0,1100.0,29,1.0
8803,201404,0,676.0,12,0.0,0.0,0.0,1000.0,48,0.0
8804,201408,0,4847.0,5,21.0,12.0,11.0,500.0,47,9.0
8805,201402,0,347.0,12,0.0,0.0,0.0,1000.0,42,0.0
8806,201407,0,385.0,5,0.0,0.0,0.0,704.27,44,0.0
8807,201401,1,597.0,12,0.0,0.0,0.0,800.0,24,0.0
8808,201404,0,357.0,12,0.0,0.0,0.0,544.35,21,0.0
8809,201402,1,278.0,6,0.0,0.0,0.0,150.0,49,0.0
8810,201411,0,2268.0,12,14.0,7.0,10.0,400.0,41,7.0
8811,201407,0,419.0,8,0.0,0.0,0.0,600.0,44,0.0
8812,201406,1,1483.0,12,0.0,7.0,11.0,435.0,50,1.0
8813,201408,1,1273.0,12,0.0,5.0,11.0,350.0,52,0.0
8814,201405,0,1924.0,12,5.0,7.0,1.0,1000.0,59,2.0
8815,201401,0,331.0,12,0.0,0.0,0.0,540.01,31,0.0
8816,201405,0,1080.0,12,0.0,0.0,9.0,1877.68,40,0.0
8817,201412,0,1054.0,12,0.0,0.0,10.0,2000.0,74,0.0
8818,201408,0,1339.0,12,0.0,5.0,12.0,1000.0,43,0.0
8819,201406,1,4260.0,12,21.0,0.0,5.0,1000.0,42,9.0
8820,201411,0,504.0,5,0.0,0.0,0.0,400.0,42,0.0
8821,201401,0,3087.0,6,6.0,1.0,11.0,500.0,48,8.0
8822,201404,0,3384.0,6,21.0,4.0,12.0,500.0,39,9.0
8823,201404,0,137.0,12,0.0,0.0,0.0,2000.0,39,0.0
8824,201409,1,757.0,12,0.0,0.0,0.0,1200.0,26,0.0
8825,201409,0,3496.0,4,46.0,10.0,12.0,450.0,39,9.0
8826,201410,0,1706.0,3,5.0,6.0,11.0,200.0,51,4.0
8827,201402,1,878.0,12,0.0,0.0,5.0,1000.0,35,0.0
8828,201407,0,2157.0,12,13.0,5.0,4.0,970.44,26,6.0
8829,201408,0,2929.0,12,24.0,7.0,8.0,3000.0,48,5.0
8830,201403,0,1835.0,12,12.0,12.0,7.0,1000.0,61,1.0
8831,201406,1,593.0,3,0.0,0.0,0.0,500.0,50,0.0
8832,201410,0,2783.0,6,31.0,10.0,12.0,600.0,65,8.0
8833,201405,0,1785.0,12,8.0,0.0,0.0,1000.0,36,1.0
8834,201404,0,553.0,6,0.0,0.0,0.0,1000.0,47,0.0
8835,201412,0,290.0,12,0.0,0.0,0.0,1000.0,67,0.0
8836,201406,0,471.0,5,0.0,0.0,0.0,400.0,25,0.0
8837,201407,0,2654.0,12,9.0,6.0,3.0,2000.0,49,2.0
8838,201402,0,109.0,12,0.0,0.0,0.0,1000.0,39,0.0
8839,201402,1,342.0,12,0.0,0.0,0.0,2000.0,52,0.0
8840,201410,0,309.0,5,0.0,0.0,0.0,500.0,49,0.0
8841,201412,0,660.0,12,0.0,0.0,0.0,1000.0,50,0.0
8842,201407,0,957.0,9,0.0,0.0,7.0,748.06,40,0.0
8843,201403,1,203.0,12,0.0,0.0,0.0,1000.0,21,0.0
8844,201403,0,454.0,12,0.0,0.0,0.0,496.53,20,0.0
8845,201405,1,535.0,12,0.0,0.0,0.0,1000.0,38,0.0
8846,201405,0,3678.0,3,17.0,0.0,1.0,150.0,40,4.0
8847,201411,0,4932.0,7,27.0,0.0,1.0,700.0,50,17.0
8848,201402,1,573.0,12,0.0,0.0,0.0,2000.0,53,0.0
8849,201410,1,401.0,12,0.0,0.0,0.0,3000.0,59,0.0
8850,201410,0,325.0,12,0.0,0.0,0.0,1500.0,62,0.0
8851,201403,0,2845.0,12,37.0,10.0,12.0,500.0,65,5.0
8852,201402,1,275.0,12,0.0,0.0,0.0,1101.64,66,0.0
8853,201410,0,5025.0,8,21.0,0.0,0.0,1000.0,55,14.0
8854,201411,0,,12,0.0,1.0,0.0,1000.0,41,0.0
8855,201402,0,2100.0,6,17.0,10.0,0.0,500.0,50,2.0
8856,201412,0,825.0,5,0.0,0.0,3.0,200.0,27,0.0
8857,201412,0,188.0,10,0.0,0.0,0.0,500.0,44,0.0
8858,201403,1,534.0,12,0.0,0.0,0.0,500.0,26,0.0
8859,201406,0,1505.0,12,1.0,12.0,12.0,600.0,67,1.0
8860,201404,0,748.0,12,0.0,0.0,1.0,1000.0,56,0.0
8861,201411,0,2465.0,10,29.0,10.0,8.0,1500.0,43,5.0
8862,201402,1,1471.0,12,0.0,8.0,12.0,2881.64,47,1.0
8863,201401,0,2146.0,12,19.0,8.0,8.0,1000.0,71,2.0
8864,201407,1,746.0,12,0.0,0.0,1.0,1300.0,58,0.0
8865,201402,1,432.0,12,0.0,0.0,0.0,2000.0,51,0.0
8866,201403,1,307.0,10,0.0,0.0,0.0,2000.0,58,0.0
8867,201408,0,,12,0.0,0.0,0.0,1000.0,67,0.0
8868,201412,0,1331.0,10,0.0,7.0,12.0,1500.0,59,0.0
8869,201411,0,1370.0,8,0.0,7.0,7.0,500.0,43,0.0
8870,201403,0,2549.0,12,19.0,7.0,9.0,510.17,30,13.0
8871,201401,0,410.0,12,0.0,0.0,0.0,800.0,32,0.0
8872,201402,0,719.0,10,0.0,0.0,1.0,370.0,38,0.0
8873,201406,1,328.0,3,0.0,0.0,0.0,260.0,27,0.0
8874,201405,0,399.0,12,0.0,0.0,0.0,1138.97,70,0.0
8875,201404,0,2354.0,12,18.0,9.0,10.0,2000.0,68,5.0
8876,201410,0,2520.0,10,34.0,11.0,12.0,1000.0,59,1.0
8877,201401,0,811.0,12,0.0,0.0,2.0,1347.16,30,0.0
8878,201409,0,830.0,12,0.0,0.0,4.0,500.0,31,0.0
8879,201402,0,665.0,10,0.0,0.0,0.0,200.0,60,0.0
8880,201410,1,450.0,12,0.0,0.0,0.0,1418.96,28,0.0
8881,201403,0,1974.0,12,14.0,11.0,12.0,2274.96,54,4.0
8882,201405,1,218.0,12,0.0,0.0,0.0,847.3,37,0.0
8883,201403,0,1067.0,12,0.0,0.0,6.0,1800.0,42,0.0
8884,201409,0,1683.0,8,2.0,0.0,7.0,500.0,26,2.0
8885,201401,0,1096.0,12,0.0,0.0,12.0,2900.0,63,0.0
8886,201412,0,4354.0,12,3.0,0.0,0.0,2000.0,39,1.0
8887,201407,0,293.0,3,0.0,0.0,0.0,270.0,20,0.0
8888,201404,1,2528.0,12,4.0,0.0,0.0,1100.0,26,4.0
8889,201410,1,1043.0,12,0.0,0.0,10.0,2092.0,54,0.0
8890,201410,0,1312.0,12,0.0,7.0,11.0,1000.0,54,0.0
8891,201403,0,1213.0,12,0.0,4.0,7.0,1300.0,67,0.0
8892,201410,0,344.0,12,0.0,0.0,0.0,1500.0,61,0.0
8893,201404,0,899.0,10,0.0,0.0,6.0,1000.0,68,0.0
8894,201409,1,322.0,12,0.0,0.0,1.0,2871.62,27,0.0
8895,201408,0,1502.0,12,3.0,12.0,11.0,1200.0,48,1.0
8896,201409,0,490.0,3,0.0,0.0,0.0,321.84,21,0.0
8897,201405,0,621.0,12,0.0,0.0,0.0,870.66,20,0.0
8898,201405,0,493.0,12,0.0,0.0,0.0,1314.85,41,0.0
8899,201403,1,3659.0,12,35.0,5.0,12.0,2300.0,57,23.0
8900,201408,0,725.0,10,0.0,0.0,0.0,1000.0,51,0.0
8901,201412,0,519.0,12,0.0,0.0,0.0,1264.0,33,0.0
8902,201405,0,113.0,12,0.0,0.0,0.0,510.0,46,0.0
8903,201402,0,336.0,5,0.0,0.0,0.0,400.0,55,0.0
8904,201401,1,771.0,12,0.0,0.0,2.0,1000.0,62,0.0
8905,201404,0,301.0,4,0.0,0.0,0.0,275.3,19,0.0
8906,201412,0,1093.0,12,0.0,0.0,11.0,1979.51,30,0.0
8907,201406,1,1456.0,12,0.0,2.0,11.0,900.0,62,0.0
8908,201409,1,524.0,12,0.0,0.0,0.0,1000.0,26,0.0
8909,201406,0,338.0,12,0.0,0.0,0.0,500.0,20,0.0
8910,201404,0,346.0,12,0.0,0.0,0.0,1500.0,39,0.0
8911,201408,0,460.0,12,0.0,0.0,0.0,900.0,44,0.0
8912,201409,0,490.0,4,0.0,0.0,0.0,200.0,37,0.0
8913,201401,1,532.0,12,0.0,0.0,0.0,800.0,48,0.0
8914,201412,1,360.0,12,0.0,0.0,0.0,1889.03,48,0.0
8915,201401,0,1584.0,12,3.0,0.0,0.0,500.0,66,1.0
8916,201410,1,324.0,12,0.0,0.0,0.0,2382.67,57,0.0
8917,201406,0,3859.0,10,47.0,9.0,10.0,600.0,72,6.0
8918,201405,0,1250.0,12,0.0,4.0,8.0,1000.0,24,0.0
8919,201407,1,133.0,12,0.0,0.0,0.0,600.0,51,0.0
8920,201410,0,212.0,10,0.0,0.0,0.0,724.7,18,0.0
8921,201405,0,3230.0,12,5.0,0.0,0.0,2000.0,60,3.0
8922,201407,0,1155.0,12,0.0,1.0,4.0,1640.0,57,0.0
8923,201408,0,435.0,12,0.0,0.0,0.0,1000.0,29,0.0
8924,201404,0,1862.0,12,7.0,4.0,10.0,2000.0,59,3.0
8925,201406,0,749.0,12,0.0,0.0,1.0,700.0,55,0.0
8926,201407,0,851.0,12,0.0,0.0,7.0,1313.2,40,0.0
8927,201410,0,753.0,3,0.0,0.0,1.0,250.0,35,0.0
8928,201412,0,834.0,12,0.0,0.0,3.0,1000.0,22,0.0
8929,201410,0,3276.0,10,24.0,0.0,2.0,1000.0,37,4.0
8930,201403,0,227.0,12,0.0,0.0,0.0,1000.0,42,0.0
8931,201404,1,246.0,5,0.0,0.0,0.0,400.0,38,0.0
8932,201406,0,583.0,12,0.0,0.0,0.0,1000.0,63,0.0
8933,201408,0,185.0,10,0.0,0.0,0.0,1437.11,25,0.0
8934,201403,0,1323.0,12,0.0,5.0,8.0,2312.03,41,0.0
8935,201404,0,1058.0,4,0.0,0.0,11.0,500.0,53,0.0
8936,201407,0,578.0,12,0.0,0.0,0.0,1000.0,59,0.0
8937,201403,0,1058.0,10,0.0,1.0,12.0,1000.0,39,0.0
8938,201403,1,733.0,12,0.0,0.0,0.0,1230.0,45,0.0
8939,201409,1,418.0,12,0.0,0.0,0.0,2000.0,49,0.0
8940,201402,1,163.0,4,0.0,0.0,0.0,600.0,24,0.0
8941,201401,0,484.0,12,0.0,0.0,0.0,1000.0,52,0.0
8942,201403,0,1248.0,6,0.0,2.0,12.0,500.0,50,0.0
8943,201410,0,697.0,6,0.0,0.0,0.0,300.0,64,0.0
8944,201402,0,2458.0,12,14.0,3.0,2.0,2000.0,50,9.0
8945,201402,0,1646.0,12,6.0,6.0,0.0,1000.0,57,0.0
8946,201402,0,1144.0,12,0.0,1.0,12.0,2000.0,66,0.0
8947,201407,0,3601.0,12,54.0,9.0,12.0,500.0,58,12.0
8948,201403,1,635.0,12,0.0,0.0,0.0,600.0,50,0.0
8949,201404,1,3733.0,12,30.0,8.0,3.0,2559.48,35,7.0
8950,201404,1,3885.0,12,8.0,0.0,0.0,2000.0,45,16.0
8951,201409,1,1376.0,6,0.0,4.0,12.0,959.15,27,0.0
8952,201405,0,3929.0,8,51.0,9.0,9.0,505.92,40,14.0
8953,201401,0,433.0,8,0.0,0.0,0.0,500.0,35,0.0
8954,201401,0,2824.0,12,18.0,8.0,12.0,1000.0,72,26.0
8955,201403,0,617.0,6,0.0,0.0,0.0,500.0,49,0.0
8956,201405,0,1342.0,10,0.0,6.0,11.0,1500.0,59,0.0
8957,201402,0,1471.0,12,0.0,10.0,0.0,800.0,74,1.0
8958,201401,1,616.0,12,0.0,0.0,0.0,1500.0,47,0.0
8959,201408,0,340.0,12,0.0,0.0,0.0,2470.0,69,0.0
8960,201410,0,607.0,6,0.0,0.0,0.0,1000.0,30,0.0
8961,201409,0,1600.0,12,4.0,7.0,10.0,1753.7,41,1.0
8962,201410,0,1748.0,6,8.0,10.0,12.0,1500.0,49,2.0
8963,201404,0,263.0,10,0.0,0.0,0.0,690.0,53,0.0
8964,201404,1,2719.0,12,17.0,11.0,11.0,3000.0,26,5.0
8965,201412,1,950.0,12,0.0,0.0,6.0,500.0,36,0.0
8966,201402,0,634.0,12,0.0,0.0,0.0,1000.0,42,0.0
8967,201401,0,1512.0,6,1.0,9.0,4.0,200.0,50,1.0
8968,201405,0,1321.0,12,0.0,5.0,6.0,400.0,24,0.0
8969,201412,0,914.0,12,0.0,0.0,5.0,1500.0,36,0.0
8970,201410,1,226.0,12,0.0,0.0,0.0,480.0,22,0.0
8971,201410,0,408.0,8,0.0,0.0,0.0,250.0,73,0.0
8972,201401,0,886.0,12,0.0,0.0,5.0,1000.0,49,0.0
8973,201406,0,791.0,12,0.0,0.0,2.0,1000.0,34,0.0
8974,201412,0,413.0,12,0.0,0.0,0.0,700.0,64,0.0
8975,201403,0,1976.0,12,12.0,8.0,9.0,1000.0,40,2.0
8976,201412,1,242.0,12,0.0,0.0,0.0,500.0,27,0.0
8977,201402,0,3069.0,12,45.0,12.0,11.0,1000.0,49,5.0
8978,201404,0,1414.0,12,0.0,9.0,11.0,1200.0,25,0.0
8979,201411,0,254.0,3,0.0,0.0,0.0,400.0,43,0.0
8980,201407,0,943.0,10,0.0,0.0,7.0,1491.0,44,0.0
8981,201403,0,1415.0,12,0.0,12.0,12.0,1000.0,46,1.0
8982,201408,1,2624.0,12,2.0,0.0,3.0,900.0,28,4.0
8983,201406,0,237.0,12,0.0,0.0,0.0,800.0,53,0.0
8984,201403,1,719.0,12,0.0,0.0,0.0,2000.0,69,0.0
8985,201405,0,453.0,12,0.0,0.0,0.0,1258.0,61,0.0
8986,201410,0,883.0,12,0.0,0.0,5.0,1200.0,56,0.0
8987,201404,0,368.0,12,0.0,0.0,0.0,2347.06,49,0.0
8988,201407,0,3660.0,3,34.0,1.0,0.0,200.0,59,24.0
8989,201407,0,1057.0,12,0.0,0.0,11.0,1439.83,41,0.0
8990,201406,1,270.0,12,0.0,0.0,0.0,1560.0,26,0.0
8991,201405,1,4525.0,12,3.0,0.0,10.0,1121.34,31,26.0
8992,201405,0,538.0,12,0.0,0.0,0.0,1000.0,21,0.0
8993,201403,0,536.0,3,0.0,0.0,0.0,251.91,19,0.0
8994,201408,0,2642.0,3,19.0,0.0,0.0,700.0,26,10.0
8995,201410,0,896.0,12,0.0,0.0,8.0,2000.0,60,0.0
8996,201409,0,1027.0,6,0.0,0.0,10.0,500.0,48,0.0
8997,201412,0,189.0,12,0.0,0.0,0.0,800.0,43,0.0
8998,201406,0,221.0,9,0.0,0.0,0.0,500.0,25,0.0
8999,201407,0,752.0,10,0.0,0.0,0.0,1000.0,44,0.0
9000,201403,0,1918.0,8,11.0,9.0,12.0,700.0,48,5.0
9001,201401,1,1867.0,12,5.0,0.0,0.0,2000.0,49,1.0
9002,201408,1,251.0,12,0.0,0.0,0.0,2000.0,57,0.0
9003,201407,1,4817.0,12,91.0,11.0,12.0,1500.0,50,13.0
9004,201406,0,356.0,12,0.0,0.0,0.0,1500.0,69,0.0
9005,201405,0,227.0,12,0.0,0.0,0.0,1000.0,66,0.0
9006,201411,1,2564.0,9,35.0,10.0,10.0,600.0,52,2.0
9007,201412,0,3599.0,12,40.0,5.0,10.0,1200.0,70,13.0
9008,201407,1,206.0,12,0.0,0.0,0.0,700.0,40,0.0
9009,201410,0,4949.0,4,98.0,12.0,12.0,300.0,36,7.0
9010,201408,0,2226.0,12,19.0,10.0,12.0,1200.0,50,4.0
9011,201401,0,1757.0,5,6.0,3.0,10.0,500.0,52,1.0
9012,201409,0,1067.0,12,0.0,0.0,11.0,500.0,43,0.0
9013,201408,1,513.0,12,0.0,0.0,0.0,1350.0,63,0.0
9014,201408,0,414.0,12,0.0,0.0,0.0,915.84,42,0.0
9015,201412,0,3214.0,12,46.0,8.0,9.0,771.67,75,9.0
9016,201409,0,4960.0,3,34.0,4.0,12.0,150.0,49,28.0
9017,201412,1,705.0,12,0.0,0.0,0.0,1300.0,40,0.0
9018,201410,1,392.0,6,0.0,0.0,0.0,400.0,23,0.0
9019,201405,1,189.0,9,0.0,0.0,0.0,830.35,48,0.0
9020,201404,0,414.0,12,0.0,0.0,0.0,1500.0,49,0.0
9021,201409,1,2560.0,12,31.0,7.0,0.0,3000.0,56,4.0
9022,201407,0,1323.0,12,0.0,5.0,11.0,1000.0,59,0.0
9023,201411,1,1781.0,4,6.0,6.0,12.0,300.0,37,5.0
9024,201406,0,195.0,12,0.0,0.0,0.0,300.0,58,0.0
9025,201409,0,676.0,12,0.0,0.0,1.0,1941.3,47,0.0
9026,201410,0,1541.0,12,1.0,8.0,5.0,1000.0,42,3.0
9027,201411,0,410.0,12,0.0,0.0,0.0,1000.0,57,0.0
9028,201411,0,1635.0,3,2.0,3.0,12.0,160.0,27,3.0
9029,201410,1,441.0,10,0.0,0.0,0.0,500.0,53,0.0
9030,201402,1,894.0,12,0.0,0.0,5.0,1200.0,47,0.0
9031,201412,0,3760.0,12,34.0,10.0,11.0,2800.0,44,31.0
9032,201408,0,806.0,7,0.0,0.0,3.0,250.0,46,0.0
9033,201407,0,750.0,9,0.0,0.0,1.0,500.0,57,0.0
9034,201406,1,186.0,9,0.0,0.0,0.0,3000.0,56,0.0
9035,201410,0,1693.0,12,5.0,8.0,12.0,2000.0,24,3.0
9036,201411,0,2641.0,8,32.0,12.0,12.0,1000.0,51,5.0
9037,201407,0,288.0,12,0.0,0.0,0.0,1000.0,52,0.0
9038,201408,0,3645.0,12,42.0,9.0,12.0,500.0,53,8.0
9039,201410,1,2161.0,12,12.0,0.0,1.0,1344.06,40,2.0
9040,201409,1,340.0,12,0.0,0.0,0.0,696.0,46,0.0
9041,201411,0,2357.0,10,27.0,9.0,3.0,1500.0,42,1.0
9042,201402,1,2527.0,12,34.0,11.0,12.0,751.62,38,2.0
9043,201406,0,1136.0,12,0.0,0.0,12.0,1000.0,49,0.0
9044,201410,1,1183.0,4,0.0,2.0,11.0,550.0,21,0.0
9045,201407,1,303.0,12,0.0,0.0,0.0,875.11,18,0.0
9046,201407,1,233.0,12,0.0,0.0,0.0,2209.0,62,0.0
9047,201407,1,974.0,12,0.0,0.0,7.0,570.0,45,0.0
9048,201412,0,1948.0,12,8.0,9.0,12.0,1500.0,42,8.0
9049,201406,0,432062.0,6,26.0,3.0,7.0,1200.0,45,12.0
9050,201409,0,535.0,12,0.0,0.0,0.0,1417.22,23,0.0
9051,201409,1,575.0,12,0.0,0.0,0.0,2160.82,58,0.0
9052,201402,0,435.0,12,0.0,0.0,0.0,1200.0,52,0.0
9053,201402,0,3793.0,10,32.0,8.0,11.0,700.0,67,15.0
9054,201407,0,505.0,12,0.0,0.0,0.0,1770.58,26,0.0
9055,201408,1,245.0,3,0.0,0.0,0.0,500.0,26,0.0
9056,201411,1,153.0,5,0.0,0.0,0.0,500.0,43,0.0
9057,201411,1,619.0,12,0.0,0.0,0.0,1600.0,66,0.0
9058,201408,0,3183.0,5,46.0,8.0,12.0,763.47,48,10.0
9059,201407,0,3608.0,10,35.0,11.0,12.0,1200.0,54,12.0
9060,201411,0,1107.0,12,0.0,0.0,12.0,1000.0,40,0.0
9061,201402,0,1659.0,12,6.0,9.0,12.0,1000.0,47,1.0
9062,201412,0,4083.0,4,73.0,9.0,12.0,800.0,65,14.0
9063,201405,0,3926.0,12,71.0,0.0,0.0,1000.0,47,3.0
9064,201403,1,1252.0,12,0.0,4.0,6.0,1000.0,21,0.0
9065,201410,0,819.0,12,0.0,0.0,3.0,1000.0,24,0.0
9066,201403,0,210.0,12,0.0,0.0,0.0,665.64,45,0.0
9067,201407,0,790.0,12,0.0,0.0,2.0,2000.0,48,0.0
9068,201403,0,2051.0,12,16.0,4.0,5.0,2000.0,35,4.0
9069,201412,1,198.0,12,0.0,0.0,0.0,800.0,56,0.0
9070,201412,0,1833.0,6,11.0,12.0,12.0,500.0,39,1.0
9071,201410,0,1228.0,4,0.0,4.0,10.0,450.0,23,0.0
9072,201408,0,691.0,12,0.0,0.0,1.0,1000.0,41,0.0
9073,201406,0,291.0,8,0.0,0.0,0.0,1000.0,38,0.0
9074,201403,1,813.0,12,0.0,0.0,3.0,600.0,53,0.0
9075,201408,1,518.0,12,0.0,0.0,0.0,3000.0,64,0.0
9076,201403,1,462.0,12,0.0,0.0,0.0,1500.0,33,0.0
9077,201410,0,2704.0,12,6.0,6.0,12.0,1000.0,43,1.0
9078,201402,0,1041.0,12,0.0,0.0,11.0,1742.63,57,0.0
9079,201411,0,1112.0,6,0.0,0.0,12.0,600.0,26,0.0
9080,201409,1,372.0,6,0.0,0.0,0.0,375.0,41,0.0
9081,201407,0,2789.0,10,5.0,0.0,0.0,1500.0,42,1.0
9082,201402,0,429.0,12,0.0,0.0,0.0,1000.0,39,0.0
9083,201403,0,3702.0,12,61.0,11.0,12.0,2900.69,67,6.0
9084,201411,0,,5,,,,500.0,38,
9085,201403,0,913.0,12,0.0,0.0,6.0,1000.0,41,0.0
9086,201406,0,241.0,12,0.0,0.0,0.0,1442.8,44,0.0
9087,201406,1,549.0,12,0.0,0.0,0.0,700.0,23,0.0
9088,201410,0,3133.0,6,38.0,6.0,12.0,900.0,33,16.0
9089,201408,0,362.0,10,0.0,0.0,0.0,1000.0,25,0.0
9090,201408,0,1447.0,12,0.0,6.0,6.0,1500.0,32,0.0
9091,201403,1,629.0,5,0.0,0.0,0.0,600.0,23,0.0
9092,201409,0,1630.0,8,5.0,0.0,0.0,600.0,27,1.0
9093,201411,1,361.0,12,0.0,0.0,0.0,500.0,42,0.0
9094,201404,0,560.0,5,0.0,0.0,0.0,411.25,39,0.0
9095,201401,0,138.0,12,0.0,0.0,0.0,1000.0,67,0.0
9096,201403,0,1960.0,12,2.0,0.0,0.0,2000.0,68,15.0
9097,201407,0,2901.0,12,27.0,7.0,12.0,165.0,38,5.0
9098,201409,1,281.0,12,0.0,0.0,0.0,1000.0,43,0.0
9099,201402,0,132.0,8,0.0,0.0,0.0,300.0,24,0.0
9100,201412,0,2482.0,5,4.0,0.0,0.0,600.0,46,2.0
9101,201412,1,2754.0,12,13.0,1.0,11.0,2000.0,40,3.0
9102,201411,0,365.0,8,0.0,0.0,0.0,700.0,32,0.0
9103,201407,0,3154.0,12,48.0,10.0,12.0,1000.0,60,8.0
9104,201408,0,281.0,12,0.0,0.0,0.0,1000.0,59,0.0
9105,201412,0,2509.0,8,33.0,10.0,7.0,2000.0,51,2.0
9106,201412,0,,6,,,,1556.18,49,
9107,201405,0,206.0,12,0.0,0.0,0.0,778.91,33,0.0
9108,201403,0,229.0,12,0.0,0.0,0.0,800.0,56,0.0
9109,201404,1,352.0,5,0.0,0.0,0.0,501.3,26,0.0
9110,201404,1,838.0,12,0.0,0.0,4.0,1200.0,42,0.0
9111,201406,0,1778.0,12,9.0,12.0,2.0,1900.0,57,2.0
9112,201411,0,698.0,12,0.0,0.0,0.0,800.0,48,0.0
9113,201406,1,216.0,12,0.0,0.0,0.0,1000.0,47,0.0
9114,201410,0,345.0,12,0.0,0.0,0.0,837.9,42,0.0
9115,201410,0,1649.0,12,5.0,8.0,7.0,2903.68,57,2.0
9116,201401,0,390.0,12,0.0,0.0,0.0,1200.0,34,0.0
9117,201408,1,751.0,6,0.0,0.0,1.0,500.0,69,0.0
9118,201408,0,702.0,12,0.0,0.0,2.0,700.0,38,0.0
9119,201404,0,2740.0,12,38.0,11.0,8.0,1300.0,50,4.0
9120,201410,1,546.0,6,0.0,0.0,0.0,300.0,48,0.0
9121,201408,0,5024.0,12,86.0,8.0,11.0,2100.0,51,16.0
9122,201401,1,507.0,12,0.0,0.0,0.0,1050.0,54,0.0
9123,201403,0,838.0,12,0.0,0.0,4.0,800.0,22,0.0
9124,201402,0,1923.0,12,12.0,5.0,6.0,1300.0,62,2.0
9125,201403,0,229.0,9,0.0,0.0,0.0,200.0,22,0.0
9126,201412,1,1863.0,12,9.0,5.0,12.0,2300.6,24,1.0
9127,201409,0,622.0,12,0.0,0.0,0.0,1500.0,23,0.0
9128,201404,1,1372.0,12,0.0,4.0,7.0,1500.0,36,0.0
9129,201407,0,1350.0,6,0.0,3.0,4.0,1000.0,40,0.0
9130,201407,0,835.0,12,0.0,0.0,3.0,1000.0,44,0.0
9131,201407,0,2900.0,5,28.0,9.0,12.0,200.0,44,14.0
9132,201405,0,344.0,4,0.0,0.0,0.0,415.91,32,0.0
9133,201406,0,4172.0,12,62.0,10.0,0.0,1300.0,57,8.0
9134,201410,0,470.0,12,0.0,0.0,0.0,1300.0,59,0.0
9135,201412,0,985.0,12,0.0,0.0,9.0,2000.0,54,0.0
9136,201402,0,1580.0,12,3.0,2.0,6.0,1500.0,50,1.0
9137,201407,1,3504.0,12,29.0,9.0,10.0,2000.0,43,14.0
9138,201412,0,3621.0,12,15.0,5.0,11.0,3000.0,40,4.0
9139,201412,0,381.0,12,0.0,0.0,0.0,1500.0,43,0.0
9140,201407,0,254.0,12,0.0,0.0,0.0,1500.0,63,0.0
9141,201409,1,234.0,12,0.0,0.0,0.0,500.0,33,0.0
9142,201406,0,3100.0,12,48.0,11.0,8.0,1100.0,54,5.0
9143,201409,1,197.0,12,0.0,0.0,0.0,1044.72,38,0.0
9144,201409,0,299.0,10,0.0,0.0,0.0,1000.0,49,0.0
9145,201408,1,620.0,12,0.0,0.0,0.0,2000.0,51,0.0
9146,201411,0,1607.0,12,5.0,10.0,12.0,2860.71,50,1.0
9147,201412,0,2252.0,12,20.0,9.0,12.0,1600.0,42,6.0
9148,201402,0,528.0,8,0.0,0.0,0.0,600.0,27,0.0
9149,201410,0,1147.0,6,0.0,1.0,2.0,600.0,45,0.0
9150,201406,0,1259.0,5,0.0,4.0,3.0,400.0,61,0.0
9151,201407,1,2222.0,12,9.0,12.0,12.0,2000.0,48,2.0
9152,201412,0,368.0,5,0.0,0.0,0.0,500.0,53,0.0
9153,201409,1,343.0,12,0.0,0.0,0.0,1000.0,61,0.0
9154,201411,0,1047.0,8,0.0,0.0,3.0,1488.0,37,0.0
9155,201402,1,1024.0,5,0.0,0.0,10.0,786.35,38,0.0
9156,201407,0,2602.0,12,35.0,10.0,12.0,1500.0,68,2.0
9157,201408,0,832.0,12,0.0,0.0,4.0,1500.0,63,0.0
9158,201401,1,3651.0,6,45.0,12.0,12.0,700.0,45,4.0
9159,201410,0,965.0,10,0.0,0.0,8.0,300.0,23,0.0
9160,201404,0,1799.0,12,5.0,4.0,1.0,2000.0,47,3.0
9161,201403,0,945.0,10,0.0,0.0,7.0,500.0,56,0.0
9162,201401,1,185.0,12,0.0,0.0,0.0,2000.0,62,0.0
9163,201404,0,273.0,12,0.0,0.0,0.0,800.0,50,0.0
9164,201405,0,438.0,8,0.0,0.0,0.0,800.0,48,0.0
9165,201403,0,965.0,10,0.0,0.0,8.0,1000.0,56,0.0
9166,201408,0,319.0,12,0.0,0.0,0.0,995.0,53,0.0
9167,201412,1,230.0,12,0.0,0.0,0.0,2000.0,45,0.0
9168,201407,0,960.0,10,0.0,0.0,7.0,400.0,37,0.0
9169,201408,0,423.0,12,0.0,0.0,0.0,1000.0,50,0.0
9170,201406,0,358.0,12,0.0,0.0,0.0,1500.0,49,0.0
9171,201401,1,900.0,12,0.0,0.0,5.0,1300.0,61,0.0
9172,201407,0,3503.0,8,13.0,1.0,12.0,700.0,45,10.0
9173,201406,0,2788.0,12,17.0,0.0,0.0,600.0,46,12.0
9174,201401,1,560.0,12,0.0,0.0,0.0,1426.68,36,0.0
9175,201411,1,704.0,12,0.0,0.0,0.0,1294.59,51,0.0
9176,201406,0,1041.0,12,0.0,0.0,11.0,2250.0,60,0.0
9177,201407,1,1383.0,12,0.0,8.0,11.0,2628.47,41,0.0
9178,201404,0,1736.0,12,8.0,11.0,12.0,560.0,47,1.0
9179,201404,0,1373.0,12,0.0,9.0,11.0,2000.0,41,0.0
9180,201403,0,509.0,10,0.0,0.0,0.0,500.0,42,0.0
9181,201401,0,593.0,12,0.0,0.0,0.0,1200.0,33,0.0
9182,201407,0,630.0,12,0.0,0.0,0.0,1052.28,25,0.0
9183,201402,0,419.0,12,0.0,0.0,0.0,1200.0,43,0.0
9184,201404,0,1738.0,12,8.0,8.0,11.0,1000.0,50,2.0
9185,201408,0,2933.0,12,28.0,7.0,12.0,1400.0,54,5.0
9186,201404,0,1582.0,12,3.0,12.0,12.0,800.0,48,1.0
9187,201402,1,4225.0,12,52.0,8.0,12.0,1000.0,47,8.0
9188,201405,0,607.0,12,0.0,0.0,0.0,500.0,41,0.0
9189,201405,1,1449.0,12,0.0,10.0,8.0,1226.0,51,0.0
9190,201412,1,313.0,5,0.0,0.0,0.0,800.0,23,0.0
9191,201405,0,1983.0,10,13.0,4.0,9.0,1000.0,46,2.0
9192,201408,0,2559.0,12,8.0,3.0,2.0,3000.0,72,12.0
9193,201404,0,623.0,12,0.0,0.0,0.0,570.0,41,0.0
9194,201406,0,2564.0,12,33.0,11.0,12.0,1800.0,25,4.0
9195,201407,0,1029.0,5,0.0,0.0,10.0,800.0,23,0.0
9196,201411,0,731.0,8,0.0,0.0,0.0,600.0,69,0.0
9197,201411,1,1197.0,12,0.0,3.0,12.0,1750.0,39,0.0
9198,201406,0,3924.0,12,56.0,6.0,9.0,1542.24,47,25.0
9199,201410,1,812.0,12,0.0,0.0,5.0,600.0,49,0.0
9200,201401,0,211.0,12,0.0,0.0,0.0,680.0,66,0.0
9201,201407,0,2947.0,12,29.0,9.0,12.0,1000.0,43,11.0
9202,201405,0,884.0,12,0.0,0.0,5.0,1106.4,33,0.0
9203,201401,0,1606.0,7,5.0,0.0,0.0,150.0,43,1.0
9204,201406,1,485.0,12,0.0,0.0,0.0,1000.0,45,0.0
9205,201410,0,2967.0,12,42.0,12.0,12.0,1714.16,47,5.0
9206,201402,1,1482.0,12,0.0,7.0,4.0,1000.0,38,1.0
9207,201412,0,1162.0,6,0.0,1.0,8.0,1200.0,53,0.0
9208,201410,1,785.0,12,0.0,0.0,1.0,2000.0,38,0.0
9209,201401,0,3601.0,12,60.0,12.0,12.0,600.0,60,10.0
9210,201405,0,1947.0,12,11.0,7.0,10.0,1000.0,58,5.0
9211,201405,0,1559.0,12,3.0,5.0,0.0,1200.0,60,3.0
9212,201408,0,358.0,12,0.0,0.0,0.0,1876.17,41,0.0
9213,201405,1,2631.0,12,20.0,1.0,0.0,2066.91,38,10.0
9214,201410,0,696.0,6,0.0,0.0,0.0,300.0,57,0.0
9215,201405,1,932.0,12,0.0,0.0,9.0,1300.0,44,0.0
9216,201402,0,1228.0,12,0.0,3.0,12.0,500.0,42,0.0
9217,201404,0,297.0,12,0.0,0.0,0.0,807.86,47,0.0
9218,201403,1,832.0,12,0.0,0.0,3.0,2759.03,39,0.0
9219,201406,0,1651.0,12,5.0,11.0,12.0,1500.0,74,1.0
9220,201411,1,4728.0,12,5.0,0.0,0.0,2282.0,68,26.0
9221,201412,0,528.0,4,0.0,0.0,0.0,800.0,46,0.0
9222,201407,0,515.0,7,0.0,0.0,0.0,1500.0,50,0.0
9223,201404,1,149.0,12,0.0,0.0,0.0,500.0,39,0.0
9224,201403,0,1211.0,12,0.0,2.0,10.0,1258.36,56,0.0
9225,201405,0,2483.0,12,26.0,10.0,12.0,2000.0,63,3.0
9226,201402,0,2076.0,12,18.0,10.0,12.0,1500.0,49,2.0
9227,201402,1,4339.0,10,21.0,0.0,0.0,1000.0,33,12.0
9228,201403,1,915.0,12,0.0,0.0,4.0,1600.0,46,0.0
9229,201402,1,840.0,12,0.0,0.0,4.0,1000.0,46,0.0
9230,201412,1,596.0,12,0.0,0.0,0.0,1000.0,40,0.0
9231,201406,0,1706.0,12,4.0,6.0,9.0,1000.0,33,5.0
9232,201404,1,2785.0,10,3.0,0.0,2.0,2000.0,34,6.0
9233,201402,0,1002.0,12,0.0,0.0,9.0,1054.0,54,0.0
9234,201403,0,4257.0,12,50.0,11.0,12.0,1500.0,49,14.0
9235,201401,1,4133.0,12,14.0,4.0,7.0,300.0,32,11.0
9236,201408,0,2890.0,5,18.0,0.0,8.0,400.0,64,5.0
9237,201410,1,269.0,12,0.0,0.0,0.0,1000.0,60,0.0
9238,201403,0,346.0,12,0.0,0.0,0.0,1500.0,55,0.0
9239,201402,0,158.0,12,0.0,0.0,0.0,875.05,64,0.0
9240,201401,0,3959.0,8,67.0,6.0,12.0,1000.0,61,15.0
9241,201411,0,354.0,12,0.0,0.0,0.0,1000.0,49,0.0
9242,201410,0,3742.0,10,13.0,0.0,1.0,1200.0,44,10.0
9243,201402,0,204.0,4,0.0,0.0,0.0,279.87,21,0.0
9244,201403,0,4624.0,12,27.0,0.0,1.0,1000.0,48,23.0
9245,201411,1,257.0,12,0.0,0.0,0.0,1000.0,36,0.0
9246,201405,0,2041.0,12,13.0,9.0,12.0,3000.0,46,6.0
9247,201407,0,1138.0,12,0.0,1.0,12.0,1300.0,47,0.0
9248,201409,1,440.0,12,0.0,0.0,0.0,1898.48,51,0.0
9249,201410,0,3930.0,12,39.0,0.0,9.0,3000.0,57,14.0
9250,201406,1,1134.0,10,0.0,0.0,11.0,1000.0,35,0.0
9251,201405,0,1153.0,10,0.0,1.0,12.0,1500.0,59,0.0
9252,201410,1,365.0,4,0.0,0.0,0.0,300.0,26,0.0
9253,201401,1,816.0,12,0.0,0.0,3.0,1000.0,21,0.0
9254,201412,0,977.0,12,0.0,0.0,8.0,2000.0,49,0.0
9255,201404,0,608.0,12,0.0,0.0,0.0,639.83,20,0.0
9256,201410,0,955.0,12,0.0,0.0,11.0,800.0,48,0.0
9257,201403,0,1199.0,12,0.0,3.0,11.0,1000.0,59,0.0
9258,201406,0,904.0,7,0.0,0.0,6.0,1000.0,39,0.0
9259,201406,0,712.0,3,0.0,0.0,0.0,200.0,21,0.0
9260,201404,0,836.0,9,0.0,0.0,4.0,570.0,20,0.0
9261,201410,0,764.0,6,0.0,0.0,1.0,400.0,49,0.0
9262,201410,0,2719.0,12,39.0,11.0,12.0,2500.0,45,2.0
9263,201407,0,2684.0,12,7.0,0.0,10.0,1500.0,56,1.0
9264,201406,0,1117.0,12,0.0,0.0,12.0,1000.0,57,0.0
9265,201408,0,1193.0,8,0.0,2.0,12.0,800.0,45,0.0
9266,201408,1,200.0,12,0.0,0.0,0.0,1200.0,43,1.0
9267,201408,0,4560.0,12,76.0,10.0,7.0,1000.0,61,23.0
9268,201402,0,1342.0,8,0.0,7.0,11.0,1200.0,58,0.0
9269,201406,0,1242.0,12,0.0,4.0,12.0,2000.0,44,0.0
9270,201410,0,1020.0,6,0.0,0.0,10.0,500.0,41,0.0
9271,201406,0,1616.0,12,4.0,12.0,12.0,2451.68,42,1.0
9272,201410,1,3343.0,12,37.0,0.0,9.0,1600.0,45,14.0
9273,201409,1,252.0,3,0.0,0.0,0.0,500.0,48,0.0
9274,201411,1,4091.0,6,9.0,6.0,9.0,1104.01,36,12.0
9275,201405,1,2603.0,12,13.0,5.0,7.0,1500.0,47,6.0
9276,201403,0,4454.0,12,86.0,12.0,11.0,500.0,46,9.0
9277,201401,0,4155.0,12,35.0,0.0,2.0,2500.0,40,16.0
9278,201401,0,3835.0,12,62.0,10.0,10.0,1280.86,50,4.0
9279,201407,0,196.0,12,0.0,0.0,0.0,500.0,62,0.0
9280,201412,1,850.0,12,0.0,0.0,4.0,772.84,53,0.0
9281,201406,0,4747.0,12,58.0,0.0,0.0,1600.0,42,7.0
9282,201405,0,1745.0,4,6.0,1.0,6.0,400.0,69,4.0
9283,201412,0,557.0,12,0.0,0.0,0.0,1090.43,44,0.0
9284,201412,1,,12,,,,1500.0,70,
9285,201402,1,2202.0,12,22.0,12.0,11.0,1434.37,46,2.0
9286,201405,0,356.0,12,0.0,0.0,0.0,500.0,75,0.0
9287,201401,1,436.0,12,0.0,0.0,0.0,800.0,38,0.0
9288,201411,0,1430.0,10,0.0,9.0,11.0,720.0,50,0.0
9289,201409,0,464.0,3,0.0,0.0,0.0,400.0,61,0.0
9290,201403,1,394.0,12,0.0,0.0,0.0,1200.72,50,0.0
9291,201408,0,3214.0,12,26.0,0.0,11.0,1000.0,49,11.0
9292,201410,0,2782.0,12,29.0,6.0,12.0,2000.0,56,12.0
9293,201401,1,385.0,12,0.0,0.0,0.0,1000.0,53,0.0
9294,201411,0,403.0,12,0.0,0.0,0.0,1000.0,41,0.0
9295,201409,0,2633.0,5,35.0,11.0,11.0,1000.0,50,3.0
9296,201405,0,1938.0,12,14.0,9.0,5.0,1400.0,50,2.0
9297,201412,0,228.0,3,0.0,0.0,0.0,400.0,50,0.0
9298,201401,0,1023.0,10,0.0,0.0,9.0,1329.02,39,0.0
9299,201404,0,2571.0,6,24.0,0.0,0.0,418.82,40,8.0
9300,201402,0,893.0,12,0.0,0.0,6.0,1300.0,56,0.0
9301,201403,1,720.0,6,0.0,0.0,1.0,300.0,23,0.0
9302,201403,0,3116.0,12,21.0,9.0,9.0,1000.0,64,8.0
9303,201406,1,599.0,12,0.0,0.0,0.0,1000.0,41,0.0
9304,201403,1,366.0,12,0.0,0.0,0.0,1600.0,40,0.0
9305,201410,0,1113.0,6,0.0,0.0,9.0,1000.0,61,0.0
9306,201407,0,1247.0,12,0.0,4.0,12.0,1000.0,45,0.0
9307,201410,0,759.0,12,0.0,0.0,1.0,900.0,54,0.0
9308,201407,0,1457.0,5,0.0,9.0,8.0,800.0,41,0.0
9309,201406,0,2746.0,4,26.0,0.0,0.0,600.0,37,5.0
9310,201406,0,242.0,5,0.0,0.0,0.0,600.0,47,0.0
9311,201410,0,771.0,12,0.0,0.0,2.0,1942.98,52,0.0
9312,201409,0,2729.0,8,24.0,9.0,5.0,500.0,43,5.0
9313,201404,0,1075.0,12,0.0,0.0,10.0,1466.75,34,0.0
9314,201410,0,702.0,3,0.0,0.0,0.0,170.0,21,0.0
9315,201403,1,835.0,12,0.0,0.0,3.0,622.49,42,0.0
9316,201407,0,2834.0,8,21.0,8.0,11.0,500.0,55,17.0
9317,201405,0,1725.0,12,8.0,10.0,3.0,1500.0,42,1.0
9318,201403,1,4607.0,12,47.0,10.0,0.0,1435.0,72,21.0
9319,201410,1,292.0,12,0.0,0.0,0.0,850.0,75,0.0
9320,201407,0,1322.0,4,0.0,7.0,12.0,300.0,37,0.0
9321,201406,0,4561.0,12,80.0,10.0,10.0,1729.88,41,14.0
9322,201403,0,822.0,12,0.0,0.0,5.0,1275.82,52,0.0
9323,201410,1,11.0,12,0.0,0.0,0.0,1000.0,36,0.0
9324,201410,0,313.0,4,0.0,0.0,0.0,210.0,40,0.0
9325,201403,0,529.0,12,0.0,0.0,0.0,799.25,42,0.0
9326,201410,0,3617.0,6,42.0,5.0,12.0,1000.0,52,22.0
9327,201411,0,166.0,6,0.0,0.0,0.0,300.0,27,0.0
9328,201402,0,1181.0,12,0.0,2.0,7.0,1000.0,58,0.0
9329,201412,1,550.0,12,0.0,0.0,0.0,660.0,28,0.0
9330,201407,0,943.0,12,0.0,0.0,7.0,1751.73,58,0.0
9331,201411,0,711.0,12,0.0,0.0,0.0,946.57,37,0.0
9332,201402,1,822.0,12,0.0,0.0,3.0,2000.0,49,0.0
9333,201404,0,3267.0,10,27.0,5.0,4.0,1000.0,56,3.0
9334,201407,0,713.0,12,0.0,0.0,0.0,1570.0,43,0.0
9335,201409,1,337.0,12,0.0,0.0,0.0,1506.93,21,0.0
9336,201406,1,179.0,12,0.0,0.0,0.0,1175.04,46,0.0
9337,201411,1,1439.0,12,0.0,10.0,12.0,2549.31,31,0.0
9338,201402,0,1355.0,12,0.0,4.0,3.0,1500.0,42,0.0
9339,201409,0,551.0,9,0.0,0.0,0.0,683.86,20,0.0
9340,201407,0,2690.0,12,15.0,10.0,9.0,1500.0,36,11.0
9341,201402,0,865.0,12,0.0,0.0,5.0,1000.0,49,0.0
9342,201410,0,4449.0,12,23.0,0.0,12.0,750.0,46,24.0
9343,201404,0,996.0,12,0.0,0.0,9.0,600.0,50,0.0
9344,201401,0,1486.0,12,1.0,5.0,2.0,1000.0,53,3.0
9345,201411,0,1017.0,12,0.0,0.0,10.0,1500.0,56,0.0
9346,201407,0,3178.0,7,15.0,3.0,2.0,1000.0,41,7.0
9347,201405,1,251.0,10,0.0,0.0,0.0,350.0,43,0.0
9348,201408,0,356.0,12,0.0,0.0,0.0,2000.0,48,0.0
9349,201410,1,197.0,10,0.0,0.0,0.0,1000.0,58,0.0
9350,201403,0,418.0,12,0.0,0.0,0.0,320.0,50,0.0
9351,201403,0,3006.0,12,45.0,8.0,10.0,1000.0,44,6.0
9352,201408,0,415.0,12,0.0,0.0,0.0,1500.0,61,0.0
9353,201408,0,3282.0,12,41.0,7.0,8.0,1134.24,59,15.0
9354,201403,0,3707.0,6,60.0,9.0,12.0,500.0,70,10.0
9355,201404,0,1744.0,12,8.0,12.0,12.0,2000.0,47,1.0
9356,201408,0,2872.0,12,29.0,4.0,12.0,1000.0,40,9.0
9357,201411,1,932.0,12,0.0,0.0,7.0,2859.03,41,0.0
9358,201410,0,2124.0,12,15.0,8.0,12.0,2000.0,40,3.0
9359,201411,1,321.0,12,0.0,0.0,0.0,600.0,50,0.0
9360,201405,1,1125.0,12,0.0,0.0,11.0,2311.28,42,0.0
9361,201412,0,525.0,10,0.0,0.0,0.0,1069.21,37,0.0
9362,201410,0,3021.0,10,29.0,9.0,12.0,420.0,37,6.0
9363,201412,1,203.0,12,0.0,0.0,0.0,1000.0,73,0.0
9364,201409,0,766.0,6,0.0,0.0,4.0,500.0,65,0.0
9365,201404,1,418.0,12,0.0,0.0,0.0,791.49,20,0.0
9366,201403,1,,5,0.0,0.0,0.0,500.0,55,0.0
9367,201411,1,655.0,12,0.0,0.0,0.0,1000.0,43,0.0
9368,201411,0,578.0,3,0.0,0.0,0.0,300.0,41,0.0
9369,201407,0,684.0,8,0.0,0.0,0.0,500.0,21,0.0
9370,201411,0,716.0,3,0.0,0.0,0.0,300.0,20,0.0
9371,201410,1,410.0,6,0.0,0.0,0.0,1000.0,34,0.0
9372,201405,1,435.0,12,0.0,0.0,0.0,1818.5,57,0.0
9373,201403,0,390.0,10,0.0,0.0,0.0,800.35,42,0.0
9374,201401,0,4716.0,10,27.0,0.0,4.0,1500.0,51,7.0
9375,201412,0,1766.0,12,6.0,9.0,9.0,1320.09,37,2.0
9376,201410,0,1694.0,8,8.0,7.0,8.0,2000.0,45,1.0
9377,201402,1,178.0,12,0.0,0.0,0.0,1200.72,45,0.0
9378,201408,0,1762.0,12,6.0,6.0,6.0,1000.0,63,3.0
9379,201405,0,1980.0,12,13.0,11.0,12.0,1500.0,55,4.0
9380,201405,0,3364.0,12,54.0,10.0,9.0,1000.0,57,6.0
9381,201410,0,991.0,12,0.0,0.0,8.0,1000.0,60,0.0
9382,201409,0,242.0,8,0.0,0.0,0.0,1000.0,43,0.0
9383,201412,1,3156.0,12,39.0,10.0,8.0,1886.68,50,5.0
9384,201406,0,237.0,12,0.0,0.0,0.0,1000.0,48,0.0
9385,201406,0,471.0,10,0.0,0.0,0.0,600.0,43,0.0
9386,201411,0,3958.0,8,78.0,12.0,12.0,1000.0,49,5.0
9387,201402,1,549.0,12,0.0,0.0,0.0,1000.0,37,0.0
9388,201409,1,551.0,12,0.0,0.0,0.0,1000.0,52,0.0
9389,201401,0,3365.0,10,40.0,11.0,12.0,1000.0,54,23.0
9390,201409,0,1091.0,6,0.0,0.0,5.0,1674.03,41,0.0
9391,201402,0,1711.0,12,7.0,12.0,12.0,1500.0,59,1.0
9392,201409,0,363.0,12,0.0,0.0,0.0,700.0,37,0.0
9393,201405,1,2803.0,6,9.0,0.0,10.0,300.0,36,26.0
9394,201401,0,975.0,12,0.0,0.0,8.0,2627.66,34,0.0
9395,201411,1,1184.0,12,0.0,3.0,4.0,1751.8,54,0.0
9396,201402,0,306.0,12,0.0,0.0,0.0,600.0,48,0.0
9397,201409,0,165.0,12,0.0,0.0,0.0,700.0,71,0.0
9398,201410,1,707.0,12,0.0,0.0,1.0,1000.0,44,0.0
9399,201405,0,3173.0,4,44.0,12.0,12.0,670.0,63,4.0
9400,201412,0,4860.0,12,40.0,6.0,5.0,2000.0,49,13.0
9401,201409,0,2471.0,12,7.0,0.0,0.0,400.0,63,2.0
9402,201402,0,4403.0,12,53.0,6.0,12.0,1000.0,48,27.0
9403,201411,0,3809.0,10,46.0,8.0,11.0,1300.0,48,19.0
9404,201409,1,262.0,12,0.0,0.0,0.0,2000.0,35,0.0
9405,201412,1,1458.0,12,0.0,11.0,11.0,1200.0,47,0.0
9406,201408,1,111.0,12,0.0,0.0,0.0,1010.49,21,0.0
9407,201408,0,1079.0,12,0.0,0.0,11.0,1500.0,46,0.0
9408,201405,0,1000.0,12,0.0,0.0,9.0,1000.0,61,0.0
9409,201403,0,4805.0,12,8.0,0.0,0.0,2200.0,46,38.0
9410,201407,0,1053.0,12,0.0,0.0,11.0,1456.34,53,0.0
9411,201412,0,1568.0,12,3.0,11.0,11.0,1500.0,45,1.0
9412,201409,0,467.0,12,0.0,0.0,0.0,3000.0,64,0.0
9413,201410,0,349.0,12,0.0,0.0,0.0,1500.0,48,0.0
9414,201404,0,1287.0,12,0.0,3.0,0.0,1963.72,61,0.0
9415,201402,0,744.0,6,0.0,0.0,1.0,1600.0,65,0.0
9416,201408,0,2478.0,5,20.0,8.0,6.0,500.0,48,3.0
9417,201402,0,1090.0,12,0.0,0.0,12.0,1353.28,54,0.0
9418,201409,0,389.0,10,0.0,0.0,0.0,1000.0,52,0.0
9419,201409,1,427.0,12,0.0,0.0,0.0,1000.0,46,0.0
9420,201402,0,3138.0,12,15.0,6.0,8.0,340.0,74,14.0
9421,201407,1,326.0,8,0.0,0.0,0.0,300.0,59,0.0
9422,201404,0,490.0,12,0.0,0.0,0.0,1000.0,35,0.0
9423,201405,1,795.0,12,0.0,0.0,3.0,2500.0,54,0.0
9424,201408,1,988.0,12,0.0,0.0,8.0,1350.0,50,0.0
9425,201412,0,560.0,12,0.0,0.0,0.0,1500.0,50,0.0
9426,201412,0,1025.0,5,0.0,0.0,10.0,1100.0,51,0.0
9427,201404,1,1249.0,10,0.0,5.0,12.0,1000.0,40,0.0
9428,201410,0,301.0,12,0.0,0.0,0.0,1000.0,32,0.0
9429,201403,0,2054.0,12,10.0,5.0,12.0,1000.0,68,9.0
9430,201404,1,330.0,12,0.0,0.0,0.0,3000.0,61,0.0
9431,201409,1,417.0,12,0.0,0.0,0.0,1284.33,21,0.0
9432,201403,0,793.0,12,0.0,0.0,2.0,1200.0,34,0.0
9433,201407,0,1624.0,12,5.0,10.0,5.0,1304.38,37,0.0
9434,201405,0,526.0,12,0.0,0.0,0.0,1200.0,57,0.0
9435,201406,0,426.0,12,0.0,0.0,0.0,1240.0,47,0.0
9436,201406,0,276.0,3,0.0,0.0,0.0,300.0,50,0.0
9437,201407,0,1237.0,8,0.0,4.0,12.0,500.0,34,0.0
9438,201407,1,3337.0,12,36.0,11.0,11.0,1867.4,41,7.0
9439,201404,1,348.0,12,0.0,0.0,0.0,800.0,47,0.0
9440,201407,0,2619.0,12,15.0,0.0,10.0,2000.0,41,7.0
9441,201410,0,988.0,6,0.0,0.0,4.0,300.0,37,0.0
9442,201404,1,392.0,12,0.0,0.0,0.0,1200.0,49,0.0
9443,201407,1,215.0,12,0.0,0.0,0.0,500.0,40,0.0
9444,201407,0,1288.0,12,1.0,5.0,12.0,1000.0,61,1.0
9445,201406,1,311.0,12,0.0,0.0,0.0,1358.69,47,0.0
9446,201405,1,4870.0,8,25.0,0.0,0.0,1000.0,50,13.0
9447,201404,0,399.0,4,0.0,0.0,0.0,300.0,49,0.0
9448,201406,0,307.0,12,0.0,0.0,0.0,1000.0,57,0.0
9449,201402,0,2246.0,12,22.0,11.0,12.0,2000.0,57,4.0
9450,201402,0,1452.0,12,0.0,8.0,9.0,800.0,60,0.0
9451,201408,0,2673.0,12,36.0,8.0,9.0,1000.0,59,3.0
9452,201407,0,2026.0,7,11.0,7.0,11.0,700.0,37,7.0
9453,201401,0,336.0,12,0.0,0.0,0.0,600.0,31,0.0
9454,201411,1,395.0,12,0.0,0.0,0.0,1429.1,47,0.0
9455,201402,0,1638.0,12,5.0,10.0,12.0,1000.0,40,2.0
9456,201403,0,161.0,12,0.0,0.0,0.0,870.26,47,0.0
9457,201405,0,3029.0,12,43.0,10.0,11.0,3000.0,63,8.0
9458,201407,0,500.0,12,0.0,0.0,0.0,1000.0,55,0.0
9459,201409,0,267.0,6,0.0,0.0,0.0,400.0,60,0.0
9460,201407,0,402.0,4,0.0,0.0,0.0,516.5,37,0.0
9461,201404,0,711.0,12,0.0,0.0,0.0,1000.0,50,0.0
9462,201405,1,686.0,12,0.0,0.0,0.0,1000.0,37,0.0
9463,201408,0,598.0,12,0.0,0.0,0.0,1750.19,38,0.0
9464,201401,1,356.0,5,0.0,0.0,0.0,300.0,33,0.0
9465,201407,0,4608.0,12,46.0,4.0,12.0,1000.0,33,17.0
9466,201408,1,969.0,12,0.0,0.0,8.0,1495.16,43,0.0
9467,201406,0,845.0,12,0.0,0.0,5.0,1000.0,56,0.0
9468,201408,1,618.0,12,0.0,0.0,0.0,1025.64,19,0.0
9469,201407,1,2548.0,12,14.0,3.0,2.0,1000.0,53,19.0
9470,201412,0,1840.0,12,12.0,11.0,8.0,1463.82,50,1.0
9471,201402,0,788.0,12,0.0,0.0,2.0,2000.0,43,0.0
9472,201410,0,479.0,6,0.0,0.0,0.0,500.0,45,0.0
9473,201411,0,1311.0,3,0.0,4.0,5.0,600.0,40,0.0
9474,201404,0,1050.0,3,0.0,0.0,10.0,250.0,42,0.0
9475,201403,1,570.0,12,0.0,0.0,0.0,2574.35,39,0.0
9476,201405,0,938.0,12,0.0,0.0,6.0,1000.0,41,0.0
9477,201408,0,1300.0,12,0.0,6.0,12.0,2677.04,48,0.0
9478,201411,1,226.0,5,0.0,0.0,0.0,200.0,39,0.0
9479,201407,0,2850.0,12,4.0,0.0,1.0,2000.0,32,2.0
9480,201409,0,469.0,12,0.0,0.0,0.0,1500.0,49,0.0
9481,201405,0,214.0,12,0.0,0.0,0.0,1000.0,66,0.0
9482,201408,0,1492.0,12,1.0,2.0,0.0,1000.0,69,1.0
9483,201410,0,150.0,12,0.0,0.0,0.0,2015.06,39,0.0
9484,201401,0,869.0,10,0.0,0.0,2.0,1000.0,40,0.0
9485,201407,0,239.0,9,0.0,0.0,0.0,1000.0,55,0.0
9486,201403,0,296.0,8,0.0,0.0,0.0,500.0,42,0.0
9487,201409,0,3866.0,7,31.0,0.0,11.0,500.0,37,10.0
9488,201406,0,740.0,12,0.0,0.0,3.0,1800.0,56,0.0
9489,201407,0,1859.0,12,12.0,2.0,0.0,2000.0,33,1.0
9490,201403,0,1414.0,12,0.0,8.0,12.0,1131.52,52,0.0
9491,201406,0,117.0,4,0.0,0.0,0.0,500.0,35,0.0
9492,201401,1,1069.0,12,0.0,0.0,12.0,900.0,52,0.0
9493,201401,0,251.0,12,0.0,0.0,0.0,980.0,55,0.0
9494,201408,1,961.0,8,0.0,0.0,8.0,1140.0,57,0.0
9495,201401,0,322.0,12,0.0,0.0,0.0,1126.1,52,0.0
9496,201402,0,1529.0,12,1.0,7.0,4.0,2000.0,46,1.0
9497,201403,0,391.0,12,0.0,0.0,0.0,1500.0,45,0.0
9498,201407,1,409.0,12,0.0,0.0,0.0,1390.0,49,0.0
9499,201407,0,226.0,3,0.0,0.0,0.0,500.0,49,0.0
9500,201404,1,447.0,12,0.0,0.0,0.0,1500.0,39,0.0
9501,201405,0,494.0,12,0.0,0.0,0.0,1000.0,47,0.0
9502,201408,0,3262.0,12,15.0,0.0,0.0,1500.0,56,6.0
9503,201406,1,202.0,6,0.0,0.0,0.0,1000.0,47,0.0
9504,201406,0,475.0,12,0.0,0.0,0.0,1000.0,40,0.0
9505,201401,1,689.0,12,0.0,0.0,0.0,1072.08,40,0.0
9506,201402,0,937.0,12,0.0,0.0,8.0,800.0,47,0.0
9507,201408,0,1193.0,10,0.0,3.0,11.0,600.0,48,0.0
9508,201403,1,4162.0,12,5.0,0.0,0.0,2900.69,41,18.0
9509,201410,0,2413.0,12,24.0,1.0,12.0,1000.0,32,1.0
9510,201401,0,1416.0,12,1.0,5.0,4.0,1000.0,56,4.0
9511,201401,0,388.0,12,0.0,0.0,0.0,700.0,62,0.0
9512,201405,1,937.0,12,0.0,0.0,7.0,979.96,46,0.0
9513,201404,0,4826.0,12,96.0,12.0,11.0,3000.0,39,12.0
9514,201403,0,1444.0,12,0.0,11.0,12.0,1000.0,40,0.0
9515,201401,1,1941.0,12,11.0,9.0,1.0,1000.0,33,3.0
9516,201402,0,476.0,12,0.0,0.0,0.0,1800.0,40,0.0
9517,201405,0,1779.0,3,5.0,3.0,3.0,414.17,47,6.0
9518,201410,1,2490.0,12,24.0,11.0,12.0,1000.0,48,10.0
9519,201412,1,385.0,12,0.0,0.0,0.0,1840.29,23,0.0
9520,201409,0,1269.0,4,0.0,4.0,12.0,300.0,71,0.0
9521,201409,0,646.0,12,0.0,0.0,0.0,1650.0,67,0.0
9522,201411,0,5042.0,12,43.0,11.0,8.0,3000.0,46,23.0
9523,201405,1,4868.0,12,99.0,11.0,12.0,1900.0,34,11.0
9524,201410,0,4795.0,12,33.0,5.0,0.0,3000.0,46,2.0
9525,201404,0,867.0,12,0.0,0.0,4.0,600.0,55,0.0
9526,201403,0,1414.0,12,0.0,6.0,12.0,830.0,53,0.0
9527,201412,0,669.0,6,0.0,0.0,0.0,650.0,32,0.0
9528,201407,1,448.0,12,0.0,0.0,0.0,1500.0,40,0.0
9529,201402,0,1111.0,12,0.0,0.0,3.0,500.0,45,0.0
9530,201409,1,774.0,7,0.0,0.0,2.0,400.0,35,0.0
9531,201404,0,737.0,10,0.0,0.0,1.0,1400.0,46,0.0
9532,201408,0,130.0,12,0.0,0.0,0.0,1000.0,58,0.0
9533,201401,1,536.0,12,0.0,0.0,0.0,1000.0,50,0.0
9534,201405,0,2833.0,12,33.0,12.0,12.0,600.0,61,10.0
9535,201408,1,3288.0,12,9.0,0.0,3.0,800.0,35,3.0
9536,201405,0,639.0,12,0.0,0.0,0.0,2000.0,47,0.0
9537,201410,0,760.0,12,0.0,0.0,2.0,1280.0,67,0.0
9538,201401,0,3104.0,12,11.0,0.0,6.0,2000.0,51,1.0
9539,201404,0,221.0,12,0.0,0.0,0.0,400.0,19,0.0
9540,201410,1,564.0,12,0.0,0.0,0.0,881.0,40,0.0
9541,201406,0,3375.0,12,62.0,12.0,12.0,500.0,56,1.0
9542,201406,1,3089.0,12,9.0,0.0,0.0,2717.8,47,6.0
9543,201409,0,1988.0,12,19.0,12.0,12.0,2344.0,62,1.0
9544,201410,0,213.0,12,0.0,0.0,0.0,900.0,39,0.0
9545,201403,1,390.0,12,0.0,0.0,0.0,977.25,68,0.0
9546,201405,0,567.0,12,0.0,0.0,0.0,866.18,54,0.0
9547,201402,0,898.0,12,0.0,0.0,5.0,1000.0,41,0.0
9548,201410,1,839.0,12,0.0,0.0,4.0,1400.0,40,0.0
9549,201403,0,2093.0,12,11.0,8.0,0.0,1000.0,33,8.0
9550,201410,0,1596.0,4,4.0,8.0,9.0,150.0,42,1.0
9551,201404,0,1089.0,12,0.0,0.0,10.0,1200.0,48,0.0
9552,201403,0,3496.0,7,52.0,5.0,7.0,300.0,32,6.0
9553,201410,1,883.0,12,0.0,0.0,5.0,800.0,41,0.0
9554,201403,0,1041.0,12,0.0,0.0,10.0,425.0,44,0.0
9555,201404,0,,12,,,,1400.0,54,
9556,201408,0,3859.0,12,9.0,0.0,1.0,2000.0,50,8.0
9557,201412,0,721.0,12,0.0,0.0,0.0,650.0,54,0.0
9558,201407,0,1644.0,12,4.0,2.0,12.0,1000.0,42,2.0
9559,201401,1,306.0,8,0.0,0.0,0.0,1000.0,36,0.0
9560,201411,0,577.0,7,0.0,0.0,0.0,500.0,52,0.0
9561,201412,1,182.0,12,0.0,0.0,0.0,2073.43,46,0.0
9562,201405,1,2664.0,12,5.0,0.0,0.0,1000.0,50,4.0
9563,201410,0,3614.0,12,61.0,7.0,12.0,1500.0,54,4.0
9564,201410,1,1405.0,12,0.0,2.0,7.0,1000.0,48,0.0
9565,201401,1,243.0,8,0.0,0.0,0.0,1300.0,49,0.0
9566,201403,0,2200.0,12,18.0,4.0,8.0,500.0,56,5.0
9567,201409,0,545.0,12,0.0,0.0,0.0,650.0,62,0.0
9568,201408,1,1923.0,8,8.0,2.0,1.0,350.0,50,6.0
9569,201411,0,530.0,3,0.0,0.0,0.0,300.0,71,0.0
9570,201411,0,1401.0,5,0.0,6.0,12.0,300.0,62,0.0
9571,201405,0,2329.0,12,18.0,7.0,9.0,1266.0,32,10.0
9572,201408,0,3002.0,12,7.0,0.0,0.0,500.0,51,4.0
9573,201409,0,548.0,12,0.0,0.0,0.0,838.62,48,0.0
9574,201408,0,812.0,12,0.0,0.0,2.0,1500.0,43,0.0
9575,201411,0,256.0,12,0.0,0.0,0.0,931.02,39,0.0
9576,201408,0,2066.0,10,16.0,11.0,11.0,1000.0,67,3.0
9577,201410,0,2473.0,10,26.0,11.0,12.0,1200.0,44,4.0
9578,201411,0,3617.0,3,35.0,6.0,11.0,250.0,52,23.0
9579,201405,1,1012.0,12,0.0,0.0,9.0,1000.0,44,0.0
9580,201408,0,2211.0,12,10.0,5.0,9.0,2440.77,52,10.0
9581,201408,0,779.0,3,0.0,0.0,2.0,200.0,46,0.0
9582,201405,1,621.0,12,0.0,0.0,2.0,3000.0,35,0.0
9583,201407,0,439.0,12,0.0,0.0,0.0,1500.0,47,0.0
9584,201411,0,1537.0,4,2.0,6.0,11.0,300.0,44,1.0
9585,201404,0,1155.0,12,0.0,1.0,12.0,2000.0,53,0.0
9586,201411,0,998.0,3,0.0,0.0,9.0,200.0,41,0.0
9587,201410,0,2905.0,5,10.0,0.0,3.0,500.0,48,1.0
9588,201403,0,1265.0,3,0.0,5.0,11.0,400.0,47,0.0
9589,201408,1,191.0,12,0.0,0.0,0.0,500.0,49,0.0
9590,201404,0,3070.0,8,23.0,0.0,7.0,500.0,53,18.0
9591,201403,0,352.0,12,0.0,0.0,1.0,755.04,44,0.0
9592,201404,0,2019.0,12,9.0,8.0,12.0,1500.0,49,6.0
9593,201405,1,295.0,12,0.0,0.0,0.0,721.89,40,0.0
9594,201412,0,400.0,12,0.0,0.0,0.0,1500.0,62,0.0
9595,201404,1,292.0,12,0.0,0.0,0.0,1100.0,46,0.0
9596,201409,1,1361.0,12,0.0,6.0,12.0,1920.0,42,0.0
9597,201402,1,1114.0,12,0.0,1.0,10.0,600.0,52,0.0
9598,201401,0,2228.0,12,21.0,11.0,12.0,1500.0,48,3.0
9599,201410,0,2693.0,4,19.0,4.0,10.0,1000.0,57,19.0
9600,201411,0,2814.0,12,1.0,0.0,0.0,1500.0,41,5.0
9601,201412,0,1026.0,6,0.0,0.0,3.0,200.0,50,0.0
9602,201406,0,933.0,12,0.0,0.0,9.0,1000.0,50,0.0
9603,201405,0,1366.0,12,0.0,6.0,12.0,1000.0,48,0.0
9604,201411,1,395.0,12,0.0,0.0,0.0,2515.61,41,0.0
9605,201409,1,831.0,12,0.0,0.0,4.0,1500.0,55,0.0
9606,201404,0,418.0,12,0.0,0.0,0.0,900.0,39,0.0
9607,201409,0,467.0,12,0.0,0.0,0.0,3000.0,66,0.0
9608,201403,0,812.0,12,0.0,0.0,2.0,1500.0,46,0.0
9609,201402,1,247.0,12,0.0,0.0,0.0,1219.97,40,0.0
9610,201404,1,613.0,12,0.0,0.0,0.0,3000.0,55,0.0
9611,201410,0,3223.0,5,12.0,0.0,6.0,600.0,45,4.0
9612,201401,0,967.0,12,0.0,0.0,8.0,1000.0,70,0.0
9613,201407,0,783.0,12,0.0,0.0,1.0,1000.0,48,0.0
9614,201402,0,890.0,12,0.0,0.0,2.0,1500.0,51,0.0
9615,201408,0,1391.0,12,0.0,3.0,8.0,1280.42,46,0.0
9616,201407,0,2504.0,12,15.0,0.0,0.0,1000.0,37,6.0
9617,201408,1,455.0,12,0.0,0.0,0.0,500.0,40,0.0
9618,201411,0,1073.0,3,0.0,0.0,10.0,300.0,40,0.0
9619,201407,0,1118.0,12,0.0,0.0,12.0,2000.0,55,0.0
9620,201407,0,1048.0,5,0.0,0.0,10.0,2000.0,45,0.0
9621,201405,0,803.0,12,0.0,0.0,2.0,918.33,57,0.0
9622,201410,0,2019.0,12,8.0,6.0,12.0,3000.0,61,2.0
9623,201410,0,2617.0,12,30.0,7.0,12.0,2200.0,36,8.0
9624,201412,1,1111.0,10,0.0,0.0,12.0,700.0,38,0.0
9625,201410,0,750.0,6,0.0,0.0,1.0,300.0,48,0.0
9626,201406,0,2735.0,8,3.0,3.0,0.0,1300.0,51,4.0
9627,201401,1,402.0,12,0.0,0.0,0.0,1000.0,49,0.0
9628,201408,0,1881.0,8,7.0,9.0,0.0,200.0,55,10.0
9629,201408,0,763.0,12,0.0,0.0,1.0,850.0,52,0.0
9630,201402,0,516.0,12,0.0,0.0,0.0,1000.0,47,0.0
9631,201407,0,1033.0,10,0.0,0.0,10.0,700.0,43,0.0
9632,201407,1,235.0,12,0.0,0.0,0.0,1000.0,45,0.0
9633,201407,0,231.0,12,0.0,0.0,0.0,1000.0,58,0.0
9634,201406,0,323.0,12,0.0,0.0,0.0,2000.0,57,0.0
9635,201406,0,822.0,12,0.0,0.0,3.0,1000.0,37,0.0
9636,201411,0,272.0,12,0.0,0.0,0.0,1000.0,40,0.0
9637,201404,1,880.0,12,0.0,0.0,4.0,600.0,34,0.0
9638,201411,0,2839.0,12,25.0,4.0,12.0,1000.0,51,18.0
9639,201406,1,564.0,12,0.0,0.0,0.0,1988.31,37,0.0
9640,201404,0,897.0,4,1.0,0.0,7.0,150.0,48,3.0
9641,201411,0,321.0,4,0.0,0.0,0.0,800.0,49,0.0
9642,201406,0,246.0,12,0.0,0.0,0.0,1000.0,60,0.0
9643,201412,0,3182.0,12,49.0,12.0,12.0,1500.0,48,4.0
9644,201406,0,408.0,10,0.0,0.0,0.0,2500.0,51,0.0
9645,201406,0,1349.0,12,0.0,7.0,5.0,2506.83,48,0.0
9646,201410,0,315.0,10,0.0,0.0,0.0,1000.0,42,0.0
9647,201408,0,617.0,12,0.0,0.0,0.0,1000.0,56,0.0
9648,201406,0,879.0,12,0.0,0.0,5.0,1000.0,62,0.0
9649,201411,1,220.0,12,0.0,0.0,0.0,1788.83,41,0.0
9650,201411,1,618.0,12,0.0,0.0,0.0,500.0,35,0.0
9651,201402,1,994.0,12,0.0,0.0,9.0,1500.0,40,0.0
9652,201406,0,510.0,3,0.0,0.0,0.0,350.0,39,0.0
9653,201411,0,1472.0,12,0.0,10.0,12.0,300.0,50,0.0
9654,201402,0,2639.0,12,12.0,0.0,0.0,1000.0,57,4.0
9655,201406,0,704.0,10,0.0,0.0,0.0,500.0,67,0.0
9656,201410,0,1320.0,10,0.0,6.0,8.0,1000.0,51,0.0
9657,201403,0,1176.0,12,0.0,2.0,11.0,1000.0,57,0.0
9658,201401,0,625.0,8,0.0,0.0,0.0,1000.0,49,0.0
9659,201411,0,2148.0,12,8.0,8.0,12.0,1500.0,48,10.0
9660,201401,0,2910.0,12,17.0,8.0,12.0,2296.83,52,13.0
9661,201408,0,3678.0,12,14.0,0.0,4.0,2500.0,56,23.0
9662,201410,0,1691.0,4,5.0,8.0,12.0,500.0,56,3.0
9663,201412,0,1746.0,12,6.0,0.0,2.0,3000.0,71,1.0
9664,201405,1,1196.0,12,0.0,2.0,9.0,1725.4,37,0.0
9665,201404,1,2807.0,12,14.0,9.0,8.0,600.0,45,12.0
9666,201401,1,2901.0,12,8.0,3.0,3.0,1000.0,42,35.0
9667,201401,1,2172.0,12,19.0,7.0,8.0,1000.0,53,5.0
9668,201409,0,1544.0,12,2.0,10.0,12.0,1100.0,37,1.0
9669,201412,0,379.0,12,0.0,0.0,0.0,2000.0,38,0.0
9670,201404,1,482.0,12,0.0,0.0,0.0,470.0,20,0.0
9671,201407,0,115.0,12,0.0,0.0,0.0,1000.0,50,0.0
9672,201403,0,737.0,12,0.0,0.0,3.0,1200.0,68,0.0
9673,201411,1,1051.0,12,0.0,0.0,11.0,1600.0,58,0.0
9674,201411,0,2974.0,10,46.0,10.0,12.0,1300.0,72,3.0
9675,201401,0,3569.0,12,58.0,8.0,5.0,1500.0,38,8.0
9676,201405,0,1469.0,12,0.0,10.0,2.0,672.57,38,0.0
9677,201411,0,1250.0,12,0.0,3.0,12.0,2300.0,46,0.0
9678,201409,0,1041.0,12,0.0,0.0,11.0,1500.0,47,0.0
9679,201410,1,266.0,12,0.0,0.0,0.0,1500.0,54,0.0
9680,201410,0,1328.0,10,0.0,3.0,11.0,2000.0,35,0.0
9681,201408,1,774.0,12,0.0,0.0,1.0,2500.0,43,0.0
9682,201402,0,1380.0,12,0.0,7.0,0.0,1100.0,55,0.0
9683,201408,0,1276.0,10,0.0,5.0,11.0,1000.0,52,0.0
9684,201402,0,393.0,4,0.0,0.0,0.0,500.0,73,0.0
9685,201408,0,983.0,12,0.0,0.0,8.0,1000.0,72,0.0
9686,201403,0,4791.0,5,14.0,0.0,0.0,400.0,50,1.0
9687,201402,0,1162.0,10,0.0,1.0,12.0,1000.0,48,0.0
9688,201405,0,3110.0,12,40.0,5.0,11.0,877.6,54,13.0
9689,201402,0,4570.0,12,11.0,1.0,9.0,2000.0,63,30.0
9690,201402,1,845.0,12,0.0,0.0,4.0,600.0,61,0.0
9691,201407,0,4930.0,12,81.0,11.0,12.0,2500.0,45,19.0
9692,201405,0,2497.0,10,1.0,0.0,9.0,1500.0,31,5.0
9693,201404,1,1193.0,12,0.0,2.0,12.0,600.0,52,0.0
9694,201404,0,1079.0,12,0.0,0.0,12.0,2058.93,35,0.0
9695,201410,0,595.0,12,0.0,0.0,0.0,600.0,51,0.0
9696,201409,0,84.0,12,0.0,0.0,0.0,1200.0,68,0.0
9697,201406,0,920.0,5,0.0,0.0,6.0,300.0,38,0.0
9698,201412,0,629.0,8,0.0,0.0,0.0,900.0,45,0.0
9699,201404,0,3721.0,12,59.0,9.0,12.0,600.0,48,4.0
9700,201404,0,1107.0,12,0.0,0.0,12.0,1300.0,45,0.0
9701,201404,0,1345.0,12,0.0,6.0,11.0,1000.0,52,0.0
9702,201401,1,4156.0,12,38.0,0.0,0.0,200.0,46,12.0
9703,201409,0,686.0,6,0.0,0.0,0.0,600.0,55,0.0
9704,201409,0,821.0,12,0.0,0.0,3.0,2479.0,59,0.0
9705,201404,0,223.0,12,0.0,0.0,0.0,2000.0,44,0.0
9706,201402,0,4065.0,12,6.0,4.0,5.0,2000.0,51,14.0
9707,201411,0,2774.0,12,22.0,7.0,0.0,1000.0,53,9.0
9708,201406,0,810.0,12,0.0,0.0,3.0,1690.0,57,0.0
9709,201408,0,2140.0,7,24.0,12.0,11.0,792.55,47,1.0
9710,201410,0,641.0,12,0.0,0.0,0.0,1500.0,49,0.0
9711,201409,0,548.0,6,0.0,0.0,0.0,500.0,33,0.0
9712,201402,1,345.0,12,0.0,0.0,0.0,2000.0,35,0.0
9713,201402,0,420.0,12,0.0,0.0,0.0,800.0,47,0.0
9714,201403,1,590.0,12,0.0,0.0,0.0,2000.0,46,0.0
9715,201407,1,476.0,12,0.0,0.0,0.0,670.0,67,0.0
9716,201407,0,406.0,12,0.0,0.0,0.0,1500.0,50,0.0
9717,201411,0,1186.0,12,0.0,2.0,12.0,800.0,50,0.0
9718,201401,0,4397.0,12,28.0,0.0,0.0,1300.0,55,8.0
9719,201401,0,960.0,3,0.0,0.0,7.0,600.0,53,0.0
9720,201402,0,4873.0,6,18.0,0.0,0.0,300.0,60,17.0
9721,201411,0,289.0,12,0.0,0.0,0.0,1000.0,32,0.0
9722,201404,0,2038.0,9,7.0,0.0,0.0,700.0,33,2.0
9723,201403,0,1743.0,12,8.0,11.0,12.0,1600.0,37,2.0
9724,201412,0,2906.0,12,10.0,0.0,10.0,1500.0,60,1.0
9725,201409,1,2060.0,12,14.0,12.0,12.0,2000.0,19,3.0
9726,201412,1,1867.0,12,5.0,0.0,0.0,1991.21,35,8.0
9727,201404,0,1948.0,12,14.0,7.0,2.0,3000.0,71,2.0
9728,201408,0,978.0,5,0.0,0.0,8.0,500.0,43,0.0
9729,201401,0,799.0,12,0.0,0.0,2.0,2900.0,52,0.0
9730,201406,0,1176.0,12,0.0,3.0,12.0,2000.0,52,0.0
9731,201408,0,1734.0,4,6.0,4.0,4.0,600.0,45,3.0
9732,201412,0,583.0,6,0.0,0.0,0.0,500.0,52,0.0
9733,201407,0,2844.0,12,25.0,0.0,0.0,1000.0,43,10.0
9734,201412,0,2129.0,12,15.0,11.0,12.0,2000.0,51,3.0
9735,201409,1,373.0,12,0.0,0.0,0.0,3000.0,51,0.0
9736,201409,1,528.0,9,0.0,0.0,0.0,1000.0,40,0.0
9737,201405,0,2064.0,12,10.0,9.0,12.0,700.0,40,5.0
9738,201402,0,1468.0,12,0.0,11.0,12.0,2100.0,45,1.0
9739,201405,1,161.0,12,0.0,0.0,0.0,500.0,50,0.0
9740,201406,0,365.0,12,0.0,0.0,0.0,1000.0,45,0.0
9741,201404,1,1338.0,10,0.0,4.0,10.0,500.0,49,0.0
9742,201407,0,3213.0,12,15.0,0.0,2.0,690.0,56,9.0
9743,201401,0,3328.0,12,25.0,10.0,11.0,2000.0,55,31.0
9744,201411,0,3051.0,12,38.0,11.0,12.0,2639.21,50,3.0
9745,201409,1,305.0,12,0.0,0.0,0.0,1000.0,63,0.0
9746,201412,1,978.0,12,0.0,0.0,8.0,1881.32,31,0.0
9747,201407,1,872.0,12,0.0,0.0,7.0,1401.02,45,0.0
9748,201407,0,1834.0,12,6.0,6.0,11.0,1500.0,41,6.0
9749,201407,0,1053.0,12,0.0,0.0,12.0,1000.0,73,0.0
9750,201410,0,2709.0,12,6.0,6.0,3.0,1000.0,49,1.0
9751,201403,0,4717.0,12,24.0,0.0,0.0,600.0,45,13.0
9752,201405,0,194.0,12,0.0,0.0,0.0,1000.0,67,0.0
9753,201404,0,336.0,12,0.0,0.0,0.0,690.0,55,0.0
9754,201401,0,1852.0,11,10.0,10.0,12.0,600.0,66,4.0
9755,201408,0,2953.0,12,48.0,10.0,12.0,500.0,59,2.0
9756,201410,1,979.0,12,0.0,0.0,10.0,1664.63,46,0.0
9757,201410,0,1445.0,8,0.0,8.0,0.0,600.0,23,0.0
9758,201403,0,1700.0,6,7.0,12.0,11.0,400.0,47,1.0
9759,201401,0,2645.0,12,22.0,11.0,12.0,663.74,76,15.0
9760,201405,1,342.0,4,0.0,0.0,0.0,300.37,51,0.0
9761,201409,1,1140.0,8,0.0,1.0,8.0,600.0,56,0.0
9762,201411,0,2495.0,10,11.0,2.0,0.0,1051.0,31,13.0
9763,201402,1,298.0,12,0.0,0.0,0.0,900.0,50,0.0
9764,201401,0,1482.0,12,0.0,12.0,12.0,600.0,55,1.0
9765,201408,0,2248.0,6,18.0,9.0,9.0,1000.0,48,3.0
9766,201402,1,305.0,12,0.0,0.0,0.0,622.0,62,0.0
9767,201412,0,158.0,10,0.0,0.0,0.0,320.0,62,0.0
9768,201407,1,1182.0,12,0.0,2.0,7.0,1500.0,55,0.0
9769,201407,0,2695.0,12,5.0,9.0,2.0,1000.0,59,2.0
9770,201405,1,1211.0,12,0.0,3.0,12.0,807.0,53,0.0
9771,201401,0,2220.0,12,21.0,12.0,11.0,1214.0,46,4.0
9772,201402,1,1992.0,12,16.0,11.0,11.0,1581.0,58,2.0
9773,201403,0,456.0,12,0.0,0.0,0.0,1600.0,42,0.0
9774,201409,0,475.0,12,0.0,0.0,0.0,757.49,20,0.0
9775,201409,1,543.0,9,0.0,0.0,0.0,683.86,20,0.0
9776,201402,0,3343.0,12,37.0,8.0,7.0,1200.0,32,6.0
9777,201411,1,1289.0,12,0.0,3.0,12.0,500.0,51,0.0
9778,201411,0,309.0,12,0.0,0.0,0.0,1818.29,43,0.0
9779,201407,1,1309.0,6,0.0,6.0,9.0,300.0,38,0.0
9780,201406,1,656.0,12,0.0,0.0,0.0,1500.0,55,0.0
9781,201410,0,953.0,12,0.0,0.0,8.0,1200.0,56,0.0
9782,201406,0,812.0,12,0.0,0.0,3.0,1000.0,66,0.0
9783,201401,0,2337.0,5,27.0,12.0,12.0,881.0,42,2.0
9784,201402,0,4734.0,12,67.0,9.0,11.0,1500.0,51,12.0
9785,201410,0,1327.0,5,0.0,6.0,11.0,500.0,41,0.0
9786,201410,0,2203.0,12,18.0,10.0,12.0,1384.11,48,6.0
9787,201410,0,533.0,12,0.0,0.0,0.0,1000.0,54,0.0
9788,201402,0,2659.0,12,5.0,0.0,0.0,1000.0,63,2.0
9789,201408,1,445.0,12,0.0,0.0,0.0,1000.0,54,0.0
9790,201404,0,391.0,4,0.0,0.0,0.0,300.0,34,0.0
9791,201404,0,653.0,12,0.0,0.0,0.0,200.0,52,0.0
9792,201408,0,1497.0,12,0.0,12.0,8.0,1100.0,62,1.0
9793,201408,0,743.0,12,0.0,0.0,1.0,550.0,52,0.0
9794,201412,1,278.0,12,0.0,0.0,0.0,1500.0,59,0.0
9795,201410,1,,12,,,,1000.0,78,
9796,201404,0,2100.0,12,12.0,2.0,0.0,1400.0,44,1.0
9797,201404,0,3978.0,12,30.0,6.0,12.0,889.0,50,13.0
9798,201402,0,3832.0,8,10.0,4.0,12.0,600.0,50,21.0
9799,201401,0,464.0,8,0.0,0.0,0.0,500.0,41,0.0
9800,201405,0,1108.0,4,0.0,0.0,6.0,500.0,47,0.0
9801,201402,0,1098.0,12,0.0,0.0,8.0,2627.66,63,0.0
9802,201409,0,4983.0,12,35.0,0.0,5.0,1000.0,69,10.0
9803,201410,0,897.0,8,0.0,0.0,5.0,1000.0,44,0.0
9804,201409,0,4794.0,4,31.0,0.0,0.0,200.0,47,6.0
9805,201408,1,1981.0,12,20.0,10.0,12.0,700.0,49,1.0
9806,201404,0,275.0,12,0.0,0.0,0.0,370.0,59,0.0
9807,201403,0,251.0,4,0.0,0.0,0.0,300.0,50,0.0
9808,201409,0,2425.0,9,18.0,7.0,0.0,2000.0,62,3.0
9809,201404,0,472.0,12,0.0,0.0,0.0,1600.0,51,0.0
9810,201410,1,760.0,6,0.0,0.0,1.0,500.0,57,0.0
9811,201409,0,4248.0,12,77.0,12.0,12.0,2000.0,52,15.0
9812,201402,0,1130.0,12,0.0,0.0,3.0,400.0,40,0.0
9813,201412,1,1817.0,12,11.0,12.0,11.0,1500.0,42,1.0
9814,201401,1,875.0,12,0.0,0.0,5.0,1316.74,43,0.0
9815,201401,1,236.0,12,0.0,0.0,0.0,693.0,50,0.0
9816,201406,0,1148.0,12,0.0,1.0,12.0,1000.0,47,0.0
9817,201405,0,1434.0,6,0.0,11.0,9.0,500.0,50,0.0
9818,201407,1,942.0,12,0.0,0.0,7.0,1600.0,55,0.0
9819,201404,0,3409.0,12,29.0,6.0,9.0,1600.0,36,31.0
9820,201402,0,853.0,12,0.0,0.0,3.0,1500.0,45,0.0
9821,201412,0,2896.0,10,37.0,11.0,10.0,1000.0,72,4.0
9822,201410,0,224.0,10,0.0,0.0,0.0,1000.0,45,0.0
9823,201407,0,1604.0,12,4.0,4.0,11.0,2600.0,60,1.0
9824,201403,0,268.0,12,0.0,0.0,0.0,1000.0,55,0.0
9825,201407,1,2057.0,12,18.0,10.0,12.0,1000.0,68,2.0
9826,201406,0,530.0,6,0.0,0.0,0.0,1000.0,49,0.0
9827,201412,0,962.0,12,0.0,0.0,9.0,2000.0,38,0.0
9828,201412,0,1402.0,12,0.0,7.0,10.0,1000.0,40,0.0
9829,201401,1,2506.0,12,9.0,0.0,4.0,1200.0,58,4.0
9830,201412,0,2271.0,12,22.0,10.0,12.0,1420.0,35,5.0
9831,201403,1,987.0,12,0.0,0.0,8.0,1500.0,36,0.0
9832,201407,0,568.0,3,0.0,0.0,0.0,250.0,30,0.0
9833,201408,0,440.0,12,0.0,0.0,0.0,500.0,50,0.0
9834,201412,1,1921.0,12,10.0,8.0,10.0,1500.0,37,4.0
9835,201407,0,1261.0,10,0.0,4.0,12.0,1000.0,46,0.0
9836,201403,0,3868.0,12,11.0,0.0,0.0,1000.0,34,20.0
9837,201410,0,1652.0,12,5.0,0.0,7.0,2500.0,58,1.0
9838,201403,0,1017.0,12,0.0,0.0,10.0,600.0,64,0.0
9839,201403,1,303.0,12,0.0,0.0,0.0,1000.0,38,0.0
9840,201406,1,1686.0,12,2.0,0.0,3.0,1284.0,36,5.0
9841,201403,0,647.0,12,0.0,0.0,0.0,500.0,42,0.0
9842,201404,0,299.0,6,0.0,0.0,0.0,1000.0,69,0.0
9843,201403,0,3100.0,12,35.0,10.0,11.0,2000.0,48,5.0
9844,201405,0,4626.0,12,55.0,8.0,12.0,552.72,39,26.0
9845,201411,1,531.0,12,0.0,0.0,0.0,1000.0,50,0.0
9846,201410,0,1425.0,12,0.0,4.0,0.0,1400.0,43,0.0
9847,201402,0,3356.0,10,40.0,4.0,12.0,1700.0,47,7.0
9848,201407,0,126.0,12,0.0,0.0,0.0,600.0,35,0.0
9849,201405,0,4918.0,8,60.0,8.0,8.0,800.0,57,35.0
9850,201404,0,320.0,8,0.0,0.0,0.0,500.0,42,0.0
9851,201405,1,406.0,12,0.0,0.0,0.0,1000.0,41,0.0
9852,201405,1,336.0,12,0.0,0.0,0.0,2255.29,45,0.0
9853,201406,0,444.0,5,0.0,0.0,0.0,150.0,38,0.0
9854,201410,0,1294.0,4,0.0,2.0,12.0,400.0,49,0.0
9855,201403,0,1342.0,6,0.0,3.0,1.0,1000.0,61,0.0
9856,201402,0,582.0,12,0.0,0.0,0.0,1200.0,61,0.0
9857,201403,0,1442.0,10,0.0,11.0,12.0,1000.0,60,0.0
9858,201407,0,1596.0,12,3.0,11.0,11.0,1500.0,42,1.0
9859,201404,0,644.0,12,0.0,0.0,0.0,600.0,35,0.0
9860,201404,1,221.0,10,0.0,0.0,0.0,1000.0,38,0.0
9861,201404,1,493.0,12,0.0,0.0,0.0,2000.0,37,0.0
9862,201404,0,847.0,12,0.0,0.0,4.0,500.0,60,0.0
9863,201403,0,127.0,12,0.0,0.0,0.0,841.36,34,0.0
9864,201404,0,228.0,12,0.0,0.0,0.0,300.0,52,0.0
9865,201402,0,3052.0,12,37.0,1.0,5.0,1400.0,31,7.0
9866,201412,0,2185.0,12,19.0,10.0,12.0,3000.0,53,4.0
9867,201410,1,356.0,12,0.0,0.0,0.0,600.0,40,0.0
9868,201407,0,1312.0,12,0.0,6.0,1.0,1200.0,69,0.0
9869,201406,1,210.0,12,0.0,0.0,0.0,1024.85,40,0.0
9870,201407,0,2241.0,10,10.0,0.0,0.0,1200.0,38,6.0
9871,201411,0,1808.0,3,7.0,0.0,0.0,842.86,34,4.0
9872,201402,0,579.0,5,0.0,0.0,0.0,1000.0,36,0.0
9873,201409,0,3243.0,6,12.0,0.0,0.0,1000.0,31,6.0
9874,201410,0,4374.0,8,27.0,11.0,12.0,1200.0,36,9.0
9875,201408,0,439.0,3,0.0,0.0,0.0,500.0,56,0.0
9876,201403,0,240.0,6,0.0,0.0,0.0,362.56,32,0.0
9877,201407,0,3220.0,12,16.0,0.0,1.0,700.0,39,37.0
9878,201403,0,3383.0,12,31.0,7.0,11.0,2000.0,60,31.0
9879,201407,0,248.0,12,0.0,0.0,0.0,1100.0,42,0.0
9880,201405,0,601.0,12,0.0,0.0,0.0,2000.0,45,0.0
9881,201401,0,1496.0,12,1.0,6.0,12.0,1000.0,67,1.0
9882,201410,0,2453.0,6,19.0,0.0,0.0,400.0,51,1.0
9883,201402,0,565.0,8,0.0,0.0,0.0,1200.0,39,0.0
9884,201402,0,2651.0,12,4.0,6.0,11.0,1000.0,52,5.0
9885,201411,1,269.0,12,0.0,0.0,0.0,1000.0,51,0.0
9886,201411,0,787.0,12,0.0,0.0,2.0,3000.0,73,0.0
9887,201408,1,2635.0,12,23.0,2.0,10.0,1500.0,38,10.0
9888,201410,1,331.0,12,0.0,0.0,0.0,1000.0,50,0.0
9889,201412,0,,12,,,,1000.0,54,
9890,201408,0,3980.0,12,46.0,7.0,12.0,1580.0,48,35.0
9891,201406,0,3663.0,12,59.0,3.0,12.0,300.0,39,7.0
9892,201401,0,1697.0,12,9.0,10.0,11.0,1500.0,42,1.0
9893,201409,0,268.0,12,0.0,0.0,0.0,1000.0,64,0.0
9894,201409,0,2443.0,4,18.0,7.0,12.0,800.0,29,11.0
9895,201406,1,2627.0,10,37.0,12.0,12.0,800.0,47,2.0
9896,201409,0,761.0,12,0.0,0.0,1.0,1500.0,49,0.0
9897,201401,0,392.0,12,0.0,0.0,0.0,500.0,67,0.0
9898,201405,0,3809.0,12,6.0,0.0,0.0,700.0,37,5.0
9899,201407,0,847.0,6,0.0,0.0,4.0,350.0,35,0.0
9900,201404,1,1406.0,12,0.0,8.0,12.0,1150.0,49,0.0
9901,201410,1,3924.0,10,41.0,9.0,12.0,600.0,58,19.0
9902,201406,0,2603.0,10,22.0,0.0,1.0,3000.0,49,16.0
9903,201410,0,928.0,12,0.0,0.0,4.0,700.0,32,0.0
9904,201403,0,457.0,12,0.0,0.0,0.0,1058.73,67,0.0
9905,201411,0,336.0,12,0.0,0.0,0.0,2000.0,53,0.0
9906,201403,0,4515.0,12,12.0,10.0,12.0,700.0,43,48.0
9907,201403,1,448.0,12,0.0,0.0,0.0,500.0,36,0.0
9908,201405,0,790.0,5,0.0,0.0,2.0,300.0,47,0.0
9909,201407,0,648.0,6,0.0,0.0,0.0,600.0,39,0.0
9910,201412,0,394.0,12,0.0,0.0,0.0,1000.0,44,0.0
9911,201402,0,2483.0,3,2.0,0.0,5.0,500.0,55,2.0
9912,201404,0,2030.0,12,12.0,5.0,9.0,1040.0,62,7.0
9913,201404,0,413.0,5,0.0,0.0,0.0,451.0,39,0.0
9914,201409,0,1233.0,7,0.0,3.0,12.0,700.0,50,0.0
9915,201412,1,1875.0,12,14.0,11.0,12.0,2000.0,66,2.0
9916,201402,0,615.0,12,0.0,0.0,0.0,500.0,38,0.0
9917,201403,0,830.0,8,0.0,0.0,4.0,1379.69,42,0.0
9918,201403,0,574.0,12,0.0,0.0,0.0,1050.0,36,0.0
9919,201401,0,388.0,8,0.0,0.0,0.0,1000.0,54,0.0
9920,201403,0,514.0,12,0.0,0.0,0.0,600.0,36,0.0
9921,201405,0,3318.0,12,50.0,7.0,0.0,1000.0,55,4.0
9922,201411,1,622.0,12,0.0,0.0,0.0,2252.69,53,0.0
9923,201409,0,378.0,10,0.0,0.0,0.0,250.0,52,0.0
9924,201403,0,1116.0,8,0.0,0.0,12.0,500.0,51,0.0
9925,201412,0,930.0,12,0.0,0.0,8.0,1000.0,62,0.0
9926,201402,0,2913.0,10,8.0,1.0,1.0,1000.0,37,11.0
9927,201402,0,1007.0,12,0.0,0.0,9.0,450.0,59,0.0
9928,201404,0,1216.0,12,0.0,3.0,11.0,1500.0,38,0.0
9929,201410,0,930.0,12,0.0,0.0,7.0,700.0,63,0.0
9930,201407,0,1295.0,3,0.0,6.0,8.0,300.0,24,0.0
9931,201405,1,833.0,12,0.0,0.0,4.0,873.27,23,0.0
9932,201403,1,,12,,,,600.0,51,
9933,201409,0,323.0,12,0.0,0.0,0.0,700.0,54,0.0
9934,201402,0,576.0,12,0.0,0.0,0.0,1000.0,42,0.0
9935,201409,0,1195.0,12,0.0,1.0,7.0,500.0,61,0.0
9936,201401,0,499.0,12,0.0,0.0,0.0,1000.0,48,0.0
9937,201404,0,1594.0,12,3.0,9.0,12.0,2000.0,49,2.0
9938,201406,0,194.0,8,0.0,0.0,0.0,500.0,62,0.0
9939,201412,0,1814.0,12,11.0,12.0,12.0,1209.58,42,2.0
9940,201405,0,476.0,12,0.0,0.0,0.0,1500.0,59,0.0
9941,201411,1,864.0,10,0.0,0.0,5.0,500.0,60,0.0
9942,201401,1,224.0,12,0.0,0.0,0.0,1500.0,55,0.0
9943,201405,0,393.0,10,0.0,0.0,0.0,480.0,48,0.0
9944,201406,1,434.0,10,0.0,0.0,0.0,1000.0,50,0.0
9945,201408,0,864.0,12,0.0,0.0,5.0,500.0,51,0.0
9946,201411,1,540.0,10,0.0,0.0,0.0,1000.0,49,0.0
9947,201410,0,356.0,7,0.0,0.0,0.0,500.0,59,0.0
9948,201401,0,538.0,12,0.0,0.0,0.0,1000.0,52,0.0
9949,201407,0,220.0,10,0.0,0.0,0.0,1786.18,36,0.0
9950,201406,1,198.0,12,0.0,0.0,0.0,602.72,23,0.0
9951,201405,1,472.0,12,0.0,0.0,0.0,1000.0,42,0.0
9952,201410,0,437.0,12,0.0,0.0,0.0,1000.0,46,0.0
9953,201407,0,1258.0,10,0.0,1.0,6.0,1000.0,50,0.0
9954,201408,0,1887.0,12,13.0,12.0,12.0,2017.39,35,1.0
9955,201409,0,547.0,12,0.0,0.0,0.0,500.0,24,0.0
9956,201412,1,772.0,12,0.0,0.0,2.0,1900.0,41,0.0
9957,201403,0,332.0,7,0.0,0.0,0.0,700.0,50,0.0
9958,201412,0,352.0,12,0.0,0.0,0.0,2518.6,50,0.0
9959,201403,0,323.0,4,0.0,0.0,0.0,300.0,38,0.0
9960,201404,0,496.0,12,0.0,0.0,0.0,1500.0,34,0.0
9961,201409,0,1457.0,8,0.0,11.0,12.0,2000.0,42,0.0
9962,201405,1,430.0,12,0.0,0.0,0.0,1000.0,47,0.0
9963,201407,0,225.0,12,0.0,0.0,0.0,500.0,39,0.0
9964,201406,0,326.0,12,0.0,0.0,0.0,1000.0,42,0.0
9965,201410,1,956.0,12,0.0,0.0,6.0,1060.0,45,0.0
9966,201406,0,3017.0,8,46.0,11.0,12.0,800.0,50,3.0
9967,201410,0,1782.0,12,5.0,8.0,10.0,800.0,50,1.0
9968,201404,0,4755.0,10,38.0,0.0,11.0,700.0,40,14.0
9969,201402,1,609.0,12,0.0,0.0,0.0,2900.69,56,0.0
9970,201409,0,1763.0,3,6.0,2.0,10.0,400.0,41,3.0
9971,201405,0,122.0,12,0.0,0.0,0.0,780.0,61,0.0
9972,201403,0,1481.0,12,0.0,7.0,10.0,2825.67,50,1.0
9973,201409,0,395.0,3,0.0,0.0,0.0,400.0,31,0.0
9974,201409,1,2191.0,6,19.0,8.0,12.0,500.0,56,5.0
9975,201406,1,2431.0,12,27.0,12.0,12.0,2000.0,39,5.0
9976,201408,0,4853.0,12,42.0,7.0,10.0,1000.0,68,5.0
9977,201412,0,1151.0,12,0.0,1.0,0.0,1452.46,57,0.0
9978,201412,0,844.0,12,0.0,0.0,4.0,1000.0,43,0.0
9979,201408,1,615.0,12,0.0,0.0,0.0,1000.0,32,0.0
9980,201411,1,902.0,12,0.0,0.0,6.0,1479.38,41,0.0
9981,201401,1,536.0,8,0.0,0.0,0.0,1000.0,39,0.0
9982,201401,1,1568.0,12,1.0,2.0,10.0,1081.09,47,2.0
9983,201410,0,2985.0,12,5.0,0.0,0.0,1500.0,70,5.0
9984,201405,1,741.0,12,0.0,0.0,1.0,1000.0,39,0.0
9985,201411,0,809.0,12,0.0,0.0,2.0,1000.0,52,0.0
9986,201406,0,1024.0,12,0.0,0.0,10.0,1353.55,45,0.0
9987,201409,0,3555.0,10,18.0,0.0,4.0,918.0,41,14.0
9988,201407,0,405.0,12,0.0,0.0,0.0,2524.61,43,0.0
9989,201403,1,809.0,8,0.0,0.0,2.0,500.0,42,0.0
9990,201408,1,1489.0,9,0.0,4.0,12.0,3000.0,45,1.0
9991,201409,0,4977.0,12,87.0,12.0,11.0,2700.0,41,9.0
9992,201405,1,823.0,10,0.0,0.0,4.0,300.0,34,0.0
9993,201401,0,3088.0,12,37.0,0.0,10.0,2000.0,40,15.0
9994,201404,0,283.0,12,0.0,0.0,0.0,2000.0,53,0.0
9995,201412,0,928.0,12,0.0,0.0,7.0,2000.0,65,0.0
9996,201401,0,866.0,3,0.0,0.0,5.0,289.23,53,0.0
9997,201408,0,221.0,5,0.0,0.0,0.0,500.0,59,0.0
9998,201409,1,1729.0,12,7.0,8.0,11.0,2840.88,41,2.0
9999,201403,1,246.0,12,0.0,0.0,0.0,1000.0,56,0.0
10000,201411,0,874.0,10,0.0,0.0,5.0,500.0,49,0.0
10001,201401,0,2589.0,12,35.0,8.0,12.0,1000.0,67,2.0
10002,201408,1,1418.0,5,0.0,6.0,0.0,300.0,48,0.0
10003,201410,0,809.0,10,0.0,0.0,2.0,600.0,37,0.0
10004,201402,1,648.0,12,0.0,0.0,0.0,348.0,39,0.0
10005,201411,1,455.0,12,0.0,0.0,0.0,2000.0,53,0.0
10006,201403,0,3911.0,5,21.0,0.0,0.0,736.59,49,15.0
10007,201408,0,178.0,4,0.0,0.0,0.0,600.0,59,0.0
10008,201401,1,4523.0,12,70.0,2.0,12.0,1500.0,40,12.0
10009,201409,1,2822.0,12,23.0,0.0,1.0,3000.0,44,3.0
10010,201404,0,1215.0,12,0.0,3.0,11.0,1500.0,56,0.0
10011,201407,1,2267.0,12,17.0,4.0,8.0,1100.0,25,10.0
10012,201408,0,197.0,12,0.0,0.0,0.0,2000.0,57,0.0
10013,201411,0,916.0,8,0.0,0.0,7.0,500.0,39,0.0
10014,201405,0,699.0,12,0.0,0.0,0.0,300.0,40,0.0
10015,201401,0,861.0,12,0.0,0.0,4.0,2000.0,51,0.0
10016,201403,0,311.0,12,0.0,0.0,0.0,1452.0,72,0.0
10017,201404,1,489.0,8,0.0,0.0,0.0,500.0,57,0.0
10018,201404,0,476.0,12,0.0,0.0,0.0,1500.0,66,0.0
10019,201409,1,644.0,12,0.0,0.0,0.0,1000.0,48,0.0
10020,201407,0,580.0,12,0.0,0.0,0.0,700.0,61,0.0
10021,201404,0,430.0,12,0.0,0.0,0.0,1000.0,41,0.0
10022,201401,1,1046.0,8,0.0,0.0,11.0,500.0,37,0.0
10023,201402,0,1665.0,12,3.0,1.0,12.0,1500.0,43,2.0
10024,201404,0,4457.0,12,76.0,12.0,8.0,1000.0,53,15.0
10025,201412,1,3578.0,12,12.0,4.0,12.0,2000.0,44,8.0
10026,201409,0,2841.0,12,22.0,2.0,1.0,1000.0,35,10.0
10027,201404,0,2995.0,3,5.0,0.0,7.0,150.0,57,3.0
10028,201407,0,2507.0,12,14.0,0.0,3.0,2000.0,51,12.0
10029,201408,0,2778.0,12,22.0,7.0,0.0,700.0,38,10.0
10030,201408,0,3390.0,12,13.0,0.0,9.0,1840.51,32,2.0
10031,201404,0,908.0,12,0.0,0.0,6.0,1260.07,34,0.0
10032,201412,1,1633.0,12,6.0,6.0,0.0,1949.78,42,2.0
10033,201407,0,1235.0,10,0.0,2.0,10.0,600.0,38,0.0
10034,201406,0,3101.0,12,49.0,12.0,12.0,1000.0,39,5.0
10035,201405,0,3073.0,10,27.0,1.0,0.0,1200.0,64,9.0
10036,201403,0,499.0,12,0.0,0.0,0.0,2500.0,32,0.0
10037,201405,0,1303.0,6,0.0,6.0,12.0,200.0,42,0.0
10038,201403,0,2058.0,6,19.0,11.0,10.0,500.0,44,1.0
10039,201403,0,1295.0,12,0.0,5.0,9.0,1500.0,49,0.0
10040,201401,1,896.0,12,0.0,0.0,5.0,1500.0,44,0.0
10041,201407,0,711.0,12,0.0,0.0,0.0,1000.0,56,0.0
10042,201402,1,345.0,12,0.0,0.0,0.0,1000.0,38,0.0
10043,201411,1,368.0,8,0.0,0.0,0.0,884.79,39,0.0
10044,201404,0,1180.0,6,0.0,2.0,12.0,600.0,47,0.0
10045,201409,0,789.0,10,0.0,0.0,2.0,500.0,24,0.0
10046,201402,0,2327.0,12,9.0,10.0,9.0,1500.0,71,6.0
10047,201409,0,780.0,10,0.0,0.0,4.0,800.0,42,0.0
10048,201403,0,372.0,12,0.0,0.0,0.0,1000.0,26,0.0
10049,201409,0,2886.0,10,33.0,6.0,8.0,500.0,48,11.0
10050,201405,0,1753.0,10,5.0,0.0,6.0,800.0,49,1.0
10051,201404,1,2010.0,12,14.0,12.0,11.0,1500.0,47,4.0
10052,201410,0,2933.0,12,28.0,2.0,7.0,2000.0,56,20.0
10053,201405,0,1381.0,6,0.0,8.0,12.0,578.77,37,0.0
10054,201404,0,2086.0,12,17.0,6.0,12.0,2000.0,48,3.0
10055,201405,0,835.0,12,0.0,0.0,3.0,600.0,51,0.0
10056,201408,0,619.0,12,0.0,0.0,0.0,1000.0,50,0.0
10057,201407,0,264.0,7,0.0,0.0,0.0,500.0,40,0.0
10058,201407,0,598.0,12,0.0,0.0,0.0,1200.0,55,0.0
10059,201409,0,861.0,4,0.0,0.0,4.0,600.0,56,0.0
10060,201405,1,571.0,12,0.0,0.0,0.0,1000.0,36,0.0
10061,201407,0,880.0,12,0.0,0.0,8.0,2500.0,68,0.0
10062,201409,0,462.0,12,0.0,0.0,0.0,1500.0,45,0.0
10063,201404,0,1996.0,12,6.0,0.0,0.0,1245.0,71,12.0
10064,201401,1,567.0,12,0.0,0.0,0.0,1000.0,53,0.0
10065,201408,0,1043.0,10,0.0,0.0,8.0,918.68,30,0.0
10066,201402,1,216.0,12,0.0,0.0,0.0,930.0,51,0.0
10067,201404,0,623.0,12,0.0,0.0,0.0,2000.0,49,0.0
10068,201405,0,2071.0,12,6.0,1.0,7.0,2800.0,39,4.0
10069,201404,0,181.0,12,0.0,0.0,0.0,980.78,37,0.0
10070,201411,1,69.0,12,0.0,0.0,0.0,1000.0,56,0.0
10071,201406,0,1551.0,12,2.0,9.0,1.0,1000.0,40,1.0
10072,201407,0,2822.0,12,26.0,4.0,11.0,1000.0,68,2.0
10073,201402,0,298.0,12,0.0,0.0,0.0,1000.0,61,0.0
10074,201410,0,510.0,8,0.0,0.0,0.0,270.0,41,0.0
10075,201405,0,776.0,12,0.0,0.0,1.0,1043.67,33,0.0
10076,201407,0,1042.0,8,0.0,0.0,11.0,1200.0,53,0.0
10077,201404,0,485.0,6,0.0,0.0,0.0,200.0,40,0.0
10078,201402,0,594.0,12,0.0,0.0,0.0,2900.69,57,0.0
10079,201404,0,1224.0,12,0.0,4.0,12.0,1200.0,66,0.0
10080,201404,0,2358.0,12,22.0,7.0,12.0,800.0,43,8.0
10081,201402,0,689.0,12,0.0,0.0,0.0,1000.0,65,0.0
10082,201402,0,1063.0,12,0.0,0.0,9.0,2900.69,41,0.0
10083,201406,1,210.0,12,0.0,0.0,0.0,800.0,28,0.0
10084,201409,1,647.0,12,0.0,0.0,0.0,1762.18,39,0.0
10085,201403,0,744.0,12,0.0,0.0,1.0,1000.0,36,0.0
10086,201401,0,1070.0,12,0.0,1.0,12.0,857.33,48,0.0
10087,201404,0,830.0,12,0.0,0.0,3.0,500.0,24,0.0
10088,201410,1,638.0,12,0.0,0.0,0.0,1000.0,43,0.0
10089,201404,0,926.0,12,0.0,0.0,7.0,1190.76,32,0.0
10090,201407,0,294.0,5,0.0,0.0,0.0,500.0,53,0.0
10091,201409,0,1177.0,12,0.0,2.0,4.0,600.0,43,0.0
10092,201401,0,1706.0,12,7.0,10.0,12.0,1000.0,43,1.0
10093,201403,0,253.0,12,0.0,0.0,0.0,871.79,49,0.0
10094,201406,0,357.0,12,0.0,0.0,0.0,600.0,40,0.0
10095,201402,1,355.0,12,0.0,0.0,0.0,2000.0,48,0.0
10096,201408,0,1043.0,12,0.0,0.0,9.0,1500.0,33,0.0
10097,201402,0,631.0,12,0.0,0.0,0.0,200.0,45,0.0
10098,201409,0,757.0,3,0.0,0.0,1.0,800.0,35,0.0
10099,201408,0,392.0,12,0.0,0.0,0.0,1922.88,26,0.0
10100,201406,0,225.0,12,0.0,0.0,0.0,1000.0,44,0.0
10101,201401,0,382.0,9,0.0,0.0,0.0,500.0,43,0.0
10102,201404,1,1373.0,12,0.0,6.0,1.0,3000.0,35,0.0
10103,201404,0,2923.0,12,23.0,0.0,0.0,1296.82,34,16.0
10104,201406,0,222.0,6,0.0,0.0,0.0,300.0,44,0.0
10105,201409,0,602.0,10,0.0,0.0,0.0,800.0,58,0.0
10106,201404,0,1501.0,12,1.0,9.0,9.0,2454.88,55,1.0
10107,201412,0,2392.0,12,30.0,9.0,10.0,1500.0,48,1.0
10108,201408,0,3227.0,12,20.0,1.0,0.0,2000.0,39,27.0
10109,201411,1,554.0,12,0.0,0.0,0.0,2628.47,55,0.0
10110,201403,0,1001.0,5,0.0,0.0,8.0,500.0,51,0.0
10111,201405,1,432.0,12,0.0,0.0,0.0,1529.34,72,0.0
10112,201405,0,1106.0,6,0.0,0.0,8.0,180.0,44,0.0
10113,201403,1,1178.0,12,0.0,2.0,1.0,1500.0,45,0.0
10114,201403,0,786.0,12,0.0,0.0,2.0,1000.0,37,0.0
10115,201407,0,3489.0,12,45.0,3.0,9.0,2584.77,43,20.0
10116,201405,0,1280.0,10,0.0,5.0,12.0,500.0,39,0.0
10117,201411,0,428.0,6,0.0,0.0,0.0,750.0,32,0.0
10118,201409,0,4747.0,12,33.0,0.0,0.0,1000.0,60,14.0
10119,201404,0,408.0,12,0.0,0.0,0.0,1000.0,57,0.0
10120,201402,0,4081.0,5,39.0,0.0,0.0,737.95,35,15.0
10121,201406,0,3460.0,12,52.0,4.0,11.0,2000.0,41,6.0
10122,201404,0,3056.0,5,36.0,6.0,8.0,800.0,60,5.0
10123,201404,0,1014.0,12,0.0,0.0,10.0,2000.0,56,0.0
10124,201412,0,1224.0,12,0.0,2.0,10.0,1000.0,33,0.0
10125,201409,0,1839.0,12,5.0,7.0,7.0,2000.0,51,6.0
10126,201406,1,767.0,12,0.0,0.0,2.0,950.0,43,0.0
10127,201403,1,,12,,,,1500.0,31,
10128,201412,0,3326.0,12,30.0,12.0,10.0,3000.0,58,8.0
10129,201410,0,1898.0,8,8.0,12.0,12.0,1600.0,38,6.0
10130,201412,0,832.0,12,0.0,0.0,4.0,1793.61,39,0.0
10131,201410,0,1050.0,12,0.0,0.0,11.0,1000.0,54,0.0
10132,201410,1,701.0,12,0.0,0.0,0.0,1503.49,54,0.0
10133,201401,1,447.0,12,0.0,0.0,0.0,2500.0,46,0.0
10134,201411,0,4066.0,6,57.0,9.0,11.0,1000.0,39,20.0
10135,201409,0,479.0,12,0.0,0.0,0.0,1000.0,55,0.0
10136,201412,0,4901.0,12,22.0,8.0,12.0,2810.0,38,3.0
10137,201408,0,169.0,12,0.0,0.0,0.0,1947.05,37,0.0
10138,201406,0,1524.0,4,1.0,6.0,12.0,480.0,45,1.0
10139,201408,0,2483.0,12,33.0,12.0,12.0,1000.0,49,1.0
10140,201401,0,462.0,12,0.0,0.0,0.0,1000.0,46,0.0
10141,201411,0,2006.0,12,17.0,10.0,8.0,1000.0,37,1.0
10142,201412,1,2546.0,12,20.0,7.0,7.0,1000.0,46,14.0
10143,201410,0,1031.0,12,0.0,0.0,10.0,2000.0,67,0.0
10144,201404,0,2021.0,12,9.0,8.0,11.0,800.0,43,10.0
10145,201406,0,2657.0,12,5.0,0.0,0.0,1000.0,44,2.0
10146,201402,0,1250.0,12,0.0,3.0,0.0,900.0,32,0.0
10147,201410,0,218.0,12,0.0,0.0,0.0,1464.41,24,0.0
10148,201404,0,1943.0,10,13.0,4.0,10.0,800.0,39,4.0
10149,201407,1,296.0,12,0.0,0.0,0.0,1500.0,47,0.0
10150,201411,0,1567.0,7,3.0,5.0,9.0,1000.0,35,1.0
10151,201411,0,571.0,12,0.0,0.0,0.0,900.0,35,0.0
10152,201401,1,383.0,12,0.0,0.0,0.0,902.18,43,0.0
10153,201401,0,211.0,12,0.0,0.0,0.0,700.0,43,0.0
10154,201410,0,1784.0,3,10.0,7.0,9.0,300.0,35,1.0
10155,201409,0,2932.0,12,9.0,8.0,6.0,2047.45,31,16.0
10156,201406,1,482.0,12,0.0,0.0,0.0,3000.0,59,0.0
10157,201402,0,642.0,12,0.0,0.0,0.0,500.0,43,0.0
10158,201403,0,294.0,12,0.0,0.0,0.0,600.0,34,0.0
10159,201404,0,245.0,5,0.0,0.0,0.0,400.0,55,0.0
10160,201412,1,191.0,8,0.0,0.0,0.0,1000.0,37,0.0
10161,201402,0,535.0,12,0.0,0.0,0.0,992.31,50,0.0
10162,201405,0,1320.0,10,0.0,3.0,10.0,610.0,38,0.0
10163,201402,1,390.0,12,0.0,0.0,0.0,688.65,33,0.0
10164,201409,0,945.0,12,0.0,0.0,7.0,2000.0,58,0.0
10165,201407,0,3507.0,3,19.0,0.0,0.0,300.0,34,13.0
10166,201402,0,819.0,12,0.0,0.0,3.0,601.1,41,0.0
10167,201406,0,950.0,7,0.0,0.0,7.0,500.0,48,0.0
10168,201403,0,294.0,6,0.0,0.0,0.0,417.83,24,0.0
10169,201404,1,942.0,12,0.0,0.0,7.0,2000.0,51,0.0
10170,201402,0,323.0,8,0.0,0.0,0.0,330.0,43,0.0
10171,201403,0,1621.0,12,4.0,9.0,11.0,2000.0,41,1.0
10172,201403,0,299.0,6,0.0,0.0,0.0,718.57,25,0.0
10173,201407,1,3479.0,6,5.0,0.0,0.0,500.0,60,2.0
10174,201407,1,148.0,12,0.0,0.0,0.0,1200.0,60,0.0
10175,201408,0,1763.0,6,7.0,10.0,12.0,500.0,41,3.0
10176,201409,1,1685.0,12,3.0,5.0,7.0,800.0,41,4.0
10177,201404,0,672.0,6,0.0,0.0,0.0,500.0,29,0.0
10178,201403,1,1037.0,12,0.0,0.0,10.0,2000.0,52,0.0
10179,201411,1,838.0,12,0.0,0.0,3.0,1000.0,42,0.0
10180,201408,0,2682.0,3,34.0,0.0,2.0,500.0,55,6.0
10181,201406,0,2132.0,10,19.0,10.0,11.0,1000.0,48,3.0
10182,201402,1,2177.0,12,9.0,0.0,3.0,733.24,32,3.0
10183,201408,1,1107.0,12,0.0,1.0,11.0,1000.0,57,0.0
10184,201403,0,303.0,12,0.0,0.0,0.0,1000.0,50,0.0
10185,201406,0,770.0,12,0.0,0.0,1.0,400.0,37,0.0
10186,201404,0,1693.0,12,6.0,4.0,7.0,1000.0,45,1.0
10187,201408,0,1475.0,12,0.0,7.0,0.0,805.98,58,1.0
10188,201401,0,1985.0,12,15.0,8.0,11.0,1000.0,56,2.0
10189,201410,1,305.0,12,0.0,0.0,0.0,1000.0,54,0.0
10190,201412,0,453.0,6,0.0,0.0,0.0,1000.0,48,0.0
10191,201409,0,4158.0,12,6.0,0.0,11.0,1400.0,41,9.0
10192,201405,0,3587.0,12,69.0,12.0,11.0,1500.0,41,2.0
10193,201411,1,3644.0,10,67.0,8.0,0.0,2000.0,55,5.0
10194,201408,0,1637.0,12,5.0,9.0,12.0,2752.55,45,1.0
10195,201410,0,397.0,12,0.0,0.0,0.0,2085.0,58,0.0
10196,201407,0,226.0,12,0.0,0.0,0.0,1000.0,34,0.0
10197,201412,0,3324.0,12,22.0,11.0,12.0,600.0,67,9.0
10198,201411,1,770.0,12,0.0,0.0,2.0,1076.72,69,0.0
10199,201409,0,296.0,12,0.0,0.0,0.0,600.0,41,0.0
10200,201405,0,738.0,12,0.0,0.0,1.0,3000.0,69,0.0
10201,201401,0,400.0,6,0.0,0.0,0.0,500.0,54,0.0
10202,201410,0,256.0,12,0.0,0.0,0.0,2051.06,43,0.0
10203,201404,1,1724.0,12,8.0,9.0,12.0,1000.0,53,1.0
10204,201410,1,556.0,12,0.0,0.0,0.0,2000.0,44,0.0
10205,201405,0,4131.0,8,62.0,0.0,0.0,350.0,43,8.0
10206,201408,0,1255.0,12,0.0,4.0,11.0,600.0,52,0.0
10207,201407,0,1611.0,5,4.0,9.0,12.0,340.0,41,1.0
10208,201409,1,488.0,12,0.0,0.0,0.0,2707.28,27,0.0
10209,201406,0,3086.0,10,42.0,12.0,12.0,1000.0,39,4.0
10210,201409,1,998.0,12,0.0,0.0,9.0,2592.4,45,0.0
10211,201412,1,810.0,10,0.0,0.0,3.0,1000.0,41,0.0
10212,201411,0,1056.0,12,0.0,0.0,10.0,900.0,46,0.0
10213,201403,0,443.0,12,0.0,0.0,0.0,1000.0,50,0.0
10214,201408,0,562.0,10,0.0,0.0,0.0,1000.0,49,0.0
10215,201405,0,1111.0,6,0.0,0.0,12.0,1360.0,48,0.0
10216,201409,0,194.0,12,0.0,0.0,0.0,1047.8,37,0.0
10217,201412,1,517.0,12,0.0,0.0,0.0,3000.0,63,0.0
10218,201407,0,397.0,12,0.0,0.0,0.0,1500.0,67,0.0
10219,201408,0,2582.0,5,18.0,5.0,12.0,987.47,47,15.0
10220,201402,0,829.0,4,0.0,0.0,2.0,550.0,36,0.0
10221,201404,0,632.0,7,0.0,0.0,0.0,500.0,43,0.0
10222,201407,1,224.0,12,0.0,0.0,0.0,500.0,43,0.0
10223,201411,0,1104.0,4,0.0,0.0,12.0,800.0,47,0.0
10224,201412,1,358.0,12,0.0,0.0,0.0,1220.0,52,0.0
10225,201402,0,1173.0,12,0.0,1.0,6.0,1200.0,58,0.0
10226,201410,0,604.0,12,0.0,0.0,0.0,2000.0,59,0.0
10227,201408,0,1418.0,12,0.0,6.0,12.0,1000.0,62,0.0
10228,201410,0,870.0,12,0.0,0.0,5.0,1000.0,41,0.0
10229,201412,1,1276.0,6,0.0,4.0,9.0,1063.99,37,0.0
10230,201406,0,2515.0,12,6.0,10.0,11.0,1200.0,42,5.0
10231,201401,1,188.0,12,0.0,0.0,0.0,578.58,56,0.0
10232,201402,0,416.0,12,0.0,0.0,0.0,600.0,60,0.0
10233,201408,0,2176.0,12,7.0,7.0,8.0,500.0,62,4.0
10234,201408,0,2630.0,12,30.0,10.0,12.0,2000.0,44,7.0
10235,201404,0,222.0,12,0.0,0.0,0.0,600.0,68,0.0
10236,201402,0,3061.0,10,24.0,8.0,11.0,1000.0,58,11.0
10237,201402,1,701.0,12,0.0,0.0,0.0,2919.88,46,0.0
10238,201407,0,1307.0,12,0.0,5.0,12.0,800.0,54,0.0
10239,201407,1,577.0,6,0.0,0.0,0.0,500.0,38,0.0
10240,201402,1,1609.0,12,5.0,9.0,8.0,2000.0,77,1.0
10241,201407,0,2550.0,12,10.0,0.0,8.0,1500.0,67,2.0
10242,201404,0,3732.0,12,41.0,11.0,6.0,2000.0,45,8.0
10243,201410,0,613.0,12,0.0,0.0,0.0,800.0,63,0.0
10244,201410,1,4963.0,12,11.0,0.0,11.0,2500.0,49,11.0
10245,201408,1,655.0,10,0.0,0.0,0.0,800.0,65,0.0
10246,201405,0,2810.0,12,40.0,9.0,12.0,990.0,37,2.0
10247,201411,1,951.0,12,0.0,0.0,8.0,2000.0,56,0.0
10248,201406,0,764.0,12,0.0,0.0,2.0,500.0,43,0.0
10249,201407,0,497.0,12,0.0,0.0,0.0,2483.88,54,0.0
10250,201401,0,3518.0,12,31.0,1.0,6.0,2000.0,46,17.0
10251,201407,1,3977.0,12,60.0,10.0,12.0,1000.0,39,24.0
10252,201412,1,1143.0,12,0.0,0.0,12.0,500.0,41,0.0
10253,201411,1,962.0,10,0.0,0.0,8.0,1000.0,42,0.0
10254,201408,0,1140.0,12,0.0,1.0,12.0,1000.0,34,0.0
10255,201410,0,308.0,5,0.0,0.0,0.0,400.0,37,0.0
10256,201406,1,349.0,12,0.0,0.0,0.0,2818.97,51,0.0
10257,201409,0,296.0,12,0.0,0.0,0.0,2346.86,51,0.0
10258,201402,1,386.0,5,0.0,0.0,0.0,300.0,33,0.0
10259,201407,0,293.0,12,0.0,0.0,0.0,500.0,51,0.0
10260,201405,0,993.0,12,0.0,0.0,8.0,984.54,71,0.0
10261,201405,0,3684.0,4,17.0,2.0,11.0,200.0,46,4.0
10262,201409,0,1625.0,12,5.0,0.0,8.0,3000.0,68,1.0
10263,201404,0,177.0,5,0.0,0.0,0.0,370.0,59,0.0
10264,201405,1,1509.0,12,1.0,10.0,5.0,1300.0,42,1.0
10265,201410,1,222.0,12,0.0,0.0,0.0,955.0,65,0.0
10266,201410,1,175.0,12,0.0,0.0,0.0,1000.0,30,0.0
10267,201406,0,895.0,10,0.0,0.0,5.0,500.0,46,0.0
10268,201408,0,234.0,12,0.0,0.0,0.0,1000.0,56,0.0
10269,201406,1,1207.0,12,0.0,4.0,12.0,1400.0,39,0.0
10270,201412,0,,12,,,,1452.41,41,
10271,201401,0,989.0,12,0.0,0.0,8.0,500.0,69,0.0
10272,201404,0,928.0,12,0.0,0.0,6.0,2400.0,59,0.0
10273,201409,0,1727.0,12,3.0,10.0,12.0,1375.51,58,2.0
10274,201404,0,660.0,12,0.0,0.0,0.0,1000.0,49,0.0
10275,201409,0,2184.0,10,17.0,8.0,9.0,1000.0,38,6.0
10276,201411,0,764.0,10,0.0,0.0,1.0,500.0,41,0.0
10277,201407,0,437.0,5,0.0,0.0,0.0,284.0,35,0.0
10278,201404,0,833.0,12,0.0,0.0,3.0,2967.76,42,0.0
10279,201404,0,1714.0,12,8.0,10.0,11.0,3000.0,44,1.0
10280,201405,0,918.0,6,0.0,0.0,6.0,1858.14,64,0.0
10281,201406,0,550.0,12,0.0,0.0,0.0,868.82,42,0.0
10282,201410,0,307.0,12,0.0,0.0,0.0,1000.0,52,0.0
10283,201408,1,2895.0,7,41.0,11.0,12.0,1000.0,63,6.0
10284,201402,0,997.0,12,0.0,0.0,9.0,1100.0,62,0.0
10285,201411,0,2345.0,12,21.0,9.0,12.0,1000.0,40,6.0
10286,201404,0,224.0,12,0.0,0.0,0.0,600.0,60,0.0
10287,201401,0,768.0,12,0.0,0.0,1.0,1000.0,45,0.0
10288,201406,0,1265.0,12,0.0,3.0,9.0,700.0,45,0.0
10289,201401,0,690.0,12,0.0,0.0,0.0,778.85,42,0.0
10290,201403,1,485.0,12,0.0,0.0,0.0,2000.0,42,0.0
10291,201410,1,276.0,12,0.0,0.0,0.0,1000.0,59,0.0
10292,201411,0,1506.0,12,0.0,8.0,11.0,2500.0,38,1.0
10293,201405,0,432.0,12,0.0,0.0,0.0,950.0,58,0.0
10294,201404,0,761.0,8,0.0,0.0,1.0,220.0,44,0.0
10295,201403,0,2601.0,10,27.0,2.0,12.0,2500.0,60,9.0
10296,201404,1,820.0,12,0.0,0.0,3.0,1000.0,58,0.0
10297,201402,0,891.0,12,0.0,0.0,11.0,1000.0,57,0.0
10298,201408,0,3114.0,7,30.0,2.0,12.0,1000.0,49,20.0
10299,201407,0,3280.0,12,9.0,0.0,0.0,550.0,43,4.0
10300,201402,0,4046.0,12,76.0,12.0,12.0,1000.0,38,4.0
10301,201407,0,927.0,10,0.0,0.0,7.0,1800.0,57,0.0
10302,201410,0,680.0,12,0.0,0.0,0.0,2400.0,53,0.0
10303,201408,1,239.0,12,0.0,0.0,0.0,1592.03,33,0.0
10304,201412,0,1176.0,12,0.0,2.0,5.0,900.0,41,0.0
10305,201411,0,908.0,10,0.0,0.0,6.0,1300.0,37,0.0
10306,201406,1,2933.0,12,46.0,10.0,12.0,2000.0,43,3.0
10307,201409,0,821.0,8,0.0,0.0,1.0,900.0,53,0.0
10308,201410,0,1180.0,12,0.0,1.0,9.0,1900.0,43,0.0
10309,201412,0,,8,,,,1651.23,54,
10310,201405,0,794.0,3,0.0,0.0,3.0,250.0,56,0.0
10311,201404,0,,10,,,,1000.0,55,
10312,201402,0,3136.0,12,47.0,12.0,12.0,1000.0,41,4.0
10313,201409,0,901.0,12,0.0,0.0,6.0,1286.55,42,0.0
10314,201410,1,407.0,12,0.0,0.0,0.0,1000.0,57,0.0
10315,201406,0,501.0,12,0.0,0.0,0.0,1748.48,31,0.0
10316,201405,0,2060.0,12,10.0,4.0,6.0,1775.83,50,5.0
10317,201402,1,482.0,12,0.0,0.0,0.0,1500.0,36,0.0
10318,201403,0,531.0,12,0.0,0.0,0.0,600.0,43,0.0
10319,201405,0,1010.0,5,0.0,0.0,9.0,400.0,39,0.0
10320,201407,0,959.0,10,0.0,0.0,8.0,500.0,35,0.0
10321,201403,0,1102.0,12,0.0,1.0,9.0,1000.0,63,0.0
10322,201406,0,1316.0,12,0.0,5.0,12.0,1000.0,51,0.0
10323,201411,0,1419.0,8,0.0,2.0,10.0,1500.0,46,0.0
10324,201406,0,3102.0,6,48.0,12.0,11.0,400.0,59,6.0
10325,201406,1,635.0,12,0.0,0.0,0.0,1000.0,58,0.0
10326,201410,0,407.0,12,0.0,0.0,0.0,1000.0,33,0.0
10327,201407,1,2842.0,12,35.0,7.0,12.0,1500.0,39,9.0
10328,201407,1,-9.0,8,0.0,0.0,0.0,872.84,37,0.0
10329,201410,0,1409.0,3,0.0,6.0,12.0,500.0,44,0.0
10330,201404,1,1028.0,12,0.0,0.0,10.0,1500.0,66,0.0
10331,201411,0,245.0,12,0.0,0.0,0.0,1000.0,42,0.0
10332,201408,0,971.0,10,0.0,0.0,8.0,1000.0,39,0.0
10333,201405,0,1981.0,3,3.0,0.0,0.0,300.0,39,6.0
10334,201402,0,2988.0,4,37.0,8.0,12.0,150.0,45,11.0
10335,201405,1,284.0,12,0.0,0.0,0.0,1000.0,50,0.0
10336,201403,0,333.0,12,0.0,0.0,0.0,320.0,44,0.0
10337,201405,0,227.0,12,0.0,0.0,0.0,500.0,41,0.0
10338,201401,0,627.0,8,0.0,0.0,0.0,1000.0,50,0.0
10339,201406,0,235.0,3,0.0,0.0,0.0,350.0,46,0.0
10340,201409,0,205.0,12,0.0,0.0,0.0,600.0,54,0.0
10341,201401,0,1430.0,12,0.0,9.0,12.0,400.0,35,0.0
10342,201411,0,1593.0,12,2.0,8.0,12.0,1000.0,66,2.0
10343,201407,1,487.0,12,0.0,0.0,0.0,1638.08,34,0.0
10344,201411,0,3227.0,12,34.0,0.0,0.0,1000.0,76,16.0
10345,201409,0,1345.0,12,0.0,4.0,11.0,1000.0,43,0.0
10346,201411,0,305.0,12,0.0,0.0,0.0,1300.0,44,0.0
10347,201403,0,794.0,6,0.0,0.0,2.0,400.0,49,0.0
10348,201401,0,1060.0,12,0.0,0.0,8.0,2000.0,58,0.0
10349,201405,0,1996.0,12,12.0,0.0,12.0,1400.0,52,1.0
10350,201410,0,262.0,12,0.0,0.0,0.0,1500.0,39,0.0
10351,201401,0,1634.0,12,5.0,8.0,11.0,1000.0,61,1.0
10352,201411,1,176.0,12,0.0,0.0,0.0,1264.64,45,0.0
10353,201401,0,1312.0,12,0.0,5.0,12.0,2900.69,52,0.0
10354,201403,0,709.0,12,0.0,0.0,0.0,800.0,65,0.0
10355,201412,1,2558.0,12,29.0,5.0,10.0,1500.0,37,7.0
10356,201410,0,916.0,12,0.0,0.0,6.0,1000.0,33,0.0
10357,201404,1,363.0,12,0.0,0.0,0.0,2000.0,34,0.0
10358,201412,0,1188.0,10,0.0,1.0,6.0,1000.0,33,0.0
10359,201412,1,285.0,12,0.0,0.0,0.0,1000.0,31,0.0
10360,201404,1,342.0,6,0.0,0.0,0.0,2000.0,57,0.0
10361,201403,1,2046.0,12,18.0,0.0,8.0,1751.36,42,1.0
10362,201402,1,898.0,12,0.0,0.0,5.0,500.0,55,0.0
10363,201404,0,617.0,12,0.0,0.0,0.0,518.11,29,0.0
10364,201407,0,922.0,10,0.0,0.0,5.0,1000.0,43,0.0
10365,201404,0,1509.0,12,1.0,11.0,12.0,2000.0,56,1.0
10366,201410,0,3664.0,5,36.0,3.0,8.0,800.0,51,17.0
10367,201407,0,3127.0,12,44.0,11.0,12.0,1000.0,46,6.0
10368,201411,0,241.0,12,0.0,0.0,0.0,1500.0,58,0.0
10369,201410,0,523.0,12,0.0,0.0,0.0,806.62,20,0.0
10370,201405,0,984.0,12,0.0,0.0,9.0,1500.0,48,0.0
10371,201406,0,959.0,9,0.0,0.0,8.0,500.0,40,0.0
10372,201409,0,1108.0,3,0.0,1.0,7.0,400.0,41,0.0
10373,201407,0,706.0,12,0.0,0.0,0.0,1700.0,24,0.0
10374,201411,0,1206.0,5,0.0,3.0,12.0,500.0,63,0.0
10375,201409,0,416.0,12,0.0,0.0,0.0,500.0,36,0.0
10376,201406,0,158.0,12,0.0,0.0,0.0,1245.0,53,0.0
10377,201403,0,1944.0,4,10.0,9.0,12.0,300.0,68,4.0
10378,201408,1,613.0,12,0.0,0.0,0.0,1172.32,44,0.0
10379,201407,0,742.0,12,0.0,0.0,0.0,1400.0,34,0.0
10380,201410,0,,12,,,,1308.0,43,
10381,201405,1,637.0,12,0.0,0.0,0.0,2000.0,38,0.0
10382,201411,0,4706.0,12,82.0,12.0,10.0,2500.0,59,20.0
10383,201409,0,237.0,12,0.0,0.0,0.0,590.0,65,0.0
10384,201403,0,3503.0,6,43.0,12.0,12.0,1000.0,63,17.0
10385,201405,0,223.0,12,0.0,0.0,0.0,700.0,48,0.0
10386,201403,1,519.0,12,0.0,0.0,0.0,1000.0,41,0.0
10387,201405,0,2931.0,12,42.0,2.0,12.0,1000.0,51,2.0
10388,201410,0,1174.0,12,0.0,2.0,11.0,2792.07,59,0.0
10389,201405,0,3831.0,10,23.0,3.0,12.0,1500.0,42,10.0
10390,201402,0,623.0,8,0.0,0.0,0.0,1000.0,70,0.0
10391,201404,0,2764.0,10,35.0,12.0,11.0,500.0,71,5.0
10392,201410,1,1078.0,12,0.0,0.0,12.0,1692.0,73,0.0
10393,201404,0,1191.0,12,0.0,2.0,0.0,700.0,39,0.0
10394,201404,0,356.0,12,0.0,0.0,0.0,500.0,42,0.0
10395,201410,1,470.0,12,0.0,0.0,0.0,1000.0,49,0.0
10396,201412,1,1258.0,12,0.0,4.0,12.0,2000.0,48,0.0
10397,201409,0,4321.0,12,6.0,2.0,11.0,1500.0,35,4.0
10398,201406,0,2975.0,12,45.0,12.0,12.0,1000.0,54,3.0
10399,201410,1,1428.0,12,0.0,6.0,0.0,2477.92,40,0.0
10400,201406,0,773.0,12,0.0,0.0,4.0,2300.0,64,0.0
10401,201405,0,4143.0,12,10.0,0.0,0.0,500.0,68,7.0
10402,201409,0,240.0,12,0.0,0.0,0.0,2284.43,40,0.0
10403,201405,0,1567.0,12,2.0,10.0,3.0,1000.0,28,2.0
10404,201411,1,323.0,12,0.0,0.0,0.0,1000.0,48,0.0
10405,201406,0,459.0,8,0.0,0.0,0.0,1000.0,34,0.0
10406,201407,0,956.0,8,0.0,0.0,7.0,500.0,58,0.0
10407,201409,0,316.0,12,0.0,0.0,0.0,1000.0,49,0.0
10408,201409,0,470.0,6,0.0,0.0,0.0,500.0,49,0.0
10409,201402,0,302.0,12,0.0,0.0,0.0,530.0,42,0.0
10410,201410,1,279.0,12,0.0,0.0,0.0,1000.0,72,0.0
10411,201403,1,207.0,8,0.0,0.0,0.0,1000.0,40,0.0
10412,201402,0,1017.0,12,0.0,0.0,10.0,1693.15,60,0.0
10413,201405,1,3504.0,8,11.0,0.0,7.0,723.66,44,6.0
10414,201406,0,700.0,12,0.0,0.0,2.0,1000.0,59,0.0
10415,201401,1,658.0,12,0.0,0.0,0.0,1500.0,46,0.0
10416,201409,1,105.0,12,0.0,0.0,0.0,348.0,48,0.0
10417,201403,0,245.0,12,0.0,0.0,0.0,2000.0,58,0.0
10418,201409,0,2505.0,3,27.0,10.0,7.0,300.0,57,5.0
10419,201403,0,602.0,12,0.0,0.0,0.0,830.37,44,0.0
10420,201404,0,474.0,12,0.0,0.0,4.0,1114.47,38,0.0
10421,201402,1,466.0,12,0.0,0.0,0.0,2058.87,50,0.0
10422,201405,0,545.0,12,0.0,0.0,0.0,1000.0,36,0.0
10423,201402,0,348.0,12,0.0,0.0,0.0,700.0,37,0.0
10424,201402,0,638.0,12,0.0,0.0,0.0,500.0,43,0.0
10425,201404,1,306.0,10,0.0,0.0,0.0,400.0,49,0.0
10426,201403,0,1763.0,6,7.0,7.0,10.0,600.0,55,4.0
10427,201406,0,111.0,12,0.0,0.0,0.0,300.0,39,0.0
10428,201411,1,1722.0,12,5.0,2.0,6.0,1779.63,64,3.0
10429,201409,0,2734.0,12,12.0,0.0,7.0,2000.0,35,2.0
10430,201409,0,1015.0,5,0.0,0.0,9.0,800.0,54,0.0
10431,201408,0,3210.0,12,50.0,12.0,11.0,1000.0,32,9.0
10432,201412,0,760.0,12,0.0,0.0,1.0,500.0,54,0.0
10433,201401,0,1126.0,3,0.0,1.0,9.0,300.0,41,0.0
10434,201405,0,1850.0,8,8.0,5.0,6.0,900.0,75,2.0
10435,201402,1,2120.0,12,4.0,12.0,9.0,2000.0,42,2.0
10436,201406,0,224.0,12,0.0,0.0,0.0,1000.0,41,0.0
10437,201406,1,1936.0,12,8.0,2.0,10.0,1200.0,42,8.0
10438,201411,1,212.0,12,0.0,0.0,0.0,1840.94,26,0.0
10439,201408,0,375.0,12,0.0,0.0,0.0,1200.0,56,0.0
10440,201406,0,492.0,12,0.0,0.0,0.0,1600.0,48,0.0
10441,201403,0,3118.0,10,34.0,9.0,9.0,1000.0,43,7.0
10442,201407,1,3625.0,12,28.0,12.0,11.0,3000.0,36,20.0
10443,201412,0,1914.0,12,11.0,0.0,11.0,780.0,58,1.0
10444,201404,1,346.0,12,0.0,0.0,0.0,600.0,34,0.0
10445,201402,0,437.0,10,0.0,0.0,0.0,585.1,41,0.0
10446,201409,0,269.0,12,0.0,0.0,0.0,1000.0,52,0.0
10447,201402,0,3741.0,10,21.0,0.0,0.0,500.0,43,6.0
10448,201404,0,1917.0,12,10.0,10.0,1.0,1400.0,47,5.0
10449,201405,0,4681.0,7,52.0,6.0,12.0,2000.0,47,48.0
10450,201403,0,3941.0,12,63.0,0.0,2.0,1500.0,42,4.0
10451,201408,1,218.0,12,0.0,0.0,0.0,1000.0,69,0.0
10452,201402,1,294.0,12,0.0,0.0,0.0,1230.0,51,0.0
10453,201404,0,2771.0,12,36.0,7.0,11.0,1000.0,71,5.0
10454,201412,1,948.0,12,0.0,0.0,7.0,2272.0,45,0.0
10455,201409,1,2825.0,12,13.0,0.0,1.0,2800.0,52,3.0
10456,201408,0,967.0,10,0.0,0.0,6.0,700.0,47,0.0
10457,201402,0,1993.0,10,6.0,7.0,2.0,800.0,46,12.0
10458,201405,0,2626.0,12,30.0,12.0,12.0,2000.0,54,5.0
10459,201401,1,466.0,10,0.0,0.0,0.0,400.0,42,0.0
10460,201402,0,3833.0,12,57.0,1.0,3.0,1000.0,55,17.0
10461,201407,0,704.0,10,0.0,0.0,0.0,1500.0,64,0.0
10462,201408,1,3597.0,12,56.0,11.0,12.0,2000.0,55,6.0
10463,201401,1,1141.0,12,0.0,1.0,7.0,2296.83,52,0.0
10464,201408,0,886.0,12,0.0,0.0,8.0,2500.0,56,0.0
10465,201405,1,899.0,6,0.0,0.0,5.0,300.0,32,0.0
10466,201408,1,297.0,5,0.0,0.0,0.0,500.0,34,0.0
10467,201405,0,2109.0,6,11.0,0.0,7.0,150.0,55,2.0
10468,201406,0,1129.0,9,0.0,0.0,2.0,500.0,48,0.0
10469,201401,1,1926.0,12,9.0,6.0,12.0,2500.0,55,3.0
10470,201406,0,743.0,12,0.0,0.0,1.0,1000.0,47,0.0
10471,201402,1,1529.0,12,1.0,12.0,11.0,1000.0,41,1.0
10472,201401,0,239.0,12,0.0,0.0,0.0,1072.08,50,0.0
10473,201410,0,2110.0,12,19.0,8.0,9.0,1348.0,42,3.0
10474,201404,0,2092.0,12,18.0,2.0,8.0,1500.0,50,2.0
10475,201408,0,3240.0,6,9.0,0.0,0.0,500.0,39,3.0
10476,201405,0,229.0,12,0.0,0.0,0.0,500.0,47,0.0
10477,201404,0,2232.0,12,21.0,0.0,0.0,3000.0,68,4.0
10478,201410,0,1804.0,12,7.0,0.0,0.0,1500.0,55,1.0
10479,201410,0,701.0,12,0.0,0.0,0.0,2000.0,32,0.0
10480,201412,0,631.0,12,0.0,0.0,0.0,500.0,58,0.0
10481,201410,0,2619.0,6,18.0,4.0,0.0,1000.0,54,17.0
10482,201410,0,518.0,8,0.0,0.0,0.0,600.0,46,0.0
10483,201408,1,1705.0,8,7.0,12.0,12.0,600.0,64,1.0
10484,201405,1,571.0,12,0.0,0.0,0.0,1000.0,47,0.0
10485,201407,1,283.0,12,0.0,0.0,0.0,2000.0,42,0.0
10486,201405,0,855.0,12,0.0,0.0,4.0,2000.0,39,0.0
10487,201411,0,3017.0,8,25.0,0.0,2.0,1000.0,53,1.0
10488,201409,0,433.0,3,0.0,0.0,0.0,200.0,48,0.0
10489,201408,0,4959.0,12,15.0,0.0,0.0,1000.0,60,3.0
10490,201401,0,506.0,12,0.0,0.0,0.0,2000.0,31,0.0
10491,201404,1,341.0,12,0.0,0.0,0.0,1479.39,57,0.0
10492,201412,1,,12,,,,1700.0,58,
10493,201404,0,1613.0,12,4.0,4.0,11.0,1600.0,72,1.0
10494,201404,1,216.0,12,0.0,0.0,0.0,690.0,38,0.0
10495,201410,0,1656.0,12,1.0,0.0,7.0,1000.0,37,4.0
10496,201404,0,2340.0,6,20.0,10.0,11.0,300.0,59,9.0
10497,201403,0,3199.0,6,13.0,0.0,1.0,1762.61,43,2.0
10498,201406,0,423.0,10,0.0,0.0,0.0,2000.0,52,0.0
10499,201403,0,624.0,5,0.0,0.0,0.0,800.0,34,0.0
10500,201402,1,1072.0,12,0.0,0.0,11.0,1500.0,57,0.0
10501,201406,0,676.0,12,0.0,0.0,0.0,1000.0,57,0.0
10502,201411,1,830.0,10,0.0,0.0,3.0,1000.0,40,0.0
10503,201407,0,1877.0,5,3.0,0.0,12.0,300.0,43,1.0
10504,201403,0,376.0,12,0.0,0.0,0.0,1700.0,35,0.0
10505,201404,0,406.0,12,0.0,0.0,0.0,500.0,35,0.0
10506,201406,0,686.0,3,0.0,0.0,0.0,200.0,45,0.0
10507,201411,0,368.0,12,0.0,0.0,0.0,700.0,45,0.0
10508,201401,0,3199.0,12,36.0,12.0,9.0,1000.0,46,3.0
10509,201404,0,339.0,12,0.0,0.0,0.0,1500.0,56,0.0
10510,201407,1,2597.0,12,32.0,12.0,12.0,1218.11,32,2.0
10511,201403,1,685.0,12,0.0,0.0,0.0,2000.0,46,0.0
10512,201402,0,347.0,12,0.0,0.0,0.0,1000.0,47,0.0
10513,201406,0,235.0,12,0.0,0.0,0.0,819.05,32,0.0
10514,201411,0,290.0,6,0.0,0.0,0.0,400.0,42,0.0
10515,201412,0,665.0,12,0.0,0.0,0.0,800.0,73,0.0
10516,201401,0,2788.0,12,35.0,10.0,12.0,1000.0,68,5.0
10517,201403,0,665.0,12,0.0,0.0,0.0,1000.0,51,0.0
10518,201412,0,386.0,12,0.0,0.0,0.0,1000.0,31,0.0
10519,201404,1,235.0,12,0.0,0.0,0.0,1000.0,46,0.0
10520,201411,1,840.0,8,0.0,0.0,3.0,600.0,23,0.0
10521,201403,0,2320.0,9,18.0,7.0,5.0,600.0,35,3.0
10522,201408,1,368.0,12,0.0,0.0,0.0,800.0,68,0.0
10523,201409,0,350.0,12,0.0,0.0,0.0,935.2,58,0.0
10524,201412,0,1162.0,8,0.0,1.0,11.0,500.0,44,0.0
10525,201407,0,1666.0,12,5.0,4.0,9.0,1800.0,37,1.0
10526,201403,1,2261.0,12,22.0,5.0,8.0,2500.0,44,4.0
10527,201408,1,237.0,12,0.0,0.0,0.0,700.0,31,0.0
10528,201408,0,3008.0,6,35.0,0.0,0.0,400.0,39,3.0
10529,201401,0,4293.0,12,19.0,0.0,0.0,2547.67,36,9.0
10530,201404,0,770.0,12,0.0,0.0,2.0,2000.0,62,0.0
10531,201406,0,3331.0,12,21.0,0.0,5.0,1000.0,49,13.0
10532,201405,0,1247.0,12,0.0,5.0,4.0,1284.88,29,0.0
10533,201402,0,468.0,12,0.0,0.0,0.0,701.33,38,0.0
10534,201408,0,500.0,12,0.0,0.0,0.0,1500.0,30,0.0
10535,201410,0,387.0,12,0.0,0.0,0.0,1500.0,32,0.0
10536,201406,0,644.0,6,0.0,0.0,0.0,568.0,57,0.0
10537,201406,0,424.0,12,0.0,0.0,0.0,1000.0,49,0.0
10538,201408,0,521.0,12,0.0,0.0,0.0,800.0,44,0.0
10539,201405,0,2427.0,10,16.0,0.0,0.0,500.0,71,10.0
10540,201404,0,539.0,12,0.0,0.0,0.0,500.0,60,0.0
10541,201408,0,631.0,10,0.0,0.0,0.0,1040.0,60,0.0
10542,201401,1,283.0,12,0.0,0.0,0.0,1000.0,51,0.0
10543,201410,1,228.0,10,0.0,0.0,0.0,889.0,56,0.0
10544,201404,0,384.0,3,0.0,0.0,0.0,326.58,53,0.0
10545,201401,0,390.0,12,0.0,0.0,0.0,992.31,44,0.0
10546,201405,1,747.0,12,0.0,0.0,4.0,1000.0,40,0.0
10547,201410,1,954.0,12,0.0,0.0,8.0,1500.0,44,0.0
10548,201408,1,1388.0,12,0.0,9.0,12.0,1450.0,62,0.0
10549,201411,1,878.0,12,0.0,0.0,4.0,1500.0,41,0.0
10550,201403,0,357.0,4,0.0,0.0,0.0,400.0,44,0.0
10551,201408,0,4234.0,12,7.0,0.0,0.0,400.0,56,7.0
10552,201410,0,2222.0,6,1.0,3.0,8.0,1000.0,50,1.0
10553,201412,0,1699.0,12,7.0,12.0,12.0,2000.0,49,1.0
10554,201405,0,526.0,12,0.0,0.0,0.0,1690.0,53,0.0
10555,201409,0,1385.0,4,0.0,6.0,7.0,400.0,42,0.0
10556,201406,0,1071.0,9,0.0,0.0,11.0,765.18,48,0.0
10557,201412,0,371.0,8,0.0,0.0,0.0,1000.0,38,0.0
10558,201412,1,471.0,12,0.0,0.0,0.0,1407.14,40,0.0
10559,201410,0,3713.0,12,47.0,6.0,12.0,2000.0,64,22.0
10560,201410,0,3276.0,10,11.0,0.0,5.0,500.0,39,2.0
10561,201410,0,504.0,12,0.0,0.0,0.0,2436.27,51,0.0
10562,201407,0,251.0,12,0.0,0.0,0.0,700.0,39,0.0
10563,201405,1,2751.0,8,17.0,10.0,12.0,1000.0,47,6.0
10564,201408,0,681.0,6,0.0,0.0,0.0,600.0,50,0.0
10565,201411,1,1138.0,12,0.0,0.0,5.0,1600.0,41,0.0
10566,201412,0,1108.0,6,0.0,0.0,12.0,500.0,61,0.0
10567,201409,1,193.0,12,0.0,0.0,0.0,1000.0,58,0.0
10568,201406,0,1795.0,12,8.0,6.0,12.0,1000.0,37,3.0
10569,201401,1,252.0,6,0.0,0.0,0.0,300.0,43,0.0
10570,201402,0,360.0,3,0.0,0.0,0.0,300.0,36,0.0
10571,201403,0,586.0,12,0.0,0.0,0.0,1000.0,36,0.0
10572,201402,1,411.0,5,0.0,0.0,0.0,1064.0,50,0.0
10573,201405,0,3602.0,12,49.0,11.0,10.0,1500.0,57,5.0
10574,201402,1,2443.0,12,5.0,0.0,0.0,1000.0,52,13.0
10575,201409,0,418.0,12,0.0,0.0,0.0,1247.63,33,0.0
10576,201407,0,537.0,12,0.0,0.0,0.0,1000.0,33,0.0
10577,201406,0,352.0,12,0.0,0.0,0.0,1000.0,62,0.0
10578,201408,0,2443.0,12,4.0,0.0,4.0,900.0,47,25.0
10579,201404,0,2474.0,12,27.0,7.0,12.0,1000.0,52,6.0
10580,201404,0,890.0,10,0.0,0.0,10.0,500.0,37,0.0
10581,201410,0,548.0,12,0.0,0.0,0.0,1500.0,65,0.0
10582,201412,1,301.0,10,0.0,0.0,0.0,1000.0,44,0.0
10583,201401,1,558.0,12,0.0,0.0,0.0,1500.0,61,0.0
10584,201401,1,1477.0,12,0.0,8.0,12.0,2359.29,37,0.0
10585,201411,1,1085.0,12,0.0,0.0,7.0,2000.0,47,0.0
10586,201404,0,812.0,12,0.0,0.0,3.0,1000.0,36,0.0
10587,201405,0,3763.0,10,38.0,12.0,9.0,2000.0,32,8.0
10588,201412,1,864.0,12,0.0,0.0,5.0,956.72,51,0.0
10589,201401,1,529.0,12,0.0,0.0,0.0,612.32,32,0.0
10590,201404,0,2533.0,12,30.0,10.0,3.0,1000.0,38,4.0
10591,201408,0,1849.0,12,5.0,0.0,10.0,1500.0,59,1.0
10592,201406,0,348.0,12,0.0,0.0,0.0,1994.32,43,0.0
10593,201404,1,2721.0,12,4.0,0.0,2.0,1300.0,57,4.0
10594,201404,0,619.0,12,0.0,0.0,0.0,1200.0,34,0.0
10595,201407,1,729.0,12,0.0,0.0,0.0,1950.0,26,0.0
10596,201408,0,3379.0,12,56.0,10.0,12.0,1000.0,50,6.0
10597,201403,0,324.0,10,0.0,0.0,0.0,500.0,31,0.0
10598,201406,0,1129.0,12,0.0,0.0,12.0,1000.0,42,0.0
10599,201410,0,1695.0,12,5.0,1.0,2.0,1200.0,31,3.0
10600,201403,1,871.0,12,0.0,0.0,8.0,500.0,47,0.0
10601,201412,0,315.0,12,0.0,0.0,0.0,1723.46,33,0.0
10602,201411,0,1229.0,4,0.0,3.0,12.0,400.0,56,0.0
10603,201401,0,810.0,12,0.0,0.0,2.0,2000.0,52,0.0
10604,201404,0,2495.0,8,5.0,1.0,0.0,600.0,39,7.0
10605,201401,1,1001.0,10,0.0,0.0,7.0,1300.0,44,0.0
10606,201408,1,461.0,5,0.0,0.0,0.0,697.96,28,0.0
10607,201404,1,289.0,12,0.0,0.0,0.0,605.57,47,0.0
10608,201401,0,330.0,10,0.0,0.0,0.0,500.0,31,0.0
10609,201401,0,148.0,12,0.0,0.0,0.0,700.0,35,0.0
10610,201409,1,798.0,10,0.0,0.0,2.0,600.0,38,0.0
10611,201402,1,494.0,6,0.0,0.0,0.0,500.0,37,0.0
10612,201410,0,751.0,12,0.0,0.0,0.0,1000.0,33,0.0
10613,201402,0,300.0,12,0.0,0.0,0.0,1300.0,55,0.0
10614,201408,1,611.0,12,0.0,0.0,0.0,399.0,32,0.0
10615,201407,0,1936.0,12,9.0,1.0,11.0,2700.0,50,3.0
10616,201406,0,3476.0,6,23.0,0.0,0.0,500.0,33,14.0
10617,201406,0,3623.0,8,19.0,0.0,9.0,830.08,51,8.0
10618,201409,1,1581.0,12,3.0,8.0,12.0,1000.0,55,1.0
10619,201402,1,1518.0,12,1.0,5.0,11.0,1500.0,42,1.0
10620,201404,0,1410.0,12,0.0,6.0,2.0,1652.0,23,0.0
10621,201403,1,373.0,12,0.0,0.0,0.0,600.0,39,0.0
10622,201410,0,3340.0,12,42.0,0.0,0.0,1190.0,36,2.0
10623,201410,0,658.0,12,0.0,0.0,0.0,2000.0,51,0.0
10624,201410,0,369.0,8,0.0,0.0,0.0,800.0,51,0.0
10625,201406,0,902.0,12,0.0,0.0,6.0,2000.0,51,0.0
10626,201409,0,655.0,12,0.0,0.0,0.0,1500.0,30,0.0
10627,201403,1,546.0,12,0.0,0.0,0.0,2000.0,33,0.0
10628,201408,1,683.0,12,0.0,0.0,0.0,603.08,34,0.0
10629,201404,0,754.0,12,0.0,0.0,1.0,1500.0,48,0.0
10630,201412,0,3449.0,12,45.0,0.0,7.0,1700.0,63,14.0
10631,201410,0,2653.0,12,23.0,2.0,6.0,2914.82,42,4.0
10632,201410,0,2560.0,12,30.0,10.0,0.0,1700.0,46,6.0
10633,201403,1,275.0,12,0.0,0.0,0.0,609.05,43,0.0
10634,201403,0,343.0,10,0.0,0.0,0.0,1500.0,51,0.0
10635,201409,0,3561.0,6,53.0,5.0,4.0,1325.07,33,11.0
10636,201401,0,1558.0,6,2.0,10.0,1.0,1332.65,42,1.0
10637,201403,1,182.0,12,0.0,0.0,0.0,500.0,30,0.0
10638,201409,0,541.0,12,0.0,0.0,0.0,2000.0,47,0.0
10639,201408,0,577.0,5,0.0,0.0,0.0,649.0,48,0.0
10640,201406,1,405.0,4,0.0,0.0,0.0,999.12,35,0.0
10641,201406,1,224.0,12,0.0,0.0,0.0,2580.96,45,0.0
10642,201406,0,2718.0,12,11.0,9.0,11.0,1500.0,49,3.0
10643,201412,0,1680.0,10,3.0,8.0,10.0,1600.0,38,1.0
10644,201407,1,77.0,5,0.0,0.0,0.0,1000.0,44,0.0
10645,201406,0,464.0,12,0.0,0.0,0.0,866.59,40,0.0
10646,201410,1,357.0,12,0.0,0.0,0.0,1700.0,46,0.0
10647,201411,0,1521.0,12,1.0,8.0,0.0,2800.0,40,1.0
10648,201404,1,1040.0,12,0.0,0.0,10.0,900.0,49,0.0
10649,201405,0,504.0,12,0.0,0.0,0.0,2000.0,55,0.0
10650,201404,0,707.0,5,0.0,0.0,0.0,650.0,43,0.0
10651,201406,1,400.0,10,0.0,0.0,0.0,500.0,29,0.0
10652,201408,1,1867.0,12,10.0,7.0,11.0,870.0,62,3.0
10653,201405,0,337.0,5,0.0,0.0,0.0,200.0,28,0.0
10654,201412,0,1923.0,12,15.0,9.0,12.0,1700.0,55,1.0
10655,201403,0,801.0,10,0.0,0.0,2.0,800.0,36,0.0
10656,201412,0,2716.0,12,30.0,11.0,12.0,2000.0,61,8.0
10657,201407,1,263.0,12,0.0,0.0,0.0,2000.0,52,0.0
10658,201401,0,3663.0,10,38.0,5.0,0.0,800.0,39,16.0
10659,201412,1,217.0,12,0.0,0.0,0.0,1000.0,34,0.0
10660,201407,1,242.0,10,0.0,0.0,0.0,600.0,50,0.0
10661,201410,0,1060.0,12,0.0,0.0,7.0,300.0,34,0.0
10662,201410,0,669.0,3,0.0,0.0,0.0,500.0,42,0.0
10663,201408,1,,10,0.0,0.0,0.0,1387.15,45,0.0
10664,201405,0,2844.0,10,27.0,12.0,11.0,1000.0,38,5.0
10665,201407,0,499.0,10,0.0,0.0,0.0,700.0,43,0.0
10666,201406,0,183.0,12,0.0,0.0,0.0,2500.0,25,0.0
10667,201405,1,279.0,10,0.0,0.0,0.0,1000.0,47,0.0
10668,201407,1,1280.0,12,0.0,2.0,7.0,2177.97,36,0.0
10669,201412,0,2808.0,3,37.0,10.0,12.0,706.03,68,6.0
10670,201408,0,767.0,6,0.0,0.0,1.0,500.0,44,0.0
10671,201412,1,666.0,12,0.0,0.0,0.0,1900.0,47,0.0
10672,201408,0,1325.0,12,0.0,6.0,9.0,1708.16,37,0.0
10673,201406,0,3222.0,7,35.0,12.0,12.0,1000.0,55,12.0
10674,201402,1,962.0,12,0.0,0.0,8.0,1668.44,47,0.0
10675,201411,0,4733.0,12,75.0,12.0,11.0,600.0,42,11.0
10676,201404,0,403.0,6,0.0,0.0,0.0,489.62,34,0.0
10677,201408,1,198.0,12,0.0,0.0,0.0,800.0,39,0.0
10678,201405,0,1481.0,12,0.0,9.0,5.0,1529.0,49,1.0
10679,201412,1,978.0,10,0.0,0.0,9.0,1500.0,35,0.0
10680,201410,0,561.0,12,0.0,0.0,0.0,1000.0,52,0.0
10681,201408,1,319.0,12,0.0,0.0,0.0,2500.0,73,0.0
10682,201410,0,310.0,4,0.0,0.0,0.0,328.0,37,0.0
10683,201407,0,1785.0,12,5.0,0.0,6.0,2000.0,63,2.0
10684,201402,1,1002.0,12,0.0,0.0,10.0,1200.0,58,0.0
10685,201411,1,1100.0,8,0.0,0.0,12.0,610.0,59,0.0
10686,201410,0,2887.0,12,40.0,12.0,12.0,1000.0,37,2.0
10687,201404,0,316.0,12,0.0,0.0,0.0,600.0,47,0.0
10688,201409,0,538.0,12,0.0,0.0,0.0,1000.0,35,0.0
10689,201406,0,706.0,12,0.0,0.0,0.0,981.07,39,0.0
10690,201403,0,243.0,12,0.0,0.0,0.0,1083.0,56,0.0
10691,201412,0,2909.0,12,32.0,11.0,12.0,1000.0,51,15.0
10692,201402,1,652.0,12,0.0,0.0,0.0,1200.0,42,0.0
10693,201402,0,258.0,12,0.0,0.0,0.0,681.29,44,0.0
10694,201406,0,2776.0,12,33.0,12.0,12.0,1200.0,47,4.0
10695,201407,0,494.0,12,0.0,0.0,0.0,1300.0,55,0.0
10696,201407,0,,12,0.0,0.0,7.0,800.0,60,0.0
10697,201407,1,462.0,12,0.0,0.0,0.0,800.0,49,0.0
10698,201404,0,291.0,5,0.0,0.0,0.0,600.0,40,0.0
10699,201412,0,371.0,12,0.0,0.0,0.0,1000.0,46,0.0
10700,201409,1,3001.0,10,30.0,9.0,12.0,2000.0,47,16.0
10701,201409,1,252.0,10,0.0,0.0,0.0,1000.0,37,0.0
10702,201407,0,843.0,5,0.0,0.0,6.0,500.0,39,0.0
10703,201411,0,4772.0,12,11.0,0.0,0.0,700.0,72,10.0
10704,201403,0,919.0,12,0.0,0.0,6.0,1300.0,34,0.0
10705,201405,0,214.0,7,0.0,0.0,0.0,500.0,43,0.0
10706,201412,0,599.0,6,0.0,0.0,0.0,900.0,26,0.0
10707,201405,0,895.0,12,0.0,0.0,6.0,1800.0,27,0.0
10708,201401,0,213.0,12,0.0,0.0,0.0,927.86,43,0.0
10709,201403,0,181.0,4,0.0,0.0,0.0,200.0,36,0.0
10710,201408,1,458.0,12,0.0,0.0,0.0,1000.0,36,0.0
10711,201409,1,571.0,12,0.0,0.0,0.0,2970.0,33,0.0
10712,201408,1,615.0,12,0.0,0.0,0.0,800.0,38,0.0
10713,201411,1,4393.0,12,22.0,0.0,0.0,1632.19,33,2.0
10714,201408,0,1347.0,12,0.0,6.0,12.0,500.0,42,0.0
10715,201407,0,255.0,6,0.0,0.0,0.0,500.0,47,0.0
10716,201405,1,308.0,12,0.0,0.0,0.0,600.0,46,0.0
10717,201401,0,2698.0,12,33.0,10.0,12.0,1000.0,38,7.0
10718,201405,0,478.0,12,0.0,0.0,0.0,1300.0,69,0.0
10719,201407,0,576.0,12,0.0,0.0,0.0,1200.0,25,0.0
10720,201405,1,1266.0,12,0.0,5.0,12.0,1380.67,32,0.0
10721,201410,0,676.0,12,0.0,0.0,0.0,1000.0,47,0.0
10722,201404,0,3177.0,12,30.0,11.0,8.0,1500.0,45,20.0
10723,201403,1,365.0,12,0.0,0.0,0.0,2700.0,47,0.0
10724,201401,1,241.0,12,0.0,0.0,0.0,2479.78,60,0.0
10725,201402,0,4054.0,12,50.0,10.0,11.0,2200.0,66,20.0
10726,201403,1,508.0,12,0.0,0.0,0.0,2000.0,31,0.0
10727,201412,0,616.0,8,0.0,0.0,0.0,800.0,36,0.0
10728,201406,1,439.0,12,0.0,0.0,0.0,1500.0,52,0.0
10729,201402,1,638.0,12,0.0,0.0,0.0,1000.0,34,0.0
10730,201402,0,4213.0,10,20.0,2.0,10.0,800.0,30,17.0
10731,201409,0,704.0,12,0.0,0.0,0.0,2000.0,38,0.0
10732,201411,1,4536.0,6,11.0,0.0,0.0,1000.0,32,18.0
10733,201402,1,389.0,12,0.0,0.0,0.0,1000.0,38,0.0
10734,201406,0,515.0,10,0.0,0.0,0.0,500.0,27,0.0
10735,201407,0,1029.0,12,0.0,0.0,10.0,1724.65,40,0.0
10736,201403,1,819.0,12,0.0,0.0,3.0,2759.03,45,0.0
10737,201402,1,1740.0,12,6.0,8.0,8.0,1000.0,28,2.0
10738,201404,1,2573.0,12,17.0,8.0,11.0,1851.27,28,8.0
