id,safra,y,VAR_6,VAR_20,VAR_19,VAR_25,VAR_44,VAR_12,VAR_9,VAR_69,VAR_77,VAR_57,VAR_33,VAR_59,VAR_53
1,201404,0,3277.0,8,45.0,12.0,11.0,299.0,500.0,156.38,0.0,45,18.0,95.54,3380.0
2,201407,0,2443.0,12,18.0,9.0,9.0,224.0,1000.0,707.84,54.0,60,13.0,97.73,1000.0
3,201405,0,1824.0,12,2.0,3.0,12.0,106.0,1893.35,471.86,121.98,31,2.0,294.57,1893.35
4,201412,0,3796.0,12,11.0,0.0,6.0,,3000.0,119.96,0.0,76,3.0,,3000.0
5,201403,1,437.0,12,0.0,0.0,0.0,,2000.0,,,38,0.0,,2946.29
6,201405,0,140.0,10,0.0,0.0,0.0,,400.0,,,33,0.0,,400.0
7,201404,0,218.0,5,0.0,0.0,0.0,,953.42,,,39,0.0,,953.42
8,201409,0,301.0,9,0.0,0.0,0.0,,800.0,,,35,0.0,,
9,201408,0,858.0,12,0.0,0.0,4.0,,1000.0,212.47,0.0,49,0.0,164.16,2936.72
10,201404,0,1716.0,12,7.0,12.0,12.0,924.0,1200.0,1655.3,234.86,50,1.0,586.4,2700.0
11,201403,0,1913.0,12,12.0,11.0,0.0,313.0,1000.0,,,52,3.0,,1000.0
12,201408,0,2941.0,12,5.0,0.0,0.0,,1000.0,29.99,0.0,45,7.0,177.13,1000.0
13,201411,1,489.0,12,0.0,0.0,0.0,,1000.0,,,45,0.0,,
14,201401,0,1903.0,12,14.0,11.0,12.0,352.0,750.0,431.87,0.0,52,1.0,199.96,1500.0
15,201412,0,1228.0,6,0.0,3.0,10.0,628.0,500.0,512.48,166.53,41,0.0,244.21,
16,201402,1,1542.0,12,5.0,0.0,10.0,,1500.0,542.8,196.97,42,1.0,144.0,3939.54
17,201412,0,1100.0,12,0.0,0.0,12.0,244.0,2500.0,558.94,0.0,66,0.0,484.46,1500.0
18,201404,0,407.0,12,0.0,0.0,0.0,,600.0,,,45,0.0,,600.0
19,201407,1,203.0,12,0.0,0.0,0.0,,1985.5,,,51,0.0,,1985.5
20,201411,0,1466.0,12,0.0,6.0,6.0,89.0,2000.0,558.05,0.0,54,1.0,,2100.0
21,201406,0,101.0,12,0.0,0.0,0.0,,600.0,,,27,0.0,,1100.0
22,201402,1,410.0,12,0.0,0.0,0.0,,2500.0,,,68,0.0,,4041.15
23,201404,1,3418.0,12,41.0,0.0,4.0,,3000.0,127.93,0.0,44,10.0,,6018.18
24,201401,0,210.0,12,0.0,0.0,0.0,,1000.0,,,45,0.0,,2000.0
25,201401,0,628.0,12,0.0,0.0,0.0,,2000.0,,,67,0.0,25.09,4000.0
26,201402,1,275.0,12,0.0,0.0,0.0,,1218.23,,,65,0.0,,2436.46
27,201401,0,887.0,5,0.0,0.0,6.0,,500.0,397.11,134.49,55,0.0,327.28,3148.58
28,201404,0,626.0,12,0.0,0.0,0.0,,1200.0,,,56,0.0,79.37,1200.0
29,201406,0,1302.0,8,0.0,6.0,9.0,295.0,2000.0,297.87,0.0,26,0.0,166.92,2640.0
30,201405,0,4926.0,12,19.0,9.0,12.0,751.0,1000.0,1178.47,0.0,46,16.0,488.15,1700.0
31,201412,0,2521.0,7,28.0,7.0,12.0,283.0,500.0,749.77,0.0,35,6.0,421.23,838.0
32,201411,0,3758.0,12,66.0,11.0,12.0,467.0,600.0,344.42,48.49,32,10.0,407.0,
33,201407,0,3975.0,12,39.0,6.0,11.0,1319.0,2759.03,1466.85,173.78,46,32.0,1422.43,2759.03
34,201408,0,1091.0,12,0.0,0.0,11.0,105.0,1000.0,804.56,116.53,36,0.0,378.07,1000.0
35,201407,0,309.0,12,0.0,0.0,0.0,,1735.39,,,32,0.0,,1735.39
36,201411,1,612.0,12,0.0,0.0,0.0,,1600.0,,,41,0.0,155.53,2000.0
37,201403,0,580.0,12,0.0,0.0,0.0,,692.96,,,25,0.0,0.0,1202.14
38,201405,0,2041.0,12,18.0,1.0,3.0,75.0,1000.0,400.49,103.34,55,2.0,366.86,2000.0
39,201401,1,2653.0,12,16.0,0.0,0.0,,1433.11,,,32,3.0,,3224.25
40,201408,1,878.0,12,0.0,0.0,4.0,,1200.0,763.83,77.31,46,0.0,519.86,2608.04
41,201410,0,1285.0,5,0.0,5.0,12.0,619.0,700.0,766.7,24.45,31,0.0,473.62,730.0
42,201401,0,4414.0,12,86.0,12.0,12.0,574.0,1000.0,1291.18,0.0,69,3.0,722.08,2000.0
43,201407,1,1622.0,12,5.0,6.0,0.0,110.0,2000.0,,,37,1.0,,2000.0
44,201401,1,495.0,6,0.0,0.0,0.0,,200.0,,,32,0.0,,400.0
45,201405,0,1793.0,6,10.0,10.0,12.0,239.0,700.0,754.79,0.0,35,1.0,408.5,4208.39
46,201402,0,2157.0,10,9.0,0.0,3.0,,1000.0,142.91,0.0,41,7.0,263.98,3600.0
47,201411,0,254.0,8,0.0,0.0,0.0,,600.0,,,64,0.0,,
48,201412,0,310.0,12,0.0,0.0,0.0,,1200.0,,,57,0.0,,
49,201412,1,904.0,10,0.0,0.0,5.0,,300.0,84.98,0.0,33,0.0,90.0,
50,201406,0,1840.0,12,1.0,0.0,3.0,,1000.0,372.16,130.27,30,1.0,279.71,1000.0
51,201406,0,1016.0,10,0.0,0.0,9.0,,1692.0,719.13,0.0,42,0.0,361.63,3292.0
52,201405,0,875.0,12,0.0,0.0,2.0,,2300.0,42.5,0.0,57,0.0,43.53,6300.0
53,201401,1,2944.0,10,17.0,0.0,1.0,,1300.0,138.94,0.0,31,4.0,227.72,3100.0
54,201405,0,1378.0,4,0.0,4.0,0.0,,1000.0,,,46,0.0,0.0,5500.0
55,201409,1,2692.0,12,10.0,0.0,1.0,,2500.0,,,39,3.0,322.73,6518.06
56,201410,0,,12,,,,,500.0,,,56,,,600.0
57,201401,1,1626.0,10,5.0,4.0,6.0,148.0,800.0,193.9,63.94,66,1.0,276.74,1600.0
58,201410,0,,12,,,,,1200.0,,,70,,,4000.0
59,201411,0,2117.0,12,19.0,7.0,6.0,399.0,2289.18,168.84,52.86,44,3.0,134.05,
60,201405,1,624.0,12,0.0,0.0,0.0,,1878.36,,,35,0.0,39.71,1878.36
61,201405,1,2125.0,12,19.0,5.0,9.0,331.0,1500.0,173.94,0.0,29,3.0,146.98,7425.0
62,201410,0,241.0,6,0.0,0.0,0.0,,320.0,,,41,0.0,,
63,201404,0,276.0,12,0.0,0.0,0.0,,1000.0,,,73,0.0,,1000.0
64,201407,0,733.0,6,0.0,0.0,0.0,,600.0,219.88,0.0,41,0.0,270.29,600.0
65,201406,0,694.0,6,0.0,0.0,0.0,,1000.0,,,71,0.0,198.81,2600.0
66,201403,1,995.0,10,0.0,0.0,9.0,,1000.0,222.94,0.0,51,0.0,7.72,2160.0
67,201410,0,2868.0,12,32.0,0.0,0.0,,1500.0,,,47,4.0,,
68,201401,0,1930.0,12,12.0,12.0,10.0,255.0,500.0,404.78,124.88,37,4.0,230.3,1000.0
69,201405,0,809.0,6,0.0,0.0,5.0,,500.0,482.48,153.15,32,0.0,419.79,500.0
70,201404,0,226.0,12,0.0,0.0,0.0,,1000.0,,,30,0.0,,1000.0
71,201407,0,4774.0,12,27.0,0.0,11.0,,3000.0,306.32,0.0,70,12.0,225.89,8607.81
72,201411,0,2899.0,12,20.0,0.0,6.0,,700.0,146.95,0.0,63,6.0,,1400.0
73,201402,0,461.0,12,0.0,0.0,0.0,,819.0,,,71,0.0,,1638.0
74,201408,0,3287.0,12,13.0,2.0,8.0,257.0,1960.3,948.72,271.93,35,13.0,604.08,1960.3
75,201402,1,876.0,12,0.0,0.0,5.0,,2668.0,231.87,0.0,38,0.0,170.23,9775.51
76,201409,0,635.0,12,0.0,0.0,0.0,,791.06,,,35,0.0,139.85,
77,201408,1,341.0,5,0.0,0.0,0.0,,390.0,,,31,0.0,,
78,201411,1,391.0,12,0.0,0.0,0.0,,1000.0,,,47,0.0,,
79,201402,0,1206.0,12,0.0,1.0,12.0,366.0,1000.0,452.0,149.7,45,0.0,426.8,5703.54
80,201405,0,1406.0,12,0.0,6.0,11.0,331.0,1000.0,222.68,0.0,44,0.0,141.85,1000.0
81,201401,0,4632.0,12,48.0,9.0,11.0,1037.0,900.0,109.97,0.0,69,22.0,324.16,1800.0
82,201408,0,1045.0,6,0.0,0.0,8.0,,1000.0,409.92,0.0,32,0.0,199.71,4549.46
83,201404,0,1004.0,10,0.0,0.0,8.0,,400.0,466.12,0.0,32,0.0,485.65,400.0
84,201407,0,1068.0,12,0.0,0.0,11.0,,1500.0,262.97,64.45,55,0.0,27.24,4500.0
85,201404,0,706.0,10,0.0,0.0,0.0,,600.0,,,31,0.0,282.71,600.0
86,201402,1,875.0,12,0.0,0.0,4.0,,500.0,312.58,0.0,32,0.0,174.62,1320.0
87,201408,0,2444.0,12,29.0,11.0,11.0,528.0,1200.0,394.93,0.0,68,2.0,307.95,6446.4
88,201404,0,999.0,12,0.0,0.0,9.0,251.0,713.41,136.39,28.44,68,0.0,159.32,2913.41
89,201404,0,684.0,12,0.0,0.0,0.0,,800.0,398.09,119.15,45,0.0,273.89,800.0
90,201402,1,191.0,12,0.0,0.0,0.0,,2500.0,,,25,0.0,,8800.0
91,201410,1,2177.0,12,16.0,2.0,1.0,,1000.0,65.97,0.0,74,3.0,167.14,
92,201407,0,553.0,8,0.0,0.0,0.0,,800.0,,,31,0.0,0.0,800.0
93,201409,0,3515.0,12,52.0,9.0,11.0,344.0,1500.0,581.72,28.91,54,13.0,257.36,2400.0
94,201410,0,840.0,12,0.0,0.0,3.0,,1085.98,279.3,0.0,24,0.0,491.74,1522.53
95,201408,1,565.0,12,0.0,0.0,0.0,,800.0,,,36,0.0,0.0,800.0
96,201408,0,604.0,12,0.0,0.0,0.0,,1042.07,,,29,0.0,45.89,1042.07
97,201407,0,1378.0,6,0.0,8.0,12.0,736.0,1000.0,284.89,0.0,47,0.0,211.64,2200.0
98,201412,1,557.0,10,0.0,0.0,0.0,,950.0,,,45,0.0,0.0,
99,201407,0,3009.0,3,38.0,3.0,12.0,870.0,1000.0,1114.65,192.0,46,1.0,770.8,1000.0
100,201405,0,292.0,12,0.0,0.0,0.0,,700.0,,,45,0.0,,700.0
101,201412,0,3023.0,10,7.0,0.0,6.0,,2000.0,162.34,0.0,39,28.0,,894.0
102,201402,0,707.0,6,0.0,0.0,0.0,,150.0,,,35,0.0,161.7,300.0
103,201410,0,2913.0,12,16.0,0.0,0.0,,800.0,,,45,7.0,,
104,201401,1,529.0,12,0.0,0.0,0.0,,1291.73,,,48,0.0,,2583.46
105,201408,1,165.0,12,0.0,0.0,0.0,,800.0,,,30,0.0,,800.0
106,201401,0,223.0,6,0.0,0.0,0.0,,260.0,,,37,0.0,,520.0
107,201402,0,1655.0,12,6.0,10.0,12.0,932.0,1000.0,502.83,0.0,55,1.0,372.41,3000.0
108,201405,0,641.0,12,0.0,0.0,0.0,,1550.0,,,52,0.0,51.85,1550.0
109,201407,1,217.0,12,0.0,0.0,0.0,,800.0,,,44,0.0,,800.0
110,201406,1,244.0,12,0.0,0.0,0.0,,1500.0,,,62,0.0,,1500.0
111,201406,0,683.0,12,0.0,0.0,0.0,,1000.0,184.8,65.81,55,0.0,256.26,1000.0
112,201410,1,2806.0,12,3.0,0.0,6.0,,1000.0,545.12,189.22,32,2.0,,
113,201407,0,1170.0,12,0.0,2.0,12.0,298.0,1000.0,771.02,163.72,49,0.0,315.54,3803.87
114,201401,0,210.0,12,0.0,0.0,0.0,,1294.58,,,32,0.0,,3883.74
115,201402,0,801.0,12,0.0,0.0,3.0,,1148.0,268.99,0.0,58,0.0,379.61,2296.0
116,201412,1,1192.0,12,0.0,2.0,10.0,149.0,1539.93,544.07,124.83,31,0.0,260.3,
117,201403,1,987.0,12,0.0,0.0,10.0,,1000.0,180.53,66.18,45,0.0,,1260.0
118,201408,0,157.0,4,0.0,0.0,0.0,,700.0,,,22,0.0,,700.0
119,201406,0,600.0,12,0.0,0.0,0.0,,2000.0,,,29,0.0,0.0,2000.0
120,201405,0,1614.0,12,3.0,8.0,12.0,309.0,1380.0,418.84,0.0,40,2.0,178.8,4380.0
121,201404,0,218.0,12,0.0,0.0,0.0,,153.78,,,38,0.0,,153.78
122,201402,1,357.0,12,0.0,0.0,0.0,,1275.0,,,54,0.0,,2550.0
123,201411,0,792.0,12,0.0,0.0,2.0,,1000.0,30.59,0.0,38,0.0,35.36,3000.0
124,201405,0,2450.0,12,17.0,6.0,10.0,239.0,1000.0,,,31,11.0,205.91,1000.0
125,201405,0,455.0,12,0.0,0.0,0.0,,1776.05,,,48,0.0,,2776.05
126,201404,1,418.0,12,0.0,0.0,0.0,,1200.0,,,47,0.0,,1200.0
127,201412,0,1570.0,12,1.0,4.0,12.0,351.0,1000.0,1217.71,0.0,37,1.0,579.27,
128,201402,0,1915.0,12,9.0,11.0,12.0,670.0,1500.0,663.84,0.0,28,6.0,653.73,3400.0
129,201408,0,444.0,12,0.0,0.0,0.0,,800.0,,,37,0.0,,1265.64
130,201408,0,511.0,10,0.0,0.0,0.0,,500.0,,,33,0.0,,500.0
131,201401,0,479.0,12,0.0,0.0,0.0,,250.0,,,57,0.0,,500.0
132,201408,0,301.0,12,0.0,0.0,0.0,,3000.0,,,73,0.0,,3000.0
133,201407,0,596.0,12,0.0,0.0,0.0,,2400.0,,,41,0.0,114.6,4400.0
134,201406,1,177.0,12,0.0,0.0,0.0,,919.0,,,53,0.0,,1434.32
135,201411,0,900.0,12,0.0,0.0,3.0,,1000.0,37.98,0.0,24,0.0,32.6,2190.0
136,201407,0,2916.0,12,23.0,7.0,3.0,194.0,1200.0,,,33,16.0,,7584.78
137,201405,0,805.0,12,0.0,0.0,6.0,,1000.0,482.58,167.67,59,0.0,358.45,2000.0
138,201406,0,1455.0,12,0.0,9.0,7.0,256.0,3000.0,805.67,169.81,55,0.0,246.31,793.94
139,201411,0,330.0,10,0.0,0.0,0.0,,610.0,,,62,0.0,,
140,201408,1,1133.0,10,0.0,0.0,11.0,19.0,700.0,267.18,0.0,30,0.0,373.15,
141,201401,0,730.0,12,0.0,0.0,0.0,,2000.0,159.94,0.0,48,0.0,183.4,5000.0
142,201408,0,252.0,12,0.0,0.0,0.0,,1000.0,,,32,0.0,,1000.0
143,201406,0,516.0,4,0.0,0.0,0.0,,400.0,,,30,0.0,,2356.08
144,201409,1,457.0,12,0.0,0.0,0.0,,1400.0,,,44,0.0,,
145,201409,0,2693.0,3,8.0,2.0,3.0,,910.49,718.97,232.08,45,5.0,595.74,
146,201405,0,704.0,5,0.0,0.0,0.0,,500.0,251.91,0.0,33,0.0,377.9,500.0
147,201402,1,2706.0,12,28.0,1.0,0.0,,568.83,,,45,9.0,0.0,1137.66
148,201408,0,1115.0,10,0.0,0.0,12.0,45.0,1000.0,462.56,152.1,44,0.0,201.48,2500.0
149,201408,0,627.0,12,0.0,0.0,0.0,,807.0,,,47,0.0,73.31,807.0
150,201405,1,876.0,12,0.0,0.0,4.0,,1000.0,268.54,0.0,37,0.0,223.27,2300.0
151,201408,0,4225.0,3,52.0,0.0,12.0,29.0,560.0,3604.72,1096.32,57,6.0,1031.65,2560.0
152,201411,0,1127.0,5,0.0,0.0,12.0,314.0,400.0,696.24,117.31,34,0.0,334.22,
153,201408,0,1258.0,12,0.0,5.0,11.0,205.0,2252.69,844.14,91.54,57,0.0,379.0,11035.71
154,201409,0,1786.0,12,8.0,8.0,7.0,267.0,2432.26,255.9,0.0,45,2.0,,13000.0
155,201403,1,1034.0,12,0.0,1.0,7.0,,2458.39,679.22,0.0,33,0.0,145.49,16468.15
156,201403,0,452.0,12,0.0,0.0,0.0,,751.62,,,33,0.0,,751.62
157,201405,0,893.0,12,0.0,0.0,5.0,,1000.0,845.73,0.0,31,0.0,426.47,1000.0
158,201408,0,808.0,12,0.0,0.0,3.0,,943.45,346.84,0.0,37,0.0,387.07,943.45
159,201402,1,312.0,12,0.0,0.0,0.0,,1000.0,,,47,0.0,,2000.0
160,201409,0,333.0,8,0.0,0.0,0.0,,400.0,,,38,0.0,,
161,201409,1,2586.0,12,6.0,0.0,9.0,,1500.0,1348.34,403.22,54,3.0,112.0,2156.14
162,201408,0,1257.0,10,0.0,5.0,12.0,335.0,1200.0,677.54,0.0,46,0.0,467.44,4800.0
163,201406,1,622.0,12,0.0,0.0,0.0,,2971.59,,,36,0.0,54.67,2971.59
164,201409,0,440.0,5,0.0,0.0,0.0,,548.46,,,29,0.0,,
165,201406,1,641.0,12,0.0,0.0,0.0,,954.47,,,34,0.0,33.89,4775.33
166,201407,0,2433.0,12,13.0,7.0,10.0,434.0,1196.0,918.96,255.15,39,4.0,657.69,3114.5
167,201406,0,2799.0,12,38.0,10.0,11.0,720.0,1492.0,1019.26,271.5,41,4.0,815.65,6392.0
168,201408,1,232.0,12,0.0,0.0,0.0,,2600.0,,,59,0.0,,4800.0
169,201407,0,1919.0,12,5.0,5.0,7.0,138.0,1000.0,298.95,0.0,39,3.0,198.07,1000.0
170,201410,1,553.0,12,0.0,0.0,0.0,,600.0,,,54,0.0,0.0,80.57
171,201404,0,313.0,12,0.0,0.0,0.0,,1000.0,,,53,0.0,,1000.0
172,201406,1,359.0,12,0.0,0.0,0.0,,330.0,,,46,0.0,,330.0
173,201403,0,992.0,12,0.0,0.0,6.0,,1000.0,141.94,0.0,43,0.0,59.48,1000.0
174,201404,0,2907.0,12,29.0,9.0,12.0,698.0,2000.0,864.07,93.44,61,15.0,370.68,4800.0
175,201412,1,822.0,12,0.0,0.0,7.0,,1000.0,481.95,172.78,37,0.0,319.05,2000.0
176,201409,1,364.0,12,0.0,0.0,0.0,,2454.88,,,40,0.0,,
177,201404,0,3434.0,12,3.0,0.0,3.0,,1500.0,23.98,0.0,31,15.0,219.69,2214.82
178,201407,1,694.0,5,0.0,0.0,0.0,,400.0,441.63,148.29,32,0.0,307.55,400.0
179,201403,0,1076.0,10,0.0,0.0,6.0,,1000.0,439.99,0.0,47,0.0,79.85,2000.0
180,201404,0,2553.0,12,18.0,0.0,3.0,,1000.0,782.64,0.0,41,5.0,675.35,3700.0
181,201412,1,442.0,9,0.0,0.0,0.0,,1500.0,,,44,0.0,,500.0
182,201402,0,556.0,3,0.0,0.0,0.0,,200.0,,,72,0.0,,400.0
183,201403,0,444.0,10,0.0,0.0,0.0,,660.91,,,54,0.0,,660.91
184,201405,0,1246.0,12,0.0,4.0,12.0,457.0,1500.0,233.89,0.0,36,0.0,67.38,1500.0
185,201409,1,532.0,12,0.0,0.0,0.0,,2076.98,,,54,0.0,,
186,201404,0,2375.0,12,30.0,12.0,11.0,473.0,1720.5,272.81,0.0,36,1.0,127.74,1720.5
187,201403,1,986.0,12,0.0,0.0,6.0,,800.23,203.8,35.84,28,0.0,173.22,800.23
188,201407,1,1944.0,12,12.0,10.0,11.0,554.0,3000.0,771.47,260.25,53,3.0,562.77,8500.0
189,201411,0,477.0,4,0.0,0.0,0.0,,400.0,,,34,0.0,,200.0
190,201405,0,265.0,12,0.0,0.0,0.0,,1500.0,,,48,0.0,,1500.0
191,201407,1,377.0,12,0.0,0.0,0.0,,865.99,,,39,0.0,,865.99
192,201407,0,301.0,12,0.0,0.0,0.0,,800.0,,,51,0.0,,800.0
193,201408,0,875.0,12,0.0,0.0,6.0,,700.0,358.56,138.56,29,0.0,430.72,850.0
194,201403,0,1702.0,5,7.0,12.0,12.0,1030.0,400.0,773.56,0.0,35,1.0,463.21,1000.0
195,201409,0,1192.0,3,0.0,2.0,11.0,333.0,300.0,468.42,110.34,40,0.0,138.96,
196,201404,0,1031.0,12,0.0,0.0,10.0,42.0,500.0,356.74,99.85,32,0.0,315.44,500.0
197,201410,0,2537.0,12,19.0,7.0,3.0,99.0,1000.0,,,42,7.0,,
198,201409,0,3257.0,12,7.0,0.0,6.0,,1200.0,349.59,105.26,28,5.0,216.83,1341.88
199,201407,0,2193.0,12,5.0,0.0,5.0,66.0,1000.0,129.98,0.0,43,14.0,213.13,1000.0
200,201402,1,1071.0,12,0.0,0.0,11.0,,1000.0,783.88,148.68,29,0.0,463.94,1000.0
201,201402,1,794.0,12,0.0,0.0,3.0,,2900.69,581.37,172.16,39,0.0,498.0,3900.69
202,201405,0,441.0,5,0.0,0.0,0.0,,500.0,,,44,0.0,,1300.0
203,201405,0,307.0,12,0.0,0.0,0.0,,2000.0,,,49,0.0,,2783.92
204,201407,0,1931.0,12,14.0,9.0,12.0,638.0,2000.0,662.14,198.31,44,2.0,441.74,6000.0
205,201407,0,2823.0,5,5.0,0.0,1.0,,300.0,,,46,4.0,,300.0
206,201410,1,298.0,10,0.0,0.0,0.0,,1500.0,,,31,0.0,,
207,201408,1,1703.0,12,8.0,2.0,0.0,121.0,1200.0,,,30,1.0,,3200.0
208,201408,0,205.0,12,0.0,0.0,0.0,,1654.76,,,54,0.0,,1654.76
209,201412,0,1339.0,10,0.0,5.0,8.0,692.0,1930.0,406.83,0.0,54,0.0,,5000.0
210,201404,0,1280.0,12,0.0,5.0,10.0,319.0,800.0,634.27,162.23,57,0.0,225.33,800.0
211,201412,0,1206.0,12,0.0,2.0,10.0,167.0,700.0,452.4,83.54,34,0.0,259.03,1300.0
212,201411,1,168.0,12,0.0,0.0,0.0,,850.0,,,45,0.0,,
213,201408,0,242.0,12,0.0,0.0,0.0,,1500.0,,,40,0.0,,1500.0
214,201403,0,292.0,12,0.0,0.0,0.0,,921.6,,,30,0.0,,921.6
215,201403,1,250.0,12,0.0,0.0,0.0,,300.0,,,31,0.0,,300.0
216,201406,0,521.0,3,0.0,0.0,0.0,,500.0,,,45,0.0,,500.0
217,201408,0,813.0,5,0.0,0.0,5.0,,300.0,466.28,97.26,30,0.0,471.02,300.0
218,201407,0,3606.0,12,28.0,0.0,7.0,,2000.0,766.2,89.38,53,2.0,656.95,5000.0
219,201405,0,843.0,3,0.0,0.0,4.0,,500.0,401.73,0.0,54,0.0,344.44,500.0
220,201409,0,1529.0,10,2.0,10.0,12.0,472.0,1000.0,1088.64,0.0,44,1.0,472.93,17149.85
221,201404,0,211.0,12,0.0,0.0,0.0,,900.0,,,29,0.0,,900.0
222,201402,1,539.0,12,0.0,0.0,0.0,,2000.0,,,52,0.0,,5200.0
223,201403,0,2460.0,3,19.0,10.0,8.0,1157.0,200.0,157.93,0.0,28,14.0,206.3,1550.0
224,201403,1,2698.0,12,15.0,3.0,1.0,39.0,500.0,,,30,4.0,,500.0
225,201409,0,304.0,3,0.0,0.0,0.0,,500.0,,,53,0.0,,
226,201405,0,2623.0,12,32.0,5.0,6.0,179.0,2060.0,,,52,8.0,,2114.25
227,201407,0,377.0,5,0.0,0.0,0.0,,600.0,,,48,0.0,,600.0
228,201403,0,3035.0,12,42.0,11.0,12.0,421.0,1000.0,729.32,249.45,61,9.0,712.4,3000.0
229,201402,0,1096.0,12,0.0,0.0,10.0,32.0,1000.0,366.02,41.11,28,0.0,355.91,2000.0
230,201402,0,4326.0,12,10.0,0.0,0.0,,1300.0,,,47,8.0,115.5,2600.0
231,201403,0,2689.0,10,27.0,9.0,10.0,176.0,1500.0,161.88,0.0,53,4.0,236.79,5034.23
232,201405,0,,12,,,,,1000.0,,,50,,,2000.0
233,201409,0,349.0,12,0.0,0.0,0.0,,1200.0,,,53,0.0,,
234,201410,1,165.0,12,0.0,0.0,0.0,,807.0,,,43,0.0,,
235,201402,0,1492.0,4,0.0,2.0,1.0,,280.0,,,41,2.0,,1030.18
236,201405,0,743.0,12,0.0,0.0,3.0,,1000.0,227.1,57.15,33,0.0,263.73,1000.0
237,201402,1,235.0,12,0.0,0.0,0.0,,2249.3,,,30,0.0,,4498.6
238,201403,0,837.0,12,0.0,0.0,3.0,,1200.0,161.95,0.0,33,0.0,257.56,2200.0
239,201401,1,602.0,12,0.0,0.0,0.0,,1607.6,,,44,0.0,31.63,3215.2
240,201412,0,362.0,12,0.0,0.0,0.0,,2232.5,,,35,0.0,,
241,201401,0,770.0,12,0.0,0.0,2.0,,2500.0,154.65,0.0,34,0.0,447.9,6500.0
242,201410,1,732.0,12,0.0,0.0,0.0,,800.0,125.88,36.51,42,0.0,118.05,
243,201406,0,4239.0,4,17.0,4.0,10.0,293.0,330.0,216.91,0.0,67,6.0,142.69,330.0
244,201411,0,740.0,12,0.0,0.0,0.0,,1000.0,400.0,83.58,37,0.0,310.7,500.0
245,201407,0,4455.0,10,41.0,5.0,11.0,397.0,1000.0,,,30,31.0,,2600.0
246,201401,1,752.0,6,0.0,0.0,1.0,,1000.0,290.07,0.0,45,0.0,408.32,2500.0
247,201407,0,1299.0,12,0.0,5.0,9.0,243.0,2330.43,397.87,0.0,29,0.0,378.25,7230.43
248,201408,0,409.0,12,0.0,0.0,0.0,,1000.0,,,32,0.0,,1000.0
249,201401,0,1078.0,12,0.0,1.0,6.0,223.0,1340.23,,,22,0.0,,2680.46
250,201412,0,635.0,12,0.0,0.0,0.0,,1380.0,436.88,157.94,51,0.0,267.26,
251,201403,0,3483.0,12,29.0,5.0,7.0,151.0,1000.0,31.98,0.0,43,34.0,,1000.0
252,201405,0,976.0,12,0.0,0.0,8.0,,2000.0,815.23,162.09,67,0.0,437.58,8500.0
253,201405,0,1124.0,12,0.0,0.0,11.0,579.0,1300.0,1206.67,0.0,65,0.0,1053.42,4095.56
254,201401,0,793.0,6,0.0,0.0,2.0,,1000.0,395.86,0.0,29,0.0,263.08,2500.0
255,201405,0,1102.0,12,0.0,0.0,12.0,55.0,1228.02,256.92,0.0,46,0.0,221.03,4514.52
256,201412,0,729.0,12,0.0,0.0,1.0,,500.0,500.92,168.57,32,0.0,329.13,1500.0
257,201406,0,193.0,12,0.0,0.0,0.0,,1000.0,,,27,0.0,,1000.0
258,201407,0,259.0,12,0.0,0.0,0.0,,1000.0,,,44,0.0,,1000.0
259,201411,0,4488.0,5,43.0,0.0,0.0,,500.0,,,45,5.0,,
260,201405,1,386.0,3,0.0,0.0,0.0,,200.0,,,45,0.0,,200.0
261,201409,0,255.0,12,0.0,0.0,0.0,,1000.0,,,26,0.0,,400.0
262,201403,0,461.0,6,0.0,0.0,0.0,,310.3,,,23,0.0,,310.3
263,201407,0,990.0,12,0.0,0.0,9.0,,1000.0,663.93,62.3,52,0.0,687.88,4583.8
264,201403,0,1179.0,12,0.0,2.0,12.0,216.0,1000.0,300.91,0.0,46,0.0,414.56,6000.0
265,201401,1,2229.0,10,19.0,6.0,8.0,322.0,705.12,592.82,0.0,38,6.0,525.35,1410.24
266,201403,0,406.0,12,0.0,0.0,0.0,,1000.0,,,30,0.0,,2000.0
267,201401,0,768.0,3,0.0,0.0,1.0,,320.0,278.91,0.0,31,0.0,401.28,640.0
268,201409,1,484.0,12,0.0,0.0,0.0,,1200.0,,,68,0.0,,
269,201408,0,711.0,5,0.0,0.0,0.0,,578.29,408.94,133.63,54,0.0,348.9,2478.29
270,201402,1,552.0,12,0.0,0.0,0.0,,1159.0,,,35,0.0,,3097.45
271,201412,0,518.0,6,0.0,0.0,0.0,,1000.0,,,46,0.0,,500.0
272,201406,0,877.0,9,0.0,0.0,6.0,,900.0,1570.61,449.93,55,0.0,677.97,1900.0
273,201411,1,236.0,12,0.0,0.0,0.0,,758.25,,,34,0.0,,
274,201402,0,913.0,12,0.0,0.0,6.0,,2500.0,572.13,109.59,34,0.0,617.7,4742.71
275,201405,1,476.0,9,0.0,0.0,0.0,,1000.0,,,52,0.0,,1800.0
276,201401,0,754.0,10,0.0,0.0,0.0,,200.0,213.93,0.0,46,0.0,691.51,400.0
277,201409,1,676.0,8,0.0,0.0,0.0,,1500.0,,,56,0.0,233.69,
278,201406,0,732.0,10,0.0,0.0,1.0,,832.87,29.98,0.0,31,0.0,383.86,832.87
279,201411,1,597.0,5,0.0,0.0,0.0,,600.0,,,26,0.0,39.6,
280,201401,1,1107.0,12,0.0,0.0,11.0,284.0,1300.0,506.43,139.52,59,0.0,283.78,4860.0
281,201405,0,367.0,12,0.0,0.0,0.0,,831.1,,,23,0.0,,831.1
282,201404,0,497.0,12,0.0,0.0,0.0,,1800.0,,,42,0.0,,2800.0
283,201405,0,2315.0,12,18.0,9.0,11.0,369.0,1040.0,307.06,0.0,45,8.0,254.87,1040.0
284,201403,0,1081.0,12,0.0,0.0,11.0,250.0,730.0,1048.29,0.0,45,0.0,536.2,4061.16
285,201402,0,3844.0,10,68.0,9.0,11.0,642.0,2387.92,387.12,0.0,31,9.0,366.54,4775.84
286,201409,1,778.0,12,0.0,0.0,2.0,,1000.0,512.27,158.37,45,0.0,307.65,
287,201407,0,2133.0,12,12.0,5.0,11.0,137.0,2000.0,434.6,108.7,61,10.0,244.31,4000.0
288,201405,1,436.0,12,0.0,0.0,0.0,,500.0,,,58,0.0,,700.0
289,201402,0,500.0,12,0.0,0.0,0.0,,600.0,,,45,0.0,,1200.0
290,201405,0,729.0,12,0.0,0.0,0.0,,600.0,149.37,0.0,23,0.0,522.65,600.0
291,201402,0,2222.0,12,24.0,12.0,11.0,393.0,500.0,1376.21,134.57,71,1.0,846.85,1000.0
292,201402,0,1032.0,12,0.0,0.0,10.0,,1979.69,1255.79,157.93,40,0.0,736.71,3959.38
293,201402,0,194.0,6,0.0,0.0,0.0,,500.0,,,28,0.0,,1000.0
294,201407,0,1388.0,8,0.0,9.0,5.0,429.0,1000.0,127.78,0.0,33,0.0,,1500.0
295,201406,1,3105.0,5,18.0,1.0,0.0,,370.0,,,31,14.0,,370.0
296,201406,1,396.0,12,0.0,0.0,0.0,,2600.0,,,63,0.0,,3490.0
297,201407,1,1395.0,12,0.0,9.0,11.0,980.0,2000.0,752.85,0.0,43,0.0,440.61,2000.0
298,201403,1,539.0,12,0.0,0.0,0.0,,800.0,,,74,0.0,,800.0
299,201405,0,4623.0,12,104.0,11.0,12.0,1324.0,1500.0,1123.94,18.04,68,1.0,640.19,5500.0
300,201412,0,274.0,12,0.0,0.0,0.0,,800.0,,,31,0.0,,
301,201405,0,412.0,12,0.0,0.0,0.0,,953.54,,,50,0.0,,1615.82
302,201410,1,455.0,12,0.0,0.0,0.0,,1251.42,,,31,0.0,,
303,201406,0,2814.0,12,39.0,11.0,7.0,152.0,2000.0,,,65,6.0,,10994.39
304,201408,0,901.0,12,0.0,0.0,7.0,,2393.16,178.99,54.93,40,0.0,70.82,3393.16
305,201412,0,484.0,5,0.0,0.0,0.0,,350.0,,,25,0.0,,
306,201412,1,239.0,12,0.0,0.0,0.0,,892.36,,,18,0.0,,
307,201407,0,482.0,6,0.0,0.0,0.0,,1000.0,,,67,0.0,,1000.0
308,201401,1,522.0,12,0.0,0.0,0.0,,500.0,,,55,0.0,,1450.0
309,201401,0,1340.0,10,0.0,7.0,8.0,319.0,1000.0,443.19,0.0,27,0.0,267.2,2000.0
310,201409,0,1855.0,8,9.0,7.0,8.0,,600.0,436.48,152.15,76,4.0,152.0,750.0
311,201404,0,333.0,6,0.0,0.0,0.0,,500.0,,,50,0.0,,500.0
312,201407,1,218.0,12,0.0,0.0,0.0,,2000.0,,,28,0.0,,2000.0
313,201407,0,1276.0,6,0.0,2.0,12.0,318.0,500.0,752.71,163.92,59,0.0,286.78,500.0
314,201407,0,675.0,6,0.0,0.0,0.0,,500.0,,,55,0.0,97.13,2500.0
315,201406,0,1988.0,12,15.0,10.0,12.0,395.0,1500.0,568.8,0.0,47,3.0,307.57,1500.0
316,201402,0,3244.0,12,37.0,9.0,8.0,117.0,1500.0,855.78,0.0,68,17.0,94.71,3000.0
317,201411,0,1147.0,10,0.0,1.0,11.0,828.0,1200.0,147.54,0.0,45,0.0,602.02,1313.0
318,201410,0,2025.0,12,5.0,0.0,0.0,,1000.0,,,49,1.0,126.65,1600.0
319,201405,0,518.0,12,0.0,0.0,0.0,,400.0,,,40,0.0,,400.0
320,201411,0,268.0,6,0.0,0.0,0.0,,1000.0,,,45,0.0,,
321,201403,0,231.0,5,0.0,0.0,0.0,,500.0,,,32,0.0,,500.0
322,201406,0,2460.0,12,8.0,11.0,10.0,72.0,3000.0,524.78,0.0,71,2.0,92.37,6000.0
323,201412,0,1165.0,12,0.0,2.0,10.0,489.0,2000.0,844.0,156.23,60,0.0,481.45,3050.0
324,201410,0,1078.0,12,0.0,0.0,7.0,,2209.0,465.82,0.0,44,0.0,,2000.0
325,201408,0,3085.0,5,32.0,3.0,5.0,59.0,350.0,386.35,86.45,33,10.0,468.77,350.0
326,201401,0,775.0,12,0.0,0.0,4.0,,1000.0,157.2,51.05,54,0.0,229.8,2000.0
327,201404,1,2436.0,12,13.0,10.0,11.0,674.0,2000.0,1250.64,0.0,34,4.0,515.4,2000.0
328,201405,1,1484.0,12,1.0,9.0,10.0,44.0,600.0,413.43,61.59,30,1.0,242.0,600.0
329,201409,0,1441.0,5,0.0,6.0,11.0,337.0,350.0,366.61,73.7,28,0.0,165.37,700.0
330,201409,0,705.0,5,0.0,0.0,0.0,,500.0,,,22,0.0,376.81,
331,201404,1,479.0,8,0.0,0.0,0.0,,622.12,,,22,0.0,,622.12
332,201403,1,835.0,4,0.0,0.0,4.0,,500.0,629.3,0.0,26,0.0,453.34,500.0
333,201405,1,3246.0,12,51.0,6.0,12.0,175.0,1000.0,530.8,0.0,33,6.0,41.94,1600.0
334,201402,1,308.0,12,0.0,0.0,0.0,,1744.24,,,31,0.0,,3488.48
335,201411,1,502.0,12,0.0,0.0,0.0,,400.0,,,30,0.0,,
336,201405,1,622.0,12,0.0,0.0,0.0,,600.0,,,32,0.0,33.27,1200.0
337,201412,1,852.0,12,0.0,0.0,4.0,,1500.0,420.5,77.4,44,0.0,464.92,
338,201411,0,1736.0,6,8.0,12.0,10.0,302.0,884.0,382.69,119.34,53,1.0,327.23,
339,201409,0,753.0,3,0.0,0.0,1.0,,300.0,228.51,0.0,52,0.0,258.37,
340,201409,1,522.0,10,0.0,0.0,0.0,,1600.0,,,66,0.0,,500.0
341,201407,1,3764.0,12,44.0,5.0,12.0,289.0,1500.0,756.18,0.0,66,28.0,764.89,1500.0
342,201401,0,3916.0,12,52.0,9.0,3.0,257.0,770.0,29.98,0.0,65,16.0,,1540.0
343,201405,1,296.0,8,0.0,0.0,0.0,,200.0,,,33,0.0,,200.0
344,201404,0,773.0,8,0.0,0.0,2.0,,500.0,146.94,0.0,27,0.0,189.06,500.0
345,201401,0,944.0,12,0.0,0.0,7.0,,2100.0,859.5,174.26,45,0.0,349.25,4200.0
346,201404,0,1928.0,3,11.0,4.0,10.0,90.0,200.0,209.95,0.0,26,3.0,,200.0
347,201404,1,435.0,12,0.0,0.0,0.0,,240.0,,,29,0.0,,240.0
348,201403,0,3554.0,12,13.0,0.0,4.0,,1900.0,303.98,0.0,43,7.0,488.68,1900.0
349,201409,0,2500.0,12,31.0,12.0,12.0,1148.0,3000.0,1709.18,0.0,50,2.0,725.71,11496.02
350,201410,0,763.0,12,0.0,0.0,1.0,,1000.0,1077.89,317.06,56,0.0,1085.07,1200.0
351,201412,0,231.0,12,0.0,0.0,0.0,,1500.0,,,62,0.0,,
352,201406,0,976.0,12,0.0,1.0,12.0,,988.78,469.07,169.07,55,0.0,152.25,3788.78
353,201406,1,382.0,12,0.0,0.0,0.0,,1874.78,,,52,0.0,,3567.36
354,201406,0,672.0,12,0.0,0.0,0.0,,2015.06,,,30,0.0,217.62,2015.06
355,201410,0,317.0,12,0.0,0.0,0.0,,1500.0,,,46,0.0,,
356,201412,1,878.0,12,0.0,0.0,4.0,,1931.06,517.78,0.0,34,0.0,582.37,
357,201409,0,337.0,6,0.0,0.0,0.0,,1000.0,,,44,0.0,,
358,201409,1,884.0,12,0.0,0.0,3.0,,1500.0,89.08,0.0,38,0.0,,7843.2
359,201404,0,1256.0,12,0.0,4.0,12.0,282.0,1000.0,796.98,122.26,45,0.0,411.06,2100.0
360,201412,0,388.0,6,0.0,0.0,0.0,,750.0,,,45,0.0,,451.21
361,201406,0,1316.0,10,0.0,6.0,12.0,982.0,2000.0,1112.77,0.0,49,0.0,675.81,2000.0
362,201407,0,561.0,12,0.0,0.0,0.0,,1000.0,,,47,0.0,,1000.0
363,201412,1,422.0,12,0.0,0.0,0.0,,1000.0,,,27,0.0,,400.0
364,201411,1,2665.0,12,31.0,8.0,6.0,272.0,2700.0,219.9,0.0,55,5.0,87.45,5000.0
365,201406,0,1065.0,12,0.0,0.0,6.0,273.0,1000.0,,,36,0.0,0.0,2000.0
366,201402,0,3544.0,5,48.0,8.0,11.0,906.0,300.0,933.58,121.38,54,20.0,374.57,600.0
367,201409,0,325.0,12,0.0,0.0,0.0,,600.0,,,28,0.0,,501.38
368,201401,0,841.0,6,0.0,0.0,3.0,,500.0,426.61,0.0,33,0.0,232.57,1000.0
369,201405,0,2811.0,12,3.0,0.0,0.0,,1000.0,,,29,2.0,,1600.0
370,201409,0,391.0,3,0.0,0.0,0.0,,300.0,,,67,0.0,,
371,201406,0,1684.0,12,7.0,11.0,12.0,785.0,1155.03,376.05,68.11,44,1.0,255.12,1155.03
372,201405,0,272.0,3,0.0,0.0,0.0,,750.0,,,59,0.0,,750.0
373,201406,1,267.0,12,0.0,0.0,0.0,,1000.0,,,38,0.0,,1000.0
374,201410,0,455.0,12,0.0,0.0,0.0,,1000.0,,,29,0.0,,500.0
375,201408,0,1105.0,12,0.0,0.0,11.0,75.0,900.0,325.27,29.24,53,0.0,49.87,2100.0
376,201409,0,151.0,12,0.0,0.0,0.0,,3000.0,,,67,0.0,,3640.69
377,201412,0,969.0,4,0.0,0.0,7.0,,200.0,793.43,77.29,30,0.0,258.34,
378,201402,0,2776.0,12,32.0,0.0,0.0,,1100.0,,,60,2.0,,3400.0
379,201404,0,452.0,12,0.0,0.0,0.0,,1791.3,,,30,0.0,,4434.54
380,201402,1,1174.0,12,0.0,2.0,12.0,291.0,1420.0,553.73,69.85,53,0.0,377.41,2840.0
381,201411,1,1854.0,12,6.0,0.0,0.0,,1898.48,,,36,2.0,,3998.76
382,201412,1,3824.0,6,32.0,3.0,11.0,254.0,500.0,967.17,0.0,31,30.0,882.26,
383,201401,0,326.0,5,0.0,0.0,0.0,,800.0,,,51,0.0,,1600.0
384,201412,0,950.0,12,0.0,0.0,7.0,,1829.74,1230.1,380.46,45,0.0,1190.0,3200.0
385,201406,0,4633.0,6,6.0,3.0,0.0,,400.0,,,45,24.0,,400.0
386,201408,1,398.0,12,0.0,0.0,0.0,,1300.0,,,29,0.0,,
387,201404,0,2658.0,12,35.0,0.0,5.0,,1000.0,325.82,93.3,68,3.0,485.79,1500.0
388,201404,0,1071.0,5,0.0,0.0,11.0,,970.0,289.28,9.35,40,0.0,231.57,970.0
389,201404,1,346.0,12,0.0,0.0,0.0,,1500.0,,,36,0.0,,2740.33
390,201409,0,243.0,12,0.0,0.0,0.0,,800.0,,,52,0.0,,
391,201404,1,680.0,12,0.0,0.0,0.0,,1000.0,,,31,0.0,116.8,1850.0
392,201406,0,316.0,10,0.0,0.0,0.0,,700.0,,,33,0.0,,1684.68
393,201405,1,535.0,12,0.0,0.0,0.0,,1200.0,,,44,0.0,,1200.0
394,201401,1,1132.0,12,0.0,2.0,7.0,35.0,2500.0,225.92,81.98,31,0.0,219.34,8273.92
395,201403,0,252.0,12,0.0,0.0,0.0,,600.0,,,35,0.0,,600.0
396,201403,0,378.0,10,0.0,0.0,0.0,,450.0,,,59,0.0,,450.0
397,201401,0,1944.0,12,2.0,4.0,0.0,,1200.0,,,55,2.0,359.73,2400.0
398,201409,0,3256.0,12,29.0,11.0,12.0,507.0,1600.0,198.4,64.47,57,19.0,209.13,800.0
399,201401,1,613.0,12,0.0,0.0,0.0,,1000.0,,,65,0.0,0.0,2000.0
400,201410,0,577.0,12,0.0,0.0,0.0,,1500.0,,,46,0.0,12.7,1658.14
401,201410,1,713.0,12,0.0,0.0,1.0,,900.0,335.28,109.45,32,0.0,280.97,
402,201403,1,902.0,12,0.0,0.0,5.0,,853.85,295.86,74.95,29,0.0,390.78,853.85
403,201405,1,221.0,12,0.0,0.0,0.0,,500.0,,,45,0.0,,500.0
404,201405,1,252.0,12,0.0,0.0,0.0,,2881.8,,,56,0.0,,
405,201401,0,464.0,12,0.0,0.0,0.0,,500.0,,,27,0.0,,1000.0
406,201404,0,200.0,12,0.0,0.0,0.0,,500.0,,,30,0.0,,500.0
407,201403,0,298.0,12,0.0,0.0,0.0,,800.0,,,23,0.0,,800.0
408,201401,0,418.0,12,0.0,0.0,0.0,,1867.25,,,50,0.0,,3734.5
409,201403,1,460.0,12,0.0,0.0,0.0,,2164.82,,,32,0.0,,2990.25
410,201403,0,4808.0,6,57.0,8.0,12.0,530.0,300.0,285.98,43.54,54,11.0,148.27,300.0
411,201408,1,475.0,5,0.0,0.0,0.0,,700.0,,,28,0.0,,900.0
412,201404,0,2903.0,3,33.0,11.0,12.0,855.0,400.0,466.87,0.0,56,6.0,133.34,400.0
413,201405,0,358.0,4,0.0,0.0,0.0,,170.0,,,53,0.0,,170.0
414,201410,0,3340.0,12,45.0,10.0,12.0,1067.0,1000.0,1031.77,187.21,41,8.0,561.9,2208.82
415,201402,1,854.0,12,0.0,0.0,4.0,,1000.0,89.99,0.0,40,0.0,6.12,2400.0
416,201403,1,2674.0,6,6.0,0.0,0.0,,500.0,,,54,3.0,,500.0
417,201407,0,793.0,4,0.0,0.0,3.0,,320.0,176.74,0.0,35,0.0,146.77,320.0
418,201406,0,2236.0,3,15.0,2.0,10.0,,250.0,255.77,37.88,53,6.0,209.71,500.74
419,201410,0,4565.0,12,67.0,8.0,12.0,1539.0,2140.0,1310.66,191.96,53,22.0,883.58,4640.0
420,201409,0,560.0,12,0.0,0.0,0.0,,1000.0,,,66,0.0,0.0,500.0
421,201407,0,3486.0,10,58.0,6.0,9.0,362.0,1500.0,269.94,0.0,53,9.0,603.24,1500.0
422,201404,1,498.0,12,0.0,0.0,0.0,,600.0,,,40,0.0,,600.0
423,201410,0,828.0,12,0.0,0.0,3.0,,1000.0,587.34,53.79,25,0.0,434.74,
424,201404,0,3890.0,12,19.0,8.0,12.0,826.0,1000.0,,,69,4.0,306.9,2000.0
425,201410,0,207.0,4,0.0,0.0,0.0,,300.0,,,30,0.0,,
426,201404,1,610.0,12,0.0,0.0,0.0,,1176.88,,,23,0.0,24.01,1176.88
427,201412,0,1309.0,4,0.0,5.0,8.0,299.0,600.0,78.96,0.0,45,0.0,35.89,5000.0
428,201402,0,615.0,12,0.0,0.0,0.0,,800.0,,,34,0.0,54.83,1931.77
429,201409,0,949.0,6,0.0,0.0,9.0,,600.0,1081.74,171.49,56,0.0,122.86,
430,201407,1,549.0,12,0.0,0.0,0.0,,1000.0,,,31,0.0,,1000.0
431,201401,1,555.0,10,0.0,0.0,0.0,,1083.85,,,41,0.0,,2167.7
432,201407,1,826.0,12,0.0,0.0,3.0,,1000.0,501.7,81.79,30,0.0,273.32,1000.0
433,201410,1,837.0,12,0.0,0.0,4.0,,2150.0,903.66,238.15,61,0.0,848.86,
434,201407,0,785.0,8,0.0,0.0,2.0,,500.0,171.95,0.0,27,0.0,141.11,879.85
435,201401,0,537.0,12,0.0,0.0,0.0,,800.0,,,42,0.0,,3352.63
436,201409,0,532.0,12,0.0,0.0,0.0,,2000.0,,,44,0.0,,1378.77
437,201403,0,216.0,12,0.0,0.0,0.0,,447.24,,,24,0.0,,447.24
438,201404,0,1382.0,12,0.0,7.0,2.0,441.0,911.15,,,45,0.0,,911.15
439,201403,0,630.0,8,0.0,0.0,0.0,,1000.0,,,32,0.0,138.27,1000.0
440,201401,0,606.0,12,0.0,0.0,0.0,,952.91,,,39,0.0,0.0,1905.82
441,201402,0,800.0,12,0.0,0.0,2.0,,1200.0,211.43,0.0,26,0.0,240.48,1422.57
442,201409,1,199.0,10,0.0,0.0,0.0,,600.0,,,49,0.0,,
443,201408,0,1342.0,12,0.0,7.0,10.0,374.0,954.11,320.86,28.91,38,0.0,292.86,954.11
444,201406,1,4156.0,12,65.0,9.0,10.0,916.0,3000.0,1087.44,267.68,54,16.0,443.29,14500.0
445,201411,0,260.0,12,0.0,0.0,0.0,,600.0,,,33,0.0,,
446,201406,0,2513.0,6,21.0,0.0,3.0,,500.0,334.0,46.21,37,2.0,229.75,500.0
447,201401,1,548.0,12,0.0,0.0,0.0,,1040.0,,,39,0.0,,2080.0
448,201401,0,246.0,12,0.0,0.0,0.0,,1000.0,,,46,0.0,,2000.0
449,201407,0,4869.0,12,63.0,8.0,12.0,1754.0,2761.23,1955.34,0.0,56,33.0,1787.03,2761.23
450,201411,0,853.0,3,0.0,0.0,4.0,,200.0,377.89,0.0,31,0.0,704.42,3000.0
451,201410,1,276.0,12,0.0,0.0,0.0,,952.49,,,55,0.0,,
452,201407,0,486.0,12,0.0,0.0,0.0,,800.0,,,23,0.0,,800.0
453,201401,0,561.0,12,0.0,0.0,0.0,,1000.0,,,52,0.0,,2000.0
454,201412,0,807.0,12,0.0,0.0,2.0,,1000.0,550.87,0.0,31,0.0,856.22,
455,201401,1,406.0,12,0.0,0.0,0.0,,500.0,,,32,0.0,,1000.0
456,201405,0,259.0,12,0.0,0.0,0.0,,955.35,,,52,0.0,,955.35
457,201401,0,459.0,12,0.0,0.0,0.0,,950.0,,,20,0.0,,1900.0
458,201408,1,2292.0,5,5.0,1.0,12.0,39.0,1000.0,1191.57,280.91,53,3.0,0.0,1000.0
459,201410,0,1350.0,12,0.0,7.0,12.0,630.0,1933.84,510.56,55.92,39,0.0,526.05,
460,201412,0,1567.0,12,2.0,7.0,5.0,221.0,2000.0,257.46,0.0,47,2.0,356.38,1400.0
461,201407,0,338.0,12,0.0,0.0,0.0,,1000.0,,,37,0.0,,1000.0
462,201404,1,335.0,12,0.0,0.0,0.0,,1343.65,,,56,0.0,,1343.65
463,201404,0,926.0,3,0.0,0.0,5.0,,350.0,197.97,0.0,61,0.0,433.63,350.0
464,201408,0,351.0,5,0.0,0.0,0.0,,300.0,,,32,0.0,,300.0
465,201407,1,769.0,6,0.0,0.0,2.0,,1024.78,160.72,58.14,48,0.0,209.42,1024.78
466,201404,0,491.0,12,0.0,0.0,0.0,,420.0,,,33,0.0,,420.0
467,201405,1,232.0,12,0.0,0.0,0.0,,812.5,,,42,0.0,,812.5
468,201411,1,1471.0,12,0.0,5.0,5.0,391.0,2000.0,,,32,1.0,126.9,1733.15
469,201412,1,721.0,12,0.0,0.0,0.0,,1693.6,79.99,0.0,60,0.0,421.99,
470,201401,1,792.0,12,0.0,0.0,2.0,,2000.0,273.0,0.0,34,0.0,386.3,9293.59
471,201410,1,329.0,12,0.0,0.0,0.0,,1000.0,,,48,0.0,,
472,201408,0,593.0,8,0.0,0.0,0.0,,500.0,,,57,0.0,0.0,
473,201410,0,4835.0,6,40.0,0.0,10.0,,1000.0,87.97,0.0,75,10.0,62.66,7000.0
474,201412,0,1250.0,12,0.0,4.0,10.0,555.0,600.0,189.95,0.0,37,0.0,387.54,754.62
475,201401,0,675.0,12,0.0,0.0,0.0,,1700.0,,,34,0.0,53.77,3400.0
476,201405,0,597.0,8,0.0,0.0,0.0,,1400.0,,,29,0.0,29.22,2400.0
477,201409,1,2890.0,12,30.0,0.0,0.0,,2509.35,,,78,3.0,,2000.0
478,201412,1,629.0,12,0.0,0.0,0.0,,1400.0,,,24,0.0,79.87,
479,201403,1,703.0,5,0.0,0.0,0.0,,600.0,,,42,0.0,44.88,1200.0
480,201409,0,495.0,12,0.0,0.0,0.0,,600.0,,,28,0.0,,
481,201403,0,4938.0,12,86.0,5.0,8.0,356.0,652.38,137.95,0.0,47,20.0,32.0,1304.76
482,201405,0,4683.0,12,14.0,0.0,0.0,,2000.0,,,64,8.0,35.96,6248.66
483,201409,0,297.0,6,0.0,0.0,0.0,,250.0,,,30,0.0,,
484,201401,1,405.0,12,0.0,0.0,0.0,,610.0,,,33,0.0,,1220.0
485,201404,0,288.0,4,0.0,0.0,0.0,,466.0,,,31,0.0,,466.0
486,201410,1,246.0,12,0.0,0.0,0.0,,1424.85,,,45,0.0,,
487,201403,1,384.0,10,0.0,0.0,0.0,,500.0,,,29,0.0,,500.0
488,201406,0,188.0,12,0.0,0.0,0.0,,500.0,,,55,0.0,,500.0
489,201409,1,385.0,12,0.0,0.0,0.0,,1200.0,,,43,0.0,,
490,201404,0,601.0,8,0.0,0.0,0.0,,800.0,,,54,0.0,65.38,800.0
491,201405,0,1606.0,12,5.0,11.0,12.0,270.0,1000.0,330.6,98.65,45,3.0,359.16,1000.0
492,201405,0,547.0,3,0.0,0.0,0.0,,200.0,,,27,0.0,,200.0
493,201410,1,716.0,12,0.0,0.0,0.0,,1637.88,,,30,0.0,310.19,
494,201402,0,478.0,12,0.0,0.0,0.0,,1000.0,,,66,0.0,,2000.0
495,201401,1,610.0,12,0.0,0.0,0.0,,1000.0,,,27,0.0,52.6,2000.0
496,201402,0,823.0,12,0.0,0.0,4.0,,3000.0,85.56,8.57,41,0.0,339.39,7000.0
497,201410,0,350.0,12,0.0,0.0,0.0,,1000.0,,,27,0.0,,
498,201408,0,2543.0,12,19.0,9.0,12.0,596.0,850.0,551.39,112.54,39,3.0,58.87,800.0
499,201405,1,748.0,6,0.0,0.0,0.0,,600.0,209.8,31.87,54,0.0,268.28,1550.0
500,201407,0,3804.0,8,31.0,5.0,4.0,55.0,1000.0,69.99,0.0,32,28.0,101.67,1000.0
501,201410,0,244.0,10,0.0,0.0,0.0,,500.0,,,31,0.0,,
502,201407,1,778.0,10,0.0,0.0,2.0,,700.0,206.47,0.0,47,0.0,193.24,700.0
503,201408,0,251.0,12,0.0,0.0,0.0,,979.96,,,44,0.0,,979.96
504,201407,1,1345.0,6,0.0,3.0,12.0,594.0,930.0,721.87,28.67,43,0.0,365.55,930.0
505,201406,0,3950.0,12,34.0,6.0,12.0,201.0,1000.0,492.81,0.0,42,31.0,282.23,2000.0
506,201401,1,889.0,10,0.0,0.0,5.0,,500.0,171.91,0.0,30,0.0,117.93,2600.0
507,201410,1,265.0,12,0.0,0.0,0.0,,2098.04,,,46,0.0,,
508,201408,0,607.0,12,0.0,0.0,0.0,,1000.0,,,64,0.0,0.0,2000.0
509,201403,0,435.0,12,0.0,0.0,2.0,,1300.0,,,48,0.0,,1932.1
510,201403,1,488.0,12,0.0,0.0,0.0,,300.0,,,45,0.0,,300.0
511,201403,0,390.0,12,0.0,0.0,0.0,,818.25,,,37,0.0,,818.25
512,201401,0,4810.0,12,37.0,10.0,12.0,1240.0,2000.0,1357.49,0.0,59,14.0,1137.46,6500.0
513,201408,0,2669.0,10,20.0,0.0,1.0,,1000.0,,,44,17.0,,2500.0
514,201411,0,200.0,12,0.0,0.0,0.0,,1000.0,,,53,0.0,,484.93
515,201403,1,1049.0,12,0.0,0.0,10.0,,998.0,742.06,112.57,30,0.0,446.19,1848.0
516,201406,0,340.0,12,0.0,0.0,0.0,,1498.2,,,30,0.0,,1498.2
517,201402,0,3008.0,12,3.0,0.0,0.0,,1000.0,,,30,6.0,,2000.0
518,201407,0,537.0,6,0.0,0.0,0.0,,606.83,,,30,0.0,,606.83
519,201407,0,575.0,12,0.0,0.0,0.0,,1000.0,,,24,0.0,,1000.0
520,201409,1,2396.0,6,21.0,10.0,12.0,329.0,1000.0,836.83,29.12,31,6.0,419.0,
521,201407,1,147.0,12,0.0,0.0,0.0,,818.4,,,24,0.0,,818.4
522,201403,0,867.0,3,0.0,0.0,4.0,,200.0,105.35,0.0,34,0.0,165.22,1000.0
523,201401,0,1212.0,5,0.0,2.0,5.0,149.0,500.0,,,32,0.0,0.0,2150.0
524,201411,0,388.0,12,0.0,0.0,0.0,,800.0,,,58,0.0,,312.55
525,201402,1,1065.0,6,0.0,0.0,11.0,,400.0,397.9,89.61,38,0.0,95.78,800.0
526,201404,0,333.0,10,0.0,0.0,0.0,,1000.0,,,61,0.0,,2000.0
527,201412,0,2229.0,8,15.0,9.0,9.0,278.0,581.0,428.52,122.07,54,10.0,425.26,
528,201410,0,175.0,12,0.0,0.0,0.0,,960.3,,,30,0.0,,800.0
529,201406,0,824.0,12,0.0,0.0,6.0,,1000.0,287.36,103.86,68,0.0,156.6,1000.0
530,201401,0,943.0,3,0.0,0.0,5.0,,400.0,353.6,0.0,27,0.0,0.0,1550.0
531,201409,1,254.0,12,0.0,0.0,0.0,,1000.0,,,45,0.0,,
532,201401,0,251.0,3,0.0,0.0,0.0,,200.0,,,66,0.0,,400.0
533,201412,1,921.0,12,0.0,0.0,7.0,,600.0,565.67,98.57,37,0.0,273.65,
534,201401,0,385.0,10,0.0,0.0,0.0,,600.0,,,58,0.0,,1200.0
535,201407,0,622.0,12,0.0,0.0,0.0,,600.0,,,60,0.0,216.58,600.0
536,201406,0,392.0,12,0.0,0.0,0.0,,1500.0,,,60,0.0,,1500.0
537,201407,0,2084.0,8,10.0,1.0,0.0,,500.0,,,53,4.0,0.0,500.0
538,201407,1,908.0,12,0.0,0.0,5.0,,1500.0,145.91,0.0,43,0.0,,1500.0
539,201406,0,2431.0,12,10.0,0.0,0.0,,1800.0,,,52,2.0,,4989.62
540,201406,1,454.0,9,0.0,0.0,0.0,,718.29,,,27,0.0,,718.29
541,201404,0,380.0,12,0.0,0.0,0.0,,2000.0,,,67,0.0,,2977.07
542,201407,0,184.0,12,0.0,0.0,0.0,,2000.0,,,53,0.0,,3100.0
543,201402,0,3895.0,12,47.0,8.0,7.0,669.0,400.0,105.98,0.0,50,16.0,170.83,2100.0
544,201409,0,273.0,12,0.0,0.0,0.0,,1000.0,,,44,0.0,,
545,201407,1,279.0,12,0.0,0.0,0.0,,1200.0,,,56,0.0,,1200.0
546,201410,1,4293.0,12,8.0,2.0,5.0,79.0,1060.27,161.94,0.0,67,14.0,169.71,4701.74
547,201407,1,3177.0,12,8.0,9.0,12.0,302.0,2000.0,482.44,89.55,32,5.0,225.9,3000.0
548,201404,0,3568.0,12,5.0,0.0,10.0,,1100.0,463.8,0.0,44,2.0,239.25,2100.0
549,201409,0,2041.0,12,8.0,0.0,0.0,,1300.0,207.44,73.49,30,3.0,83.9,1000.0
550,201401,1,1554.0,12,3.0,2.0,5.0,,1000.0,197.89,0.0,38,1.0,,2650.0
551,201411,1,152.0,12,0.0,0.0,0.0,,1800.0,,,48,0.0,,
552,201403,0,85.0,12,0.0,0.0,0.0,,1470.74,,,67,0.0,,2392.16
553,201404,1,337.0,12,0.0,0.0,0.0,,695.97,,,31,0.0,,695.97
554,201401,0,1247.0,12,0.0,5.0,6.0,73.0,2000.0,253.19,81.24,39,0.0,43.16,4000.0
555,201408,0,473.0,5,0.0,0.0,0.0,,500.0,,,32,0.0,,500.0
556,201407,0,478.0,12,0.0,0.0,0.0,,1136.76,,,23,0.0,,1136.76
557,201404,0,1222.0,12,0.0,1.0,6.0,241.0,760.85,185.94,0.0,32,0.0,,760.85
558,201408,0,616.0,12,0.0,0.0,0.0,,970.15,,,37,0.0,38.51,2305.59
559,201408,0,4404.0,12,73.0,9.0,7.0,362.0,1000.0,,,43,20.0,,219.92
560,201409,0,2303.0,12,27.0,11.0,12.0,850.0,1000.0,807.83,99.02,66,1.0,510.28,2318.0
561,201405,0,735.0,4,0.0,0.0,0.0,,450.0,251.93,0.0,23,0.0,307.53,450.0
562,201407,0,2735.0,12,24.0,0.0,0.0,,3000.0,,,34,5.0,,9471.36
563,201407,1,1834.0,12,8.0,7.0,12.0,257.0,400.0,641.2,155.37,54,5.0,382.52,400.0
564,201407,0,2871.0,4,35.0,9.0,11.0,730.0,300.0,,,41,7.0,167.85,2146.82
565,201402,0,1732.0,12,5.0,9.0,12.0,616.0,2500.0,662.86,0.0,49,4.0,214.1,7135.34
566,201407,0,1584.0,12,3.0,12.0,12.0,626.0,1900.0,746.66,0.0,53,1.0,329.54,3400.0
567,201409,0,270.0,6,0.0,0.0,0.0,,500.0,,,29,0.0,,49.45
568,201411,0,1557.0,5,3.0,3.0,9.0,386.0,800.0,,,28,1.0,,1400.0
569,201411,0,2302.0,12,22.0,9.0,10.0,26.0,1500.0,355.63,94.28,65,4.0,105.64,1968.08
570,201411,0,164.0,12,0.0,0.0,0.0,,1000.0,,,56,0.0,,
571,201405,1,878.0,12,0.0,0.0,5.0,,2583.0,227.9,0.0,42,0.0,54.06,3830.92
572,201412,0,598.0,12,0.0,0.0,0.0,,1000.0,,,27,0.0,0.0,
573,201411,0,4682.0,12,17.0,4.0,0.0,234.0,3000.0,,,45,4.0,,7200.0
574,201406,0,212.0,12,0.0,0.0,0.0,,800.0,,,56,0.0,,800.0
575,201408,0,374.0,6,0.0,0.0,0.0,,1000.0,,,57,0.0,,1000.0
576,201403,0,234.0,12,1.0,0.0,0.0,,1130.5,,,36,9.0,,1130.5
577,201410,0,796.0,12,0.0,0.0,2.0,,1700.0,342.71,0.0,43,0.0,460.0,
578,201411,1,1885.0,12,8.0,1.0,0.0,,1000.0,,,40,1.0,,5450.6
579,201412,0,1456.0,6,0.0,5.0,3.0,349.0,500.0,53.97,0.0,22,0.0,123.04,
580,201404,0,378.0,10,0.0,0.0,0.0,,404.0,,,36,0.0,,404.0
581,201406,0,406.0,8,0.0,0.0,0.0,,600.0,,,37,0.0,,600.0
582,201409,1,546.0,12,0.0,0.0,0.0,,500.0,,,45,0.0,,
583,201407,0,492.0,12,0.0,0.0,0.0,,677.0,,,24,0.0,0.0,677.0
584,201408,0,1803.0,12,3.0,0.0,0.0,,600.0,,,55,4.0,,3250.0
585,201411,0,2888.0,5,12.0,6.0,10.0,221.0,600.0,681.58,111.74,48,7.0,323.72,
586,201410,1,1365.0,10,0.0,6.0,7.0,,1000.0,261.94,0.0,33,0.0,193.03,
587,201405,0,2029.0,12,13.0,1.0,0.0,,800.0,,,41,5.0,,800.0
588,201405,0,1398.0,12,0.0,4.0,0.0,165.0,900.0,,,63,0.0,0.0,900.0
589,201409,0,2536.0,12,25.0,9.0,12.0,509.0,600.0,870.03,110.0,57,10.0,223.47,2000.0
590,201411,1,633.0,12,0.0,0.0,0.0,,3000.0,,,34,0.0,130.14,
591,201403,1,1603.0,12,4.0,9.0,11.0,778.0,1300.0,444.87,122.85,39,1.0,406.71,1900.0
592,201403,0,812.0,12,0.0,0.0,3.0,,2187.0,354.88,0.0,40,0.0,318.97,8595.0
593,201406,1,2534.0,12,18.0,5.0,11.0,111.0,2000.0,619.72,85.25,45,16.0,221.93,2000.0
594,201408,0,351.0,12,0.0,0.0,0.0,,1527.84,,,59,0.0,,1527.84
595,201410,1,4289.0,12,53.0,10.0,10.0,280.0,1000.0,204.53,49.56,62,12.0,163.46,
596,201410,0,1766.0,12,9.0,6.0,10.0,538.0,2000.0,917.66,0.0,54,2.0,636.96,
597,201404,0,1769.0,12,2.0,4.0,12.0,472.0,1500.0,792.89,191.76,25,1.0,513.32,3744.12
598,201408,1,3494.0,12,52.0,7.0,12.0,936.0,2800.0,968.7,225.87,55,15.0,867.93,14001.97
599,201408,0,269.0,9,0.0,0.0,0.0,,700.0,,,42,0.0,,700.0
600,201403,0,1638.0,12,4.0,9.0,12.0,347.0,2759.03,451.81,129.89,44,2.0,235.1,5759.03
601,201409,1,189.0,12,0.0,0.0,0.0,,800.0,,,32,0.0,,
602,201412,1,376.0,10,0.0,0.0,0.0,,200.0,,,21,0.0,,
603,201406,0,1682.0,12,4.0,6.0,12.0,584.0,995.07,734.47,0.0,23,2.0,454.95,995.07
604,201404,1,1341.0,12,0.0,3.0,9.0,166.0,1600.0,682.6,141.82,61,0.0,246.91,3100.0
605,201402,0,644.0,7,0.0,0.0,0.0,,918.6,,,52,0.0,107.19,1837.2
606,201402,0,3095.0,12,38.0,12.0,12.0,281.0,2000.0,616.1,162.2,70,10.0,269.74,12176.17
607,201406,1,928.0,12,0.0,0.0,6.0,,2000.0,768.13,165.74,42,0.0,572.97,7094.6
608,201412,0,1833.0,12,8.0,4.0,4.0,,3000.0,593.81,0.0,67,2.0,539.41,11475.72
609,201410,0,1454.0,12,0.0,11.0,12.0,719.0,3000.0,661.67,116.84,65,0.0,441.49,7490.66
610,201406,1,339.0,12,0.0,0.0,0.0,,700.0,,,43,0.0,,700.0
611,201412,0,2065.0,12,12.0,3.0,0.0,,1000.0,,,31,7.0,,400.0
612,201406,0,1062.0,12,0.0,0.0,11.0,,500.0,466.48,112.63,37,0.0,229.56,3245.84
613,201406,0,324.0,10,0.0,0.0,0.0,,1000.0,,,55,0.0,,1000.0
614,201401,0,680.0,12,0.0,0.0,0.0,,1500.0,145.53,45.57,55,0.0,92.15,4000.0
615,201405,0,434.0,12,0.0,0.0,0.0,,800.0,,,51,0.0,,800.0
616,201402,0,855.0,12,0.0,0.0,3.0,,1000.0,73.97,0.0,28,0.0,78.42,2523.85
617,201406,1,242.0,12,0.0,0.0,0.0,,908.17,,,45,0.0,,908.17
618,201408,0,138.0,12,0.0,0.0,0.0,,1000.0,,,42,0.0,,1000.0
619,201410,0,615.0,3,0.0,0.0,0.0,,300.0,,,29,0.0,57.31,880.0
620,201405,0,309.0,12,0.0,0.0,0.0,,800.0,,,41,0.0,,800.0
621,201401,0,,12,,,,,936.83,,,27,,,4239.68
622,201407,0,476.0,12,0.0,0.0,0.0,,1500.0,,,55,0.0,,1500.0
623,201410,0,1770.0,4,12.0,12.0,11.0,501.0,400.0,48.97,0.0,39,2.0,157.33,35.38
624,201411,0,1169.0,12,0.0,3.0,8.0,382.0,1000.0,430.07,127.19,44,0.0,228.03,
625,201412,1,302.0,12,0.0,0.0,0.0,,1710.32,,,55,0.0,,
626,201407,0,261.0,12,0.0,0.0,0.0,,1000.0,,,34,0.0,,1090.98
627,201405,0,557.0,12,0.0,0.0,0.0,,800.0,,,20,0.0,34.39,800.0
628,201401,0,399.0,12,0.0,0.0,0.0,,700.0,,,48,0.0,,1400.0
629,201404,0,3101.0,12,29.0,9.0,9.0,341.0,1000.0,704.73,144.94,46,8.0,128.46,4362.31
630,201402,1,975.0,12,0.0,0.0,8.0,,968.71,609.84,0.0,23,0.0,380.9,3416.34
631,201404,0,1137.0,6,0.0,1.0,12.0,228.0,200.0,1100.78,59.01,22,0.0,661.76,200.0
632,201405,0,845.0,10,0.0,0.0,4.0,,1055.8,569.83,0.0,28,0.0,568.36,1055.8
633,201403,0,569.0,12,0.0,0.0,0.0,,677.28,,,32,0.0,18.0,677.28
634,201410,0,3553.0,12,30.0,8.0,4.0,135.0,3000.0,919.88,0.0,35,15.0,512.43,1000.0
635,201408,0,468.0,6,0.0,0.0,0.0,,1000.0,,,36,0.0,,1000.0
636,201407,0,651.0,12,0.0,0.0,0.0,,800.0,352.94,119.03,23,0.0,201.73,800.0
637,201411,0,446.0,6,0.0,0.0,0.0,,532.57,,,32,0.0,,
638,201407,1,2106.0,12,21.0,10.0,12.0,3675.0,3000.0,2647.19,0.0,55,1.0,1913.18,9000.0
639,201403,0,2049.0,12,13.0,1.0,7.0,316.0,2600.0,,,61,7.0,35.79,2600.0
640,201403,1,363.0,12,0.0,0.0,0.0,,1562.37,,,29,0.0,,1562.37
641,201408,1,556.0,12,0.0,0.0,0.0,,1500.0,,,36,0.0,0.0,2866.74
642,201409,0,542.0,12,0.0,0.0,0.0,,1500.0,,,44,0.0,8.99,
643,201407,1,651.0,12,0.0,0.0,0.0,,1600.0,,,42,0.0,293.55,1600.0
644,201401,0,698.0,12,0.0,0.0,0.0,,2660.0,,,54,0.0,508.34,7469.84
645,201408,0,146.0,12,0.0,0.0,0.0,,600.0,,,27,0.0,,600.0
646,201407,0,870.0,12,0.0,0.0,5.0,,500.0,571.3,106.35,54,0.0,645.55,500.0
647,201406,0,1379.0,12,0.0,9.0,12.0,242.0,600.0,343.9,0.0,23,0.0,281.73,1086.84
648,201402,1,331.0,12,0.0,0.0,0.0,,1220.0,,,31,0.0,,2850.0
649,201406,0,1202.0,6,0.0,4.0,8.0,336.0,300.0,159.96,60.0,52,0.0,,300.0
650,201410,0,444.0,12,0.0,0.0,0.0,,3000.0,,,57,0.0,,
651,201412,0,539.0,12,0.0,0.0,0.0,,600.0,,,28,0.0,,
652,201408,0,588.0,12,0.0,0.0,0.0,,568.0,,,42,0.0,0.0,568.0
653,201402,0,1995.0,7,15.0,10.0,7.0,238.0,500.0,413.82,81.99,45,3.0,223.12,1000.0
654,201410,1,172.0,10,0.0,0.0,0.0,,1000.0,,,28,0.0,,200.0
655,201407,1,4044.0,12,25.0,0.0,0.0,,2497.5,,,49,7.0,,1384.96
656,201406,1,740.0,12,0.0,0.0,1.0,,2331.76,301.92,0.0,51,0.0,869.56,2331.76
657,201409,0,225.0,12,0.0,0.0,0.0,,1020.17,,,67,0.0,,
658,201409,0,795.0,5,0.0,0.0,3.0,,300.0,241.08,69.12,66,0.0,194.68,
659,201407,0,503.0,6,0.0,0.0,0.0,,400.0,,,72,0.0,,400.0
660,201402,0,266.0,8,0.0,0.0,0.0,,278.23,,,30,0.0,,834.69
661,201410,0,2939.0,6,4.0,0.0,1.0,,1600.0,,,43,1.0,228.74,
662,201402,1,265.0,12,0.0,0.0,0.0,,978.53,,,32,0.0,,1957.06
663,201405,0,1087.0,12,0.0,0.0,2.0,19.0,1000.0,,,40,0.0,0.0,1600.0
664,201409,0,644.0,12,0.0,0.0,0.0,,700.0,,,31,0.0,173.56,600.0
665,201405,1,910.0,12,0.0,0.0,4.0,,1500.0,103.47,0.0,35,0.0,24.12,2100.0
666,201408,0,4829.0,12,6.0,0.0,5.0,,1500.0,579.43,21.57,47,31.0,323.69,
667,201407,0,262.0,8,0.0,0.0,0.0,,574.0,,,41,0.0,,574.0
668,201407,0,1939.0,12,11.0,7.0,12.0,347.0,809.85,722.06,194.29,44,6.0,581.0,809.85
669,201401,0,1757.0,3,7.0,5.0,10.0,310.0,500.0,336.82,46.86,55,3.0,107.29,1058.98
670,201401,0,498.0,12,0.0,0.0,0.0,,1769.87,,,46,0.0,,3539.74
671,201402,0,248.0,12,0.0,0.0,0.0,,2200.0,,,47,0.0,,4400.0
672,201410,1,952.0,12,0.0,0.0,8.0,,1140.0,1727.23,308.86,58,0.0,827.58,1020.5
673,201401,0,346.0,6,0.0,0.0,0.0,,880.0,,,29,0.0,,4909.24
674,201404,1,241.0,12,0.0,0.0,0.0,,1108.5,,,21,0.0,,1108.5
675,201401,0,1864.0,12,13.0,11.0,11.0,1273.0,2887.12,1105.5,81.77,66,1.0,321.27,5774.24
676,201402,1,351.0,5,0.0,0.0,0.0,,500.0,,,24,0.0,,1486.84
677,201408,0,900.0,12,0.0,0.0,8.0,,1300.0,678.67,172.31,43,0.0,285.4,4300.0
678,201402,0,1051.0,12,0.0,0.0,10.0,,1500.0,921.5,0.0,37,0.0,242.93,2700.0
679,201409,0,1314.0,10,0.0,7.0,12.0,314.0,1800.0,808.9,79.2,39,0.0,381.78,5400.0
680,201403,0,281.0,12,0.0,0.0,0.0,,1000.0,,,44,0.0,,1000.0
681,201410,0,191.0,12,0.0,0.0,0.0,,300.0,,,54,0.0,,
682,201401,1,359.0,12,0.0,0.0,0.0,,800.0,,,48,0.0,,1600.0
683,201408,1,744.0,6,0.0,0.0,1.0,,1000.0,515.07,85.65,41,0.0,766.83,1000.0
684,201409,0,432.0,12,0.0,0.0,0.0,,1000.0,,,77,0.0,,1600.0
685,201411,1,209.0,12,0.0,0.0,0.0,,2000.0,,,61,0.0,,
686,201401,0,2174.0,8,21.0,10.0,11.0,289.0,400.0,290.92,92.98,38,3.0,232.36,1600.0
687,201407,1,971.0,8,0.0,0.0,8.0,,500.0,409.12,0.0,33,0.0,316.9,1858.46
688,201409,0,3378.0,12,40.0,9.0,12.0,452.0,1000.0,483.23,110.8,31,17.0,202.53,1939.3
689,201409,0,1450.0,12,0.0,3.0,9.0,,1500.0,448.77,141.94,66,0.0,,5165.94
690,201408,1,435.0,12,0.0,0.0,0.0,,2000.0,,,54,0.0,,2000.0
691,201406,0,766.0,12,0.0,0.0,1.0,,1500.0,107.99,0.0,54,0.0,166.05,3061.29
692,201412,0,407.0,3,0.0,0.0,0.0,,300.0,,,61,0.0,,
693,201409,1,1126.0,12,0.0,0.0,12.0,266.0,1500.0,411.89,0.0,27,0.0,263.08,
694,201404,0,575.0,12,0.0,0.0,0.0,,700.0,,,52,0.0,0.0,700.0
695,201403,0,443.0,8,0.0,0.0,0.0,,709.41,,,28,0.0,,709.41
696,201404,1,1055.0,10,0.0,0.0,11.0,,600.0,793.21,121.39,28,0.0,584.03,600.0
697,201405,0,2646.0,8,20.0,0.0,1.0,,700.0,,,47,10.0,,700.0
698,201402,0,336.0,12,0.0,0.0,0.0,,1542.85,,,54,0.0,,3085.7
699,201408,0,3203.0,12,51.0,12.0,1.0,438.0,1843.93,,,37,3.0,,8568.61
700,201407,0,201.0,12,0.0,0.0,0.0,,606.63,,,39,0.0,,606.63
701,201412,0,771.0,9,0.0,0.0,1.0,,1000.0,124.08,0.0,70,0.0,145.81,
702,201403,0,890.0,12,0.0,0.0,5.0,,500.0,476.76,81.93,30,0.0,196.48,500.0
703,201401,0,3159.0,12,14.0,0.0,0.0,,1000.0,,,69,4.0,0.0,2600.0
704,201412,0,350.0,6,0.0,0.0,0.0,,400.0,,,33,0.0,,
705,201408,0,202.0,12,0.0,0.0,0.0,,3000.0,,,49,0.0,,
706,201404,1,228.0,8,0.0,0.0,0.0,,1500.0,,,36,0.0,,1500.0
707,201404,1,2525.0,12,24.0,2.0,1.0,,670.91,,,27,12.0,,670.91
708,201411,0,763.0,3,0.0,0.0,1.0,,400.0,99.84,0.0,27,0.0,197.28,
709,201405,1,633.0,7,0.0,0.0,0.0,,400.0,,,21,0.0,112.95,400.0
710,201410,1,388.0,12,0.0,0.0,0.0,,1000.0,,,53,0.0,,940.0
711,201401,0,900.0,12,0.0,0.0,5.0,,2000.0,351.85,0.0,67,0.0,249.53,6774.76
712,201412,0,257.0,12,0.0,0.0,0.0,,700.0,,,49,0.0,,
713,201403,0,1708.0,10,6.0,0.0,6.0,,700.0,135.95,0.0,61,3.0,,1700.0
714,201409,0,1130.0,3,0.0,0.0,10.0,185.0,300.0,952.15,0.0,37,0.0,,600.0
715,201408,0,1221.0,12,0.0,3.0,8.0,615.0,918.0,264.91,0.0,54,0.0,396.83,918.0
716,201410,1,583.0,12,0.0,0.0,0.0,,1066.0,,,42,0.0,64.0,
717,201405,0,588.0,12,0.0,0.0,0.0,,2670.0,,,63,0.0,0.0,2670.0
718,201411,0,4353.0,12,19.0,8.0,6.0,,1000.0,1060.3,46.49,54,32.0,352.03,
719,201412,1,882.0,12,0.0,0.0,4.0,,2000.0,428.82,0.0,44,0.0,0.0,
720,201404,1,184.0,12,0.0,0.0,0.0,,660.54,,,25,0.0,,660.54
721,201411,0,1050.0,12,0.0,0.0,10.0,,1310.9,392.85,0.0,35,0.0,249.94,500.0
722,201408,0,2959.0,10,35.0,11.0,9.0,484.0,500.0,,,45,8.0,328.36,791.71
723,201401,0,1027.0,12,0.0,0.0,12.0,,1083.86,769.17,0.0,54,0.0,259.87,4979.33
724,201401,0,362.0,12,0.0,0.0,0.0,,646.94,,,33,0.0,,1293.88
725,201402,1,575.0,12,0.0,0.0,0.0,,500.0,,,57,0.0,40.0,1000.0
726,201406,0,472.0,12,0.0,0.0,0.0,,1000.0,,,42,0.0,,1000.0
727,201405,1,172.0,12,0.0,0.0,0.0,,539.0,,,25,0.0,,539.0
728,201409,0,1508.0,4,1.0,6.0,12.0,234.0,900.0,968.85,66.08,33,1.0,664.26,
729,201408,1,1208.0,10,0.0,2.0,12.0,268.0,700.0,1353.62,0.0,49,0.0,703.42,1700.0
730,201406,0,4911.0,12,16.0,0.0,7.0,,700.0,174.81,44.85,44,28.0,152.34,1300.0
731,201412,0,498.0,12,0.0,0.0,1.0,,953.52,,,24,0.0,8.99,
732,201411,1,481.0,12,0.0,0.0,0.0,,1000.0,,,36,0.0,,
733,201410,1,4355.0,10,73.0,4.0,0.0,,1000.0,,,38,7.0,,
734,201402,0,203.0,12,0.0,0.0,0.0,,521.1,,,37,0.0,,1563.3
735,201410,0,935.0,7,0.0,0.0,7.0,,1343.32,335.27,0.0,52,0.0,535.47,
736,201409,1,761.0,12,0.0,0.0,1.0,,2000.0,391.95,118.1,41,0.0,216.99,451.0
737,201406,0,2071.0,12,7.0,9.0,8.0,298.0,1000.0,261.9,0.0,50,5.0,17.01,2913.41
738,201402,0,693.0,12,0.0,0.0,0.0,,1000.0,,,50,0.0,34.09,2000.0
739,201410,0,,10,0.0,0.0,0.0,,1000.0,,,33,0.0,,
740,201411,0,1309.0,3,0.0,0.0,11.0,193.0,200.0,480.92,0.0,38,0.0,386.82,
741,201407,0,1201.0,12,0.0,0.0,4.0,83.0,2000.0,,,58,0.0,0.0,2000.0
742,201412,1,905.0,12,0.0,0.0,6.0,,2000.0,332.5,0.0,27,0.0,456.95,4833.99
743,201404,1,846.0,12,0.0,0.0,4.0,,1000.0,440.29,0.0,52,0.0,289.86,
744,201403,0,1341.0,12,0.0,2.0,9.0,65.0,700.0,475.87,0.0,22,0.0,296.3,700.0
745,201405,0,609.0,12,0.0,0.0,0.0,,250.0,,,74,0.0,19.0,1125.55
746,201405,0,439.0,12,0.0,0.0,0.0,,300.0,,,43,0.0,,300.0
747,201405,0,3230.0,12,48.0,11.0,12.0,766.0,2000.0,1681.06,545.83,56,10.0,903.55,2000.0
748,201411,0,260.0,12,0.0,0.0,0.0,,1000.0,,,34,0.0,,
749,201401,0,985.0,12,0.0,0.0,9.0,,1000.0,946.51,288.96,41,0.0,412.26,2000.0
750,201411,1,2903.0,12,9.0,0.0,8.0,,713.41,241.9,0.0,49,3.0,108.59,
751,201405,0,217.0,10,0.0,0.0,0.0,,1600.0,,,59,0.0,,1600.0
752,201406,0,222.0,12,0.0,0.0,0.0,,1136.58,,,28,0.0,,1136.58
753,201412,0,1220.0,6,0.0,3.0,7.0,311.0,250.0,432.23,0.0,55,0.0,,1390.0
754,201407,0,401.0,12,0.0,0.0,0.0,,2020.48,,,43,0.0,,3664.34
755,201410,0,493.0,12,0.0,0.0,0.0,,798.22,,,19,0.0,,
756,201403,0,681.0,4,0.0,0.0,0.0,,500.0,,,32,0.0,73.81,500.0
757,201411,0,2988.0,6,31.0,1.0,0.0,,500.0,,,65,6.0,57.89,1100.0
758,201403,0,303.0,6,0.0,0.0,0.0,,350.0,,,29,0.0,,350.0
759,201404,0,712.0,12,0.0,0.0,0.0,,350.0,412.32,148.59,26,0.0,281.74,350.0
760,201408,1,755.0,6,0.0,0.0,0.0,,700.0,410.34,0.0,29,0.0,847.39,700.0
761,201412,0,162.0,12,0.0,0.0,0.0,,1000.0,,,44,0.0,,
762,201407,0,2759.0,12,3.0,7.0,12.0,483.0,1903.04,234.79,44.85,50,2.0,318.43,2876.85
763,201406,0,1645.0,12,5.0,10.0,12.0,603.0,955.54,637.74,0.0,28,1.0,369.47,1688.36
764,201412,1,729.0,12,0.0,0.0,0.0,,1000.0,85.97,0.0,49,0.0,171.75,600.0
765,201411,0,375.0,12,0.0,0.0,0.0,,1000.0,,,49,0.0,,
766,201410,1,433.0,12,0.0,0.0,0.0,,1668.56,,,33,0.0,,
767,201410,0,362.0,12,0.0,0.0,0.0,,1500.0,,,55,0.0,,
768,201410,0,455.0,4,0.0,0.0,0.0,,700.0,,,57,0.0,,117.96
769,201406,0,,12,,,,,1022.08,,,71,,,1622.08
770,201408,1,2937.0,12,28.0,9.0,10.0,1075.0,1577.69,659.77,0.0,27,7.0,,
771,201401,0,1284.0,10,0.0,5.0,12.0,152.0,800.0,887.81,29.62,25,0.0,562.56,1600.0
772,201410,0,1299.0,12,0.0,6.0,0.0,86.0,1200.0,,,61,0.0,0.0,4600.0
773,201404,1,558.0,8,0.0,0.0,0.0,,264.0,,,28,0.0,,264.0
774,201401,0,191.0,12,0.0,0.0,0.0,,500.0,,,60,0.0,,1000.0
775,201408,0,616.0,12,0.0,0.0,0.0,,500.0,,,30,0.0,114.67,1766.81
776,201405,0,1020.0,12,0.0,0.0,12.0,217.0,1000.0,219.72,49.78,68,0.0,344.65,1000.0
777,201406,1,304.0,12,0.0,0.0,0.0,,1200.0,,,56,0.0,,1200.0
778,201403,1,3014.0,12,20.0,7.0,9.0,532.0,2268.17,195.02,66.05,48,24.0,,4641.83
779,201402,1,3131.0,3,12.0,0.0,0.0,,300.0,,,37,5.0,0.0,600.0
780,201401,0,4037.0,12,18.0,2.0,11.0,518.0,1500.0,637.45,125.55,58,22.0,345.86,4990.0
781,201403,0,213.0,10,0.0,0.0,0.0,,300.0,,,35,0.0,,300.0
782,201404,0,423.0,3,0.0,0.0,0.0,,300.0,,,28,0.0,,300.0
783,201411,1,314.0,12,0.0,0.0,0.0,,1194.78,,,32,0.0,,
784,201408,0,3016.0,12,38.0,0.0,0.0,,2235.05,,,50,7.0,,10440.55
785,201405,0,483.0,12,0.0,0.0,0.0,,1500.0,,,24,0.0,,1500.0
786,201407,0,501.0,12,0.0,0.0,0.0,,800.0,,,31,0.0,,800.0
787,201403,0,308.0,7,0.0,0.0,0.0,,623.0,,,34,0.0,,623.0
788,201401,1,,12,,,,,1000.0,,,48,,,1000.0
789,201408,1,521.0,12,0.0,0.0,0.0,,1371.71,,,33,0.0,0.0,1371.71
790,201407,1,3160.0,12,22.0,11.0,10.0,425.0,2094.0,545.81,0.0,40,26.0,354.67,
791,201412,1,438.0,8,0.0,0.0,0.0,,1000.0,,,38,0.0,,
792,201408,0,1183.0,12,0.0,1.0,0.0,116.0,1000.0,,,33,0.0,,2005.0
793,201403,1,1374.0,12,0.0,9.0,0.0,177.0,1833.0,,,36,0.0,,2833.0
794,201405,0,245.0,10,0.0,0.0,0.0,,300.0,,,26,0.0,,300.0
795,201403,0,428.0,12,0.0,0.0,0.0,,1000.0,,,48,0.0,,1000.0
796,201403,0,857.0,12,0.0,0.0,4.0,,300.0,388.89,0.0,30,0.0,423.02,300.0
797,201410,1,309.0,12,0.0,0.0,0.0,,1000.0,,,50,0.0,,600.0
798,201411,0,371.0,12,0.0,0.0,0.0,,250.0,,,39,0.0,,
799,201404,0,684.0,12,0.0,0.0,0.0,,858.08,,,48,0.0,301.45,858.08
800,201409,0,5035.0,5,65.0,3.0,12.0,254.0,1000.0,947.62,0.0,60,41.0,957.88,1000.0
801,201403,1,2195.0,12,6.0,0.0,0.0,,1420.0,,,37,3.0,,1420.0
802,201403,0,336.0,12,0.0,0.0,0.0,,1200.0,,,28,0.0,,2228.14
803,201404,0,1562.0,10,2.0,7.0,12.0,274.0,500.0,493.63,0.0,24,2.0,286.0,1693.67
804,201406,0,2149.0,12,3.0,5.0,8.0,277.0,950.0,209.95,0.0,40,2.0,142.4,950.0
805,201401,0,510.0,12,0.0,0.0,0.0,,600.0,,,32,0.0,,600.0
806,201406,1,1916.0,12,11.0,4.0,11.0,256.0,1000.0,241.93,0.0,32,5.0,242.35,1000.0
807,201410,1,272.0,12,0.0,0.0,0.0,,600.0,,,38,0.0,,
808,201408,0,1368.0,12,0.0,6.0,8.0,259.0,1700.0,340.94,0.0,28,0.0,117.83,1700.0
809,201412,0,1743.0,12,4.0,0.0,0.0,,1000.0,,,41,1.0,,500.0
810,201402,0,2398.0,12,23.0,4.0,8.0,,2900.69,1311.47,147.88,45,5.0,456.5,7221.38
811,201412,1,2357.0,12,7.0,0.0,1.0,,902.18,177.91,0.0,52,6.0,170.0,
812,201410,0,4476.0,6,34.0,8.0,12.0,547.0,1000.0,480.78,0.0,67,24.0,293.17,
813,201406,0,251.0,12,0.0,0.0,0.0,,500.0,,,56,0.0,,500.0
814,201405,1,3317.0,11,49.0,10.0,8.0,297.0,2028.74,516.78,0.0,28,5.0,416.84,7521.64
815,201402,1,353.0,12,0.0,0.0,0.0,,870.11,,,26,0.0,,2159.45
816,201409,0,1291.0,10,0.0,4.0,12.0,258.0,2000.0,301.79,0.0,34,0.0,289.64,6700.0
817,201412,1,1925.0,12,9.0,5.0,12.0,400.0,1200.0,874.27,0.0,24,7.0,670.0,500.0
818,201403,0,2022.0,12,10.0,5.0,12.0,389.0,800.0,508.55,180.76,26,5.0,84.69,1250.0
819,201409,1,204.0,12,0.0,0.0,0.0,,1000.0,,,39,0.0,,
820,201412,0,1236.0,10,0.0,3.0,11.0,198.0,950.0,509.76,23.58,58,0.0,528.12,
821,201411,1,911.0,10,0.0,0.0,6.0,,1868.48,872.02,127.1,58,0.0,450.35,1000.0
822,201403,0,295.0,12,0.0,0.0,0.0,,1403.98,,,56,0.0,,1403.98
823,201411,0,2786.0,5,19.0,2.0,12.0,332.0,500.0,769.69,100.32,53,7.0,507.27,650.0
824,201403,0,917.0,12,0.0,0.0,6.0,,500.0,1151.68,0.0,33,0.0,1164.47,500.0
825,201407,0,1633.0,4,5.0,9.0,11.0,402.0,150.0,287.89,0.0,41,1.0,279.0,150.0
826,201412,0,536.0,12,0.0,0.0,0.0,,1500.0,,,54,0.0,,3000.0
827,201409,0,246.0,12,0.0,0.0,0.0,,2059.92,,,57,0.0,,
828,201403,0,251.0,12,0.0,0.0,0.0,,2000.0,,,44,0.0,,2000.0
829,201404,0,293.0,12,0.0,0.0,0.0,,2000.0,,,33,0.0,,2000.0
830,201411,0,1440.0,12,0.0,9.0,12.0,443.0,1500.0,1143.62,50.6,55,0.0,550.12,2719.24
831,201404,0,227.0,5,0.0,0.0,0.0,,570.0,,,54,0.0,,570.0
832,201405,1,654.0,10,0.0,0.0,0.0,,568.0,181.86,62.89,25,0.0,181.13,1214.19
833,201410,0,315.0,12,0.0,0.0,0.0,,500.0,,,48,0.0,,
834,201403,1,262.0,12,0.0,0.0,0.0,,1000.0,,,48,0.0,,1000.0
835,201409,1,1091.0,12,0.0,0.0,11.0,162.0,2234.01,1152.18,0.0,53,0.0,590.61,600.0
836,201406,0,996.0,6,0.0,0.0,9.0,,700.0,564.7,0.0,61,0.0,274.76,3400.0
837,201411,1,500.0,5,0.0,0.0,0.0,,500.0,,,44,0.0,,
838,201412,0,1321.0,12,0.0,6.0,12.0,854.0,2000.0,474.85,60.38,59,0.0,340.76,700.0
839,201406,0,460.0,12,0.0,0.0,0.0,,1200.0,,,48,0.0,,1200.0
840,201402,0,358.0,10,0.0,0.0,0.0,,400.0,,,39,0.0,,800.0
841,201408,1,4006.0,12,74.0,11.0,11.0,724.0,2311.83,2421.38,700.55,45,4.0,1277.41,3811.83
842,201403,0,4531.0,12,50.0,6.0,10.0,170.0,2000.0,257.91,0.0,53,20.0,197.24,3950.0
843,201401,1,224.0,8,0.0,0.0,0.0,,500.0,,,44,0.0,,1000.0
844,201407,0,219.0,12,0.0,0.0,0.0,,1000.0,,,37,0.0,,1000.0
845,201408,0,375.0,12,0.0,0.0,0.0,,700.0,,,46,0.0,,700.0
846,201401,1,205.0,12,0.0,0.0,0.0,,610.0,,,41,0.0,,1220.0
847,201408,0,305.0,8,0.0,0.0,0.0,,1000.0,,,52,0.0,,1300.0
848,201404,0,1135.0,12,0.0,0.0,8.0,243.0,3000.0,,,69,0.0,,3000.0
849,201403,0,1049.0,12,0.0,0.0,11.0,63.0,800.0,442.17,138.96,48,0.0,356.0,1800.0
850,201410,0,1256.0,12,0.0,4.0,12.0,412.0,1500.0,564.8,11.97,41,0.0,500.02,1487.45
851,201406,1,545.0,12,0.0,0.0,0.0,,996.39,,,48,0.0,,996.39
852,201402,0,815.0,12,0.0,0.0,3.0,,1500.0,667.27,126.18,36,0.0,528.15,3800.0
853,201410,0,697.0,3,0.0,0.0,0.0,,400.0,,,48,0.0,39.16,2800.0
854,201412,0,2193.0,12,21.0,10.0,10.0,644.0,2000.0,892.81,0.0,58,3.0,997.95,1054.0
855,201412,0,943.0,12,0.0,0.0,7.0,,800.0,582.12,203.25,43,0.0,286.83,
856,201404,1,2667.0,12,4.0,3.0,0.0,232.0,1000.0,,,71,4.0,,9100.0
857,201408,0,3413.0,12,35.0,0.0,0.0,,930.0,,,40,1.0,,996.98
858,201407,0,3466.0,12,32.0,6.0,11.0,815.0,2655.53,1584.64,203.76,43,28.0,1002.52,4515.53
859,201404,0,365.0,12,0.0,0.0,0.0,,2250.0,,,53,0.0,,2960.38
860,201402,1,943.0,4,0.0,0.0,6.0,,300.0,472.85,0.0,40,0.0,425.06,600.0
861,201408,0,3400.0,6,22.0,0.0,5.0,,1000.0,247.9,0.0,53,5.0,188.92,1600.0
862,201405,0,1125.0,6,0.0,0.0,5.0,141.0,250.0,15.99,0.0,39,0.0,,650.0
863,201402,1,932.0,12,0.0,0.0,7.0,,1549.0,576.7,137.37,56,0.0,520.35,3098.0
864,201408,1,3761.0,10,54.0,10.0,11.0,566.0,900.0,,,50,20.0,157.72,2300.0
865,201407,0,1513.0,12,1.0,11.0,9.0,253.0,1000.0,313.8,89.92,31,1.0,286.22,1000.0
866,201411,0,769.0,10,0.0,0.0,1.0,,1500.0,106.16,0.0,66,0.0,183.95,
867,201405,0,627.0,12,0.0,0.0,0.0,,1500.0,,,42,0.0,30.0,2300.0
868,201411,0,1634.0,12,4.0,6.0,6.0,,1000.0,291.55,82.66,29,2.0,95.56,3300.0
869,201403,0,2982.0,10,33.0,12.0,7.0,1054.0,400.0,982.17,298.34,36,4.0,424.16,400.0
870,201404,0,1226.0,3,0.0,3.0,8.0,199.0,200.0,1010.91,85.37,30,0.0,429.05,200.0
871,201404,1,452.0,12,0.0,0.0,0.0,,2169.24,,,33,0.0,,4663.73
872,201412,1,664.0,12,0.0,0.0,0.0,,540.0,295.28,103.3,38,0.0,95.0,474.0
873,201401,1,909.0,12,0.0,0.0,5.0,,1203.67,546.91,0.0,22,0.0,480.61,2407.34
874,201411,0,1305.0,12,0.0,6.0,11.0,313.0,800.0,637.79,0.0,41,0.0,411.08,1300.0
875,201406,0,3591.0,3,20.0,0.0,1.0,,250.0,,,38,4.0,0.0,250.0
876,201406,1,1610.0,12,4.0,2.0,0.0,,1871.71,,,37,1.0,,1871.71
877,201405,0,592.0,12,0.0,0.0,0.0,,1000.0,,,41,0.0,61.04,1000.0
878,201401,0,372.0,12,0.0,0.0,0.0,,843.41,,,35,0.0,,843.41
879,201411,0,1245.0,12,0.0,3.0,10.0,119.0,1000.0,1035.92,261.04,54,0.0,366.79,
880,201408,0,784.0,10,0.0,0.0,2.0,,500.0,431.04,152.09,37,0.0,349.38,500.0
881,201406,0,833.0,12,0.0,0.0,3.0,,1400.0,258.32,57.8,42,0.0,192.94,1400.0
882,201405,0,385.0,3,0.0,0.0,0.0,,150.0,,,52,0.0,,150.0
883,201411,0,230.0,12,0.0,0.0,0.0,,1482.54,,,41,0.0,,
884,201408,0,2989.0,12,24.0,9.0,12.0,147.0,1000.0,368.8,0.0,40,13.0,303.0,5246.1
885,201404,1,233.0,12,0.0,0.0,0.0,,570.0,,,36,0.0,,570.0
886,201402,0,1258.0,9,0.0,3.0,0.0,197.0,800.0,,,29,0.0,,2493.78
887,201403,0,1302.0,12,0.0,5.0,12.0,377.0,1500.0,302.97,66.05,65,0.0,344.67,1500.0
888,201411,0,546.0,12,0.0,0.0,0.0,,1000.0,,,56,0.0,0.0,2000.0
889,201402,0,1579.0,8,4.0,12.0,11.0,757.0,1000.0,822.82,167.31,52,1.0,588.92,4850.0
890,201411,0,232.0,5,0.0,0.0,0.0,,500.0,,,60,0.0,,
891,201406,0,1519.0,12,1.0,6.0,4.0,472.0,1000.0,39.99,0.0,27,1.0,239.5,2000.0
892,201404,0,2578.0,12,32.0,12.0,12.0,508.0,1500.0,710.22,240.45,40,4.0,248.82,2500.0
893,201411,1,287.0,12,0.0,0.0,0.0,,2500.0,,,55,0.0,,
894,201407,0,,12,,,,,1190.0,,,39,,,2250.95
895,201412,1,402.0,12,0.0,0.0,0.0,,2020.0,,,32,0.0,,500.0
896,201412,1,437.0,12,0.0,0.0,0.0,,1536.0,,,42,0.0,,527.87
897,201403,0,1558.0,12,2.0,11.0,12.0,1473.0,1461.0,1166.44,0.0,41,1.0,955.57,5922.0
898,201401,0,943.0,4,0.0,0.0,7.0,,250.0,526.74,83.87,25,0.0,498.15,500.0
899,201405,0,1244.0,12,0.0,4.0,11.0,282.0,947.88,141.95,0.0,25,0.0,231.1,3647.88
900,201408,0,3398.0,12,36.0,7.0,7.0,571.0,500.0,129.96,0.0,43,6.0,49.15,1300.0
901,201412,0,637.0,6,0.0,0.0,0.0,,1000.0,,,47,0.0,48.19,
902,201403,0,1586.0,12,4.0,12.0,10.0,411.0,700.0,326.56,109.84,40,1.0,273.98,2626.72
903,201403,0,1364.0,12,0.0,7.0,3.0,323.0,1500.0,25.5,0.0,43,0.0,,2100.0
904,201403,1,645.0,12,0.0,0.0,0.0,,2000.0,,,62,0.0,94.86,3575.41
905,201411,0,308.0,3,0.0,0.0,0.0,,300.0,,,54,0.0,,
906,201411,0,404.0,7,0.0,0.0,0.0,,300.0,,,45,0.0,,
907,201411,0,1822.0,12,9.0,4.0,8.0,517.0,1114.68,346.15,118.23,43,4.0,178.76,
908,201409,0,577.0,5,0.0,0.0,0.0,,300.0,,,67,0.0,,400.0
909,201402,0,832.0,12,0.0,0.0,4.0,,656.51,235.94,0.0,26,0.0,149.49,1313.02
910,201405,0,802.0,12,0.0,0.0,3.0,,500.0,292.87,0.0,63,0.0,257.26,1000.0
911,201407,0,295.0,8,0.0,0.0,0.0,,600.0,,,44,0.0,,749.99
912,201406,1,208.0,12,0.0,0.0,0.0,,900.0,,,28,0.0,,900.0
913,201412,1,3639.0,10,64.0,11.0,12.0,1175.0,1800.0,1691.57,0.0,32,7.0,1186.39,1000.0
914,201406,0,322.0,8,0.0,0.0,0.0,,700.0,,,23,0.0,,700.0
915,201406,0,2853.0,3,42.0,10.0,12.0,512.0,200.0,323.9,0.0,40,4.0,476.24,200.0
916,201405,0,159.0,12,0.0,0.0,0.0,,1700.0,,,65,0.0,,1700.0
917,201408,0,983.0,10,0.0,0.0,8.0,,500.0,295.09,0.0,39,0.0,109.38,2660.0
918,201410,0,833.0,12,0.0,0.0,4.0,,900.0,440.72,150.7,31,0.0,,
919,201401,1,169.0,12,0.0,0.0,0.0,,1112.01,,,37,0.0,,3266.46
920,201402,1,538.0,12,0.0,0.0,0.0,,1500.0,,,36,0.0,,3000.0
921,201404,0,296.0,12,0.0,0.0,0.0,,1000.0,,,36,0.0,,1000.0
922,201401,1,313.0,12,0.0,0.0,0.0,,779.07,,,36,0.0,,1558.14
923,201407,0,567.0,6,0.0,0.0,0.0,,500.0,,,44,0.0,0.0,500.0
924,201403,0,1804.0,12,9.0,10.0,7.0,275.0,557.23,,,44,2.0,150.0,557.23
925,201411,0,5044.0,10,9.0,0.0,6.0,,1300.0,628.87,0.0,69,2.0,565.54,5200.0
926,201404,0,697.0,12,0.0,0.0,0.0,,1665.58,,,69,0.0,515.46,1665.58
927,201404,0,936.0,12,0.0,0.0,7.0,,500.0,726.78,0.0,38,0.0,637.75,500.0
928,201403,0,3801.0,5,71.0,10.0,12.0,843.0,700.0,231.93,0.0,65,3.0,115.89,700.0
929,201409,0,3030.0,12,8.0,0.0,11.0,121.0,959.06,800.25,122.49,68,2.0,325.93,
930,201401,0,4056.0,12,48.0,9.0,12.0,1036.0,800.0,1161.68,317.97,34,24.0,366.94,2100.0
931,201410,0,199.0,12,0.0,0.0,0.0,,450.0,,,39,0.0,,
932,201406,0,662.0,12,0.0,0.0,0.0,,2000.0,,,38,0.0,103.64,3400.0
933,201403,0,316.0,10,0.0,0.0,0.0,,800.0,,,36,0.0,,800.0
934,201407,0,273.0,12,0.0,0.0,0.0,,1000.0,,,62,0.0,,1000.0
935,201407,0,60.0,12,0.0,0.0,0.0,,1600.0,,,57,0.0,,2281.48
936,201408,0,1234.0,5,0.0,3.0,12.0,203.0,1320.06,428.65,0.0,37,0.0,305.12,7020.06
937,201407,0,3383.0,12,9.0,0.0,0.0,,1500.0,,,42,9.0,,3100.0
938,201403,1,127.0,12,0.0,0.0,0.0,,902.82,,,35,0.0,,1520.82
939,201410,1,930.0,12,0.0,0.0,7.0,,500.0,219.68,77.52,75,0.0,237.02,2000.0
940,201409,0,275.0,10,0.0,0.0,0.0,,1000.0,,,47,0.0,,
941,201404,1,251.0,12,0.0,0.0,0.0,,600.0,,,35,0.0,,600.0
942,201403,0,343.0,12,0.0,0.0,0.0,,500.0,,,47,0.0,,500.0
943,201405,0,2733.0,12,13.0,1.0,5.0,,1215.0,28.98,0.0,29,9.0,,1869.0
944,201401,0,1382.0,9,0.0,8.0,12.0,1891.0,511.28,2151.83,0.0,31,0.0,1383.78,1022.56
945,201407,0,610.0,12,0.0,0.0,0.0,,1152.02,,,34,0.0,83.69,1152.02
946,201409,1,1637.0,12,5.0,9.0,0.0,385.0,2000.0,,,24,1.0,,1700.0
947,201402,1,656.0,12,0.0,0.0,0.0,,2500.0,,,35,0.0,176.74,6000.0
948,201411,0,3618.0,12,53.0,12.0,12.0,398.0,2000.0,643.49,205.39,62,8.0,556.06,1367.0
949,201410,0,4261.0,12,43.0,6.0,3.0,913.0,3000.0,360.91,95.03,58,10.0,218.58,6154.84
950,201406,1,843.0,12,0.0,0.0,3.0,,1500.0,193.89,0.0,39,0.0,208.52,1500.0
951,201407,0,4660.0,12,24.0,8.0,0.0,495.0,2000.0,603.68,189.8,65,4.0,357.98,4000.0
952,201409,0,790.0,12,0.0,0.0,2.0,,1000.0,416.78,136.85,33,0.0,452.1,500.0
953,201402,0,3347.0,6,24.0,0.0,1.0,,600.0,347.67,67.84,64,5.0,431.7,2500.0
954,201411,0,4580.0,5,32.0,6.0,12.0,268.0,500.0,283.21,22.6,53,28.0,283.0,400.0
955,201407,0,568.0,10,0.0,0.0,0.0,,1700.0,,,48,0.0,0.0,1700.0
956,201408,0,1283.0,12,0.0,5.0,10.0,302.0,2500.0,437.09,0.0,43,0.0,88.71,4500.0
957,201406,1,258.0,10,0.0,0.0,0.0,,1000.0,,,44,0.0,,1000.0
958,201405,0,4926.0,10,101.0,9.0,12.0,921.0,1500.0,1072.38,97.72,50,6.0,830.09,1800.0
959,201407,1,1164.0,12,0.0,1.0,7.0,194.0,1405.52,255.91,0.0,53,0.0,796.5,4305.52
960,201411,0,1430.0,6,0.0,5.0,0.0,337.0,500.0,,,42,0.0,,
961,201406,0,802.0,6,0.0,0.0,2.0,,570.0,173.94,0.0,24,0.0,306.49,733.95
962,201403,1,677.0,12,0.0,0.0,0.0,,1340.23,,,21,0.0,194.06,1340.23
963,201412,1,865.0,12,0.0,0.0,9.0,,1600.0,407.88,0.0,51,0.0,539.02,2400.0
964,201410,0,1593.0,12,4.0,9.0,0.0,166.0,1000.0,,,52,2.0,,2578.09
965,201401,1,523.0,12,0.0,0.0,0.0,,600.0,,,29,0.0,,1200.0
966,201403,0,457.0,5,0.0,0.0,0.0,,500.0,,,47,0.0,,1500.0
967,201404,0,406.0,12,0.0,0.0,2.0,,1000.0,,,55,0.0,,2000.0
968,201409,1,821.0,12,0.0,0.0,3.0,,2862.52,171.93,0.0,37,0.0,115.57,
969,201411,1,252.0,12,0.0,0.0,0.0,,1000.0,,,26,0.0,,
970,201404,1,409.0,12,0.0,0.0,0.0,,1000.0,,,56,0.0,,1592.08
971,201401,0,523.0,12,0.0,0.0,0.0,,300.0,,,52,0.0,,600.0
972,201407,0,4596.0,12,8.0,1.0,12.0,259.0,1500.0,723.73,0.0,39,9.0,390.26,3400.0
973,201410,1,271.0,8,0.0,0.0,0.0,,720.0,,,42,0.0,,
974,201408,0,972.0,12,0.0,0.0,8.0,,1300.0,369.42,55.11,39,0.0,220.0,2100.0
975,201403,0,1174.0,12,0.0,1.0,12.0,536.0,1500.0,407.92,112.82,52,0.0,521.56,2500.0
976,201401,1,653.0,12,0.0,0.0,0.0,,1500.0,,,27,0.0,255.92,3763.43
977,201409,0,1800.0,9,10.0,12.0,11.0,787.0,450.0,613.08,0.0,57,1.0,368.92,
978,201410,0,3437.0,12,36.0,3.0,0.0,,1000.0,,,46,11.0,,
979,201404,1,922.0,12,0.0,0.0,6.0,,1000.0,364.74,0.0,28,0.0,160.38,1000.0
980,201407,0,2767.0,6,4.0,0.0,11.0,,400.0,253.22,43.29,32,16.0,14.75,400.0
981,201405,0,585.0,12,0.0,0.0,0.0,,1500.0,,,67,0.0,0.0,1500.0
982,201409,0,3556.0,12,45.0,8.0,9.0,1716.0,1500.0,1274.9,415.19,70,9.0,979.5,6600.0
983,201410,0,3616.0,12,7.0,0.0,2.0,,3000.0,99.98,0.0,68,1.0,398.58,8000.0
984,201406,0,990.0,12,0.0,0.0,9.0,,1500.0,472.75,0.0,50,0.0,152.78,2965.9
985,201405,1,364.0,12,0.0,0.0,0.0,,1000.0,,,27,0.0,,1000.0
986,201405,1,302.0,12,0.0,0.0,0.0,,600.0,,,54,0.0,,600.0
987,201411,1,214.0,12,0.0,0.0,0.0,,2000.0,,,57,0.0,,500.0
988,201410,1,237.0,6,0.0,0.0,0.0,,300.0,,,30,0.0,,
989,201402,0,1651.0,12,7.0,8.0,1.0,202.0,1000.0,,,53,2.0,0.0,2000.0
990,201411,0,4785.0,12,12.0,0.0,0.0,,800.0,,,61,27.0,,332.0
991,201405,0,1304.0,10,0.0,6.0,12.0,527.0,300.0,196.92,0.0,42,0.0,163.45,2500.0
992,201410,0,3528.0,12,3.0,0.0,0.0,,3000.0,,,48,8.0,119.01,2500.0
993,201402,0,843.0,4,0.0,0.0,4.0,,390.0,626.92,82.78,35,0.0,578.97,780.0
994,201409,0,239.0,6,0.0,0.0,0.0,,200.0,,,38,0.0,,
995,201411,0,614.0,12,0.0,0.0,0.0,,800.0,,,51,0.0,89.49,1788.78
996,201410,0,1253.0,12,0.0,4.0,9.0,435.0,958.68,171.92,0.0,27,0.0,,1096.25
997,201401,0,2004.0,4,5.0,0.0,4.0,,500.0,471.89,0.0,31,13.0,431.62,1300.0
998,201402,0,419.0,12,0.0,0.0,0.0,,1319.38,,,31,0.0,,2638.76
999,201402,1,1141.0,8,0.0,0.0,11.0,444.0,399.0,9.0,0.0,34,0.0,336.43,798.0
1000,201407,0,3949.0,3,77.0,12.0,12.0,1561.0,200.0,1176.44,0.0,44,4.0,804.46,9535.5
1001,201403,0,472.0,12,0.0,0.0,0.0,,500.0,,,21,0.0,,500.0
1002,201404,0,1045.0,3,0.0,0.0,10.0,,300.0,505.05,49.98,43,0.0,208.31,300.0
1003,201410,0,3964.0,12,24.0,0.0,0.0,,500.0,,,62,5.0,,
1004,201409,1,496.0,8,0.0,0.0,0.0,,1000.0,,,43,0.0,,1617.94
1005,201408,0,1511.0,12,1.0,8.0,12.0,299.0,1313.0,634.04,154.31,39,1.0,95.56,2288.77
1006,201406,0,746.0,12,0.0,0.0,1.0,,1000.0,229.97,0.0,35,0.0,355.02,1000.0
1007,201405,1,481.0,12,0.0,0.0,0.0,,1931.07,,,46,0.0,,4431.07
1008,201401,0,159.0,10,0.0,0.0,0.0,,1000.0,,,33,0.0,,2000.0
1009,201405,0,333.0,12,0.0,0.0,0.0,,1500.0,,,27,0.0,,1500.0
1010,201408,1,1941.0,12,6.0,5.0,3.0,207.0,900.0,,,37,2.0,49.93,200.0
1011,201406,1,350.0,12,0.0,0.0,0.0,,2000.0,,,55,0.0,,2000.0
1012,201402,0,4052.0,12,29.0,0.0,0.0,,1500.0,,,34,6.0,,3200.0
1013,201406,0,175.0,6,0.0,0.0,0.0,,300.0,,,48,0.0,,500.0
1014,201411,1,1159.0,12,0.0,1.0,12.0,57.0,1349.25,500.82,0.0,39,0.0,370.9,1265.2
1015,201407,0,280.0,6,0.0,0.0,0.0,,500.0,,,25,0.0,,500.0
1016,201411,0,1725.0,12,7.0,3.0,0.0,28.0,1700.0,,,41,2.0,,2000.0
1017,201410,0,1032.0,6,0.0,0.0,7.0,,600.0,113.36,0.0,35,0.0,,150.0
1018,201408,0,2559.0,12,9.0,0.0,0.0,,1000.0,,,27,2.0,,2092.99
1019,201403,1,398.0,12,0.0,0.0,0.0,,1300.0,,,30,0.0,,1300.0
1020,201410,0,405.0,6,0.0,0.0,0.0,,300.0,,,54,0.0,,1000.0
1021,201411,0,1903.0,10,13.0,12.0,12.0,596.0,650.0,296.85,25.95,34,1.0,188.06,2361.85
1022,201412,0,1243.0,10,0.0,4.0,12.0,519.0,1000.0,999.08,0.0,56,0.0,632.62,2000.0
1023,201402,0,2465.0,6,20.0,12.0,4.0,46.0,500.0,235.12,79.17,31,5.0,209.23,1000.0
1024,201404,0,767.0,12,0.0,0.0,2.0,,1000.0,518.27,175.35,53,0.0,299.96,3098.0
1025,201407,0,1745.0,10,6.0,0.0,0.0,,1300.0,,,37,1.0,,1300.0
1026,201411,0,724.0,12,0.0,0.0,0.0,,3000.0,224.97,0.0,66,0.0,267.42,
1027,201404,0,1773.0,6,8.0,8.0,12.0,408.0,1000.0,490.06,0.0,51,3.0,314.59,1000.0
1028,201405,0,223.0,12,0.0,0.0,0.0,,1000.0,,,52,0.0,,1000.0
1029,201405,0,3020.0,3,18.0,1.0,5.0,415.0,200.0,447.83,0.0,29,6.0,54.23,200.0
1030,201401,1,156.0,12,0.0,0.0,0.0,,200.0,,,36,0.0,,400.0
1031,201405,0,319.0,12,0.0,0.0,0.0,,1167.81,,,57,0.0,,2167.81
1032,201403,0,632.0,3,0.0,0.0,0.0,,200.0,,,34,0.0,70.0,200.0
1033,201408,0,456.0,12,0.0,0.0,0.0,,917.9,,,37,0.0,,917.9
1034,201401,0,4775.0,10,60.0,7.0,12.0,280.0,1000.0,228.92,0.0,61,35.0,1.97,2600.0
1035,201411,0,794.0,12,0.0,0.0,2.0,,500.0,74.97,0.0,40,0.0,60.0,
1036,201412,1,2814.0,12,4.0,3.0,0.0,233.0,1300.0,,,63,1.0,,3000.0
1037,201405,1,339.0,12,0.0,0.0,0.0,,1000.0,,,35,0.0,,1000.0
1038,201407,0,573.0,12,0.0,0.0,0.0,,1500.0,,,68,0.0,0.0,1500.0
1039,201405,0,3130.0,6,34.0,0.0,0.0,,1200.0,,,60,5.0,,4600.0
1040,201401,0,403.0,12,0.0,0.0,0.0,,628.99,,,43,0.0,,1257.98
1041,201409,0,317.0,3,0.0,0.0,0.0,,200.0,,,33,0.0,,
1042,201409,1,2814.0,12,31.0,12.0,7.0,234.0,1000.0,128.95,0.0,37,8.0,292.66,
1043,201404,0,106.0,12,0.0,0.0,0.0,,400.0,,,67,0.0,,400.0
1044,201409,0,251.0,12,0.0,0.0,0.0,,2000.0,,,40,0.0,,
1045,201406,0,1071.0,12,0.0,0.0,11.0,238.0,900.0,408.44,0.0,52,0.0,586.48,1900.0
1046,201410,0,2491.0,12,27.0,10.0,12.0,260.0,1000.0,149.95,0.0,69,5.0,39.08,
1047,201408,0,4797.0,12,14.0,0.0,6.0,,536.0,299.88,0.0,32,34.0,199.67,536.0
1048,201406,0,529.0,7,0.0,0.0,0.0,,530.0,,,55,0.0,,530.0
1049,201408,0,388.0,12,0.0,0.0,0.0,,1200.0,,,50,0.0,,4200.0
1050,201408,0,2720.0,12,5.0,0.0,7.0,,1500.0,191.95,0.0,27,2.0,,3800.0
1051,201410,0,462.0,6,0.0,0.0,0.0,,300.0,,,36,0.0,,
1052,201408,0,758.0,12,0.0,0.0,1.0,,1200.0,441.06,64.24,40,0.0,499.36,2200.0
1053,201406,0,3744.0,8,10.0,0.0,0.0,,630.0,,,53,7.0,,1630.0
1054,201409,1,1035.0,12,0.0,0.0,10.0,,700.0,1077.72,59.53,40,0.0,452.07,600.0
1055,201404,0,3746.0,12,59.0,11.0,12.0,1613.0,1000.0,1448.24,314.54,67,14.0,952.23,2254.9
1056,201405,0,743.0,12,0.0,0.0,1.0,,1015.0,564.7,0.0,29,0.0,1417.49,1015.0
1057,201412,1,351.0,12,0.0,0.0,0.0,,2200.0,,,49,0.0,,
1058,201410,0,1393.0,12,0.0,3.0,5.0,73.0,1000.0,,,71,0.0,,
1059,201406,0,198.0,5,0.0,0.0,0.0,,500.0,,,52,0.0,,500.0
1060,201405,0,954.0,12,0.0,0.0,7.0,,1000.0,598.72,0.0,27,0.0,321.54,1000.0
1061,201407,1,152.0,12,0.0,0.0,0.0,,2271.96,,,37,0.0,,2271.96
1062,201408,0,4976.0,12,67.0,12.0,8.0,309.0,1479.91,591.98,186.56,57,15.0,279.0,1479.91
1063,201412,0,4870.0,12,23.0,3.0,7.0,54.0,800.0,383.51,91.58,53,5.0,224.96,
1064,201409,1,197.0,12,0.0,0.0,0.0,,1650.18,,,29,0.0,,
1065,201401,1,775.0,12,0.0,0.0,2.0,,1266.12,275.9,0.0,61,0.0,258.04,2532.24
1066,201404,0,529.0,12,0.0,0.0,0.0,,500.0,,,46,0.0,,500.0
1067,201409,0,3958.0,12,37.0,0.0,4.0,,1760.64,250.0,0.0,64,31.0,175.55,2321.22
1068,201404,0,1402.0,12,0.0,8.0,0.0,873.0,1797.02,,,41,0.0,,6597.02
1069,201402,0,1222.0,7,0.0,3.0,12.0,136.0,1100.0,592.52,101.9,54,0.0,278.25,6052.64
1070,201410,1,638.0,12,0.0,0.0,0.0,,2572.94,,,65,0.0,186.96,
1071,201407,0,205.0,12,0.0,0.0,0.0,,350.0,,,26,0.0,,350.0
1072,201409,1,1546.0,12,2.0,5.0,0.0,335.0,1000.0,,,32,1.0,,
1073,201407,0,4804.0,5,72.0,12.0,12.0,1422.0,650.0,1581.24,0.0,51,5.0,1761.22,8627.98
1074,201404,0,909.0,12,0.0,0.0,6.0,,1000.0,480.65,104.82,58,0.0,299.21,2853.48
1075,201403,1,1513.0,12,1.0,9.0,12.0,746.0,1590.0,527.89,0.0,52,1.0,555.39,1590.0
1076,201408,0,2871.0,12,38.0,11.0,5.0,1272.0,1000.0,590.19,0.0,62,5.0,,6000.0
1077,201406,0,2601.0,5,35.0,12.0,12.0,1147.0,200.0,1413.17,249.44,36,2.0,691.26,200.0
1078,201406,0,318.0,12,0.0,0.0,0.0,,500.0,,,28,0.0,,500.0
1079,201406,0,2899.0,6,36.0,12.0,12.0,244.0,800.0,520.77,0.0,26,9.0,403.87,800.0
1080,201407,0,955.0,6,0.0,0.0,8.0,,700.0,479.88,0.0,35,0.0,230.0,900.0
1081,201402,1,833.0,12,0.0,0.0,3.0,,2300.0,356.81,22.53,38,0.0,297.38,4600.0
1082,201403,0,171.0,12,0.0,0.0,0.0,,1000.0,,,29,0.0,,1000.0
1083,201403,0,652.0,12,0.0,0.0,0.0,,1600.0,,,49,0.0,245.35,3387.0
1084,201412,0,3214.0,5,36.0,6.0,0.0,,400.0,,,28,22.0,,150.0
1085,201404,0,598.0,12,0.0,0.0,0.0,,1200.0,,,35,0.0,52.59,1200.0
1086,201403,0,185.0,12,0.0,0.0,0.0,,793.1,,,42,0.0,,793.1
1087,201406,1,3281.0,10,23.0,10.0,11.0,524.0,1971.38,688.79,0.0,28,9.0,411.21,1971.38
1088,201406,0,234.0,12,0.0,0.0,0.0,,600.0,,,42,0.0,,600.0
1089,201406,0,798.0,12,0.0,0.0,4.0,,500.0,15.3,0.0,54,0.0,73.03,500.0
1090,201410,0,1453.0,12,0.0,3.0,9.0,77.0,1000.0,209.96,0.0,57,0.0,142.32,
1091,201402,0,388.0,6,0.0,0.0,0.0,,500.0,,,27,0.0,,1000.0
1092,201408,0,597.0,6,2.0,0.0,0.0,,500.0,,,72,5.0,73.0,500.0
1093,201411,0,3577.0,12,28.0,8.0,12.0,775.0,2450.42,1449.14,441.45,32,8.0,401.89,
1094,201401,0,950.0,12,0.0,0.0,3.0,,500.0,44.99,0.0,76,0.0,,1000.0
1095,201410,0,331.0,4,0.0,0.0,0.0,,704.74,,,35,0.0,,637.1
1096,201407,1,621.0,3,0.0,0.0,0.0,,500.0,,,21,0.0,65.19,500.0
1097,201409,0,2368.0,5,28.0,5.0,12.0,331.0,400.0,593.83,0.0,34,2.0,408.25,1290.0
1098,201407,1,282.0,12,0.0,0.0,0.0,,1000.0,,,27,0.0,,1000.0
1099,201408,0,267.0,12,0.0,0.0,0.0,,2000.0,,,67,0.0,,
1100,201404,0,2383.0,12,15.0,1.0,11.0,35.0,2000.0,305.16,71.26,53,2.0,177.71,4808.0
1101,201406,0,188.0,12,0.0,0.0,0.0,,1000.0,,,54,0.0,,1000.0
1102,201410,1,830.0,5,0.0,0.0,4.0,,800.0,116.96,0.0,50,0.0,191.64,1500.0
1103,201405,0,2387.0,5,1.0,2.0,1.0,19.0,700.0,185.93,0.0,49,1.0,241.11,700.0
1104,201412,1,283.0,12,0.0,0.0,0.0,,2310.12,,,27,0.0,,
1105,201404,0,1142.0,12,0.0,0.0,11.0,89.0,500.0,370.37,119.36,29,0.0,,500.0
1106,201407,0,620.0,12,0.0,0.0,0.0,,400.0,,,76,0.0,15.22,400.0
1107,201403,0,511.0,3,0.0,0.0,0.0,,400.0,,,28,0.0,,400.0
1108,201402,1,728.0,12,0.0,0.0,0.0,,680.87,321.52,112.51,39,0.0,221.2,1361.74
1109,201404,1,287.0,12,0.0,0.0,0.0,,1000.0,,,36,0.0,,1000.0
1110,201404,0,286.0,10,0.0,0.0,0.0,,500.0,,,42,0.0,,500.0
1111,201403,1,343.0,12,0.0,0.0,0.0,,1000.0,,,29,0.0,,1000.0
1112,201405,0,858.0,12,0.0,0.0,4.0,,1000.0,295.98,78.92,39,0.0,408.33,1000.0
1113,201406,0,1092.0,12,0.0,0.0,12.0,50.0,600.0,396.8,94.34,46,0.0,273.34,1500.0
1114,201402,1,804.0,5,0.0,0.0,2.0,,600.0,417.44,0.0,38,0.0,349.56,1200.0
1115,201404,0,1039.0,12,0.0,0.0,12.0,284.0,1000.0,422.34,105.41,63,0.0,264.86,2060.0
1116,201412,0,,6,0.0,0.0,0.0,,1797.59,,,66,0.0,,2502.9
1117,201404,0,2475.0,3,8.0,1.0,0.0,,150.0,,,35,4.0,,150.0
1118,201401,0,4776.0,8,49.0,12.0,8.0,734.0,1000.0,1437.59,507.88,62,9.0,916.98,4820.0
1119,201412,0,505.0,12,0.0,0.0,0.0,,600.0,,,71,0.0,,1200.0
1120,201409,0,224.0,12,0.0,0.0,0.0,,1000.0,,,44,0.0,,
1121,201405,0,356.0,12,0.0,0.0,0.0,,1265.89,,,36,0.0,,1265.89
1122,201401,0,2319.0,12,19.0,5.0,12.0,134.0,600.0,759.25,251.42,55,7.0,389.88,1200.0
1123,201411,0,272.0,12,0.0,0.0,0.0,,1000.0,,,43,0.0,,
1124,201411,0,648.0,12,0.0,0.0,0.0,,600.0,,,29,0.0,49.91,
1125,201402,0,434.0,12,0.0,0.0,0.0,,827.9,,,37,0.0,,1655.8
1126,201406,0,1095.0,10,0.0,0.0,11.0,372.0,500.0,970.97,13.24,40,0.0,402.27,500.0
1127,201403,0,673.0,6,0.0,0.0,0.0,,300.0,,,41,0.0,69.86,300.0
1128,201404,0,3957.0,9,13.0,0.0,0.0,,739.72,,,36,4.0,,739.72
1129,201402,0,578.0,4,0.0,0.0,0.0,,300.0,,,50,0.0,0.0,600.0
1130,201407,0,2055.0,10,19.0,11.0,12.0,754.0,1500.0,693.72,236.93,66,1.0,284.96,7269.08
1131,201406,1,4741.0,12,24.0,11.0,8.0,163.0,1000.0,276.86,0.0,64,35.0,437.24,6400.0
1132,201412,1,605.0,5,0.0,0.0,0.0,,500.0,,,22,0.0,45.59,
1133,201406,1,837.0,12,0.0,0.0,4.0,,1623.34,334.27,50.43,21,0.0,311.23,1623.34
1134,201401,1,3039.0,12,43.0,0.0,0.0,,1000.0,,,65,4.0,,3435.22
1135,201405,0,1759.0,12,7.0,11.0,10.0,721.0,1000.0,337.2,9.85,25,3.0,,3366.48
1136,201408,0,811.0,5,0.0,0.0,3.0,,150.0,322.96,0.0,24,0.0,344.87,250.0
1137,201407,0,1385.0,5,0.0,2.0,3.0,30.0,400.0,147.95,0.0,28,0.0,120.04,400.0
1138,201406,1,436.0,8,0.0,0.0,0.0,,1000.0,,,43,0.0,,1000.0
1139,201406,1,1245.0,5,0.0,5.0,11.0,524.0,650.0,870.84,0.0,52,0.0,67.17,1550.0
1140,201410,0,661.0,4,0.0,0.0,0.0,,500.0,,,58,0.0,224.15,
1141,201411,1,256.0,12,0.0,0.0,0.0,,1908.65,,,30,0.0,,
1142,201401,0,450.0,12,0.0,0.0,0.0,,1000.0,,,23,0.0,,2000.0
1143,201405,0,561.0,12,0.0,0.0,0.0,,400.0,,,34,0.0,,540.12
1144,201401,1,1648.0,6,5.0,7.0,11.0,484.0,600.0,1138.24,88.73,44,1.0,252.83,1200.0
1145,201402,0,4530.0,12,21.0,3.0,10.0,207.0,1500.0,250.0,0.0,59,29.0,195.53,3000.0
1146,201408,1,282.0,12,0.0,0.0,0.0,,3000.0,,,54,0.0,,3000.0
1147,201401,0,827.0,12,0.0,0.0,3.0,,800.0,128.29,0.0,53,0.0,321.86,1600.0
1148,201408,0,337.0,12,0.0,0.0,0.0,,1690.0,,,28,0.0,,3290.0
1149,201406,0,219.0,6,0.0,0.0,0.0,,240.0,,,36,0.0,,240.0
1150,201406,0,1843.0,6,10.0,8.0,11.0,514.0,1000.0,675.75,0.0,62,3.0,738.12,3600.0
1151,201409,1,630.0,10,0.0,0.0,0.0,,1500.0,,,25,0.0,35.6,300.0
1152,201405,0,514.0,5,0.0,0.0,0.0,,500.0,,,34,0.0,,500.0
1153,201401,1,969.0,12,0.0,0.0,5.0,,1000.0,352.51,0.0,46,0.0,209.64,2000.0
1154,201401,0,458.0,12,0.0,0.0,0.0,,1500.0,,,28,0.0,,6464.66
1155,201412,0,592.0,12,0.0,0.0,0.0,,2500.0,,,35,0.0,0.0,3963.18
1156,201404,0,591.0,6,0.0,0.0,0.0,,200.0,,,55,0.0,30.08,200.0
1157,201411,0,358.0,4,0.0,0.0,0.0,,477.59,,,46,0.0,,
1158,201402,0,1564.0,8,3.0,12.0,12.0,715.0,2211.91,671.81,0.0,65,1.0,234.16,2211.91
1159,201412,0,1509.0,12,1.0,11.0,11.0,969.0,1400.0,278.31,0.0,31,1.0,461.38,
1160,201405,0,989.0,12,0.0,0.0,9.0,,2535.0,398.13,114.24,73,0.0,297.0,2535.0
1161,201403,0,631.0,12,0.0,0.0,0.0,,1100.74,,,29,0.0,36.99,1600.74
1162,201405,1,435.0,12,0.0,0.0,0.0,,1000.0,,,42,0.0,,1000.0
1163,201402,0,849.0,12,0.0,0.0,6.0,,1200.0,79.97,0.0,62,0.0,125.72,3900.0
1164,201406,1,1635.0,8,4.0,2.0,9.0,,350.0,512.27,0.0,32,2.0,308.5,350.0
1165,201404,0,1538.0,12,2.0,8.0,12.0,396.0,1140.0,179.98,0.0,38,1.0,160.25,1140.0
1166,201410,0,421.0,8,0.0,0.0,0.0,,450.0,,,39,0.0,,
1167,201407,1,2110.0,12,7.0,6.0,11.0,167.0,1000.0,826.57,72.44,50,5.0,350.0,1000.0
1168,201401,1,589.0,12,0.0,0.0,0.0,,1126.96,,,27,0.0,0.0,2253.92
1169,201410,1,233.0,12,0.0,0.0,0.0,,1500.0,,,26,0.0,,
1170,201405,0,670.0,5,0.0,0.0,0.0,,300.0,92.82,28.04,53,0.0,52.51,300.0
1171,201412,1,630.0,12,0.0,0.0,0.0,,1600.0,374.36,138.62,24,0.0,313.81,
1172,201410,1,290.0,6,0.0,0.0,0.0,,2000.0,,,65,0.0,,
1173,201405,0,884.0,12,0.0,0.0,5.0,,2022.89,219.93,0.0,65,0.0,495.22,6586.52
1174,201409,1,870.0,12,0.0,0.0,8.0,,2000.0,691.85,0.0,40,0.0,281.55,3505.32
1175,201408,0,192.0,8,0.0,0.0,0.0,,600.0,,,27,0.0,,600.0
1176,201403,1,2441.0,12,22.0,3.0,8.0,,1000.0,,,77,10.0,,2685.46
1177,201401,0,621.0,3,0.0,0.0,0.0,,430.07,,,31,0.0,89.0,860.14
1178,201409,0,319.0,12,0.0,0.0,0.0,,1089.6,,,24,0.0,,
1179,201407,0,4142.0,6,10.0,0.0,8.0,,500.0,449.4,159.4,53,14.0,61.73,500.0
1180,201409,0,600.0,12,0.0,0.0,0.0,,500.0,,,71,0.0,23.89,
1181,201405,0,2924.0,12,33.0,11.0,11.0,130.0,1446.0,676.75,125.17,52,5.0,253.89,1446.0
1182,201410,0,1395.0,12,0.0,6.0,0.0,622.0,1000.0,,,50,0.0,,
1183,201411,1,347.0,6,0.0,0.0,0.0,,574.0,,,43,0.0,,
1184,201408,1,334.0,12,0.0,0.0,0.0,,696.0,,,27,0.0,,1964.47
1185,201403,1,406.0,12,0.0,0.0,0.0,,1500.0,,,41,0.0,,2195.19
1186,201404,0,1708.0,10,7.0,11.0,8.0,251.0,1000.0,207.37,62.43,66,1.0,220.11,7170.16
1187,201402,0,472.0,6,0.0,0.0,0.0,,349.03,,,21,0.0,,698.06
1188,201412,1,750.0,12,0.0,0.0,1.0,,907.25,41.4,0.0,28,0.0,60.61,
1189,201403,1,319.0,7,0.0,0.0,0.0,,1000.0,,,25,0.0,,1000.0
1190,201404,0,325.0,12,0.0,0.0,0.0,,1200.0,,,34,0.0,,1200.0
1191,201404,0,754.0,8,0.0,0.0,1.0,,500.0,116.97,0.0,36,0.0,166.66,500.0
1192,201406,0,464.0,10,0.0,0.0,0.0,,1000.0,,,53,0.0,,1000.0
1193,201402,0,4048.0,12,51.0,11.0,12.0,1738.0,2000.0,1112.45,0.0,63,22.0,590.98,4000.0
1194,201412,0,555.0,7,0.0,0.0,0.0,,2395.8,,,41,0.0,,
1195,201407,0,336.0,12,0.0,0.0,0.0,,1000.0,,,31,0.0,,1000.0
1196,201403,0,4125.0,12,21.0,0.0,3.0,,2000.0,153.92,0.0,52,24.0,254.78,7348.68
1197,201405,0,648.0,12,0.0,0.0,0.0,,1801.7,,,28,0.0,57.5,4264.3
1198,201411,0,2484.0,6,33.0,3.0,0.0,35.0,1500.0,,,37,1.0,168.01,1153.08
1199,201412,1,1907.0,12,7.0,7.0,12.0,482.0,1224.08,667.44,233.62,27,3.0,614.54,4748.47
1200,201408,0,3391.0,3,18.0,0.0,9.0,,400.0,242.28,9.33,43,12.0,226.77,1400.0
1201,201408,0,814.0,8,0.0,0.0,3.0,,574.0,137.56,0.0,30,0.0,180.05,574.0
1202,201410,0,174.0,12,0.0,0.0,0.0,,1261.81,,,34,0.0,,
1203,201405,1,908.0,12,0.0,0.0,6.0,,2000.0,357.56,62.41,53,0.0,330.88,5177.6
1204,201410,0,2849.0,6,16.0,0.0,0.0,,800.0,,,37,4.0,,736.29
1205,201406,0,1598.0,3,3.0,9.0,9.0,479.0,320.0,,,42,2.0,,320.0
1206,201406,0,612.0,10,0.0,0.0,0.0,,1500.0,,,33,0.0,116.1,2500.0
1207,201406,0,2839.0,12,27.0,0.0,0.0,,766.93,,,34,2.0,89.94,766.93
1208,201411,1,896.0,12,0.0,0.0,5.0,,947.09,194.7,0.0,23,0.0,236.66,
1209,201411,1,763.0,12,0.0,0.0,1.0,,1000.0,240.47,72.52,74,0.0,110.18,
1210,201403,0,946.0,12,0.0,0.0,3.0,,1380.1,62.37,0.0,27,0.0,47.77,2680.1
1211,201408,0,123.0,3,0.0,0.0,0.0,,400.0,,,43,0.0,,400.0
1212,201401,0,544.0,12,0.0,0.0,0.0,,439.0,,,51,0.0,,878.0
1213,201407,0,1017.0,6,0.0,0.0,11.0,,530.0,423.89,0.0,38,0.0,559.52,530.0
1214,201402,0,511.0,3,0.0,0.0,0.0,,374.0,,,30,0.0,,748.0
1215,201402,0,3591.0,12,40.0,7.0,9.0,1152.0,2000.0,804.49,99.85,67,13.0,611.36,10820.61
1216,201402,0,434.0,12,0.0,0.0,0.0,,1300.0,,,34,0.0,,2600.0
1217,201407,0,1478.0,12,0.0,5.0,12.0,407.0,2485.16,526.07,55.18,29,1.0,472.22,4485.16
1218,201406,0,1042.0,10,0.0,0.0,11.0,,1600.0,456.75,0.0,37,0.0,360.83,4300.0
1219,201408,1,211.0,10,0.0,0.0,0.0,,858.49,,,37,0.0,,858.49
1220,201403,1,,12,,,,,700.0,,,27,,,2249.26
1221,201403,1,2659.0,12,6.0,0.0,2.0,,2000.0,229.96,0.0,60,2.0,135.29,10859.1
1222,201410,0,1108.0,7,0.0,0.0,12.0,297.0,1000.0,587.51,0.0,30,0.0,457.39,
1223,201401,1,2361.0,12,15.0,0.0,0.0,,1237.19,,,30,5.0,,1237.19
1224,201405,0,4211.0,3,28.0,5.0,12.0,751.0,484.52,1999.07,0.0,49,12.0,1418.7,484.52
1225,201401,0,195.0,12,0.0,0.0,0.0,,700.0,,,65,0.0,,1400.0
1226,201409,1,2663.0,10,15.0,0.0,0.0,,800.0,,,26,6.0,,755.78
1227,201404,0,4643.0,4,34.0,1.0,9.0,261.0,250.0,,,56,11.0,,250.0
1228,201405,0,523.0,10,0.0,0.0,0.0,,1800.0,,,43,0.0,0.0,2197.9
1229,201411,1,245.0,12,0.0,0.0,0.0,,600.0,,,38,0.0,,
1230,201407,1,875.0,12,0.0,0.0,5.0,,1500.0,533.84,0.0,26,0.0,499.03,1500.0
1231,201412,0,574.0,5,0.0,0.0,0.0,,169.0,,,21,0.0,0.0,57.96
1232,201408,0,4267.0,5,58.0,4.0,11.0,187.0,250.0,381.87,0.0,52,21.0,291.0,250.0
1233,201402,1,226.0,3,0.0,0.0,0.0,,190.0,,,33,0.0,,380.0
1234,201407,1,3175.0,12,28.0,12.0,11.0,873.0,1800.0,219.1,0.0,52,6.0,246.43,5800.0
1235,201401,1,533.0,8,0.0,0.0,0.0,,500.0,,,50,0.0,,1000.0
1236,201411,0,2134.0,3,18.0,9.0,10.0,515.0,700.0,554.28,79.43,51,5.0,318.09,3106.54
1237,201406,0,915.0,12,0.0,0.0,7.0,,1500.0,636.45,125.52,47,0.0,413.58,2500.0
1238,201407,0,657.0,10,0.0,0.0,0.0,,600.0,,,37,0.0,104.45,600.0
1239,201404,1,262.0,8,0.0,0.0,0.0,,933.31,,,39,0.0,,933.31
1240,201403,0,594.0,12,0.0,0.0,0.0,,500.0,,,52,0.0,38.88,500.0
1241,201401,0,3804.0,12,51.0,6.0,10.0,178.0,1100.0,125.45,0.0,50,24.0,196.67,3100.0
1242,201407,1,305.0,12,0.0,0.0,0.0,,1500.0,,,69,0.0,,1500.0
1243,201403,0,2528.0,12,6.0,0.0,1.0,,1000.0,216.86,66.9,43,2.0,168.41,1000.0
1244,201411,0,838.0,3,0.0,0.0,4.0,,200.0,441.85,0.0,51,0.0,290.56,150.0
1245,201408,0,2915.0,3,4.0,0.0,0.0,,150.0,,,29,31.0,,550.0
1246,201411,0,823.0,12,0.0,0.0,4.0,,400.0,17.98,0.0,28,0.0,,
1247,201407,1,3164.0,10,49.0,7.0,8.0,,500.0,1008.98,327.57,45,6.0,268.81,900.0
1248,201410,0,867.0,12,0.0,0.0,4.0,,2563.06,80.99,0.0,55,0.0,271.63,4000.0
1249,201405,0,244.0,12,0.0,0.0,0.0,,2000.0,,,59,0.0,,2000.0
1250,201411,1,501.0,12,0.0,0.0,0.0,,904.37,,,33,0.0,,500.0
1251,201401,0,2710.0,10,19.0,5.0,0.0,,320.0,406.08,146.18,30,3.0,219.73,640.0
1252,201406,0,615.0,6,0.0,0.0,0.0,,700.0,,,24,0.0,77.2,700.0
1253,201407,0,864.0,10,0.0,0.0,4.0,,1200.0,681.92,55.09,50,0.0,425.79,6100.0
1254,201405,0,375.0,12,0.0,0.0,0.0,,1000.0,,,54,0.0,,2000.0
1255,201402,0,4516.0,6,68.0,1.0,0.0,,1000.0,,,69,15.0,,4000.0
1256,201404,0,1421.0,12,0.0,6.0,7.0,165.0,1600.0,228.01,31.11,69,0.0,160.37,1600.0
1257,201408,0,698.0,12,0.0,0.0,0.0,,780.08,,,23,0.0,34.69,780.08
1258,201402,1,412.0,12,0.0,0.0,0.0,,300.0,,,28,0.0,,600.0
1259,201406,1,244.0,12,0.0,0.0,0.0,,600.0,,,41,0.0,,600.0
1260,201406,1,539.0,12,0.0,0.0,0.0,,1253.78,,,49,0.0,,1253.78
1261,201406,0,2756.0,12,27.0,2.0,0.0,,1300.0,,,49,4.0,85.76,2700.0
1262,201407,0,195.0,6,0.0,0.0,0.0,,250.0,,,51,0.0,,250.0
1263,201412,0,2186.0,12,16.0,5.0,0.0,25.0,700.0,,,53,7.0,,1400.0
1264,201403,0,498.0,12,0.0,0.0,0.0,,1000.0,,,46,0.0,,1000.0
1265,201410,0,825.0,12,0.0,0.0,3.0,,800.0,305.31,55.87,59,0.0,261.66,
1266,201405,0,734.0,12,0.0,0.0,0.0,,1000.0,507.71,171.58,52,0.0,369.63,2000.0
1267,201407,0,662.0,8,0.0,0.0,0.0,,1500.0,,,31,0.0,269.36,3572.0
1268,201408,0,1173.0,12,0.0,1.0,0.0,5.0,2000.0,,,41,0.0,,6441.75
1269,201410,1,500.0,12,0.0,0.0,0.0,,2000.0,,,34,0.0,,1500.0
1270,201401,0,589.0,12,0.0,0.0,0.0,,900.0,,,42,0.0,0.0,2300.0
1271,201403,0,2023.0,12,19.0,12.0,2.0,161.0,2000.0,,,58,2.0,,4000.0
1272,201407,1,525.0,12,0.0,0.0,0.0,,1470.0,,,32,0.0,0.0,1470.0
1273,201410,0,395.0,12,0.0,0.0,0.0,,500.0,,,57,0.0,,500.0
1274,201403,0,3720.0,12,32.0,0.0,0.0,,2000.0,,,47,16.0,0.0,2000.0
1275,201401,1,208.0,10,0.0,0.0,0.0,,530.0,,,40,0.0,,1060.0
1276,201405,0,3438.0,12,30.0,12.0,12.0,1341.0,1000.0,2553.92,0.0,61,4.0,1074.66,1800.0
1277,201402,1,754.0,12,0.0,0.0,1.0,,496.65,257.89,0.0,24,0.0,510.13,496.65
1278,201407,1,210.0,12,0.0,0.0,0.0,,2470.0,,,67,0.0,,2470.0
1279,201405,0,4552.0,12,51.0,7.0,5.0,192.0,1000.0,71.94,0.0,55,26.0,,3733.63
1280,201412,0,2165.0,12,14.0,5.0,12.0,274.0,3000.0,1234.35,0.0,62,9.0,776.99,
1281,201408,1,554.0,12,0.0,0.0,0.0,,500.0,,,49,0.0,77.85,800.0
1282,201405,0,3354.0,12,32.0,9.0,11.0,145.0,800.0,89.97,0.0,56,22.0,91.8,800.0
1283,201403,0,1046.0,12,0.0,0.0,10.0,,1055.32,343.36,105.64,39,0.0,43.86,1055.32
1284,201409,0,641.0,12,0.0,0.0,0.0,,2200.0,,,54,0.0,253.68,1200.0
1285,201407,0,3121.0,4,4.0,2.0,0.0,,600.0,,,37,6.0,0.0,600.0
1286,201408,1,254.0,12,0.0,0.0,0.0,,1441.63,,,67,0.0,,
1287,201406,0,1043.0,4,0.0,0.0,9.0,,1000.0,798.69,0.0,37,0.0,,3000.0
1288,201411,0,378.0,3,0.0,0.0,0.0,,597.41,,,25,0.0,,
1289,201410,0,235.0,12,0.0,0.0,0.0,,2000.0,,,23,0.0,,
1290,201408,0,756.0,10,0.0,0.0,1.0,,1200.0,98.99,0.0,25,0.0,163.79,1200.0
1291,201407,0,2184.0,12,1.0,0.0,2.0,,800.0,137.98,0.0,48,2.0,275.96,800.0
1292,201405,1,3482.0,12,10.0,10.0,3.0,159.0,1300.0,148.54,48.55,55,5.0,57.54,1500.0
1293,201403,1,1088.0,12,0.0,0.0,12.0,109.0,800.0,567.01,0.0,71,0.0,325.96,6200.0
1294,201401,0,451.0,10,0.0,0.0,0.0,,894.75,,,25,0.0,,1789.5
1295,201405,0,2736.0,12,6.0,4.0,5.0,172.0,1554.14,,,53,1.0,,3236.5
1296,201404,0,216.0,12,0.0,0.0,0.0,,785.94,,,31,0.0,,785.94
1297,201410,0,1226.0,12,0.0,3.0,12.0,399.0,1000.0,631.8,0.0,75,0.0,293.97,5600.0
1298,201406,0,368.0,10,0.0,0.0,0.0,,1692.0,,,64,0.0,,1692.0
1299,201408,0,1091.0,12,0.0,0.0,11.0,237.0,1500.0,577.61,0.0,41,0.0,568.55,1900.0
1300,201406,0,1953.0,12,11.0,12.0,6.0,284.0,1400.0,39.99,0.0,55,4.0,100.29,2400.0
1301,201410,0,410.0,6,0.0,0.0,0.0,,1000.0,,,55,0.0,,
1302,201407,1,851.0,12,0.0,0.0,6.0,,3000.0,413.04,130.48,55,0.0,298.81,7000.0
1303,201405,1,213.0,12,0.0,0.0,0.0,,1300.0,,,39,0.0,,1300.0
1304,201406,0,229.0,12,0.0,0.0,0.0,,1200.0,,,71,0.0,,1200.0
1305,201410,0,4664.0,12,61.0,12.0,12.0,502.0,3000.0,480.8,0.0,72,6.0,273.87,1000.0
1306,201407,0,1895.0,12,2.0,0.0,0.0,,2500.0,,,39,1.0,,4300.0
1307,201402,0,2682.0,12,23.0,0.0,0.0,,1380.0,,,74,12.0,,2760.0
1308,201409,0,3908.0,12,9.0,0.0,0.0,,1290.12,,,48,5.0,82.29,1786.46
1309,201403,0,222.0,12,0.0,0.0,0.0,,921.49,,,40,0.0,,921.49
1310,201406,1,2185.0,12,16.0,0.0,3.0,,2500.0,221.1,75.17,49,3.0,142.31,3100.0
1311,201401,0,1690.0,12,7.0,8.0,11.0,236.0,600.0,558.26,0.0,52,1.0,312.47,4400.0
1312,201408,0,4046.0,12,51.0,8.0,3.0,141.0,500.0,370.81,0.0,54,17.0,345.22,500.0
1313,201409,0,332.0,6,0.0,0.0,0.0,,400.0,,,26,0.0,,150.0
1314,201401,0,1317.0,12,0.0,3.0,11.0,540.0,843.41,314.97,65.93,21,0.0,449.46,1686.82
1315,201407,1,139.0,12,0.0,0.0,0.0,,1000.0,,,57,0.0,,1000.0
1316,201411,1,717.0,12,0.0,0.0,1.0,,900.0,,,34,0.0,230.63,1200.0
1317,201412,0,556.0,8,0.0,0.0,0.0,,500.0,,,45,0.0,,
1318,201412,0,4771.0,12,52.0,6.0,6.0,117.0,2000.0,211.89,0.0,64,34.0,,6000.0
1319,201404,0,1122.0,12,0.0,0.0,12.0,422.0,1500.0,707.72,0.0,59,0.0,315.57,1500.0
1320,201407,1,277.0,6,0.0,0.0,0.0,,1000.0,,,60,0.0,,1000.0
1321,201402,0,203.0,12,0.0,0.0,0.0,,912.08,,,26,0.0,,1824.16
1322,201403,0,1645.0,12,5.0,11.0,11.0,445.0,700.0,556.61,172.76,46,1.0,373.43,1988.65
1323,201404,0,435.0,12,0.0,0.0,0.0,,1000.0,,,55,0.0,,1500.0
1324,201403,0,2829.0,12,39.0,12.0,1.0,719.0,1000.0,,,54,6.0,,2400.0
1325,201404,1,275.0,10,0.0,0.0,0.0,,1000.0,,,38,0.0,,1000.0
1326,201403,0,528.0,12,0.0,0.0,0.0,,850.0,,,36,0.0,,850.0
1327,201405,0,634.0,4,0.0,0.0,0.0,,425.06,,,21,0.0,35.12,425.06
1328,201409,0,1631.0,10,4.0,6.0,9.0,,500.0,419.1,79.21,54,2.0,232.25,1400.0
1329,201401,1,496.0,10,0.0,0.0,0.0,,1000.0,,,58,0.0,,1000.0
1330,201410,1,259.0,8,0.0,0.0,0.0,,700.0,,,38,0.0,,
1331,201402,0,432.0,12,0.0,0.0,0.0,,930.0,,,57,0.0,,1860.0
1332,201404,0,2984.0,12,33.0,8.0,12.0,400.0,1000.0,541.86,0.0,56,18.0,646.93,1000.0
1333,201411,1,1073.0,10,0.0,0.0,12.0,,1381.0,622.48,0.0,38,0.0,372.78,
1334,201408,0,1987.0,12,15.0,12.0,12.0,464.0,1468.23,709.74,0.0,26,3.0,500.17,2768.23
1335,201407,1,3440.0,12,26.0,0.0,0.0,,2029.06,,,27,5.0,38.77,2029.06
1336,201411,0,2134.0,12,16.0,8.0,11.0,344.0,2000.0,197.93,0.0,54,3.0,200.68,3000.0
1337,201412,0,883.0,10,0.0,0.0,5.0,,600.0,425.95,66.02,38,0.0,315.0,
1338,201408,1,234.0,6,0.0,0.0,0.0,,300.0,,,31,0.0,,300.0
1339,201405,0,246.0,12,0.0,0.0,0.0,,1200.0,,,26,0.0,,1200.0
1340,201406,1,487.0,12,0.0,0.0,0.0,,1220.0,,,73,0.0,,1220.0
1341,201412,0,658.0,12,0.0,0.0,0.0,,1000.0,146.37,47.39,41,0.0,168.6,
1342,201407,0,360.0,12,0.0,0.0,0.0,,814.61,,,22,0.0,,814.61
1343,201403,0,396.0,3,0.0,0.0,0.0,,300.0,,,36,0.0,,300.0
1344,201409,0,1012.0,3,0.0,0.0,7.0,,150.0,405.88,0.0,35,0.0,,500.0
1345,201410,0,309.0,5,0.0,0.0,0.0,,400.0,,,46,0.0,,
1346,201405,0,2968.0,12,12.0,0.0,6.0,,1000.0,129.97,0.0,63,7.0,76.92,1000.0
1347,201402,1,822.0,6,0.0,0.0,2.0,,1000.0,343.2,103.37,23,0.0,365.01,2000.0
1348,201408,0,767.0,10,0.0,0.0,1.0,,1000.0,57.96,0.0,44,0.0,69.84,1000.0
1349,201411,0,1101.0,3,0.0,0.0,3.0,71.0,700.0,,,44,0.0,,3850.0
1350,201409,0,1058.0,12,0.0,0.0,11.0,,1257.96,320.56,66.76,26,0.0,179.43,
1351,201405,1,349.0,12,0.0,0.0,0.0,,500.0,,,25,0.0,,500.0
1352,201411,0,587.0,12,0.0,0.0,0.0,,2000.0,,,57,0.0,65.99,2000.0
1353,201407,0,243.0,12,0.0,0.0,0.0,,1771.48,,,65,0.0,,1771.48
1354,201408,1,440.0,12,0.0,0.0,0.0,,1000.0,,,38,0.0,,1800.0
1355,201401,0,421.0,12,0.0,0.0,0.0,,1200.0,,,36,0.0,,4100.0
1356,201403,0,3005.0,12,28.0,8.0,12.0,633.0,1500.0,542.84,0.0,45,4.0,213.23,1500.0
1357,201409,0,1988.0,12,2.0,0.0,0.0,,1200.0,,,58,1.0,,2072.0
1358,201406,0,601.0,12,0.0,0.0,0.0,,1000.0,,,36,0.0,59.82,1000.0
1359,201410,0,773.0,8,0.0,0.0,2.0,,1000.0,342.19,52.25,49,0.0,387.24,600.0
1360,201412,0,1229.0,7,0.0,3.0,12.0,685.0,2000.0,1423.29,0.0,47,0.0,774.08,8029.58
1361,201412,0,1071.0,6,0.0,0.0,11.0,,700.0,881.55,31.3,45,0.0,534.93,1000.0
1362,201406,0,3486.0,12,9.0,7.0,11.0,1161.0,1000.0,322.3,0.0,32,5.0,579.48,1300.0
1363,201412,1,75.0,4,0.0,0.0,0.0,,400.0,,,21,0.0,,
1364,201403,0,684.0,12,0.0,0.0,0.0,,319.39,,,31,0.0,78.47,319.39
1365,201408,0,1341.0,4,0.0,7.0,7.0,288.0,300.0,183.72,0.0,21,0.0,237.94,300.0
1366,201402,1,1963.0,12,9.0,1.0,10.0,503.0,2900.0,240.95,0.0,25,1.0,224.63,13305.16
1367,201405,0,164.0,12,0.0,0.0,0.0,,500.0,,,32,0.0,,500.0
1368,201406,0,435.0,12,0.0,0.0,0.0,,600.0,,,32,0.0,,600.0
1369,201403,0,599.0,5,0.0,0.0,0.0,,1000.0,,,36,0.0,42.0,2000.0
1370,201405,0,1805.0,12,4.0,2.0,0.0,,2000.0,,,78,2.0,,4108.24
1371,201406,0,555.0,10,0.0,0.0,0.0,,2000.0,,,43,0.0,,3120.0
1372,201405,0,3060.0,6,35.0,9.0,12.0,329.0,500.0,320.86,0.0,65,5.0,250.0,1000.0
1373,201402,0,115.0,12,0.0,0.0,0.0,,648.01,,,25,0.0,,1296.02
1374,201408,0,614.0,4,0.0,0.0,0.0,,1000.0,,,38,0.0,147.08,1000.0
1375,201411,0,1254.0,12,0.0,3.0,0.0,188.0,3000.0,,,65,0.0,,1500.0
1376,201407,1,662.0,12,0.0,0.0,0.0,,1136.81,,,29,0.0,128.83,1136.81
1377,201402,1,285.0,12,0.0,0.0,0.0,,792.58,,,19,0.0,,1585.16
1378,201408,1,239.0,12,0.0,0.0,0.0,,800.0,,,34,0.0,,1400.0
1379,201406,1,422.0,8,0.0,0.0,0.0,,2000.0,,,38,0.0,,2000.0
1380,201409,0,947.0,12,0.0,0.0,7.0,,900.0,168.37,0.0,41,0.0,24.43,660.0
1381,201411,0,675.0,8,0.0,0.0,1.0,,1000.0,416.78,136.85,41,0.0,377.7,1000.0
1382,201402,0,576.0,12,0.0,0.0,0.0,,350.0,,,25,0.0,0.0,700.0
1383,201404,0,1926.0,12,12.0,8.0,11.0,254.0,1000.0,356.05,117.18,36,4.0,323.14,1000.0
1384,201408,0,,12,,,,,1200.0,,,75,,,2600.0
1385,201403,0,920.0,12,0.0,0.0,6.0,,900.0,533.3,58.39,40,0.0,248.38,900.0
1386,201404,0,234.0,12,0.0,0.0,0.0,,1000.0,,,52,0.0,,1000.0
1387,201404,0,241.0,10,0.0,0.0,0.0,,1500.0,,,54,0.0,,1500.0
1388,201405,1,1302.0,12,0.0,6.0,10.0,469.0,2000.0,312.18,77.29,66,0.0,,3500.0
1389,201409,0,1195.0,6,0.0,2.0,5.0,118.0,150.0,25.98,0.0,34,0.0,,150.0
1390,201407,0,210.0,12,0.0,0.0,0.0,,1000.0,,,52,0.0,,1300.0
1391,201405,1,2429.0,12,14.0,7.0,0.0,139.0,2100.0,,,41,3.0,,4000.0
1392,201407,0,673.0,12,0.0,0.0,0.0,,1038.0,,,44,0.0,107.0,1377.96
1393,201406,0,1377.0,10,0.0,7.0,11.0,432.0,2000.0,606.58,159.71,36,0.0,303.94,3500.0
1394,201411,0,741.0,12,0.0,0.0,0.0,,700.0,173.56,0.0,33,0.0,518.46,500.0
1395,201409,0,354.0,7,0.0,0.0,0.0,,1000.0,,,35,0.0,,
1396,201405,0,540.0,4,0.0,0.0,0.0,,250.0,,,38,0.0,,250.0
1397,201408,0,1703.0,12,6.0,2.0,3.0,115.0,861.3,237.92,85.96,27,2.0,238.24,861.3
1398,201405,1,274.0,12,0.0,0.0,0.0,,750.0,,,36,0.0,,750.0
1399,201412,1,3598.0,12,58.0,8.0,12.0,616.0,2000.0,2943.71,650.65,58,11.0,914.59,4500.0
1400,201407,0,195.0,12,0.0,0.0,0.0,,800.0,,,61,0.0,,800.0
1401,201402,0,2873.0,12,3.0,0.0,0.0,,1000.0,,,48,4.0,71.0,2000.0
1402,201407,1,217.0,3,0.0,0.0,0.0,,300.0,,,38,0.0,,300.0
1403,201401,1,632.0,4,0.0,0.0,0.0,,350.0,,,39,0.0,80.0,1550.0
1404,201402,1,294.0,12,0.0,0.0,0.0,,2477.72,,,62,0.0,,4955.44
1405,201410,0,257.0,3,0.0,0.0,0.0,,150.0,,,38,0.0,,
1406,201410,0,3305.0,12,12.0,0.0,0.0,,800.0,,,64,8.0,,500.0
1407,201410,0,235.0,3,0.0,0.0,0.0,,150.0,,,54,0.0,,
1408,201405,1,451.0,12,0.0,0.0,0.0,,960.0,,,39,0.0,,960.0
1409,201401,0,2408.0,12,20.0,10.0,11.0,301.0,1000.0,254.44,66.98,46,3.0,35.92,2000.0
1410,201410,0,466.0,12,0.0,0.0,0.0,,2842.0,,,57,0.0,,
1411,201409,0,3729.0,6,70.0,12.0,12.0,928.0,700.0,858.59,0.0,44,3.0,598.94,3000.0
1412,201403,0,459.0,12,0.0,0.0,0.0,,1000.0,,,38,0.0,,1900.0
1413,201412,0,757.0,4,0.0,0.0,1.0,,250.0,244.9,0.0,22,0.0,367.47,
1414,201404,0,3780.0,6,53.0,3.0,9.0,308.0,250.0,135.95,0.0,37,14.0,129.31,250.0
1415,201405,0,721.0,12,0.0,0.0,0.0,,800.0,266.46,0.0,42,0.0,334.31,800.0
1416,201409,0,930.0,12,0.0,0.0,7.0,,1567.37,315.98,101.24,34,0.0,82.05,3737.48
1417,201401,1,894.0,8,0.0,0.0,5.0,,1000.0,352.91,0.0,41,0.0,135.0,2000.0
1418,201409,0,347.0,5,0.0,0.0,0.0,,500.0,,,30,0.0,,
1419,201407,0,272.0,12,0.0,0.0,0.0,,1500.0,,,58,0.0,,1500.0
1420,201408,1,175.0,12,0.0,0.0,0.0,,2000.0,,,61,0.0,,2000.0
1421,201401,0,1415.0,12,0.0,5.0,12.0,194.0,843.0,358.66,100.13,26,0.0,199.04,1686.0
1422,201409,0,912.0,12,0.0,0.0,6.0,,900.0,553.86,0.0,33,0.0,484.61,2936.28
1423,201408,0,656.0,12,0.0,0.0,0.0,,896.0,,,38,0.0,252.57,896.0
1424,201408,1,370.0,12,0.0,0.0,0.0,,2000.0,,,45,0.0,,2000.0
1425,201404,1,3226.0,12,35.0,6.0,10.0,141.0,1700.0,49.98,0.0,38,9.0,162.47,2928.12
1426,201410,1,1259.0,12,0.0,4.0,1.0,309.0,1000.0,,,29,0.0,0.0,
1427,201409,1,135.0,12,0.0,0.0,0.0,,1176.18,,,45,0.0,,
1428,201406,0,227.0,12,0.0,0.0,0.0,,1000.0,,,52,0.0,,1000.0
1429,201406,0,4915.0,6,31.0,0.0,0.0,,500.0,,,44,4.0,,500.0
1430,201410,0,1343.0,12,0.0,3.0,9.0,194.0,1455.14,49.99,0.0,44,0.0,0.0,1985.86
1431,201402,0,953.0,12,0.0,0.0,7.0,,1500.0,129.99,0.0,35,0.0,5.52,3000.0
1432,201412,0,3195.0,12,21.0,7.0,2.0,210.0,1854.48,39.98,0.0,39,4.0,0.0,
1433,201411,1,3569.0,12,19.0,1.0,0.0,,500.0,,,30,34.0,,
1434,201410,0,1153.0,5,0.0,2.0,11.0,195.0,500.0,983.64,0.0,35,0.0,718.74,600.0
1435,201408,0,3170.0,4,47.0,12.0,12.0,181.0,150.0,992.43,207.75,54,4.0,491.37,450.0
1436,201402,1,240.0,12,0.0,0.0,0.0,,300.0,,,25,0.0,,600.0
1437,201407,0,165.0,12,0.0,0.0,0.0,,1494.1,,,55,0.0,,1494.1
1438,201407,0,4565.0,12,64.0,12.0,12.0,197.0,1000.0,355.58,47.72,56,13.0,139.09,1000.0
1439,201402,0,4397.0,12,26.0,0.0,0.0,,2000.0,,,55,5.0,,5000.0
1440,201408,0,373.0,6,0.0,0.0,0.0,,1000.0,,,37,0.0,,1000.0
1441,201412,0,1040.0,12,0.0,0.0,10.0,,1700.0,354.0,73.72,64,0.0,214.8,5600.0
1442,201406,0,290.0,8,0.0,0.0,0.0,,600.0,,,33,0.0,,600.0
1443,201412,1,376.0,12,0.0,0.0,0.0,,1600.0,,,33,0.0,,
1444,201406,1,746.0,10,0.0,0.0,1.0,,400.0,107.99,0.0,37,0.0,137.85,400.0
1445,201402,0,574.0,3,0.0,0.0,0.0,,317.3,,,37,0.0,0.0,634.6
1446,201403,0,674.0,12,0.0,0.0,0.0,,1000.0,,,51,0.0,614.17,3000.0
1447,201407,0,1367.0,12,0.0,7.0,12.0,540.0,1300.0,803.27,0.0,33,0.0,463.12,1300.0
1448,201409,1,339.0,12,0.0,0.0,0.0,,1000.0,,,35,0.0,,230.0
1449,201403,0,790.0,8,0.0,0.0,2.0,,490.55,25.99,0.0,23,0.0,31.94,490.55
1450,201408,0,648.0,3,0.0,0.0,0.0,,500.0,,,51,0.0,60.48,1500.0
1451,201401,0,4045.0,12,56.0,7.0,12.0,1664.0,900.0,2016.85,532.96,51,7.0,761.09,1800.0
1452,201409,0,1362.0,12,0.0,4.0,0.0,285.0,1000.0,,,42,0.0,,1000.0
1453,201407,0,409.0,12,0.0,0.0,0.0,,1633.19,,,53,0.0,,1633.19
1454,201405,1,346.0,8,0.0,0.0,0.0,,500.0,,,31,0.0,,500.0
1455,201402,0,398.0,12,0.0,0.0,0.0,,1150.0,,,68,0.0,,3247.73
1456,201410,1,302.0,12,0.0,0.0,0.0,,2000.0,,,33,0.0,,400.0
1457,201403,0,1284.0,12,0.0,6.0,11.0,367.0,1041.0,949.83,69.49,23,0.0,938.75,1041.0
1458,201412,0,1987.0,8,10.0,7.0,10.0,138.0,1500.0,1063.26,251.51,43,7.0,449.94,500.0
1459,201406,0,1005.0,7,0.0,0.0,9.0,,700.0,841.13,118.63,52,0.0,389.82,700.0
1460,201412,0,736.0,12,0.0,0.0,0.0,,1083.0,35.69,0.0,25,0.0,148.07,425.0
1461,201402,1,406.0,12,0.0,0.0,0.0,,909.61,,,33,0.0,,1819.22
1462,201410,0,2267.0,8,16.0,0.0,0.0,,1500.0,109.96,0.0,39,3.0,285.27,1200.0
1463,201408,0,1303.0,12,0.0,3.0,12.0,11.0,800.0,474.78,68.93,32,0.0,,2900.0
1464,201401,0,596.0,12,0.0,0.0,0.0,,968.68,,,25,0.0,67.1,1937.36
1465,201405,0,358.0,12,0.0,0.0,0.0,,862.86,,,33,0.0,,862.86
1466,201409,1,1127.0,12,0.0,0.0,10.0,287.0,1000.0,902.12,105.3,30,0.0,,1984.54
1467,201410,0,970.0,4,0.0,0.0,8.0,,1478.0,616.48,0.0,38,0.0,461.0,
1468,201405,1,311.0,10,0.0,0.0,0.0,,2295.49,,,49,0.0,,2295.49
1469,201412,1,1965.0,12,9.0,3.0,0.0,109.0,1500.0,,,59,7.0,,2851.15
1470,201407,0,285.0,8,0.0,0.0,0.0,,500.0,,,23,0.0,,500.0
1471,201402,1,3684.0,12,32.0,5.0,12.0,155.0,1500.0,363.89,0.0,39,20.0,198.07,
1472,201405,1,234.0,12,0.0,0.0,0.0,,676.21,,,41,0.0,,676.21
1473,201412,1,1945.0,12,6.0,0.0,1.0,,2623.7,,,34,4.0,153.95,
1474,201411,0,3611.0,12,51.0,11.0,12.0,687.0,2986.42,418.89,0.0,46,19.0,502.34,6093.32
1475,201407,0,953.0,12,0.0,0.0,7.0,,992.71,339.65,0.0,53,0.0,323.68,992.71
1476,201410,1,137.0,12,0.0,0.0,0.0,,2000.0,,,34,0.0,,
1477,201407,1,672.0,12,0.0,0.0,0.0,,2000.0,,,59,0.0,279.06,2000.0
1478,201411,0,,12,,,,,2000.0,,,32,,,
1479,201409,0,734.0,6,0.0,0.0,0.0,,2000.0,45.87,0.0,52,0.0,59.65,400.0
1480,201412,1,947.0,10,0.0,0.0,8.0,,1592.05,356.11,0.0,21,0.0,,1133.26
1481,201411,1,701.0,12,0.0,0.0,0.0,,1641.61,,,40,0.0,235.08,2650.0
1482,201412,1,938.0,8,0.0,0.0,6.0,,1000.0,321.7,0.0,24,0.0,367.78,
1483,201412,0,,10,,,,,1000.0,,,72,,,500.0
1484,201401,1,3975.0,7,37.0,9.0,11.0,343.0,500.0,1221.84,138.86,57,29.0,557.69,1000.0
1485,201412,0,425.0,6,0.0,0.0,0.0,,600.0,,,39,0.0,,
1486,201405,0,2562.0,12,20.0,5.0,0.0,257.0,1177.81,126.95,0.0,39,10.0,190.91,1177.81
1487,201409,0,862.0,9,0.0,0.0,3.0,,350.0,28.59,0.0,25,0.0,231.48,1600.0
1488,201405,0,1784.0,4,9.0,7.0,12.0,355.0,400.0,439.76,0.0,25,2.0,127.8,400.0
1489,201411,0,1622.0,12,4.0,12.0,11.0,355.0,700.0,612.14,111.05,47,1.0,229.75,3200.0
1490,201404,0,251.0,12,0.0,0.0,0.0,,891.65,,,50,0.0,,891.65
1491,201409,0,725.0,12,0.0,0.0,0.0,,1000.0,221.6,69.65,62,0.0,321.26,2900.0
1492,201407,0,165.0,3,0.0,0.0,0.0,,500.0,,,23,0.0,,500.0
1493,201406,1,4843.0,12,61.0,1.0,11.0,377.0,1500.0,946.96,186.14,62,28.0,1041.28,1500.0
1494,201411,0,834.0,12,0.0,0.0,3.0,,300.0,568.88,0.0,38,0.0,521.53,
1495,201406,0,742.0,12,0.0,0.0,1.0,,1000.0,362.68,83.43,56,0.0,212.41,1000.0
1496,201404,0,2334.0,12,23.0,0.0,4.0,,2000.0,85.98,0.0,50,2.0,,2483.94
1497,201408,0,667.0,8,0.0,0.0,0.0,,500.0,,,32,0.0,90.45,430.0
1498,201401,0,3890.0,12,29.0,0.0,0.0,,2000.0,,,34,14.0,,4000.0
1499,201409,0,1168.0,12,0.0,0.0,3.0,66.0,875.0,69.97,0.0,22,0.0,92.83,
1500,201405,0,4639.0,12,44.0,5.0,12.0,778.0,1000.0,833.18,131.38,51,5.0,295.2,2664.89
1501,201403,0,1065.0,6,0.0,0.0,7.0,,1000.0,442.9,77.01,41,0.0,163.32,1000.0
1502,201410,0,221.0,12,0.0,0.0,0.0,,1099.22,,,23,0.0,,
1503,201405,0,2496.0,8,10.0,12.0,11.0,,500.0,621.84,209.51,72,2.0,519.05,2200.0
1504,201409,0,3193.0,10,40.0,8.0,0.0,217.0,1000.0,,,41,13.0,,
1505,201410,1,662.0,10,0.0,0.0,0.0,,1034.49,,,56,0.0,161.42,959.0
1506,201405,0,3782.0,12,68.0,12.0,12.0,1018.0,1500.0,1187.03,35.38,66,7.0,466.96,2500.0
1507,201401,0,,12,,,,,1500.0,,,50,,,3000.0
1508,201403,0,409.0,12,0.0,0.0,0.0,,500.0,,,73,0.0,,500.0
1509,201405,0,2704.0,12,22.0,5.0,9.0,214.0,1000.0,265.9,0.0,37,2.0,143.47,1000.0
1510,201412,0,2821.0,12,6.0,0.0,6.0,,2252.69,79.99,0.0,27,2.0,40.47,4000.0
1511,201411,1,1187.0,12,0.0,2.0,11.0,284.0,1500.0,448.02,67.13,53,0.0,278.14,6351.74
1512,201401,1,457.0,12,0.0,0.0,0.0,,900.0,,,31,0.0,,2673.0
1513,201409,0,1592.0,10,3.0,12.0,12.0,684.0,1000.0,424.86,0.0,24,1.0,112.21,1195.92
1514,201408,1,312.0,12,0.0,0.0,0.0,,1478.46,,,21,0.0,,1478.46
1515,201405,0,656.0,12,0.0,0.0,0.0,,1000.0,,,42,0.0,53.49,1000.0
1516,201409,1,318.0,12,0.0,0.0,0.0,,2100.0,,,38,0.0,,
1517,201403,0,260.0,12,0.0,0.0,0.0,,500.0,,,50,0.0,,500.0
1518,201402,1,1181.0,12,0.0,2.0,9.0,225.0,1300.0,214.76,71.15,40,0.0,37.93,2850.0
1519,201411,0,2625.0,12,20.0,0.0,0.0,,2000.0,,,70,4.0,68.62,1000.0
1520,201403,0,4829.0,12,66.0,12.0,12.0,1607.0,800.0,3195.29,1087.13,51,9.0,1335.13,2600.0
1521,201406,0,338.0,8,0.0,0.0,0.0,,500.0,,,33,0.0,,500.0
1522,201406,0,627.0,5,0.0,0.0,0.0,,450.0,,,27,0.0,98.5,450.0
1523,201407,1,725.0,12,0.0,0.0,0.0,,1000.0,89.16,0.0,37,0.0,369.68,1500.0
1524,201409,0,2091.0,10,6.0,8.0,11.0,144.0,500.0,764.24,0.0,37,4.0,360.0,
1525,201403,0,497.0,12,0.0,0.0,0.0,,872.71,,,26,0.0,,872.71
1526,201407,0,275.0,12,0.0,0.0,0.0,,500.0,,,40,0.0,,500.0
1527,201407,1,495.0,12,0.0,0.0,0.0,,2000.0,,,32,0.0,8.99,3289.37
1528,201410,1,834.0,12,0.0,0.0,4.0,,2000.0,307.72,94.18,47,0.0,395.96,1959.82
1529,201411,0,1187.0,12,0.0,1.0,6.0,52.0,2000.0,179.96,0.0,58,0.0,97.55,3513.15
1530,201402,0,777.0,12,0.0,0.0,2.0,,800.0,210.97,0.0,54,0.0,300.46,4300.0
1531,201407,0,3503.0,12,23.0,0.0,8.0,,2000.0,318.3,52.41,64,9.0,88.73,5000.0
1532,201406,1,212.0,12,0.0,0.0,0.0,,720.4,,,21,0.0,,720.4
1533,201406,1,386.0,12,0.0,0.0,0.0,,1100.24,,,32,0.0,,1100.24
1534,201410,0,1041.0,4,0.0,0.0,10.0,,300.0,769.84,0.0,22,0.0,455.98,
1535,201403,1,657.0,11,0.0,0.0,0.0,,2000.0,,,33,0.0,134.24,4600.0
1536,201411,0,1914.0,12,11.0,2.0,0.0,,1420.07,,,38,3.0,,2000.0
1537,201401,1,186.0,12,0.0,0.0,0.0,,469.28,,,18,0.0,,938.56
1538,201409,0,2870.0,8,7.0,0.0,2.0,,500.0,23.96,0.0,68,1.0,,150.0
1539,201405,1,3142.0,12,20.0,4.0,0.0,71.0,1500.0,,,33,14.0,0.0,2500.0
1540,201405,0,337.0,12,0.0,0.0,0.0,,1000.0,,,23,0.0,,1000.0
1541,201401,1,118.0,10,0.0,0.0,0.0,,500.0,,,39,0.0,,1000.0
1542,201407,0,2054.0,12,18.0,3.0,10.0,429.0,1500.0,,,54,2.0,185.68,1500.0
1543,201404,0,231.0,6,0.0,0.0,0.0,,400.0,,,51,0.0,,600.0
1544,201406,0,3103.0,12,11.0,5.0,8.0,510.0,1000.0,613.55,183.64,34,37.0,450.64,1000.0
1545,201410,0,424.0,12,0.0,0.0,0.0,,700.0,,,52,0.0,,
1546,201407,0,3992.0,3,74.0,12.0,12.0,916.0,600.0,1148.86,0.0,31,4.0,442.72,600.0
1547,201410,1,3325.0,12,43.0,9.0,10.0,637.0,400.0,1082.26,124.59,30,14.0,570.54,
1548,201404,1,475.0,6,0.0,0.0,0.0,,568.73,,,38,0.0,,568.73
1549,201412,1,1027.0,12,0.0,0.0,9.0,,1650.0,254.63,0.0,31,0.0,217.23,
1550,201405,1,403.0,12,0.0,0.0,0.0,,1200.0,,,36,0.0,,1200.0
1551,201406,0,642.0,4,0.0,0.0,0.0,,1000.0,,,37,0.0,84.58,4000.0
1552,201409,0,689.0,6,0.0,0.0,0.0,,1000.0,,,36,0.0,226.33,
1553,201412,0,796.0,3,0.0,0.0,2.0,,300.0,574.03,125.77,52,0.0,663.35,
1554,201404,0,855.0,10,0.0,0.0,4.0,,1500.0,364.46,0.0,60,0.0,445.76,2800.0
1555,201412,0,126.0,12,0.0,0.0,0.0,,721.5,,,21,0.0,,
1556,201405,0,979.0,12,0.0,0.0,10.0,,2000.0,871.0,211.29,58,0.0,562.51,4530.0
1557,201409,1,473.0,12,0.0,0.0,0.0,,2500.0,,,52,0.0,,
1558,201407,0,2641.0,12,34.0,10.0,11.0,1188.0,1000.0,431.33,0.0,29,5.0,546.09,5047.9
1559,201406,0,234.0,6,0.0,0.0,0.0,,500.0,,,58,0.0,,500.0
1560,201406,0,927.0,10,0.0,0.0,6.0,,300.0,486.73,0.0,29,0.0,389.33,300.0
1561,201410,0,1105.0,4,0.0,0.0,10.0,136.0,700.0,486.63,0.0,28,0.0,544.54,200.0
1562,201407,0,2506.0,12,19.0,0.0,0.0,,1200.0,,,55,6.0,,5700.0
1563,201411,0,267.0,6,0.0,0.0,0.0,,350.0,,,29,0.0,,
1564,201409,1,2571.0,12,10.0,0.0,0.0,99.0,1000.0,,,37,4.0,,1354.32
1565,201408,0,244.0,12,0.0,0.0,0.0,,1000.0,,,62,0.0,,1000.0
1566,201402,1,132.0,12,0.0,0.0,0.0,,500.0,,,24,0.0,,1000.0
1567,201405,0,3069.0,12,43.0,10.0,7.0,1250.0,3000.0,1438.52,416.83,59,9.0,748.94,3000.0
1568,201410,0,500.0,10,0.0,0.0,0.0,,500.0,,,44,0.0,,
1569,201411,0,825.0,12,0.0,0.0,3.0,,1000.0,531.04,0.0,37,0.0,751.52,
1570,201409,0,191.0,12,0.0,0.0,0.0,,1504.0,,,30,0.0,,
1571,201412,0,1446.0,3,0.0,10.0,5.0,169.0,500.0,257.94,0.0,56,0.0,,740.0
1572,201404,1,1041.0,12,0.0,0.0,10.0,,1000.0,601.01,150.15,42,0.0,213.55,1000.0
1573,201405,0,435.0,12,0.0,0.0,0.0,,1000.0,,,64,0.0,,1800.0
1574,201408,0,301.0,12,0.0,0.0,0.0,,500.0,,,54,0.0,,1200.0
1575,201406,0,593.0,8,0.0,0.0,0.0,,1100.0,,,52,0.0,109.96,2200.0
1576,201406,0,197.0,12,0.0,0.0,0.0,,500.0,,,49,0.0,,500.0
1577,201404,0,917.0,10,0.0,0.0,7.0,,600.0,454.5,99.44,39,0.0,260.88,1748.7
1578,201410,0,483.0,12,0.0,0.0,0.0,,2000.0,,,58,0.0,,2000.0
1579,201402,1,372.0,12,0.0,0.0,0.0,,2000.0,,,51,0.0,,4817.63
1580,201412,1,1159.0,12,0.0,1.0,5.0,36.0,1000.0,175.95,0.0,21,0.0,0.0,1850.0
1581,201410,0,1297.0,10,0.0,4.0,12.0,149.0,1000.0,179.96,0.0,69,0.0,34.89,8600.0
1582,201404,0,1716.0,7,5.0,0.0,1.0,,1200.0,,,34,1.0,155.98,1550.0
1583,201401,1,335.0,12,0.0,0.0,0.0,,566.5,,,24,0.0,,1133.0
1584,201412,1,441.0,12,0.0,0.0,0.0,,1500.0,,,37,0.0,,
1585,201401,0,683.0,5,0.0,0.0,1.0,,500.0,351.89,110.77,51,0.0,368.8,1500.0
1586,201408,0,188.0,5,0.0,0.0,0.0,,400.0,,,66,0.0,,550.0
1587,201401,0,750.0,7,0.0,0.0,1.0,,393.41,206.34,26.39,23,0.0,242.33,786.82
1588,201407,0,259.0,3,0.0,0.0,0.0,,150.0,,,64,0.0,,150.0
1589,201408,0,565.0,12,0.0,0.0,0.0,,1500.0,,,21,0.0,,1851.87
1590,201411,0,1707.0,12,7.0,0.0,0.0,,800.0,,,24,1.0,,993.42
1591,201404,1,542.0,12,0.0,0.0,0.0,,859.17,,,38,0.0,,859.17
1592,201409,0,593.0,12,0.0,0.0,0.0,,1000.0,,,30,0.0,0.0,500.0
1593,201409,0,489.0,5,0.0,0.0,0.0,,1000.0,,,70,0.0,,
1594,201412,1,757.0,3,0.0,0.0,1.0,,400.0,53.97,0.0,38,0.0,110.33,1800.0
1595,201411,0,407.0,10,0.0,0.0,0.0,,1000.0,,,42,0.0,,
1596,201407,1,359.0,3,0.0,0.0,0.0,,361.64,,,29,0.0,,663.44
1597,201411,0,1243.0,12,0.0,4.0,12.0,489.0,930.59,970.92,0.0,33,0.0,322.0,1140.0
1598,201405,0,2849.0,12,18.0,4.0,9.0,347.0,611.83,,,40,17.0,369.75,611.83
1599,201401,0,3499.0,6,17.0,2.0,2.0,131.0,1000.0,79.96,0.0,38,18.0,83.46,5313.48
1600,201403,0,2195.0,10,17.0,12.0,11.0,934.0,500.0,350.82,0.0,39,8.0,264.77,500.0
1601,201401,0,197.0,4,0.0,0.0,0.0,,200.0,,,22,0.0,,400.0
1602,201412,1,4756.0,6,6.0,0.0,0.0,,500.0,,,34,13.0,,
1603,201406,0,4767.0,12,44.0,7.0,10.0,150.0,1300.0,,,49,24.0,53.94,3400.0
1604,201410,0,3985.0,12,45.0,8.0,11.0,508.0,1000.0,251.91,0.0,67,18.0,350.02,902.33
1605,201412,1,464.0,12,0.0,0.0,0.0,,2600.0,,,58,0.0,,
1606,201402,0,3215.0,12,5.0,0.0,0.0,,1000.0,,,40,3.0,,2000.0
1607,201402,0,791.0,10,0.0,0.0,2.0,,700.0,380.48,100.09,39,0.0,477.09,2400.0
1608,201408,0,166.0,12,0.0,0.0,0.0,,700.0,,,46,0.0,,
1609,201407,0,1075.0,8,0.0,0.0,11.0,,2000.0,1280.6,0.0,52,0.0,885.33,6000.0
1610,201403,0,567.0,12,0.0,0.0,0.0,,800.0,,,33,0.0,,800.0
1611,201405,0,688.0,12,0.0,0.0,0.0,,2079.85,,,33,0.0,308.41,4482.85
1612,201403,0,,12,,,,,1300.0,,,54,,,2100.0
1613,201407,0,311.0,12,0.0,0.0,0.0,,700.0,,,52,0.0,,700.0
1614,201405,0,3459.0,4,6.0,0.0,1.0,,700.0,,,52,2.0,154.73,940.0
1615,201403,1,1167.0,12,0.0,1.0,2.0,29.0,700.0,33.98,0.0,51,0.0,,900.0
1616,201405,0,193.0,12,0.0,0.0,0.0,,2053.75,,,38,0.0,,2053.75
1617,201412,0,279.0,12,0.0,0.0,0.0,,883.27,,,35,0.0,,
1618,201401,0,3190.0,12,41.0,6.0,10.0,663.0,1970.0,178.87,0.0,31,10.0,0.0,5288.64
1619,201405,1,507.0,12,0.0,0.0,0.0,,1140.0,,,50,0.0,,1140.0
1620,201403,0,2528.0,10,24.0,9.0,11.0,864.0,1000.0,1343.28,235.58,46,8.0,0.0,2000.0
1621,201411,0,778.0,12,0.0,0.0,3.0,,600.0,332.24,94.8,53,0.0,359.9,
1622,201405,0,2892.0,12,20.0,8.0,12.0,493.0,1500.0,213.22,71.26,70,5.0,195.12,1500.0
1623,201409,0,606.0,8,0.0,0.0,0.0,,1030.05,,,33,0.0,37.45,500.0
1624,201411,1,212.0,12,0.0,0.0,0.0,,1000.0,,,37,0.0,,
1625,201404,0,285.0,6,0.0,0.0,0.0,,250.0,,,39,0.0,,250.0
1626,201412,0,2566.0,12,12.0,0.0,5.0,,1170.0,800.95,195.13,70,9.0,472.51,
1627,201411,0,324.0,12,0.0,0.0,0.0,,1254.4,,,50,0.0,,
1628,201401,1,2093.0,12,14.0,5.0,10.0,246.0,2900.69,705.7,0.0,32,1.0,178.93,7777.7
1629,201411,0,583.0,8,0.0,0.0,0.0,,400.0,,,34,0.0,0.0,300.0
1630,201403,0,2848.0,12,35.0,11.0,12.0,4284.0,1200.0,3422.66,0.0,66,7.0,1450.0,3684.19
1631,201409,1,857.0,12,0.0,0.0,4.0,,1000.0,419.0,0.0,37,0.0,384.11,557.05
1632,201402,0,255.0,12,0.0,0.0,0.0,,1000.0,,,64,0.0,,2000.0
1633,201409,1,338.0,12,0.0,0.0,0.0,,750.0,,,23,0.0,,
1634,201403,0,377.0,12,0.0,0.0,0.0,,700.0,,,39,0.0,,900.0
1635,201411,1,157.0,12,0.0,0.0,0.0,,1949.08,,,37,0.0,,
1636,201402,0,3339.0,12,30.0,10.0,8.0,957.0,948.81,440.83,0.0,35,10.0,227.53,6997.62
1637,201411,1,100.0,12,0.0,0.0,0.0,,300.0,,,25,0.0,,
1638,201406,0,955.0,12,0.0,0.0,8.0,,1646.45,1134.91,0.0,50,0.0,794.68,1646.45
1639,201405,0,3773.0,12,15.0,0.0,5.0,,2979.3,693.82,0.0,54,8.0,535.67,2979.3
1640,201412,1,927.0,12,0.0,0.0,7.0,,1500.0,1541.43,420.53,66,0.0,602.08,2400.0
1641,201402,0,697.0,12,0.0,0.0,0.0,,1000.0,,,58,0.0,96.13,2000.0
1642,201407,0,284.0,12,0.0,0.0,0.0,,1000.0,,,53,0.0,,1000.0
1643,201401,0,575.0,12,0.0,0.0,0.0,,1380.4,,,49,0.0,0.0,2760.8
1644,201406,0,815.0,3,0.0,0.0,2.0,,300.0,188.97,0.0,34,0.0,276.82,300.0
1645,201405,0,860.0,12,0.0,0.0,4.0,,2479.78,448.63,0.0,62,0.0,355.49,8017.65
1646,201408,0,405.0,4,0.0,0.0,0.0,,1000.0,,,39,0.0,,1574.0
1647,201404,1,294.0,12,0.0,0.0,0.0,,1570.05,,,35,0.0,,1570.05
1648,201404,0,471.0,6,0.0,0.0,0.0,,500.0,,,29,0.0,,500.0
1649,201405,0,222.0,12,0.0,0.0,0.0,,904.85,,,30,0.0,,904.85
1650,201411,0,341.0,6,0.0,0.0,0.0,,950.19,,,42,0.0,,
1651,201407,0,3150.0,12,53.0,11.0,12.0,260.0,1000.0,1305.54,204.22,66,3.0,1107.64,2200.0
1652,201405,0,1191.0,12,0.0,2.0,11.0,247.0,1500.0,22.99,0.0,51,0.0,,2099.22
1653,201411,0,1178.0,12,0.0,2.0,11.0,305.0,1000.0,670.86,0.0,33,0.0,702.34,
1654,201403,0,812.0,3,0.0,0.0,3.0,,200.0,91.95,0.0,53,0.0,109.56,200.0
1655,201405,1,854.0,12,0.0,0.0,4.0,,1200.0,380.68,80.16,41,0.0,255.45,2200.0
1656,201402,0,1188.0,12,0.0,2.0,12.0,183.0,1000.0,265.58,78.65,50,0.0,125.37,3350.0
1657,201402,0,613.0,12,0.0,0.0,0.0,,1500.0,,,53,0.0,77.93,3000.0
1658,201405,1,801.0,12,0.0,0.0,3.0,,807.14,653.2,233.31,51,0.0,520.57,1720.01
1659,201403,1,284.0,4,0.0,0.0,0.0,,494.11,,,61,0.0,,494.11
1660,201411,1,1789.0,8,4.0,10.0,12.0,374.0,500.0,530.89,77.08,28,3.0,307.64,
1661,201408,0,1322.0,12,0.0,6.0,11.0,759.0,600.0,289.95,0.0,40,0.0,139.35,2200.0
1662,201407,1,781.0,12,0.0,0.0,2.0,,2717.8,403.21,0.0,45,0.0,471.84,7513.6
1663,201402,0,1495.0,12,1.0,11.0,5.0,460.0,1000.0,,,49,1.0,,2595.45
1664,201402,0,713.0,10,0.0,0.0,0.0,,1000.0,,,39,0.0,368.5,2700.0
1665,201408,1,362.0,12,0.0,0.0,0.0,,1690.0,,,29,0.0,,1690.0
1666,201402,0,3296.0,12,24.0,0.0,0.0,,2000.0,,,67,7.0,,4000.0
1667,201407,1,448.0,12,0.0,0.0,0.0,,2072.62,,,29,0.0,,2072.62
1668,201409,1,514.0,12,0.0,0.0,0.0,,700.0,,,23,0.0,,
1669,201402,1,538.0,12,0.0,0.0,0.0,,799.1,,,65,0.0,,1598.2
1670,201402,1,1348.0,3,0.0,2.0,4.0,166.0,400.0,,,26,0.0,,1200.0
1671,201406,0,1683.0,12,6.0,8.0,12.0,602.0,3000.0,934.68,0.0,39,2.0,640.03,16600.0
1672,201402,0,253.0,12,0.0,0.0,0.0,,1000.0,,,63,0.0,,2000.0
1673,201402,1,792.0,12,0.0,0.0,2.0,,2400.0,472.04,0.0,38,0.0,540.78,4800.0
1674,201405,0,1249.0,12,0.0,4.0,6.0,713.0,1500.0,65.96,0.0,62,0.0,,2500.0
1675,201409,0,4408.0,12,83.0,11.0,10.0,743.0,3000.0,209.92,0.0,58,9.0,224.65,5700.0
1676,201403,0,3698.0,12,22.0,12.0,11.0,664.0,2900.0,1151.59,298.5,61,18.0,507.87,7800.0
1677,201411,0,2667.0,12,37.0,12.0,12.0,441.0,1200.0,886.2,278.4,50,3.0,569.01,6494.2
1678,201412,0,204.0,12,0.0,0.0,0.0,,1000.0,,,60,0.0,,
1679,201406,0,269.0,5,0.0,0.0,0.0,,500.0,,,33,0.0,,500.0
1680,201401,1,650.0,12,0.0,0.0,0.0,,500.0,,,33,0.0,157.71,1000.0
1681,201403,0,1075.0,10,0.0,0.0,10.0,,2000.0,596.74,0.0,36,0.0,257.59,3000.0
1682,201401,1,1064.0,12,0.0,0.0,10.0,,953.37,790.72,63.08,48,0.0,323.47,1906.74
1683,201402,0,784.0,12,0.0,0.0,2.0,,1000.0,60.96,0.0,53,0.0,243.86,7820.16
1684,201409,0,3335.0,12,21.0,0.0,2.0,,2500.0,35.99,0.0,29,2.0,392.71,2000.0
1685,201408,1,541.0,12,0.0,0.0,0.0,,1000.0,,,54,0.0,,1000.0
1686,201406,1,1278.0,12,0.0,5.0,12.0,344.0,1500.0,430.19,0.0,28,0.0,352.01,4500.0
1687,201409,0,252.0,4,0.0,0.0,0.0,,800.0,,,42,0.0,,
1688,201404,0,667.0,12,0.0,0.0,0.0,,1000.0,,,26,0.0,245.95,1287.98
1689,201412,0,2847.0,12,21.0,7.0,12.0,535.0,2500.0,910.43,0.0,36,7.0,,10494.92
1690,201410,0,909.0,4,0.0,0.0,6.0,,200.0,302.43,36.55,36,0.0,231.56,
1691,201402,1,243.0,12,0.0,0.0,0.0,,1000.0,,,50,0.0,,2000.0
1692,201404,0,235.0,3,0.0,0.0,0.0,,500.0,,,23,0.0,,500.0
1693,201409,0,417.0,12,0.0,0.0,0.0,,1178.84,,,56,0.0,,2000.0
1694,201411,0,187.0,12,0.0,0.0,0.0,,1800.0,,,50,0.0,,3000.0
1695,201410,1,804.0,10,0.0,0.0,2.0,,1500.0,75.96,0.0,36,0.0,37.0,417.54
1696,201402,1,594.0,12,0.0,0.0,0.0,,600.0,,,24,0.0,0.0,1835.62
1697,201408,1,164.0,5,0.0,0.0,0.0,,500.0,,,33,0.0,,500.0
1698,201405,0,544.0,7,0.0,0.0,0.0,,260.0,,,31,0.0,,260.0
1699,201412,0,267.0,12,0.0,0.0,0.0,,2000.0,,,55,0.0,,
1700,201406,0,822.0,3,0.0,0.0,5.0,,249.25,221.39,59.68,21,0.0,288.91,249.25
1701,201408,0,282.0,10,0.0,0.0,0.0,,1200.0,,,28,0.0,,600.0
1702,201408,1,434.0,12,0.0,0.0,0.0,,1000.0,,,32,0.0,,1000.0
1703,201412,1,1839.0,12,10.0,11.0,6.0,650.0,3000.0,81.0,0.0,31,2.0,,2264.75
1704,201411,0,1170.0,12,0.0,2.0,12.0,206.0,2000.0,842.51,153.07,48,0.0,397.59,
1705,201402,0,1278.0,12,0.0,2.0,4.0,324.0,1500.0,,,49,0.0,,5600.0
1706,201408,1,158.0,8,0.0,0.0,0.0,,400.0,,,35,0.0,,400.0
1707,201406,1,555.0,12,0.0,0.0,0.0,,2500.0,,,65,0.0,,3700.0
1708,201412,0,4571.0,12,32.0,3.0,1.0,,3000.0,,,63,4.0,,3347.63
1709,201411,0,1511.0,12,1.0,8.0,2.0,246.0,1000.0,,,73,1.0,,6700.0
1710,201401,0,462.0,12,0.0,0.0,0.0,,800.0,,,42,0.0,,1600.0
1711,201409,0,709.0,12,0.0,0.0,0.0,,1000.0,,,34,0.0,71.14,
1712,201410,0,813.0,12,0.0,0.0,2.0,,948.63,203.9,0.0,35,0.0,295.43,
1713,201404,0,466.0,12,0.0,0.0,0.0,,1900.0,,,65,0.0,,1900.0
1714,201406,0,214.0,12,0.0,0.0,0.0,,1000.0,,,47,0.0,,1000.0
1715,201406,1,561.0,12,0.0,0.0,0.0,,1805.07,,,32,0.0,80.32,3634.14
1716,201411,0,868.0,5,0.0,0.0,5.0,,500.0,615.85,0.0,42,0.0,800.28,
1717,201406,0,237.0,12,0.0,0.0,0.0,,450.0,,,47,0.0,,450.0
1718,201402,0,1353.0,12,0.0,5.0,2.0,311.0,700.0,,,44,0.0,,1400.0
1719,201404,0,773.0,12,0.0,0.0,2.0,,1000.0,619.6,195.72,52,0.0,535.89,1000.0
1720,201402,1,546.0,12,0.0,0.0,0.0,,1188.67,,,49,0.0,,2377.34
1721,201411,1,157.0,10,0.0,0.0,0.0,,530.0,,,54,0.0,,
1722,201406,1,1661.0,12,5.0,2.0,2.0,81.0,1421.01,25.99,0.0,26,2.0,77.76,2244.07
1723,201407,0,201.0,12,0.0,0.0,0.0,,1400.0,,,38,0.0,,1400.0
1724,201410,0,1291.0,12,0.0,3.0,12.0,536.0,1470.0,441.63,151.42,58,0.0,506.81,3000.0
1725,201405,0,3588.0,12,56.0,11.0,12.0,841.0,1600.0,803.86,281.0,55,5.0,603.14,5688.68
1726,201403,0,1557.0,10,2.0,12.0,12.0,1141.0,1101.0,1123.56,53.97,64,1.0,789.19,1101.0
1727,201412,0,926.0,12,0.0,0.0,7.0,,600.0,224.31,0.0,49,0.0,,500.0
1728,201401,0,786.0,12,0.0,0.0,2.0,,1000.0,443.98,132.18,32,0.0,290.77,2000.0
1729,201405,1,194.0,12,0.0,0.0,0.0,,1500.0,,,24,0.0,,2724.64
1730,201401,1,383.0,12,0.0,0.0,0.0,,1000.0,,,31,0.0,,2000.0
1731,201406,0,840.0,5,0.0,0.0,4.0,,290.0,135.94,0.0,31,0.0,178.24,290.0
1732,201402,1,930.0,12,0.0,0.0,6.0,,2850.0,577.68,0.0,66,0.0,415.24,6700.0
1733,201406,1,687.0,12,0.0,0.0,0.0,,2218.83,,,40,0.0,224.21,2218.83
1734,201411,0,,12,,,,,800.0,,,27,,,590.0
1735,201405,0,523.0,12,0.0,0.0,0.0,,1140.0,,,39,0.0,,1140.0
1736,201412,0,2226.0,12,12.0,9.0,12.0,59.0,1000.0,820.73,194.38,54,5.0,317.37,2900.0
1737,201402,0,888.0,12,0.0,0.0,5.0,,1498.15,987.18,146.95,34,0.0,375.0,4386.53
1738,201406,0,265.0,10,0.0,0.0,0.0,,600.0,,,33,0.0,,1065.86
1739,201402,1,460.0,12,0.0,0.0,0.0,,1000.0,,,37,0.0,,2000.0
1740,201402,0,2256.0,5,19.0,6.0,10.0,138.0,300.0,335.39,0.0,49,7.0,171.28,600.0
1741,201405,1,2493.0,12,3.0,0.0,0.0,,800.0,,,25,1.0,52.14,800.0
1742,201411,0,2729.0,12,22.0,11.0,11.0,565.0,1500.0,553.91,0.0,61,4.0,413.75,4400.0
1743,201402,1,467.0,12,0.0,0.0,0.0,,1500.0,,,30,0.0,,4000.0
1744,201409,0,648.0,12,0.0,0.0,0.0,,1149.17,,,30,0.0,274.16,663.29
1745,201410,0,806.0,12,0.0,0.0,2.0,,900.0,483.66,159.62,47,0.0,507.14,
1746,201409,1,1457.0,12,0.0,6.0,3.0,93.0,1500.0,631.83,0.0,38,0.0,601.02,
1747,201409,0,3333.0,12,27.0,11.0,12.0,785.0,2500.0,1752.53,447.89,69,19.0,776.82,
1748,201408,0,436.0,12,0.0,0.0,0.0,,1000.0,,,33,0.0,,
1749,201411,0,919.0,6,0.0,0.0,6.0,,600.0,887.93,30.42,37,0.0,383.02,
1750,201409,0,293.0,12,0.0,0.0,0.0,,3000.0,,,69,0.0,,1708.48
1751,201405,0,221.0,12,0.0,0.0,0.0,,1140.0,,,52,0.0,,1140.0
1752,201409,0,621.0,10,0.0,0.0,0.0,,1300.0,,,27,0.0,15.0,1000.0
1753,201407,1,220.0,12,0.0,0.0,0.0,,1323.0,,,44,0.0,,1323.0
1754,201404,0,1323.0,12,0.0,5.0,4.0,183.0,1000.0,76.98,16.05,57,0.0,88.66,3510.0
1755,201406,1,250.0,10,0.0,0.0,0.0,,800.0,,,32,0.0,,1419.9
1756,201401,0,618.0,12,0.0,0.0,0.0,,800.0,,,32,0.0,70.55,1600.0
1757,201412,0,1675.0,12,4.0,0.0,0.0,,1000.0,,,32,1.0,,689.08
1758,201409,0,1020.0,12,0.0,0.0,8.0,,1680.13,461.94,0.0,31,0.0,126.41,
1759,201404,0,,12,,,,,1500.0,,,30,,,2788.65
1760,201404,0,637.0,12,0.0,0.0,0.0,,2000.0,,,51,0.0,216.5,2000.0
1761,201409,0,1763.0,12,5.0,2.0,0.0,165.0,1000.0,,,69,1.0,,2000.0
1762,201406,0,2931.0,10,33.0,4.0,9.0,478.0,1000.0,231.86,0.0,51,14.0,178.97,1000.0
1763,201410,0,4563.0,10,62.0,11.0,12.0,1090.0,1500.0,1940.3,0.0,49,6.0,1082.53,7200.0
1764,201407,0,3831.0,12,28.0,8.0,2.0,354.0,1500.0,,,68,21.0,,1500.0
1765,201404,0,336.0,7,0.0,0.0,0.0,,250.0,,,23,0.0,,250.0
1766,201407,1,272.0,12,0.0,0.0,0.0,,1958.6,,,61,0.0,,1958.6
1767,201401,0,561.0,12,0.0,0.0,0.0,,1190.0,,,40,0.0,,2380.0
1768,201404,0,994.0,12,0.0,0.0,8.0,,825.0,815.3,55.3,33,0.0,98.68,825.0
1769,201405,1,599.0,12,0.0,0.0,0.0,,1300.0,,,35,0.0,42.42,1700.0
1770,201409,0,558.0,12,0.0,0.0,0.0,,1500.0,,,61,0.0,0.0,
1771,201408,0,454.0,12,0.0,0.0,0.0,,2452.0,,,52,0.0,,6452.0
1772,201406,1,737.0,12,0.0,0.0,0.0,,1000.0,9.99,0.0,23,0.0,306.89,1300.0
1773,201410,0,513.0,8,0.0,0.0,0.0,,1000.0,,,29,0.0,,3490.84
1774,201412,0,418.0,5,0.0,0.0,0.0,,300.0,,,55,0.0,,
1775,201408,0,890.0,9,0.0,0.0,6.0,,1936.79,277.21,51.29,49,0.0,92.85,4736.79
1776,201407,0,1834.0,12,12.0,10.0,12.0,222.0,1200.0,1025.39,285.41,39,1.0,168.97,8500.0
1777,201403,0,253.0,12,0.0,0.0,0.0,,1400.0,,,49,0.0,,1400.0
1778,201408,0,-15.0,12,0.0,0.0,0.0,,3000.0,,,61,0.0,,
1779,201406,1,685.0,12,0.0,0.0,0.0,,1000.0,,,42,0.0,126.42,1500.0
1780,201402,0,574.0,12,0.0,0.0,0.0,,370.0,,,70,0.0,0.0,740.0
1781,201402,1,214.0,12,0.0,0.0,0.0,,722.23,,,36,0.0,,1444.46
1782,201410,0,116.0,12,0.0,0.0,0.0,,500.0,,,63,0.0,,
1783,201401,0,1101.0,12,0.0,0.0,10.0,102.0,1800.0,563.22,109.28,49,0.0,253.68,3600.0
1784,201401,1,294.0,12,0.0,0.0,0.0,,400.0,,,33,0.0,,400.0
1785,201405,0,547.0,12,0.0,0.0,0.0,,1000.0,,,38,0.0,,2000.0
1786,201410,0,1224.0,6,0.0,3.0,10.0,229.0,800.0,181.72,59.36,58,0.0,165.27,5100.0
1787,201403,0,2591.0,12,27.0,5.0,3.0,183.0,200.0,9.0,0.0,45,8.0,,700.0
1788,201408,1,90.0,10,0.0,0.0,0.0,,1000.0,,,62,0.0,,1200.0
1789,201409,1,1324.0,8,0.0,7.0,12.0,435.0,856.49,112.72,0.0,24,0.0,246.86,6070.31
1790,201404,0,929.0,12,0.0,0.0,7.0,,500.0,247.14,83.2,24,0.0,191.85,1800.0
1791,201403,0,1489.0,12,1.0,5.0,10.0,409.0,1699.06,594.34,130.0,54,1.0,538.48,5899.06
1792,201401,1,769.0,12,0.0,0.0,1.0,,1100.0,307.72,0.0,39,0.0,446.76,3557.36
1793,201405,1,289.0,12,0.0,0.0,0.0,,2000.0,,,63,0.0,,2000.0
1794,201405,0,449.0,3,0.0,0.0,0.0,,200.0,,,31,0.0,,200.0
1795,201403,1,369.0,12,0.0,0.0,0.0,,2000.0,,,70,0.0,,3000.0
1796,201409,0,3275.0,12,31.0,8.0,1.0,399.0,1500.0,,,54,5.0,83.14,800.0
1797,201405,1,,12,0.0,0.0,0.0,,647.21,,,56,0.0,,1647.21
1798,201406,0,171.0,12,0.0,0.0,0.0,,1000.0,,,63,0.0,,1000.0
1799,201406,0,1692.0,12,3.0,0.0,9.0,,1000.0,566.54,88.87,40,4.0,409.42,1700.0
1800,201401,0,685.0,12,0.0,0.0,0.0,,380.0,,,25,0.0,93.93,2040.71
1801,201407,0,1152.0,7,0.0,1.0,12.0,159.0,400.0,321.35,0.0,47,0.0,216.85,4000.0
1802,201407,1,1847.0,12,9.0,9.0,12.0,207.0,1000.0,255.82,0.0,48,8.0,271.34,1500.0
1803,201402,0,210.0,12,0.0,0.0,0.0,,548.95,,,27,0.0,,1097.9
1804,201402,1,2962.0,12,39.0,12.0,12.0,1218.0,2500.0,2311.29,782.71,65,2.0,1159.4,11000.0
1805,201411,0,353.0,12,0.0,0.0,0.0,,1600.0,,,52,0.0,,
1806,201411,0,550.0,12,0.0,0.0,0.0,,600.0,,,25,0.0,,
1807,201407,0,1287.0,12,0.0,4.0,12.0,657.0,2506.83,290.72,101.72,63,0.0,80.68,11104.16
1808,201407,1,443.0,12,0.0,0.0,0.0,,1500.0,,,38,0.0,,1500.0
1809,201402,0,831.0,12,0.0,0.0,3.0,,783.92,179.97,0.0,26,0.0,162.35,1567.84
1810,201407,0,286.0,3,0.0,0.0,0.0,,500.0,,,50,0.0,,500.0
1811,201409,1,459.0,12,0.0,0.0,0.0,,850.0,,,24,0.0,,
1812,201402,0,2097.0,12,13.0,8.0,11.0,336.0,1000.0,398.61,0.0,37,5.0,446.75,3200.0
1813,201401,0,722.0,12,0.0,0.0,0.0,,1500.0,44.98,0.0,49,0.0,76.18,3550.0
1814,201408,0,994.0,10,0.0,0.0,9.0,,600.0,771.72,0.0,37,0.0,497.0,1100.0
1815,201406,0,676.0,12,0.0,0.0,0.0,,1000.0,,,51,0.0,275.83,1000.0
1816,201409,0,75.0,12,0.0,0.0,0.0,,800.0,,,50,0.0,,350.0
1817,201406,1,,12,0.0,0.0,0.0,,950.0,,,67,0.0,,2150.0
1818,201405,1,650.0,12,0.0,0.0,1.0,,880.55,544.81,196.36,32,0.0,239.28,1622.44
1819,201412,1,196.0,9,0.0,0.0,0.0,,500.0,,,35,0.0,,
1820,201405,0,599.0,3,0.0,0.0,0.0,,250.0,,,37,0.0,0.0,250.0
1821,201409,0,3180.0,10,37.0,3.0,11.0,159.0,1500.0,1057.71,73.55,55,12.0,350.0,2000.0
1822,201410,0,2220.0,10,19.0,9.0,10.0,866.0,1000.0,465.81,0.0,24,5.0,188.92,
1823,201405,0,3566.0,8,3.0,0.0,0.0,,500.0,,,37,7.0,,500.0
1824,201409,0,1085.0,9,0.0,0.0,12.0,117.0,500.0,199.73,0.0,53,0.0,337.94,1600.0
1825,201409,1,1801.0,12,7.0,7.0,12.0,475.0,2273.88,374.71,0.0,35,4.0,321.66,
1826,201407,0,671.0,8,0.0,0.0,0.0,,800.0,,,49,0.0,324.11,2700.0
1827,201408,1,488.0,12,0.0,0.0,0.0,,991.91,,,24,0.0,,991.91
1828,201409,1,634.0,12,0.0,0.0,0.0,,1000.0,,,38,0.0,162.56,200.0
1829,201405,0,1607.0,12,4.0,8.0,9.0,,1040.0,402.05,129.15,53,1.0,179.29,4640.0
1830,201404,0,871.0,12,0.0,0.0,4.0,,860.0,453.36,83.66,58,0.0,310.09,1860.0
1831,201408,0,3377.0,12,3.0,0.0,8.0,,1500.0,784.08,36.83,49,10.0,699.11,2500.0
1832,201409,0,819.0,12,0.0,0.0,5.0,,2000.0,545.04,191.57,50,0.0,237.21,3000.0
1833,201403,0,241.0,6,0.0,0.0,0.0,,263.9,,,29,0.0,,263.9
1834,201401,0,3025.0,12,47.0,11.0,12.0,985.0,2000.0,1403.4,192.71,60,5.0,1043.5,10607.78
1835,201409,0,1186.0,5,0.0,3.0,11.0,220.0,1000.0,346.87,0.0,30,0.0,386.04,1000.0
1836,201405,0,2646.0,4,2.0,0.0,1.0,,600.0,,,60,1.0,,1500.0
1837,201410,1,391.0,10,0.0,0.0,0.0,,1672.55,,,35,0.0,,939.2
1838,201403,0,374.0,5,0.0,0.0,0.0,,300.0,,,33,0.0,,300.0
1839,201402,0,2621.0,12,17.0,0.0,0.0,,1859.92,,,39,3.0,,4719.84
1840,201405,0,238.0,12,0.0,0.0,0.0,,450.0,,,48,0.0,,450.0
1841,201411,0,625.0,12,0.0,0.0,0.0,,1600.0,,,35,0.0,90.3,4860.0
1842,201411,0,2227.0,5,19.0,12.0,12.0,944.0,500.0,1033.79,0.0,48,4.0,600.0,350.0
1843,201410,0,344.0,6,0.0,0.0,0.0,,300.0,,,26,0.0,,230.0
1844,201410,0,946.0,10,0.0,0.0,7.0,,600.0,123.36,0.0,39,0.0,134.7,
1845,201411,0,979.0,12,0.0,0.0,7.0,,500.0,317.56,0.0,60,0.0,122.35,1600.0
1846,201404,1,861.0,10,0.0,0.0,5.0,,1500.0,617.87,0.0,47,0.0,509.05,1500.0
1847,201401,1,1057.0,12,0.0,0.0,10.0,,1500.0,641.76,59.91,47,0.0,307.12,3000.0
1848,201407,1,191.0,12,0.0,0.0,0.0,,1783.17,,,48,0.0,,1783.17
1849,201411,0,3591.0,8,10.0,0.0,3.0,,700.0,532.84,0.0,68,8.0,493.4,1950.0
1850,201408,0,690.0,6,0.0,0.0,0.0,,400.0,,,26,0.0,184.31,920.0
1851,201410,1,714.0,10,0.0,0.0,0.0,,890.75,,,23,0.0,311.6,
1852,201405,0,637.0,12,0.0,0.0,0.0,,1000.0,,,58,0.0,100.28,1000.0
1853,201407,0,4863.0,12,51.0,10.0,12.0,1359.0,1700.0,359.89,0.0,66,32.0,691.81,1700.0
1854,201405,0,261.0,12,0.0,0.0,0.0,,807.0,,,40,0.0,,807.0
1855,201407,0,226.0,12,0.0,0.0,0.0,,1000.0,,,40,0.0,,1000.0
1856,201402,0,378.0,12,0.0,0.0,0.0,,1000.0,,,49,0.0,,2850.0
1857,201412,0,1669.0,10,3.0,9.0,1.0,432.0,2000.0,530.25,176.48,47,1.0,494.6,
1858,201406,0,373.0,12,0.0,0.0,0.0,,2647.75,,,49,0.0,,2647.75
1859,201402,0,1678.0,12,6.0,6.0,5.0,59.0,1000.0,773.9,225.16,34,1.0,703.95,2000.0
1860,201402,0,865.0,12,0.0,0.0,5.0,,1200.0,474.31,101.3,58,0.0,0.0,3000.0
1861,201409,0,1222.0,12,0.0,4.0,12.0,460.0,1310.0,468.22,74.34,55,0.0,335.32,1000.0
1862,201405,1,917.0,12,0.0,0.0,6.0,,1447.87,595.23,0.0,41,0.0,556.61,2447.87
1863,201409,0,2806.0,12,29.0,6.0,12.0,517.0,2000.0,743.65,79.71,27,11.0,430.0,1483.32
1864,201404,0,2244.0,12,16.0,1.0,11.0,102.0,1728.93,210.87,42.94,45,2.0,124.37,2857.97
1865,201407,0,623.0,8,0.0,0.0,0.0,,1000.0,,,50,0.0,81.81,4000.0
1866,201401,1,421.0,12,0.0,0.0,0.0,,977.22,,,38,0.0,,1954.44
1867,201404,0,1223.0,12,0.0,3.0,12.0,590.0,2000.0,1668.4,371.92,41,0.0,393.0,6700.0
1868,201406,0,828.0,12,0.0,0.0,4.0,,1000.0,460.46,152.59,25,0.0,368.21,1000.0
1869,201406,0,4397.0,12,30.0,9.0,8.0,184.0,1000.0,201.89,0.0,61,13.0,187.92,1000.0
1870,201401,0,3087.0,12,43.0,7.0,0.0,,1000.0,,,62,9.0,0.0,5600.0
1871,201407,1,574.0,12,0.0,0.0,0.0,,1931.0,,,46,0.0,0.0,1931.0
1872,201403,0,2739.0,12,27.0,10.0,12.0,1170.0,913.0,895.16,192.51,34,12.0,500.96,913.0
1873,201404,0,282.0,10,0.0,0.0,0.0,,1500.0,,,36,0.0,,1500.0
1874,201408,0,2699.0,12,28.0,8.0,7.0,322.0,1000.0,1219.6,333.86,55,7.0,473.32,2500.0
1875,201404,1,481.0,12,0.0,0.0,0.0,,1600.0,,,36,0.0,,1600.0
1876,201410,0,1025.0,12,0.0,0.0,9.0,,3000.0,589.04,95.49,59,0.0,477.24,6000.0
1877,201408,0,375.0,12,0.0,0.0,0.0,,1420.0,,,61,0.0,,1420.0
1878,201404,0,1071.0,12,0.0,0.0,12.0,183.0,1200.0,389.75,43.6,36,0.0,,2770.0
1879,201402,1,1613.0,12,3.0,3.0,0.0,,1100.0,,,47,2.0,,2160.0
1880,201411,0,357.0,12,0.0,0.0,0.0,,935.26,,,42,0.0,,
1881,201409,0,1266.0,12,0.0,2.0,4.0,34.0,1000.0,59.98,0.0,59,0.0,71.69,
1882,201401,1,566.0,12,0.0,0.0,0.0,,800.0,,,25,0.0,0.0,2200.0
1883,201406,0,964.0,12,0.0,0.0,10.0,,1200.0,89.98,0.0,69,0.0,74.92,3851.47
1884,201409,1,947.0,10,0.0,0.0,8.0,,1500.0,393.05,133.12,49,0.0,224.54,500.0
1885,201401,0,854.0,12,0.0,0.0,4.0,,800.0,189.95,0.0,36,0.0,250.0,1600.0
1886,201405,1,2891.0,10,1.0,0.0,5.0,,1000.0,376.83,0.0,27,1.0,364.66,1800.0
1887,201409,0,2762.0,12,7.0,8.0,12.0,338.0,1000.0,470.72,98.67,26,2.0,248.8,5400.0
1888,201402,0,966.0,12,0.0,0.0,8.0,,1000.0,656.4,100.57,49,0.0,326.73,4000.0
1889,201403,0,135.0,12,0.0,0.0,0.0,,369.29,,,36,0.0,,369.29
1890,201404,0,298.0,7,0.0,0.0,0.0,,300.0,,,29,0.0,,700.0
1891,201407,0,741.0,12,0.0,0.0,0.0,,2000.0,575.82,139.74,49,0.0,628.12,3200.0
1892,201411,0,882.0,12,0.0,0.0,5.0,,1839.28,428.92,107.01,33,0.0,227.77,1000.0
1893,201404,1,406.0,10,0.0,0.0,0.0,,740.91,,,36,0.0,,740.91
1894,201401,0,765.0,10,0.0,0.0,1.0,,700.0,314.6,61.12,46,0.0,347.62,1400.0
1895,201402,0,2873.0,12,44.0,11.0,12.0,674.0,1500.0,689.77,0.0,70,2.0,304.89,4000.0
1896,201403,0,650.0,12,0.0,0.0,0.0,,1000.0,,,24,0.0,201.84,1000.0
1897,201401,0,1338.0,12,0.0,7.0,12.0,461.0,1500.0,456.6,0.0,50,0.0,97.65,3000.0
1898,201407,0,2693.0,12,14.0,0.0,0.0,,1000.0,,,53,2.0,,1300.0
1899,201408,1,430.0,12,0.0,0.0,0.0,,1329.0,,,52,0.0,,2116.93
1900,201405,0,378.0,12,0.0,0.0,0.0,,500.0,,,47,0.0,,500.0
1901,201407,0,3422.0,6,47.0,5.0,0.0,,300.0,,,75,4.0,,300.0
1902,201403,0,259.0,10,0.0,0.0,0.0,,250.0,,,28,0.0,,250.0
1903,201408,0,1204.0,12,0.0,3.0,11.0,279.0,650.0,670.85,117.03,23,0.0,395.24,650.0
1904,201405,0,1030.0,12,0.0,0.0,8.0,169.0,1000.0,136.57,44.81,47,0.0,169.31,1000.0
1905,201401,0,253.0,12,0.0,0.0,0.0,,700.0,,,56,0.0,,1400.0
1906,201405,0,968.0,12,0.0,0.0,8.0,,2000.0,379.29,0.0,56,0.0,453.62,8800.0
1907,201403,0,1142.0,12,0.0,1.0,12.0,118.0,2505.68,478.13,84.24,48,0.0,161.43,4505.68
1908,201402,0,380.0,10,0.0,0.0,0.0,,535.43,,,19,0.0,,1606.29
1909,201406,0,3505.0,12,31.0,6.0,10.0,166.0,1000.0,175.87,0.0,47,11.0,40.88,2000.0
1910,201406,0,779.0,10,0.0,0.0,2.0,,1000.0,129.46,0.0,31,0.0,339.69,1000.0
1911,201409,1,239.0,12,0.0,0.0,0.0,,1200.0,,,30,0.0,,
1912,201403,1,462.0,12,0.0,0.0,0.0,,756.68,,,26,0.0,,756.68
1913,201404,0,2506.0,12,25.0,10.0,10.0,589.0,1000.0,575.73,116.92,27,9.0,391.89,1000.0
1914,201412,0,1159.0,12,0.0,1.0,12.0,216.0,800.0,404.56,0.0,36,0.0,264.07,2479.98
1915,201404,0,197.0,12,0.0,0.0,0.0,,825.54,,,33,0.0,,825.54
1916,201406,0,655.0,12,0.0,0.0,2.0,,1250.0,318.5,104.56,64,0.0,198.17,2150.0
1917,201411,0,363.0,10,0.0,0.0,0.0,,600.0,,,30,0.0,,
1918,201409,0,4290.0,12,10.0,0.0,5.0,,1500.0,246.95,0.0,62,14.0,,1878.0
1919,201403,0,260.0,3,0.0,0.0,0.0,,150.0,,,28,0.0,,150.0
1920,201403,1,591.0,12,0.0,0.0,0.0,,1400.0,,,58,0.0,52.89,2400.0
1921,201409,0,2790.0,12,22.0,11.0,12.0,430.0,500.0,219.86,0.0,50,7.0,38.0,2000.0
1922,201411,1,3783.0,12,73.0,6.0,12.0,63.0,1500.0,308.82,0.0,77,4.0,202.07,2200.0
1923,201402,0,1657.0,12,5.0,7.0,12.0,742.0,2900.0,618.08,89.73,62,2.0,747.19,21422.75
1924,201404,0,1762.0,12,9.0,9.0,12.0,223.0,2000.0,39.99,0.0,60,2.0,102.54,6000.0
1925,201409,0,3081.0,12,15.0,4.0,2.0,415.0,1000.0,342.23,122.34,52,16.0,101.68,180.0
1926,201403,0,423.0,12,0.0,0.0,0.0,,1000.0,,,34,0.0,,1000.0
1927,201410,0,2803.0,12,5.0,0.0,5.0,83.0,930.85,325.22,99.35,26,6.0,226.32,
1928,201410,0,1328.0,12,0.0,6.0,1.0,554.0,1290.0,,,27,0.0,,1347.03
1929,201411,1,344.0,12,0.0,0.0,0.0,,3000.0,,,69,0.0,,
1930,201409,0,2499.0,10,9.0,8.0,11.0,33.0,500.0,226.46,62.53,55,8.0,78.3,1000.0
1931,201408,0,831.0,10,0.0,0.0,4.0,,921.13,324.24,108.36,50,0.0,176.82,921.13
1932,201410,0,854.0,12,0.0,0.0,4.0,,1000.0,322.04,64.59,54,0.0,135.02,2000.0
1933,201401,1,669.0,12,0.0,0.0,0.0,,2000.0,,,39,0.0,203.08,4937.58
1934,201409,1,319.0,5,0.0,0.0,0.0,,1000.0,,,48,0.0,,
1935,201403,1,189.0,12,0.0,0.0,0.0,,1283.57,,,36,0.0,,2020.08
1936,201408,0,2429.0,12,31.0,11.0,12.0,951.0,3000.0,1294.61,33.01,50,1.0,523.48,3000.0
1937,201411,0,2121.0,10,18.0,9.0,6.0,240.0,600.0,283.92,0.0,53,4.0,328.5,2000.0
1938,201404,0,1989.0,8,14.0,9.0,6.0,722.0,700.0,245.93,0.0,45,4.0,300.93,700.0
1939,201401,0,904.0,3,0.0,0.0,6.0,,500.0,345.81,0.0,58,0.0,280.0,2979.78
1940,201406,0,808.0,12,0.0,0.0,3.0,,1000.0,199.36,67.44,40,0.0,100.0,1000.0
1941,201406,0,2763.0,12,12.0,3.0,12.0,480.0,2000.0,570.85,0.0,34,12.0,512.45,6500.0
1942,201403,1,235.0,12,0.0,0.0,0.0,,1000.0,,,27,0.0,,1000.0
1943,201401,1,1187.0,12,0.0,2.0,12.0,308.0,870.03,581.14,0.0,33,0.0,386.18,1740.06
1944,201408,0,319.0,7,0.0,0.0,0.0,,700.0,,,37,0.0,,1518.64
1945,201403,0,3026.0,12,29.0,3.0,0.0,,1380.67,,,55,10.0,,1380.67
1946,201409,0,1132.0,12,0.0,1.0,11.0,285.0,880.57,969.93,0.0,36,0.0,145.2,
1947,201406,0,3592.0,4,2.0,0.0,11.0,,400.0,825.79,0.0,70,9.0,113.11,400.0
1948,201411,1,339.0,5,0.0,0.0,0.0,,400.0,,,27,0.0,,
1949,201403,0,154.0,8,0.0,0.0,0.0,,600.0,,,50,0.0,,1200.0
1950,201402,0,747.0,12,0.0,0.0,1.0,,800.0,11.9,0.0,47,0.0,168.11,1600.0
1951,201408,0,,12,0.0,0.0,0.0,,1000.0,,,78,0.0,,2600.0
1952,201401,1,2505.0,12,26.0,10.0,12.0,614.0,1500.0,2140.18,0.0,39,3.0,717.72,5410.0
1953,201410,1,261.0,12,0.0,0.0,0.0,,1672.36,,,37,0.0,,
1954,201408,0,1561.0,6,2.0,10.0,12.0,377.0,300.0,795.66,88.49,23,1.0,457.0,300.0
1955,201407,1,181.0,12,0.0,0.0,0.0,,1000.0,,,41,0.0,,1000.0
1956,201402,0,897.0,12,0.0,0.0,6.0,,611.0,506.39,124.69,25,0.0,454.94,1222.0
1957,201412,0,4944.0,5,55.0,7.0,12.0,512.0,600.0,559.27,115.44,56,24.0,253.28,600.0
1958,201407,0,394.0,12,0.0,0.0,0.0,,1000.0,,,58,0.0,,1000.0
1959,201403,1,518.0,12,0.0,0.0,0.0,,1000.0,,,37,0.0,,1689.94
1960,201401,1,3091.0,6,31.0,11.0,12.0,553.0,310.0,778.7,0.0,44,13.0,421.0,620.0
1961,201410,0,518.0,10,0.0,0.0,0.0,,500.0,,,55,0.0,0.0,
1962,201404,0,207.0,12,0.0,0.0,0.0,,688.96,,,52,0.0,,688.96
1963,201410,0,304.0,12,0.0,0.0,0.0,,1000.0,,,35,0.0,,
1964,201404,0,3083.0,8,33.0,8.0,12.0,107.0,1000.0,1399.9,168.25,46,11.0,562.42,1000.0
1965,201406,0,554.0,10,0.0,0.0,0.0,,1071.73,,,37,0.0,,1071.73
1966,201405,0,2877.0,9,14.0,5.0,7.0,,844.0,220.89,0.0,54,4.0,21.94,1544.0
1967,201405,0,298.0,12,0.0,0.0,0.0,,1000.0,,,40,0.0,,1450.72
1968,201412,0,263.0,12,0.0,0.0,0.0,,1000.0,,,57,0.0,,
1969,201408,0,401.0,12,0.0,0.0,0.0,,2333.25,,,34,0.0,,2333.25
1970,201409,1,409.0,12,0.0,0.0,0.0,,1579.18,,,48,0.0,,
1971,201406,0,2597.0,12,35.0,12.0,12.0,435.0,700.0,428.35,86.5,58,2.0,309.49,700.0
1972,201402,0,240.0,6,0.0,0.0,0.0,,350.0,,,27,0.0,,700.0
1973,201404,1,343.0,12,0.0,0.0,0.0,,300.0,,,68,0.0,,300.0
1974,201406,0,340.0,8,0.0,0.0,0.0,,1000.0,,,39,0.0,,1000.0
1975,201402,0,2692.0,12,7.0,1.0,11.0,,1500.0,1092.42,358.63,64,22.0,464.63,4500.0
1976,201409,0,657.0,12,0.0,0.0,0.0,,1000.0,,,33,0.0,44.67,
1977,201411,1,1624.0,12,3.0,3.0,12.0,360.0,2744.55,162.34,0.0,60,2.0,106.0,10000.0
1978,201412,1,658.0,12,0.0,0.0,1.0,,1965.04,,,45,0.0,382.5,1998.78
1979,201401,1,1843.0,12,6.0,8.0,8.0,543.0,2000.0,,,37,6.0,446.27,5000.0
1980,201412,1,213.0,12,0.0,0.0,0.0,,1000.0,,,35,0.0,,
1981,201406,0,814.0,12,0.0,0.0,3.0,,1000.0,344.68,0.0,34,0.0,458.74,1000.0
1982,201410,0,513.0,12,0.0,0.0,0.0,,2000.0,,,38,0.0,,2680.23
1983,201402,0,2582.0,12,11.0,0.0,0.0,,1423.42,,,40,4.0,,2846.84
1984,201406,0,828.0,12,0.0,0.0,7.0,,1399.09,489.84,167.7,51,0.0,456.28,1399.09
1985,201407,1,675.0,12,0.0,0.0,0.0,,1352.82,,,36,0.0,52.74,2202.58
1986,201403,1,2730.0,10,4.0,0.0,0.0,,800.0,,,34,8.0,,800.0
1987,201410,1,212.0,12,0.0,0.0,0.0,,755.11,,,55,0.0,,
1988,201402,1,197.0,12,0.0,0.0,0.0,,1000.0,,,39,0.0,,2000.0
1989,201408,0,907.0,12,0.0,0.0,6.0,,2420.47,715.61,143.77,59,0.0,474.36,3120.47
1990,201402,0,2359.0,7,19.0,8.0,5.0,367.0,1000.0,,,53,5.0,17.33,1000.0
1991,201412,0,265.0,12,0.0,0.0,0.0,,1000.0,,,33,0.0,,
1992,201412,1,381.0,10,0.0,0.0,0.0,,1000.0,,,42,0.0,,
1993,201406,1,480.0,12,0.0,0.0,0.0,,1200.0,,,52,0.0,,1200.0
1994,201402,0,466.0,12,0.0,0.0,0.0,,1000.0,,,28,0.0,,1000.0
1995,201409,0,417.0,12,0.0,0.0,0.0,,1000.0,,,63,0.0,,
1996,201405,0,1241.0,12,0.0,4.0,10.0,204.0,800.0,682.29,123.1,22,0.0,343.77,800.0
1997,201403,1,313.0,12,0.0,0.0,0.0,,1147.07,,,37,0.0,,1147.07
1998,201404,1,211.0,12,0.0,0.0,0.0,,1024.85,,,24,0.0,,1024.85
1999,201410,1,296.0,12,0.0,0.0,0.0,,700.0,,,24,0.0,8.99,
2000,201410,0,611.0,12,0.0,0.0,0.0,,600.0,,,43,0.0,72.83,400.0
2001,201404,0,946.0,8,0.0,0.0,6.0,,1000.0,350.7,0.0,35,0.0,226.89,1000.0
2002,201410,0,2048.0,12,19.0,6.0,12.0,614.0,1000.0,949.74,261.06,35,1.0,605.7,5000.0
2003,201408,0,745.0,12,0.0,0.0,0.0,,700.0,3.6,0.0,42,0.0,60.0,1643.63
2004,201409,0,829.0,10,0.0,0.0,3.0,,1000.0,89.94,0.0,29,0.0,150.37,1900.0
2005,201407,1,737.0,12,0.0,0.0,1.0,,1000.0,27.0,0.0,27,0.0,32.94,1000.0
2006,201408,0,239.0,12,0.0,0.0,0.0,,480.0,,,35,0.0,,480.0
2007,201409,1,1375.0,12,0.0,6.0,11.0,741.0,1000.0,492.07,0.0,22,0.0,236.58,
2008,201407,0,2763.0,12,5.0,1.0,10.0,129.0,1000.0,372.71,78.85,37,3.0,316.61,1000.0
2009,201412,1,2309.0,12,23.0,7.0,0.0,,900.0,,,60,3.0,,
2010,201410,0,5066.0,12,40.0,5.0,12.0,78.0,400.0,235.78,0.0,53,8.0,196.84,1200.0
2011,201405,0,739.0,12,0.0,0.0,0.0,,500.0,325.76,0.0,54,0.0,460.25,500.0
2012,201408,0,1166.0,3,0.0,1.0,1.0,49.0,300.0,,,53,0.0,239.96,300.0
2013,201409,0,1946.0,12,12.0,6.0,11.0,331.0,1500.0,159.88,53.91,47,5.0,211.21,
2014,201401,0,326.0,12,0.0,0.0,0.0,,825.0,,,26,0.0,,1650.0
2015,201401,0,2524.0,12,29.0,0.0,0.0,,1000.0,,,32,3.0,,2400.0
2016,201410,0,2845.0,8,20.0,0.0,0.0,,600.0,,,34,3.0,,717.28
2017,201409,0,231.0,3,0.0,0.0,0.0,,300.0,,,66,0.0,,600.0
2018,201405,0,3242.0,8,30.0,11.0,11.0,1232.0,500.0,59.95,0.0,64,22.0,310.79,500.0
2019,201403,0,889.0,12,0.0,0.0,6.0,,2031.0,388.04,43.64,43,0.0,292.34,3531.0
2020,201405,1,2262.0,12,22.0,7.0,12.0,342.0,1984.19,183.93,0.0,48,6.0,130.93,5584.19
2021,201403,0,597.0,12,0.0,0.0,0.0,,899.74,,,36,0.0,57.17,899.74
2022,201412,1,270.0,12,0.0,0.0,0.0,,2000.0,,,66,0.0,,
2023,201410,0,327.0,12,0.0,0.0,0.0,,1000.0,,,22,0.0,,348.08
2024,201403,1,2732.0,12,28.0,8.0,12.0,496.0,1037.77,,,42,9.0,369.51,1037.77
2025,201403,0,447.0,10,0.0,0.0,0.0,,600.0,,,38,0.0,15.69,1200.0
2026,201411,0,473.0,3,0.0,0.0,0.0,,500.0,,,34,0.0,,
2027,201406,1,1104.0,12,0.0,0.0,12.0,198.0,1800.0,601.79,0.0,53,0.0,231.8,2909.76
2028,201406,0,1838.0,5,9.0,0.0,1.0,,200.0,159.96,0.0,32,4.0,123.0,200.0
2029,201408,0,409.0,6,0.0,0.0,0.0,,500.0,,,47,0.0,,
2030,201412,1,257.0,12,0.0,0.0,0.0,,3000.0,,,69,0.0,,1000.0
2031,201407,0,583.0,6,0.0,0.0,0.0,,300.0,,,49,0.0,0.0,300.0
2032,201410,1,2847.0,12,12.0,0.0,12.0,,2210.59,,,29,10.0,31.31,
2033,201404,1,287.0,12,0.0,0.0,0.0,,1000.0,,,58,0.0,,1000.0
2034,201403,0,4879.0,12,57.0,10.0,12.0,410.0,2900.69,529.81,0.0,65,14.0,,10863.02
2035,201404,1,323.0,12,0.0,0.0,0.0,,696.0,,,31,0.0,,696.0
2036,201403,1,1270.0,6,0.0,2.0,11.0,287.0,500.0,433.88,0.0,25,0.0,150.0,500.0
2037,201401,0,3657.0,7,52.0,8.0,4.0,263.0,1200.0,,,45,8.0,118.62,2400.0
2038,201403,0,826.0,12,0.0,0.0,3.0,,2500.0,373.6,66.7,39,0.0,265.51,2500.0
2039,201412,0,411.0,12,0.0,0.0,0.0,,1000.0,,,36,0.0,,
2040,201412,0,2697.0,3,19.0,3.0,6.0,499.0,500.0,331.82,0.0,35,7.0,223.08,2391.73
2041,201401,1,208.0,12,0.0,0.0,0.0,,665.64,,,34,0.0,,1331.28
2042,201409,1,671.0,12,0.0,0.0,2.0,,1000.0,,,39,0.0,131.38,
2043,201406,1,193.0,12,0.0,0.0,0.0,,750.45,,,23,0.0,,750.45
2044,201411,0,1879.0,6,12.0,9.0,11.0,560.0,2838.16,758.09,0.0,73,1.0,432.54,9000.0
2045,201410,1,661.0,12,0.0,0.0,0.0,,2000.0,,,23,0.0,83.71,500.0
2046,201406,0,572.0,12,0.0,0.0,0.0,,1102.44,,,27,0.0,0.0,1102.44
2047,201401,1,176.0,12,0.0,0.0,0.0,,1000.0,,,67,0.0,,2000.0
2048,201402,0,2682.0,7,35.0,11.0,9.0,1577.0,1000.0,77.21,25.91,56,4.0,486.61,1000.0
2049,201403,1,2937.0,10,39.0,11.0,9.0,390.0,500.0,743.8,203.07,42,5.0,428.75,1750.0
2050,201412,1,5110.0,10,5.0,3.0,10.0,89.0,700.0,65.96,0.0,63,23.0,242.33,
2051,201407,1,277.0,12,0.0,0.0,0.0,,800.0,,,27,0.0,,800.0
2052,201401,1,204.0,12,0.0,0.0,0.0,,727.18,,,18,0.0,,1454.36
2053,201407,0,834.0,12,0.0,0.0,2.0,,1000.0,16.2,0.0,36,0.0,,1000.0
2054,201402,0,313.0,12,0.0,0.0,0.0,,300.0,,,73,0.0,,600.0
2055,201405,0,654.0,5,0.0,0.0,0.0,,150.0,,,21,0.0,0.0,150.0
2056,201410,0,2497.0,8,16.0,0.0,0.0,,1200.0,,,56,3.0,39.15,2200.0
2057,201406,0,212.0,10,0.0,0.0,0.0,,1200.0,,,32,0.0,,1200.0
2058,201405,0,4805.0,3,65.0,12.0,12.0,535.0,300.0,83.33,19.37,38,37.0,78.16,300.0
2059,201405,0,322.0,3,0.0,0.0,0.0,,200.0,,,32,0.0,,200.0
2060,201412,0,537.0,12,0.0,0.0,0.0,,850.0,,,48,0.0,,1500.0
2061,201403,0,2398.0,12,17.0,6.0,8.0,188.0,800.0,178.92,0.0,29,6.0,0.0,2940.53
2062,201407,0,518.0,12,0.0,0.0,0.0,,990.96,,,28,0.0,,990.96
2063,201407,1,668.0,10,0.0,0.0,0.0,,2500.0,,,52,0.0,420.09,4647.26
2064,201406,0,2448.0,12,17.0,3.0,12.0,408.0,1000.0,1230.57,171.84,41,14.0,405.78,3815.0
2065,201407,1,2754.0,12,27.0,6.0,1.0,109.0,1000.0,82.32,24.34,48,7.0,,1000.0
2066,201412,0,2299.0,12,17.0,8.0,8.0,596.0,450.0,278.53,90.62,39,11.0,349.79,
2067,201406,1,242.0,12,0.0,0.0,0.0,,1000.0,,,45,0.0,,1000.0
2068,201405,0,243.0,6,0.0,0.0,0.0,,600.0,,,37,0.0,,600.0
2069,201403,0,237.0,12,0.0,0.0,0.0,,2184.12,,,48,0.0,,2184.12
2070,201408,0,1260.0,12,0.0,5.0,11.0,448.0,1500.0,783.99,0.0,32,0.0,292.6,6400.0
2071,201407,0,896.0,12,0.0,0.0,7.0,,2000.0,868.03,131.95,55,0.0,687.32,2000.0
2072,201410,1,1054.0,12,0.0,0.0,10.0,,1814.53,813.93,101.2,28,0.0,311.61,
2073,201410,0,1411.0,12,0.0,8.0,12.0,744.0,1500.0,343.88,0.0,35,0.0,229.65,2500.0
2074,201409,0,2183.0,12,13.0,4.0,4.0,344.0,1000.0,,,50,7.0,,156.61
2075,201406,0,414.0,12,0.0,0.0,0.0,,1000.0,,,26,0.0,,1000.0
2076,201410,0,336.0,12,0.0,0.0,0.0,,1000.0,,,57,0.0,,
2077,201401,0,524.0,12,0.0,0.0,0.0,,800.0,,,62,0.0,,3200.0
2078,201407,0,1595.0,12,3.0,7.0,11.0,752.0,2000.0,286.52,0.0,39,1.0,,7894.0
2079,201407,1,942.0,12,0.0,0.0,7.0,,500.0,278.99,0.0,35,0.0,557.92,500.0
2080,201407,1,554.0,12,0.0,0.0,0.0,,1500.0,,,43,0.0,,2500.0
2081,201403,0,890.0,12,0.0,0.0,5.0,,500.0,136.46,0.0,35,0.0,104.34,500.0
2082,201407,1,3198.0,12,12.0,11.0,10.0,383.0,1000.0,478.48,47.7,49,9.0,87.6,1706.67
2083,201409,0,2932.0,8,37.0,12.0,12.0,1007.0,1200.0,1843.0,0.0,42,7.0,1369.2,4300.0
2084,201407,0,803.0,5,0.0,0.0,2.0,,500.0,359.96,0.0,56,0.0,527.63,1000.0
2085,201406,0,466.0,12,0.0,0.0,0.0,,3000.0,,,48,0.0,,5346.83
2086,201412,1,915.0,12,0.0,0.0,6.0,,1500.0,1602.44,0.0,37,0.0,900.0,
2087,201403,0,4664.0,12,43.0,7.0,12.0,246.0,300.0,78.5,22.56,62,10.0,0.0,300.0
2088,201401,1,749.0,12,0.0,0.0,1.0,,2000.0,251.91,0.0,74,0.0,264.08,11402.6
2089,201404,1,684.0,6,0.0,0.0,0.0,,600.0,81.0,0.0,38,0.0,200.0,1800.0
2090,201404,1,1084.0,12,0.0,0.0,12.0,144.0,1000.0,1232.68,0.0,33,0.0,485.25,3112.69
2091,201401,0,231.0,12,0.0,0.0,0.0,,1000.0,,,26,0.0,,2000.0
2092,201409,0,832.0,12,0.0,0.0,3.0,,900.0,325.03,58.35,39,0.0,344.11,2000.0
2093,201404,1,401.0,12,0.0,0.0,0.0,,1500.0,,,57,0.0,8.99,1740.0
2094,201408,1,541.0,4,0.0,0.0,0.0,,900.0,,,36,0.0,,900.0
2095,201408,0,516.0,12,0.0,0.0,0.0,,1200.0,,,33,0.0,,1200.0
2096,201408,0,2421.0,6,30.0,9.0,12.0,1498.0,1200.0,1491.41,75.93,49,2.0,924.8,4600.0
2097,201406,1,1029.0,12,0.0,0.0,11.0,168.0,800.0,308.54,88.59,28,0.0,175.23,800.0
2098,201404,0,3397.0,12,49.0,12.0,12.0,1089.0,2000.0,1458.86,222.1,56,15.0,812.4,5703.78
2099,201403,0,715.0,12,0.0,0.0,0.0,,1000.0,81.48,25.5,33,0.0,200.74,1000.0
2100,201407,0,1249.0,12,0.0,4.0,11.0,309.0,500.0,454.52,101.09,32,0.0,350.0,1430.0
2101,201407,1,238.0,6,0.0,0.0,0.0,,400.0,,,55,0.0,,400.0
2102,201406,0,1798.0,12,5.0,3.0,10.0,174.0,876.0,609.93,0.0,34,1.0,572.11,876.0
2103,201412,1,353.0,12,0.0,0.0,0.0,,736.18,,,24,0.0,,
2104,201406,0,960.0,12,0.0,0.0,7.0,,2000.0,727.39,41.84,40,0.0,466.87,2500.0
2105,201403,1,441.0,12,0.0,0.0,0.0,,1000.0,,,69,0.0,,1000.0
2106,201411,0,4117.0,12,11.0,0.0,0.0,,2000.0,,,60,1.0,2.0,
2107,201407,0,359.0,3,0.0,0.0,0.0,,200.0,,,32,0.0,,200.0
2108,201403,0,651.0,12,0.0,0.0,2.0,,1000.0,107.38,36.01,33,0.0,112.8,1000.0
2109,201404,1,332.0,12,0.0,0.0,0.0,,2000.0,,,71,0.0,,3028.14
2110,201401,0,1685.0,12,9.0,11.0,12.0,860.0,1148.0,1353.15,308.56,39,1.0,457.85,5228.47
2111,201401,1,542.0,12,0.0,0.0,0.0,,300.0,,,43,0.0,,600.0
2112,201406,1,244.0,12,0.0,0.0,0.0,,800.0,,,32,0.0,,800.0
2113,201411,0,3061.0,6,16.0,0.0,7.0,,1000.0,93.9,0.0,47,8.0,123.6,
2114,201406,0,1850.0,12,9.0,10.0,12.0,429.0,500.0,827.48,42.75,68,4.0,581.29,1800.0
2115,201409,0,335.0,12,0.0,0.0,0.0,,1000.0,,,44,0.0,,
2116,201408,0,236.0,12,0.0,0.0,0.0,,500.0,,,21,0.0,,500.0
2117,201411,0,2338.0,3,10.0,0.0,0.0,,150.0,69.98,0.0,25,4.0,85.87,
2118,201403,0,3563.0,12,47.0,10.0,12.0,1454.0,1500.0,,,58,22.0,922.68,2700.0
2119,201407,1,,12,0.0,0.0,0.0,,2938.52,,,51,0.0,,6016.23
2120,201407,1,194.0,12,0.0,0.0,0.0,,500.0,,,38,0.0,,500.0
2121,201411,0,2314.0,12,15.0,10.0,12.0,298.0,2000.0,566.1,151.76,55,1.0,816.52,3800.0
2122,201406,0,1914.0,12,7.0,0.0,0.0,,800.0,,,35,2.0,,2587.8
2123,201404,0,805.0,12,0.0,0.0,6.0,,1141.0,204.79,55.17,44,0.0,197.6,2341.0
2124,201405,1,2792.0,12,26.0,11.0,12.0,793.0,1000.0,571.74,0.0,26,15.0,418.42,3012.95
2125,201408,1,714.0,12,0.0,0.0,0.0,,3000.0,,,58,0.0,316.37,3000.0
2126,201407,0,1599.0,12,4.0,12.0,7.0,652.0,1300.0,691.99,0.0,27,1.0,572.56,3412.96
2127,201403,0,850.0,12,0.0,0.0,4.0,,700.0,239.31,0.0,64,0.0,,1100.0
2128,201408,0,531.0,12,0.0,0.0,0.0,,2000.0,,,53,0.0,23.79,3000.0
2129,201412,0,1480.0,5,0.0,6.0,12.0,285.0,500.0,273.28,62.36,61,1.0,240.0,1768.48
2130,201406,0,23.0,12,,,,,1000.0,,,42,,,1743.45
2131,201404,1,3229.0,12,13.0,2.0,12.0,344.0,3000.0,659.83,0.0,48,6.0,520.0,5555.68
2132,201404,1,1976.0,12,16.0,8.0,4.0,88.0,1500.0,358.3,105.04,76,1.0,258.28,7500.0
2133,201409,0,962.0,12,0.0,0.0,7.0,,3000.0,74.67,0.0,49,0.0,263.53,3000.0
2134,201407,0,203.0,10,0.0,0.0,0.0,,1000.0,,,32,0.0,,1000.0
2135,201403,1,4742.0,12,16.0,7.0,4.0,140.0,2000.0,159.98,0.0,34,7.0,71.24,5120.08
2136,201404,0,390.0,10,0.0,0.0,0.0,,1000.0,,,45,0.0,,1000.0
2137,201403,0,2499.0,6,22.0,9.0,12.0,113.0,500.0,658.78,0.0,46,4.0,616.55,500.0
2138,201412,0,1082.0,5,0.0,0.0,10.0,77.0,500.0,121.92,0.0,35,0.0,,
2139,201408,0,602.0,12,0.0,0.0,0.0,,1000.0,,,39,0.0,128.82,1000.0
2140,201408,0,4157.0,8,11.0,0.0,0.0,,1000.0,,,38,2.0,,1200.0
2141,201407,0,464.0,12,0.0,0.0,0.0,,1000.0,,,58,0.0,,1000.0
2142,201412,1,2371.0,12,19.0,8.0,9.0,357.0,1576.86,427.91,0.0,31,10.0,466.11,3000.0
2143,201408,1,1210.0,12,0.0,3.0,10.0,64.0,1500.0,,,48,0.0,,2400.0
2144,201402,0,959.0,8,0.0,0.0,7.0,,1000.0,700.76,63.62,27,0.0,471.74,2000.0
2145,201411,0,531.0,10,0.0,0.0,0.0,,200.0,,,29,0.0,,112.95
2146,201409,1,256.0,12,0.0,0.0,0.0,,800.0,,,46,0.0,,
2147,201405,0,4871.0,12,15.0,0.0,0.0,,500.0,,,45,41.0,,500.0
2148,201411,1,365.0,12,0.0,0.0,0.0,,984.59,,,44,0.0,,664.41
2149,201412,0,278.0,12,0.0,0.0,0.0,,1108.0,,,70,0.0,,667.31
2150,201406,1,1755.0,12,5.0,5.0,9.0,191.0,1500.0,200.2,53.27,46,1.0,180.85,1500.0
2151,201401,0,1099.0,12,0.0,0.0,6.0,205.0,1000.0,13.0,0.0,69,0.0,,4345.5
2152,201402,0,2650.0,12,16.0,11.0,12.0,1221.0,600.0,,,62,7.0,775.79,1200.0
2153,201407,1,320.0,12,0.0,0.0,0.0,,1866.53,,,44,0.0,,1866.53
2154,201404,0,1827.0,10,10.0,12.0,12.0,1027.0,500.0,1099.8,344.95,60,2.0,792.07,2200.0
2155,201405,0,4904.0,12,93.0,12.0,12.0,1642.0,1000.0,860.68,120.78,69,18.0,217.01,1000.0
2156,201410,0,1092.0,8,0.0,0.0,12.0,257.0,800.0,656.72,45.63,31,0.0,227.08,4303.08
2157,201405,0,575.0,6,0.0,0.0,0.0,,500.0,,,20,0.0,0.0,500.0
2158,201411,1,836.0,12,0.0,0.0,4.0,,2000.0,865.58,159.19,33,0.0,688.76,1000.0
2159,201405,1,316.0,6,0.0,0.0,0.0,,700.0,,,46,0.0,,1500.0
2160,201406,0,3114.0,12,19.0,6.0,12.0,491.0,800.0,696.64,148.87,46,4.0,576.97,4800.0
2161,201404,0,742.0,12,0.0,0.0,6.0,,1000.0,42.5,0.0,29,0.0,113.36,1000.0
2162,201412,1,930.0,6,0.0,0.0,7.0,,1000.0,1965.03,121.41,67,0.0,688.1,
2163,201410,1,1329.0,12,0.0,5.0,11.0,445.0,1000.0,29.97,0.0,25,0.0,0.0,
2164,201404,0,274.0,12,0.0,0.0,0.0,,1000.0,,,25,0.0,,1536.93
2165,201411,1,1353.0,12,0.0,7.0,11.0,523.0,2000.0,238.43,0.0,66,0.0,,1919.0
2166,201406,0,3183.0,12,19.0,9.0,0.0,268.0,1500.0,,,31,5.0,,4000.0
2167,201411,0,1048.0,10,0.0,0.0,11.0,,1000.0,1538.37,233.77,57,0.0,694.97,4500.0
2168,201410,1,490.0,12,0.0,0.0,0.0,,2000.0,,,54,0.0,,1000.0
2169,201405,0,450.0,12,0.0,0.0,0.0,,1000.0,,,32,0.0,,1400.0
2170,201412,0,5030.0,12,114.0,10.0,12.0,288.0,1977.89,1264.99,332.27,40,4.0,158.81,2000.0
2171,201403,0,286.0,10,0.0,0.0,0.0,,500.0,,,34,0.0,,500.0
2172,201403,0,270.0,3,0.0,0.0,0.0,,300.0,,,23,0.0,,300.0
2173,201412,0,979.0,5,0.0,0.0,8.0,,500.0,365.29,0.0,25,0.0,133.01,
2174,201401,1,781.0,12,0.0,0.0,1.0,,813.09,276.08,77.94,27,0.0,287.7,1626.18
2175,201408,1,456.0,5,0.0,0.0,0.0,,1000.0,,,36,0.0,,1000.0
2176,201412,0,2324.0,12,20.0,0.0,0.0,,1142.37,,,27,3.0,93.88,1895.62
2177,201408,0,187.0,12,0.0,0.0,0.0,,1000.0,,,26,0.0,,
2178,201411,0,2067.0,12,12.0,7.0,11.0,875.0,1500.0,215.92,0.0,62,7.0,403.53,
2179,201412,1,2651.0,12,15.0,3.0,8.0,,600.0,,,34,8.0,251.0,
2180,201408,0,574.0,12,0.0,0.0,0.0,,400.0,,,33,0.0,,400.0
2181,201405,0,317.0,7,0.0,0.0,0.0,,900.0,,,30,0.0,,900.0
2182,201407,0,2712.0,6,35.0,10.0,0.0,888.0,200.0,,,53,5.0,,710.0
2183,201404,0,287.0,12,0.0,0.0,0.0,,500.0,,,54,0.0,,500.0
2184,201401,1,1127.0,5,0.0,0.0,2.0,9.0,200.0,,,65,0.0,0.0,400.0
2185,201409,0,194.0,12,0.0,0.0,0.0,,919.87,,,35,0.0,,
2186,201402,0,645.0,12,0.0,0.0,0.0,,1520.0,,,60,0.0,192.02,3040.0
2187,201411,0,825.0,12,0.0,0.0,3.0,,1000.0,611.12,146.33,38,0.0,541.37,
2188,201405,0,392.0,12,0.0,0.0,0.0,,2047.57,,,34,0.0,,2047.57
2189,201402,0,732.0,12,0.0,0.0,1.0,,1000.0,314.3,97.48,41,0.0,210.08,1000.0
2190,201408,0,1074.0,3,0.0,0.0,9.0,197.0,350.0,85.98,0.0,57,0.0,,1550.0
2191,201403,1,1219.0,12,0.0,3.0,11.0,275.0,1950.0,512.31,48.48,36,0.0,380.12,1950.0
2192,201409,0,651.0,12,0.0,0.0,0.0,,900.0,429.28,153.93,60,0.0,313.63,9700.0
2193,201404,0,1241.0,12,0.0,2.0,9.0,297.0,1000.0,300.73,102.83,48,0.0,138.26,2100.0
2194,201409,0,3038.0,8,17.0,9.0,11.0,770.0,1000.0,663.78,0.0,51,10.0,282.49,494.56
2195,201404,0,969.0,12,0.0,0.0,7.0,,700.0,51.73,16.04,53,0.0,,1400.0
2196,201412,1,554.0,10,0.0,0.0,0.0,,2000.0,,,36,0.0,,700.0
2197,201406,1,1347.0,12,0.0,8.0,11.0,296.0,1500.0,757.19,153.92,65,0.0,681.69,3000.0
2198,201403,0,287.0,12,0.0,0.0,0.0,,260.0,,,29,0.0,,260.0
2199,201408,1,255.0,12,0.0,0.0,0.0,,574.0,,,41,0.0,,
2200,201410,0,526.0,10,0.0,0.0,0.0,,400.0,,,29,0.0,,1547.94
2201,201410,0,1554.0,5,0.0,5.0,11.0,300.0,500.0,80.99,0.0,30,3.0,140.99,
2202,201405,0,521.0,3,0.0,0.0,0.0,,360.0,,,28,0.0,,360.0
2203,201405,1,4559.0,12,29.0,12.0,12.0,598.0,2000.0,833.14,209.33,43,17.0,309.48,9000.0
2204,201409,0,548.0,4,0.0,0.0,0.0,,400.0,,,50,0.0,,300.0
2205,201402,1,624.0,12,0.0,0.0,0.0,,2000.0,172.69,62.24,45,0.0,142.24,7470.98
2206,201412,1,1376.0,12,0.0,8.0,12.0,379.0,1311.21,556.93,166.02,39,0.0,233.0,1278.76
2207,201406,0,1645.0,12,1.0,11.0,12.0,153.0,1000.0,534.37,188.5,73,1.0,282.55,5680.0
2208,201412,0,4735.0,12,50.0,0.0,7.0,,2700.0,233.92,0.0,61,13.0,,
2209,201404,0,1159.0,12,0.0,1.0,0.0,15.0,1600.0,,,59,0.0,,1600.0
2210,201401,0,1923.0,12,9.0,6.0,4.0,104.0,1000.0,,,47,1.0,59.16,3550.0
2211,201407,1,281.0,10,0.0,0.0,0.0,,500.0,,,36,0.0,,500.0
2212,201404,0,511.0,12,0.0,0.0,0.0,,600.0,,,22,0.0,,600.0
2213,201409,0,647.0,10,0.0,0.0,0.0,,1000.0,,,49,0.0,111.24,500.0
2214,201402,1,412.0,12,0.0,0.0,0.0,,1500.0,,,51,0.0,,3031.98
2215,201409,1,984.0,12,0.0,0.0,7.0,,2100.0,150.95,0.0,30,0.0,90.49,12224.88
2216,201410,1,212.0,12,0.0,0.0,0.0,,1000.0,,,27,0.0,,
2217,201411,1,1783.0,12,6.0,0.0,9.0,,2388.19,425.87,0.0,24,3.0,165.87,
2218,201411,1,490.0,12,0.0,0.0,0.0,,1000.0,,,30,0.0,,
2219,201412,0,312.0,6,0.0,0.0,0.0,,400.0,,,29,0.0,,
2220,201405,0,1672.0,12,3.0,0.0,5.0,,1000.0,,,55,1.0,,3217.56
2221,201409,1,267.0,12,0.0,0.0,0.0,,1000.0,,,39,0.0,,
2222,201402,0,2244.0,10,17.0,5.0,7.0,345.0,1877.22,456.85,0.0,37,5.0,190.24,5554.44
2223,201406,0,2610.0,12,26.0,0.0,1.0,,800.0,49.99,0.0,34,4.0,62.39,800.0
2224,201405,1,440.0,12,0.0,0.0,0.0,,679.95,,,20,0.0,,679.95
2225,201409,0,1532.0,8,1.0,6.0,12.0,189.0,500.0,309.26,103.35,67,1.0,195.72,
2226,201401,0,621.0,12,0.0,0.0,0.0,,1000.0,,,34,0.0,23.2,2000.0
2227,201411,0,916.0,10,0.0,0.0,6.0,,400.0,683.83,103.67,22,0.0,425.77,
2228,201407,0,774.0,5,0.0,0.0,2.0,,1000.0,366.51,0.0,46,0.0,506.69,1000.0
2229,201406,0,1214.0,10,0.0,3.0,9.0,99.0,1000.0,99.96,0.0,27,0.0,63.72,1000.0
2230,201408,1,449.0,12,0.0,0.0,0.0,,1473.66,,,55,0.0,,1473.66
2231,201401,0,1093.0,12,0.0,0.0,12.0,198.0,1000.0,128.8,13.9,52,0.0,171.68,2000.0
2232,201406,0,1488.0,12,2.0,10.0,0.0,159.0,1000.0,,,72,0.0,9.0,2300.0
2233,201410,0,347.0,12,0.0,0.0,0.0,,1067.08,,,22,0.0,,
2234,201406,0,3702.0,10,50.0,7.0,9.0,640.0,1000.0,2048.74,581.31,45,17.0,147.29,1000.0
2235,201408,0,394.0,12,0.0,0.0,0.0,,990.58,,,49,0.0,,990.58
2236,201406,0,429.0,12,0.0,0.0,0.0,,3000.0,,,60,0.0,,3080.99
2237,201402,0,576.0,6,0.0,0.0,0.0,,400.0,,,33,0.0,0.0,800.0
2238,201411,0,5032.0,12,96.0,10.0,12.0,1365.0,800.0,1644.02,0.0,58,17.0,1202.0,4600.0
2239,201410,1,225.0,12,0.0,0.0,0.0,,300.0,,,48,0.0,,
2240,201407,0,210.0,12,0.0,0.0,0.0,,995.21,,,47,0.0,,995.21
2241,201401,0,1111.0,12,0.0,0.0,12.0,173.0,800.0,315.85,96.99,37,0.0,205.31,1415.16
2242,201405,0,3419.0,12,53.0,6.0,1.0,445.0,800.0,,,76,6.0,,800.0
2243,201402,0,128.0,12,0.0,0.0,0.0,,500.0,,,45,0.0,,1988.54
2244,201409,1,272.0,12,0.0,0.0,0.0,,1000.0,,,33,0.0,,
2245,201409,0,1650.0,12,6.0,3.0,0.0,,2300.0,,,36,1.0,140.36,2000.0
2246,201401,0,2496.0,12,19.0,0.0,0.0,,808.96,,,29,12.0,,1617.92
2247,201411,0,496.0,6,0.0,0.0,0.0,,400.0,,,35,0.0,,
2248,201405,0,219.0,12,0.0,0.0,0.0,,1000.0,,,71,0.0,,1000.0
2249,201408,0,504.0,12,0.0,0.0,0.0,,500.0,,,45,0.0,,500.0
2250,201412,0,725.0,12,0.0,0.0,0.0,,1000.0,113.36,0.0,68,0.0,122.06,1000.0
2251,201403,0,3709.0,12,68.0,11.0,11.0,441.0,1000.0,369.08,32.81,59,7.0,280.32,1000.0
2252,201412,0,264.0,12,0.0,0.0,0.0,,1000.0,,,51,0.0,,600.0
2253,201405,0,845.0,12,0.0,0.0,4.0,,1400.0,71.94,0.0,50,0.0,278.42,4676.55
2254,201408,0,621.0,6,0.0,0.0,0.0,,583.5,,,31,0.0,49.29,
2255,201406,1,4870.0,12,12.0,0.0,0.0,,1000.0,,,47,40.0,,1000.0
2256,201403,0,2809.0,12,39.0,10.0,12.0,385.0,2759.03,428.56,0.0,52,5.0,295.76,11794.76
2257,201403,1,2218.0,12,4.0,1.0,2.0,,2000.0,331.85,0.0,36,4.0,465.03,3942.6
2258,201411,0,699.0,3,0.0,0.0,0.0,,404.88,,,42,0.0,294.33,
2259,201409,0,1095.0,12,0.0,0.0,10.0,152.0,2066.0,613.82,60.0,47,0.0,511.21,5560.39
2260,201410,0,413.0,12,0.0,0.0,0.0,,2400.0,,,46,0.0,,
2261,201408,0,2622.0,9,27.0,0.0,0.0,,800.0,,,26,3.0,555.48,1600.0
2262,201402,1,340.0,12,0.0,0.0,0.0,,500.0,,,56,0.0,,1000.0
2263,201405,0,257.0,12,0.0,0.0,0.0,,450.0,,,39,0.0,,450.0
2264,201403,0,211.0,12,0.0,0.0,0.0,,945.45,,,26,0.0,,945.45
2265,201406,0,371.0,12,0.0,0.0,0.0,,1000.0,,,62,0.0,,2000.0
2266,201411,1,177.0,6,0.0,0.0,0.0,,500.0,,,50,0.0,,
2267,201402,1,4417.0,12,11.0,0.0,2.0,,1300.0,587.88,0.0,50,2.0,670.49,3600.0
2268,201412,0,464.0,8,0.0,0.0,0.0,,1000.0,,,26,0.0,,414.86
2269,201406,0,526.0,4,0.0,0.0,0.0,,394.14,,,27,0.0,,394.14
2270,201406,0,2545.0,6,8.0,0.0,0.0,,1100.0,,,47,1.0,,1100.0
2271,201402,1,3851.0,12,38.0,9.0,9.0,646.0,2000.0,307.92,0.0,38,7.0,265.68,7000.0
2272,201412,0,639.0,12,0.0,0.0,0.0,,1000.0,265.79,89.41,37,0.0,88.04,
2273,201407,0,882.0,3,0.0,0.0,5.0,,300.0,570.69,96.33,55,0.0,313.54,300.0
2274,201406,1,2581.0,12,8.0,0.0,0.0,,900.0,227.0,0.0,27,6.0,406.39,900.0
2275,201405,0,1486.0,12,0.0,8.0,10.0,833.0,2470.0,694.49,184.67,47,1.0,676.25,4030.0
2276,201405,0,200.0,3,0.0,0.0,0.0,,150.0,,,52,0.0,,150.0
2277,201403,0,4006.0,12,52.0,9.0,0.0,165.0,1000.0,,,58,13.0,,2400.0
2278,201403,0,2398.0,6,16.0,2.0,10.0,222.0,449.0,,,25,15.0,37.0,449.0
2279,201403,0,1743.0,12,5.0,8.0,11.0,353.0,2000.0,637.69,0.0,34,5.0,134.79,9739.13
2280,201404,1,200.0,12,0.0,0.0,0.0,,600.0,,,26,0.0,,600.0
2281,201408,0,3229.0,7,20.0,5.0,0.0,170.0,1000.0,,,37,8.0,0.0,3250.0
2282,201409,0,2472.0,12,32.0,9.0,0.0,919.0,1300.0,,,47,2.0,,4074.48
2283,201412,0,999.0,10,0.0,0.0,7.0,,1000.0,196.65,0.0,31,0.0,,1700.0
2284,201404,1,276.0,12,0.0,0.0,0.0,,1000.0,,,38,0.0,,1000.0
2285,201405,0,724.0,12,0.0,0.0,0.0,,1000.0,138.54,0.0,23,0.0,159.95,1000.0
2286,201409,1,197.0,12,0.0,0.0,0.0,,1000.0,,,36,0.0,,
2287,201402,1,1004.0,12,0.0,0.0,9.0,,1500.0,879.49,41.71,57,0.0,304.76,4160.18
2288,201411,0,311.0,3,0.0,0.0,0.0,,425.0,,,33,0.0,,1020.74
2289,201410,0,1398.0,3,0.0,7.0,10.0,78.0,270.0,272.31,101.4,49,0.0,129.69,1550.0
2290,201405,0,945.0,12,0.0,0.0,7.0,,600.0,441.27,21.96,48,0.0,54.57,600.0
2291,201401,0,245.0,12,0.0,0.0,0.0,,1500.0,,,73,0.0,,3000.0
2292,201408,1,2823.0,12,20.0,8.0,9.0,,1500.0,1694.37,40.78,46,11.0,397.69,3500.0
2293,201410,1,1224.0,12,0.0,6.0,11.0,206.0,2500.0,547.79,111.92,53,0.0,395.04,2000.0
2294,201406,0,555.0,12,0.0,0.0,0.0,,1000.0,,,30,0.0,,1000.0
2295,201404,0,481.0,12,0.0,0.0,0.0,,1500.0,,,50,0.0,,1500.0
2296,201403,0,1754.0,3,5.0,1.0,3.0,135.0,300.0,,,57,1.0,,300.0
2297,201409,1,3580.0,12,50.0,12.0,12.0,806.0,1300.0,387.74,71.45,50,14.0,145.84,700.0
2298,201409,1,4495.0,12,62.0,12.0,11.0,1067.0,1000.0,684.81,0.0,52,17.0,582.44,
2299,201409,1,3554.0,12,67.0,9.0,0.0,569.0,1000.0,,,44,1.0,,3320.0
2300,201405,0,3926.0,10,5.0,0.0,10.0,310.0,1000.0,363.87,0.0,51,23.0,92.44,1750.0
2301,201410,0,232.0,12,0.0,0.0,0.0,,1000.0,,,30,0.0,,
2302,201409,0,901.0,12,0.0,0.0,8.0,,2281.67,542.12,180.83,51,0.0,570.3,
2303,201408,1,509.0,12,0.0,0.0,0.0,,901.89,,,45,0.0,8.99,1401.89
2304,201402,1,926.0,12,0.0,0.0,7.0,,1000.0,433.09,106.83,54,0.0,,3000.0
2305,201401,0,4194.0,12,22.0,0.0,1.0,,2000.0,249.91,0.0,48,8.0,301.87,4693.3
2306,201410,1,581.0,12,0.0,0.0,0.0,,1000.0,,,48,0.0,0.0,
2307,201410,0,249.0,7,0.0,0.0,0.0,,451.0,,,27,0.0,,
2308,201407,0,425.0,12,0.0,0.0,0.0,,800.0,,,54,0.0,,1384.24
2309,201401,1,485.0,12,0.0,0.0,0.0,,824.98,,,27,0.0,,824.98
2310,201404,1,2710.0,12,28.0,7.0,11.0,240.0,1500.0,335.88,0.0,45,10.0,84.69,1500.0
2311,201407,0,2400.0,3,19.0,12.0,12.0,1023.0,300.0,2063.23,0.0,37,6.0,1140.85,1600.0
2312,201404,0,3370.0,8,55.0,0.0,8.0,85.0,500.0,194.88,0.0,57,5.0,172.42,500.0
2313,201404,0,451.0,3,0.0,0.0,0.0,,150.0,,,23,0.0,,150.0
2314,201408,0,734.0,6,0.0,0.0,2.0,,500.0,156.24,46.28,50,0.0,123.85,500.0
2315,201407,0,504.0,10,0.0,0.0,0.0,,1000.0,,,36,0.0,,1000.0
2316,201407,1,931.0,12,0.0,0.0,7.0,,2000.0,639.41,168.41,31,0.0,204.36,5200.0
2317,201401,1,542.0,12,0.0,0.0,0.0,,1500.0,,,22,0.0,,3369.72
2318,201408,0,3999.0,10,27.0,0.0,0.0,,1000.0,,,47,10.0,,1300.0
2319,201412,0,357.0,12,0.0,0.0,0.0,,1000.0,,,32,0.0,,
2320,201411,0,2276.0,12,21.0,8.0,12.0,318.0,3000.0,298.95,59.01,69,6.0,304.45,4747.56
2321,201402,0,2235.0,12,8.0,2.0,0.0,,700.0,450.38,156.47,68,2.0,287.93,2100.0
2322,201406,0,416.0,12,0.0,0.0,0.0,,3000.0,,,44,0.0,,3000.0
2323,201402,1,1648.0,12,3.0,7.0,12.0,121.0,400.0,594.75,0.0,32,1.0,395.33,800.0
2324,201407,0,321.0,12,0.0,0.0,0.0,,1500.0,,,40,0.0,,1500.0
2325,201410,1,875.0,12,0.0,0.0,4.0,,1250.73,413.42,0.0,43,0.0,371.26,
2326,201401,1,246.0,12,0.0,0.0,0.0,,986.13,,,31,0.0,,1972.26
2327,201404,0,1077.0,12,0.0,0.0,4.0,,600.0,190.34,45.02,65,0.0,,1600.0
2328,201410,0,1533.0,12,2.0,10.0,6.0,,1148.4,151.04,15.13,52,1.0,154.64,5368.0
2329,201405,1,930.0,12,0.0,0.0,9.0,,1000.0,730.74,81.81,66,0.0,400.72,2000.0
2330,201404,0,172.0,12,0.0,0.0,0.0,,796.98,,,49,0.0,,796.98
2331,201407,0,865.0,12,0.0,0.0,7.0,,3000.0,131.81,40.05,54,0.0,134.25,6000.0
2332,201402,1,725.0,12,0.0,0.0,0.0,,1000.0,289.09,33.25,55,0.0,314.59,2000.0
2333,201406,0,1522.0,12,1.0,12.0,12.0,956.0,1000.0,951.88,272.69,46,1.0,425.1,5634.02
2334,201402,0,1224.0,12,0.0,3.0,12.0,272.0,1500.0,417.71,57.83,36,0.0,289.43,4800.0
2335,201403,0,457.0,12,0.0,0.0,0.0,,1200.0,,,33,0.0,,2169.4
2336,201409,1,387.0,12,0.0,0.0,0.0,,3000.0,,,57,0.0,,1590.23
2337,201407,0,3386.0,4,33.0,5.0,5.0,50.0,300.0,133.96,0.0,48,9.0,73.92,800.0
2338,201403,1,298.0,12,0.0,0.0,0.0,,919.09,,,52,2.0,,919.09
2339,201410,1,291.0,12,0.0,0.0,0.0,,1500.0,,,74,0.0,,
2340,201411,0,3303.0,10,48.0,1.0,0.0,,700.0,,,66,5.0,,1570.0
2341,201410,0,1437.0,12,0.0,5.0,0.0,54.0,889.26,,,40,0.0,,2800.0
2342,201406,0,1290.0,7,0.0,3.0,9.0,57.0,600.0,115.92,0.0,41,0.0,23.73,1600.0
2343,201408,1,533.0,12,0.0,0.0,0.0,,800.0,,,26,0.0,,800.0
2344,201402,1,420.0,8,0.0,0.0,0.0,,1500.0,,,50,0.0,,3000.0
2345,201402,0,279.0,12,0.0,0.0,0.0,,701.76,,,32,0.0,,1403.52
2346,201409,1,413.0,12,0.0,0.0,0.0,,980.2,,,25,0.0,,
2347,201411,0,1517.0,5,1.0,6.0,8.0,356.0,800.0,,,44,1.0,,300.0
2348,201411,1,191.0,12,0.0,0.0,0.0,,1000.0,,,35,0.0,,
2349,201404,1,1237.0,12,0.0,3.0,11.0,270.0,2100.0,1134.85,69.94,66,0.0,303.95,8104.2
2350,201410,0,1250.0,7,0.0,4.0,12.0,568.0,2000.0,448.82,0.0,49,0.0,,3980.72
2351,201403,0,616.0,12,0.0,0.0,0.0,,500.0,,,67,0.0,122.58,700.0
2352,201409,0,924.0,8,0.0,0.0,6.0,,600.0,1193.12,352.61,55,0.0,631.74,2600.0
2353,201407,0,218.0,12,0.0,0.0,0.0,,574.0,,,32,0.0,,574.0
2354,201404,0,430.0,5,0.0,0.0,0.0,,500.0,,,35,0.0,,500.0
2355,201404,0,935.0,10,0.0,0.0,7.0,,1000.0,324.87,0.0,64,0.0,205.52,2000.0
2356,201403,1,831.0,12,0.0,0.0,4.0,,2400.0,257.87,0.0,43,0.0,686.41,5713.21
2357,201406,0,580.0,12,0.0,0.0,0.0,,1109.0,,,30,0.0,0.0,1799.0
2358,201407,0,2791.0,12,6.0,0.0,1.0,,1000.0,,,30,68.0,,1000.0
2359,201409,0,426.0,12,0.0,0.0,0.0,,1000.0,,,38,0.0,,
2360,201403,1,472.0,12,0.0,0.0,0.0,,936.76,,,29,0.0,,936.76
2361,201408,0,2797.0,12,34.0,9.0,6.0,271.0,3000.0,463.72,0.0,38,7.0,389.48,3000.0
2362,201405,1,225.0,12,0.0,0.0,0.0,,1000.0,,,29,0.0,,1000.0
2363,201408,0,1205.0,10,0.0,3.0,12.0,47.0,1000.0,,,42,0.0,210.99,8012.2
2364,201412,0,359.0,3,0.0,0.0,0.0,,240.0,,,21,0.0,,
2365,201405,0,1119.0,12,0.0,0.0,12.0,435.0,1013.37,273.82,0.0,32,0.0,586.41,1013.37
2366,201403,0,461.0,12,0.0,0.0,0.0,,1200.0,,,65,0.0,,1200.0
2367,201402,0,2668.0,12,31.0,6.0,12.0,529.0,1000.0,467.82,0.0,25,9.0,444.67,2317.89
2368,201407,0,751.0,4,0.0,0.0,1.0,,400.0,98.98,0.0,53,0.0,225.0,400.0
2369,201412,0,1096.0,12,0.0,0.0,12.0,23.0,1000.0,628.67,113.47,36,0.0,118.08,
2370,201406,0,988.0,12,0.0,0.0,9.0,,1500.0,310.24,94.28,53,0.0,,4200.0
2371,201410,0,1759.0,12,9.0,12.0,12.0,1000.0,2000.0,765.05,191.39,58,1.0,484.93,3483.5
2372,201406,0,4630.0,12,81.0,10.0,6.0,524.0,3000.0,,,52,21.0,,9500.0
2373,201403,0,373.0,12,0.0,0.0,0.0,,500.0,,,33,0.0,,500.0
2374,201409,0,1227.0,12,0.0,3.0,12.0,629.0,3000.0,985.12,148.42,39,0.0,622.77,8730.43
2375,201402,0,361.0,6,0.0,0.0,0.0,,200.0,,,34,0.0,,400.0
2376,201408,0,434.0,5,0.0,0.0,0.0,,250.0,,,23,0.0,,450.0
2377,201403,1,279.0,12,0.0,0.0,0.0,,1067.0,,,43,0.0,,1067.0
2378,201412,1,232.0,12,0.0,0.0,0.0,,1290.85,,,30,0.0,,
2379,201411,0,3205.0,12,28.0,7.0,0.0,,300.0,,,55,12.0,,5278.38
2380,201411,1,505.0,10,0.0,0.0,0.0,,1931.0,,,63,0.0,,
2381,201403,0,1622.0,8,3.0,5.0,9.0,679.0,700.0,683.09,143.3,59,3.0,431.19,1900.0
2382,201407,0,1894.0,12,11.0,8.0,11.0,385.0,1000.0,334.87,52.96,30,3.0,265.46,1000.0
2383,201404,0,346.0,6,0.0,0.0,0.0,,500.0,,,30,0.0,,500.0
2384,201404,0,2311.0,10,16.0,8.0,9.0,366.0,1200.0,514.87,0.0,72,5.0,255.5,7910.14
2385,201410,0,1207.0,6,0.0,3.0,12.0,414.0,1000.0,982.4,113.9,44,0.0,336.67,1000.0
2386,201412,1,272.0,12,0.0,0.0,0.0,,962.37,,,30,0.0,,
2387,201412,0,625.0,12,0.0,0.0,0.0,,500.0,,,63,0.0,38.68,
2388,201405,0,742.0,12,0.0,0.0,3.0,,1600.0,319.23,56.27,52,0.0,264.93,3225.12
2389,201405,1,215.0,12,0.0,0.0,0.0,,1000.0,,,60,0.0,,1000.0
2390,201412,0,1068.0,12,0.0,0.0,11.0,,965.83,499.88,0.0,37,0.0,241.42,
2391,201405,0,357.0,12,0.0,0.0,0.0,,1081.09,,,44,0.0,,1081.09
2392,201402,1,3343.0,12,13.0,0.0,0.0,,2627.66,,,46,1.0,195.6,5255.32
2393,201407,0,,12,,,,,1126.2,,,55,,,2526.2
2394,201409,1,849.0,12,0.0,0.0,4.0,,1651.0,637.91,185.0,34,0.0,649.39,4000.0
2395,201404,0,4762.0,12,66.0,9.0,8.0,802.0,2870.61,2008.93,0.0,49,19.0,813.56,3871.59
2396,201402,0,2469.0,5,15.0,8.0,0.0,,500.0,,,77,7.0,33.14,4771.68
2397,201403,0,510.0,3,0.0,0.0,0.0,,350.0,,,44,0.0,,350.0
2398,201404,0,1114.0,12,0.0,0.0,12.0,381.0,649.0,1137.33,0.0,23,0.0,443.98,649.0
2399,201412,1,206.0,12,0.0,0.0,0.0,,1000.0,,,38,0.0,,
2400,201412,0,1768.0,12,4.0,0.0,6.0,,2000.0,179.96,0.0,59,2.0,54.0,
2401,201406,0,885.0,12,0.0,0.0,5.0,,2000.0,626.54,0.0,41,0.0,514.18,3000.0
2402,201407,1,798.0,12,0.0,0.0,2.0,,1464.46,351.15,71.77,27,0.0,327.8,1464.46
2403,201402,0,1358.0,12,0.0,7.0,11.0,566.0,800.0,825.75,0.0,43,0.0,513.18,1600.0
2404,201404,1,1007.0,12,0.0,0.0,9.0,,500.0,1068.34,71.71,24,0.0,257.37,500.0
2405,201403,0,1004.0,12,0.0,0.0,9.0,,1600.0,631.01,0.0,67,0.0,420.0,6338.92
2406,201408,0,237.0,12,0.0,0.0,0.0,,1500.0,,,42,0.0,,1500.0
2407,201410,1,2895.0,12,32.0,11.0,12.0,390.0,1819.17,889.99,116.13,27,5.0,465.01,5965.0
2408,201407,0,587.0,3,0.0,0.0,0.0,,300.0,,,24,0.0,0.0,300.0
2409,201405,1,241.0,8,0.0,0.0,0.0,,972.5,,,33,0.0,,972.5
2410,201405,0,1083.0,3,0.0,0.0,11.0,208.0,400.0,904.7,0.0,52,0.0,393.0,1900.0
2411,201401,0,426.0,6,0.0,0.0,0.0,,1570.0,,,76,0.0,,3140.0
2412,201402,1,3494.0,12,63.0,10.0,12.0,538.0,1000.0,597.76,0.0,47,4.0,102.0,2900.0
2413,201404,1,1991.0,10,12.0,9.0,12.0,667.0,1000.0,593.77,116.92,51,6.0,564.53,1000.0
2414,201408,1,214.0,12,0.0,0.0,0.0,,800.0,,,35,0.0,,800.0
2415,201411,0,2968.0,12,40.0,10.0,12.0,117.0,1000.0,1818.95,303.33,52,10.0,987.02,2982.47
2416,201401,1,524.0,12,0.0,0.0,0.0,,574.19,,,27,0.0,,1148.38
2417,201406,0,665.0,12,0.0,0.0,3.0,,1000.0,,,26,0.0,54.89,1000.0
2418,201409,0,1520.0,5,1.0,1.0,0.0,,300.0,,,55,1.0,,150.0
2419,201407,0,3234.0,12,15.0,5.0,3.0,149.0,500.0,121.94,0.0,36,4.0,81.8,500.0
2420,201402,0,499.0,12,0.0,0.0,0.0,,800.0,,,34,0.0,,2100.0
2421,201412,0,903.0,6,0.0,0.0,5.0,,600.0,222.35,0.0,50,0.0,194.74,800.0
2422,201410,0,1841.0,5,7.0,0.0,0.0,,700.0,75.96,0.0,60,1.0,280.86,3750.0
2423,201404,1,2313.0,12,21.0,9.0,12.0,471.0,1000.0,1439.71,459.58,49,3.0,991.49,1000.0
2424,201412,0,444.0,12,0.0,0.0,0.0,,2000.0,,,60,0.0,,
2425,201401,1,453.0,10,0.0,0.0,0.0,,2298.97,,,48,0.0,,4597.94
2426,201412,0,4710.0,12,43.0,4.0,1.0,,1600.0,,,53,15.0,,2429.18
2427,201407,1,266.0,12,0.0,0.0,0.0,,1647.31,,,43,0.0,,4047.31
2428,201410,0,4227.0,12,21.0,7.0,12.0,649.0,2000.0,,,62,10.0,191.16,1600.0
2429,201403,1,3119.0,12,2.0,0.0,0.0,,1426.51,,,46,6.0,0.0,6726.51
2430,201401,0,1493.0,8,0.0,7.0,9.0,393.0,1500.0,225.96,0.0,52,1.0,134.67,3000.0
2431,201409,0,1005.0,12,0.0,0.0,9.0,,800.0,264.9,0.0,49,0.0,239.46,
2432,201410,1,468.0,12,0.0,0.0,0.0,,1000.0,,,54,0.0,,108.65
2433,201403,0,1065.0,12,0.0,0.0,9.0,,1000.0,168.33,0.0,28,0.0,81.55,1000.0
2434,201403,1,924.0,10,0.0,0.0,6.0,,1500.0,379.16,49.3,27,0.0,346.92,1900.0
2435,201401,0,1400.0,10,0.0,8.0,7.0,433.0,1300.0,534.83,0.0,41,0.0,543.98,6368.32
2436,201410,1,4866.0,12,62.0,12.0,11.0,400.0,1681.0,940.61,299.93,62,25.0,401.92,5000.0
2437,201404,1,1141.0,12,0.0,0.0,6.0,203.0,1000.0,426.45,92.56,51,0.0,541.81,1000.0
2438,201408,1,1607.0,12,2.0,0.0,0.0,,1500.0,,,25,1.0,523.75,650.0
2439,201405,0,316.0,12,0.0,0.0,0.0,,610.0,,,45,0.0,,610.0
2440,201404,0,185.0,12,0.0,0.0,0.0,,1000.0,,,37,0.0,,1000.0
2441,201410,1,595.0,12,0.0,0.0,0.0,,1200.0,,,62,0.0,27.66,
2442,201403,0,1544.0,12,2.0,12.0,12.0,909.0,2000.0,1321.9,390.35,52,1.0,693.61,10793.93
2443,201401,0,4052.0,12,52.0,7.0,12.0,866.0,1198.0,431.84,0.0,59,13.0,212.44,2396.0
2444,201412,0,483.0,8,0.0,0.0,0.0,,800.0,,,37,0.0,,500.0
2445,201410,1,918.0,12,0.0,0.0,7.0,,1862.74,185.96,0.0,31,0.0,81.44,
2446,201404,0,1581.0,12,2.0,0.0,0.0,,1200.0,109.96,0.0,65,1.0,71.83,3200.0
2447,201404,1,632.0,12,0.0,0.0,0.0,,1808.44,,,26,0.0,162.38,1808.44
2448,201412,1,2860.0,12,19.0,1.0,0.0,,1200.0,,,55,10.0,,300.0
2449,201412,0,5099.0,10,19.0,0.0,0.0,,1000.0,,,45,22.0,,
2450,201402,0,2613.0,12,20.0,1.0,0.0,,1400.0,,,26,6.0,145.69,2800.0
2451,201407,0,604.0,12,0.0,0.0,0.0,,1000.0,,,25,0.0,67.5,1000.0
2452,201411,0,686.0,12,0.0,0.0,0.0,,800.0,,,47,0.0,90.95,
2453,201408,0,1204.0,12,0.0,3.0,8.0,184.0,2344.0,571.79,0.0,36,0.0,271.92,2344.0
2454,201410,0,1044.0,6,0.0,0.0,10.0,,250.0,717.89,0.0,25,0.0,237.72,400.0
2455,201409,0,683.0,3,0.0,0.0,0.0,,300.0,,,44,0.0,690.63,
2456,201409,0,197.0,6,0.0,0.0,0.0,,977.02,,,53,0.0,,
2457,201403,1,215.0,12,0.0,0.0,0.0,,1239.37,,,27,0.0,,1239.37
2458,201404,0,1129.0,12,0.0,0.0,9.0,262.0,1000.0,,,40,0.0,62.09,1866.92
2459,201410,0,3392.0,6,33.0,2.0,0.0,,1000.0,,,43,25.0,,3176.48
2460,201410,0,1935.0,12,15.0,9.0,12.0,332.0,1500.0,949.15,29.82,72,1.0,745.96,8600.0
2461,201406,0,921.0,3,0.0,0.0,6.0,,400.0,234.3,0.0,41,0.0,364.73,400.0
2462,201404,0,2313.0,12,8.0,4.0,2.0,,500.0,,,46,5.0,,1000.0
2463,201403,0,748.0,12,0.0,0.0,1.0,,1500.0,283.43,93.51,26,0.0,231.0,2349.25
2464,201404,1,386.0,12,0.0,0.0,0.0,,1180.84,,,45,0.0,,1180.84
2465,201410,0,2505.0,12,33.0,12.0,12.0,762.0,1000.0,1540.16,439.53,58,1.0,862.98,1935.74
2466,201406,0,2572.0,6,23.0,11.0,11.0,424.0,770.4,454.96,71.09,34,2.0,85.29,3770.4
2467,201411,0,510.0,8,0.0,0.0,0.0,,700.0,,,33,0.0,8.99,
2468,201402,1,1704.0,5,6.0,3.0,3.0,208.0,700.0,119.98,0.0,31,1.0,307.24,1840.0
2469,201411,1,457.0,12,0.0,0.0,0.0,,1000.0,,,40,0.0,,
2470,201411,0,155.0,12,0.0,0.0,0.0,,896.0,,,48,0.0,,
2471,201405,0,2624.0,12,4.0,9.0,12.0,118.0,1500.0,317.87,33.44,54,2.0,351.99,5000.0
2472,201411,0,2278.0,12,7.0,0.0,11.0,,2615.56,886.33,287.56,49,3.0,286.91,8400.0
2473,201409,0,276.0,5,0.0,0.0,0.0,,400.0,,,37,0.0,,
2474,201401,0,640.0,12,0.0,0.0,0.0,,1600.0,,,41,0.0,96.31,4200.0
2475,201412,1,573.0,12,0.0,0.0,0.0,,2208.7,,,46,0.0,0.0,1000.0
2476,201406,0,137.0,10,0.0,0.0,0.0,,700.0,,,60,0.0,,700.0
2477,201407,0,474.0,12,0.0,0.0,0.0,,3000.0,,,59,0.0,,3000.0
2478,201403,1,174.0,12,0.0,0.0,0.0,,643.77,,,31,0.0,,643.77
2479,201401,0,2367.0,8,25.0,6.0,12.0,1011.0,1000.0,917.61,0.0,33,5.0,740.35,3000.0
2480,201410,0,243.0,7,0.0,0.0,0.0,,700.0,,,63,0.0,,
2481,201412,1,295.0,3,0.0,0.0,0.0,,328.0,,,29,0.0,,
2482,201404,0,401.0,12,0.0,0.0,0.0,,446.89,,,20,0.0,,446.89
2483,201401,0,1180.0,12,0.0,2.0,5.0,468.0,650.0,616.3,201.58,48,0.0,298.08,1950.0
2484,201409,1,969.0,12,0.0,0.0,8.0,,1079.04,658.42,212.8,37,0.0,464.51,
2485,201404,0,609.0,12,0.0,0.0,0.0,,600.0,,,46,0.0,70.0,1000.0
2486,201408,1,315.0,12,0.0,0.0,0.0,,1900.0,,,33,0.0,,
2487,201406,1,1316.0,12,0.0,3.0,12.0,450.0,1279.2,313.86,0.0,40,0.0,18.55,1279.2
2488,201409,0,3411.0,12,22.0,11.0,8.0,519.0,2000.0,884.72,324.81,60,19.0,657.35,7000.0
2489,201410,1,1442.0,12,1.0,5.0,12.0,197.0,1000.0,,,44,0.0,,2000.0
2490,201406,0,4609.0,12,98.0,12.0,12.0,407.0,1000.0,497.84,0.0,65,5.0,293.62,4600.0
2491,201404,0,698.0,12,0.0,0.0,0.0,,819.0,,,25,0.0,608.39,819.0
2492,201401,1,599.0,12,0.0,0.0,0.0,,1222.75,,,48,0.0,75.28,2445.5
2493,201404,1,782.0,12,0.0,0.0,4.0,,1523.57,412.0,137.59,38,0.0,410.39,2523.57
2494,201402,1,339.0,10,0.0,0.0,0.0,,600.0,,,46,0.0,,1200.0
2495,201403,0,1202.0,12,0.0,2.0,12.0,475.0,1244.0,908.69,0.0,30,0.0,488.83,1244.0
2496,201405,0,2916.0,12,45.0,10.0,12.0,891.0,3000.0,530.8,0.0,54,4.0,374.93,6000.0
2497,201409,1,657.0,12,0.0,0.0,0.0,,912.0,,,26,0.0,266.17,
2498,201401,0,692.0,12,0.0,0.0,0.0,,600.0,242.48,81.02,47,0.0,161.84,2650.0
2499,201410,0,235.0,8,0.0,0.0,0.0,,600.0,,,27,0.0,,73.37
2500,201411,1,1074.0,12,0.0,0.0,6.0,,500.0,152.06,0.0,36,0.0,95.39,
2501,201401,0,749.0,12,0.0,0.0,1.0,,1000.0,160.16,0.0,49,0.0,193.87,2000.0
2502,201412,0,2330.0,12,24.0,12.0,12.0,1285.0,1000.0,1216.53,0.0,51,2.0,720.76,
2503,201405,0,896.0,12,0.0,0.0,6.0,,600.0,79.97,0.0,35,0.0,31.94,600.0
2504,201404,0,2114.0,12,21.0,11.0,12.0,664.0,1000.0,847.75,0.0,50,1.0,352.55,6000.0
2505,201412,0,456.0,12,0.0,0.0,0.0,,350.0,,,39,0.0,,
2506,201405,1,1171.0,12,0.0,2.0,12.0,292.0,550.0,795.78,0.0,27,0.0,559.91,550.0
2507,201411,1,248.0,7,0.0,0.0,0.0,,850.0,,,49,0.0,,
2508,201409,0,1549.0,12,3.0,8.0,12.0,516.0,1500.0,599.94,79.2,56,1.0,393.92,6750.0
2509,201408,0,2946.0,12,24.0,0.0,0.0,,1000.0,,,74,11.0,,1000.0
2510,201412,0,400.0,12,0.0,0.0,0.0,,2248.96,,,51,0.0,,1000.0
2511,201403,0,2586.0,12,25.0,7.0,12.0,374.0,1000.0,471.77,0.0,63,12.0,439.51,1000.0
2512,201407,0,238.0,10,0.0,0.0,0.0,,1000.0,,,38,0.0,,1000.0
2513,201403,0,821.0,12,0.0,0.0,3.0,,700.0,49.99,0.0,31,0.0,206.33,700.0
2514,201402,1,286.0,12,0.0,0.0,0.0,,2436.65,,,52,0.0,,4873.3
2515,201402,0,291.0,12,0.0,0.0,0.0,,1000.0,,,57,0.0,,1000.0
2516,201412,0,3363.0,12,59.0,12.0,12.0,830.0,2500.0,1027.15,0.0,67,4.0,833.38,
2517,201403,1,866.0,12,0.0,0.0,4.0,,2364.6,205.13,0.0,34,0.0,83.86,2364.6
2518,201405,1,1616.0,12,3.0,6.0,3.0,283.0,1500.0,277.69,97.7,25,3.0,216.29,1500.0
2519,201402,1,363.0,6,0.0,0.0,0.0,,374.0,,,35,0.0,,748.0
2520,201412,0,891.0,12,0.0,0.0,5.0,,3000.0,268.11,0.0,47,0.0,206.82,4787.44
2521,201409,0,3913.0,10,21.0,3.0,4.0,143.0,1500.0,249.36,81.4,69,5.0,159.56,
2522,201412,1,328.0,12,0.0,0.0,0.0,,1500.0,,,21,0.0,,
2523,201402,0,910.0,10,0.0,0.0,6.0,,800.0,444.87,0.0,24,0.0,293.05,1600.0
2524,201406,0,540.0,6,0.0,0.0,0.0,,450.0,,,60,0.0,,450.0
2525,201410,0,2331.0,12,22.0,11.0,12.0,441.0,1000.0,1653.69,169.51,71,4.0,569.63,500.0
2526,201405,0,1165.0,8,0.0,4.0,12.0,224.0,500.0,200.95,0.0,38,0.0,304.43,2600.0
2527,201410,0,713.0,12,0.0,0.0,0.0,,2017.46,128.16,45.23,40,0.0,123.93,
2528,201405,0,1013.0,12,0.0,0.0,3.0,,2000.0,183.96,0.0,53,0.0,,6615.0
2529,201401,1,2707.0,12,7.0,0.0,0.0,,654.4,,,28,6.0,,1308.8
2530,201404,0,223.0,12,0.0,0.0,0.0,,2000.0,,,24,0.0,,2965.6
2531,201412,0,1279.0,5,0.0,5.0,7.0,223.0,500.0,224.02,46.13,38,0.0,148.24,
2532,201409,0,1597.0,12,4.0,6.0,0.0,218.0,700.0,,,67,1.0,,2767.4
2533,201407,1,1381.0,12,0.0,8.0,12.0,427.0,1500.0,264.81,88.93,37,0.0,239.88,3300.0
2534,201406,1,274.0,12,0.0,0.0,0.0,,800.0,,,40,0.0,,800.0
2535,201410,0,339.0,12,0.0,0.0,0.0,,1000.0,,,62,0.0,,300.0
2536,201409,0,1911.0,3,8.0,1.0,0.0,,250.0,,,51,3.0,,400.0
2537,201405,0,623.0,12,0.0,0.0,0.0,,800.0,,,25,0.0,66.98,800.0
2538,201410,0,1481.0,12,0.0,10.0,11.0,392.0,2500.0,540.76,140.8,64,1.0,224.06,11100.0
2539,201402,1,2130.0,12,19.0,10.0,11.0,1164.0,900.0,554.82,0.0,59,3.0,532.01,3600.0
2540,201404,1,1176.0,12,0.0,2.0,5.0,175.0,2200.0,,,50,0.0,72.55,1800.0
2541,201410,0,1170.0,10,0.0,2.0,8.0,370.0,500.0,399.67,0.0,23,0.0,281.25,423.98
2542,201401,0,189.0,7,0.0,0.0,0.0,,610.0,,,38,0.0,,1830.0
2543,201409,0,299.0,4,0.0,0.0,0.0,,200.0,,,72,0.0,,200.0
2544,201404,0,855.0,12,0.0,0.0,7.0,,1950.0,402.22,0.0,53,0.0,999.73,5110.0
2545,201406,0,4959.0,12,107.0,12.0,12.0,381.0,2000.0,435.01,72.17,59,5.0,194.25,2198.6
2546,201411,0,2041.0,5,18.0,11.0,12.0,850.0,450.0,1251.22,195.91,47,1.0,624.0,
2547,201407,0,,12,,,,,700.0,,,45,,,700.0
2548,201402,0,636.0,4,0.0,0.0,0.0,,400.0,,,28,0.0,62.37,400.0
2549,201404,1,2516.0,12,32.0,3.0,0.0,45.0,1000.0,,,51,3.0,,1000.0
2550,201404,1,229.0,12,0.0,0.0,0.0,,425.0,,,28,0.0,,425.0
2551,201401,0,719.0,12,0.0,0.0,0.0,,909.22,373.59,120.4,38,0.0,228.08,1818.44
2552,201401,1,561.0,12,0.0,0.0,0.0,,850.0,,,31,0.0,0.0,1700.0
2553,201401,1,4661.0,11,95.0,12.0,12.0,395.0,2500.0,514.96,0.0,57,11.0,208.48,7400.0
2554,201404,1,277.0,12,0.0,0.0,0.0,,1000.0,,,46,0.0,,1000.0
2555,201403,0,575.0,8,0.0,0.0,0.0,,600.0,,,63,0.0,,600.0
2556,201411,0,147.0,12,0.0,0.0,0.0,,1200.0,,,58,0.0,,
2557,201405,1,436.0,12,0.0,0.0,0.0,,300.0,,,25,0.0,,300.0
2558,201404,0,1085.0,6,0.0,0.0,11.0,80.0,500.0,526.37,0.0,54,0.0,183.04,500.0
2559,201403,0,1178.0,12,0.0,2.0,12.0,542.0,2200.0,1030.96,0.0,58,0.0,268.61,2200.0
2560,201402,0,2636.0,12,32.0,10.0,12.0,837.0,1260.43,894.6,27.86,65,7.0,767.0,2520.86
2561,201411,0,344.0,12,0.0,0.0,0.0,,1000.0,,,52,0.0,,
2562,201407,0,237.0,12,0.0,0.0,0.0,,2000.0,,,56,0.0,,2000.0
2563,201402,1,1216.0,6,0.0,1.0,12.0,469.0,472.0,578.59,131.68,37,0.0,367.07,944.0
2564,201405,1,1000.0,12,0.0,0.0,9.0,,2875.07,998.55,188.64,59,0.0,570.0,2875.07
2565,201410,0,3465.0,12,58.0,5.0,0.0,652.0,1500.0,,,56,7.0,,3500.0
2566,201407,0,217.0,3,0.0,0.0,0.0,,250.0,,,57,0.0,,250.0
2567,201410,0,259.0,12,0.0,0.0,0.0,,975.58,,,37,0.0,,1200.0
2568,201403,0,4837.0,12,51.0,0.0,3.0,,1500.0,149.96,0.0,46,20.0,137.64,1500.0
2569,201409,0,3812.0,12,58.0,11.0,12.0,524.0,2717.39,830.2,287.32,45,20.0,433.63,19636.95
2570,201404,1,571.0,12,0.0,0.0,0.0,,1400.0,,,29,0.0,0.0,1969.0
2571,201407,0,643.0,10,0.0,0.0,0.0,,1000.0,,,32,0.0,46.18,1000.0
2572,201401,1,347.0,12,0.0,0.0,0.0,,560.0,,,29,0.0,,1120.0
2573,201402,0,917.0,12,0.0,0.0,6.0,,1000.0,153.54,0.0,30,0.0,80.13,2000.0
2574,201405,0,1200.0,3,0.0,2.0,12.0,687.0,200.0,1736.17,0.0,53,0.0,786.0,200.0
2575,201411,0,733.0,12,0.0,0.0,0.0,,1000.0,181.93,0.0,41,0.0,456.68,3000.0
2576,201401,0,865.0,12,0.0,0.0,5.0,,2300.0,299.2,110.27,54,0.0,165.8,12888.06
2577,201401,1,431.0,12,0.0,0.0,0.0,,1426.68,,,41,0.0,,1426.68
2578,201411,0,352.0,12,0.0,0.0,0.0,,1900.0,,,68,0.0,,7146.46
2579,201403,0,1182.0,7,0.0,1.0,12.0,156.0,400.0,559.75,0.0,35,0.0,319.73,400.0
2580,201409,0,1238.0,12,0.0,3.0,12.0,225.0,1000.0,469.79,129.9,45,0.0,100.0,
2581,201401,1,1565.0,12,1.0,2.0,0.0,,1130.0,,,55,3.0,224.7,4260.0
2582,201403,0,1028.0,12,0.0,0.0,10.0,62.0,1838.3,230.58,56.64,51,0.0,90.61,1838.3
2583,201408,0,3985.0,6,65.0,0.0,0.0,,600.0,,,61,8.0,,900.0
2584,201412,0,866.0,12,0.0,0.0,9.0,,1500.0,344.68,105.32,54,0.0,110.08,3675.24
2585,201403,0,470.0,4,0.0,0.0,0.0,,250.0,,,22,0.0,,250.0
2586,201409,0,,3,0.0,0.0,0.0,,200.0,,,49,0.0,,200.0
2587,201411,0,3240.0,12,39.0,7.0,7.0,622.0,1000.0,,,61,5.0,,
2588,201406,1,189.0,3,0.0,0.0,0.0,,250.0,,,24,0.0,,250.0
2589,201412,0,1509.0,6,1.0,11.0,12.0,318.0,700.0,479.21,0.0,24,1.0,499.46,12140.0
2590,201411,1,474.0,12,0.0,0.0,0.0,,1000.0,,,48,0.0,,1390.38
2591,201406,0,495.0,12,0.0,0.0,0.0,,700.0,,,70,0.0,0.0,1700.0
2592,201402,1,1182.0,12,0.0,3.0,12.0,196.0,1200.0,790.92,224.54,68,0.0,321.13,4150.0
2593,201410,0,1903.0,12,4.0,0.0,0.0,,1600.0,,,76,1.0,,5600.0
2594,201411,1,1833.0,12,10.0,2.0,10.0,309.0,1000.0,399.1,0.0,29,3.0,447.98,
2595,201401,0,313.0,12,0.0,0.0,0.0,,862.71,,,50,0.0,,1725.42
2596,201405,0,,12,,,,,500.0,,,50,,,789.61
2597,201407,1,183.0,12,0.0,0.0,0.0,,843.23,,,22,0.0,,1418.39
2598,201406,0,1801.0,12,8.0,12.0,12.0,773.0,2100.0,614.0,214.0,65,2.0,541.08,6380.0
2599,201404,0,2604.0,12,20.0,10.0,5.0,1007.0,1957.42,,,54,27.0,250.25,1957.42
2600,201402,0,2617.0,12,20.0,7.0,11.0,843.0,900.0,516.26,0.0,64,10.0,590.23,1800.0
2601,201401,1,2952.0,12,7.0,0.0,12.0,54.0,1500.0,1528.91,227.82,43,2.0,801.2,3000.0
2602,201410,1,1476.0,12,0.0,6.0,12.0,330.0,1500.0,524.15,96.49,40,1.0,274.02,500.0
2603,201408,1,154.0,12,0.0,0.0,0.0,,700.0,,,19,0.0,,
2604,201402,1,406.0,12,0.0,0.0,0.0,,701.75,,,25,0.0,,1403.5
2605,201401,1,849.0,12,0.0,0.0,6.0,,784.16,139.16,17.2,37,0.0,76.9,1568.32
2606,201406,0,336.0,12,0.0,0.0,0.0,,1500.0,,,51,0.0,,1500.0
2607,201403,0,4023.0,6,72.0,6.0,12.0,98.0,530.0,302.7,0.0,54,12.0,263.78,530.0
2608,201408,0,1197.0,12,0.0,3.0,9.0,181.0,500.0,720.88,104.11,58,0.0,455.38,1448.0
2609,201405,0,2365.0,12,12.0,5.0,10.0,268.0,1000.0,219.9,0.0,52,2.0,107.1,1000.0
2610,201401,0,673.0,12,0.0,0.0,0.0,,2000.0,,,26,0.0,173.06,5200.0
2611,201411,1,480.0,12,0.0,0.0,0.0,,3000.0,,,47,0.0,,5246.83
2612,201409,1,349.0,10,0.0,0.0,0.0,,500.0,,,41,0.0,,
2613,201410,0,569.0,12,0.0,0.0,0.0,,1500.0,,,50,0.0,0.0,2200.0
2614,201408,0,4610.0,6,33.0,12.0,12.0,1012.0,800.0,771.54,82.87,43,17.0,328.74,1100.0
2615,201410,1,1003.0,12,0.0,0.0,9.0,,2288.25,1464.18,0.0,52,0.0,1055.15,863.24
2616,201403,1,163.0,12,0.0,0.0,0.0,,930.59,,,49,0.0,,930.59
2617,201410,1,599.0,12,0.0,0.0,0.0,,1665.67,,,36,0.0,0.0,1000.0
2618,201410,1,675.0,12,0.0,0.0,0.0,,1149.69,,,42,0.0,150.55,2400.0
2619,201409,1,184.0,12,0.0,0.0,0.0,,800.0,,,27,0.0,,84.37
2620,201407,0,235.0,12,0.0,0.0,0.0,,1000.0,,,51,0.0,,3273.9
2621,201412,1,356.0,12,0.0,0.0,0.0,,500.0,,,33,0.0,,
2622,201402,0,369.0,12,0.0,0.0,0.0,,300.0,,,21,0.0,,600.0
2623,201401,1,1329.0,10,0.0,8.0,12.0,401.0,800.0,774.95,183.14,42,0.0,526.5,1600.0
2624,201410,0,866.0,3,0.0,0.0,5.0,,600.0,560.83,0.0,23,0.0,489.74,451.0
2625,201407,1,496.0,12,0.0,0.0,0.0,,1155.0,,,46,0.0,,2155.0
2626,201407,1,,12,,,,,1200.0,,,42,,,2342.99
2627,201407,0,401.0,5,0.0,0.0,0.0,,365.46,,,21,0.0,,365.46
2628,201401,0,3110.0,12,20.0,4.0,12.0,170.0,1000.0,416.98,76.13,63,7.0,85.9,2600.0
2629,201406,0,561.0,8,0.0,0.0,0.0,,500.0,,,52,0.0,,500.0
2630,201409,0,2116.0,10,15.0,6.0,11.0,198.0,1335.86,374.31,99.24,34,6.0,277.99,3000.0
2631,201403,0,,12,0.0,0.0,0.0,,700.0,,,61,0.0,8.99,700.0
2632,201408,0,931.0,8,0.0,0.0,4.0,,600.0,609.33,157.4,45,0.0,190.27,2100.0
2633,201402,0,870.0,12,0.0,0.0,7.0,,800.0,151.96,27.92,57,0.0,117.86,1600.0
2634,201406,0,1510.0,12,1.0,12.0,12.0,433.0,1000.0,454.49,0.0,50,1.0,472.54,1000.0
2635,201407,0,2448.0,10,21.0,0.0,6.0,,1000.0,521.16,0.0,53,2.0,198.15,1000.0
2636,201402,0,638.0,12,0.0,0.0,0.0,,1257.78,,,43,0.0,59.56,3015.56
2637,201409,0,1645.0,6,6.0,12.0,4.0,248.0,1500.0,245.0,69.03,58,1.0,233.62,1000.0
2638,201411,0,759.0,8,0.0,0.0,1.0,,600.0,107.97,0.0,66,0.0,116.67,
2639,201404,0,196.0,6,0.0,0.0,0.0,,500.0,,,46,0.0,,500.0
2640,201403,0,452.0,8,0.0,0.0,0.0,,500.0,,,45,0.0,,500.0
2641,201410,0,3051.0,10,14.0,1.0,12.0,77.0,800.0,377.36,52.5,41,6.0,28.54,500.0
2642,201412,0,224.0,12,0.0,0.0,0.0,,1000.0,,,68,0.0,,1000.0
2643,201409,0,2490.0,8,21.0,6.0,6.0,379.0,500.0,155.95,0.0,46,3.0,,
2644,201406,1,356.0,12,0.0,0.0,0.0,,500.0,,,42,0.0,,500.0
2645,201407,0,4928.0,5,12.0,4.0,8.0,205.0,500.0,162.0,63.03,55,30.0,98.39,1657.03
2646,201411,0,222.0,3,0.0,0.0,0.0,,350.0,,,45,0.0,,
2647,201408,0,2437.0,12,29.0,8.0,11.0,686.0,2323.64,1531.69,112.63,60,3.0,1201.19,3000.0
2648,201404,1,652.0,10,0.0,0.0,0.0,,1000.0,,,43,0.0,202.47,2000.0
2649,201401,1,890.0,12,0.0,0.0,5.0,,1689.14,483.89,0.0,48,0.0,451.6,3378.28
2650,201406,0,1689.0,12,6.0,12.0,7.0,352.0,1751.36,773.2,268.38,46,2.0,517.52,2551.36
2651,201406,1,212.0,12,0.0,0.0,0.0,,689.91,,,25,0.0,,689.91
2652,201402,0,1686.0,12,2.0,5.0,11.0,543.0,3000.0,375.83,0.0,69,1.0,317.88,11527.68
2653,201403,0,316.0,12,0.0,0.0,0.0,,1300.0,,,47,0.0,,1300.0
2654,201407,0,411.0,12,0.0,0.0,0.0,,1000.0,,,28,0.0,,2385.62
2655,201401,1,974.0,12,0.0,0.0,7.0,,1238.65,795.73,0.0,21,0.0,395.89,2477.3
2656,201404,1,224.0,12,0.0,0.0,0.0,,1000.0,,,60,0.0,,1000.0
2657,201411,1,3122.0,12,18.0,0.0,0.0,,1000.0,,,54,13.0,,1600.0
2658,201402,1,223.0,12,0.0,0.0,0.0,,600.0,,,26,0.0,,1200.0
2659,201408,0,,12,,,,,800.0,,,24,,,2050.14
2660,201406,0,3047.0,12,37.0,9.0,7.0,203.0,1000.0,283.86,0.0,51,8.0,63.88,1000.0
2661,201412,1,408.0,12,0.0,0.0,0.0,,570.0,,,46,0.0,,
2662,201406,0,1967.0,12,11.0,8.0,12.0,811.0,3000.0,342.8,0.0,45,6.0,357.43,3000.0
2663,201403,0,727.0,12,0.0,0.0,0.0,,1500.0,19.98,0.0,63,0.0,25.92,2500.0
2664,201405,1,2040.0,12,4.0,9.0,0.0,300.0,1000.0,,,66,3.0,,3000.0
2665,201408,1,1083.0,12,0.0,0.0,4.0,9.0,2000.0,,,44,0.0,0.0,2000.0
2666,201411,0,512.0,10,0.0,0.0,0.0,,1129.75,,,24,0.0,,769.55
2667,201409,1,1073.0,12,0.0,0.0,11.0,,2000.0,708.25,0.0,51,0.0,352.19,
2668,201412,0,4943.0,12,49.0,5.0,6.0,459.0,1000.0,72.24,22.26,73,22.0,,5200.0
2669,201412,0,108.0,12,0.0,0.0,0.0,,2231.77,,,56,0.0,,
2670,201411,0,357.0,7,0.0,0.0,0.0,,1000.0,,,54,0.0,,
2671,201405,1,585.0,12,0.0,0.0,0.0,,1000.0,,,65,0.0,25.89,2120.0
2672,201412,0,4261.0,12,73.0,10.0,12.0,493.0,700.0,734.59,185.06,41,15.0,467.17,80.0
2673,201409,0,1207.0,10,0.0,3.0,8.0,435.0,1000.0,86.56,27.59,38,0.0,125.4,1200.0
2674,201411,0,4142.0,4,44.0,3.0,1.0,194.0,1300.0,,,69,5.0,0.0,1300.0
2675,201405,0,274.0,12,0.0,0.0,0.0,,500.0,,,45,0.0,,500.0
2676,201404,1,354.0,12,0.0,0.0,0.0,,700.0,,,23,0.0,,700.0
2677,201412,0,1177.0,12,0.0,4.0,12.0,345.0,1500.0,1161.59,324.53,66,0.0,119.29,
2678,201407,0,450.0,12,0.0,0.0,0.0,,500.0,,,25,0.0,,500.0
2679,201405,1,245.0,10,0.0,0.0,0.0,,1978.99,,,58,0.0,,1978.99
2680,201410,1,254.0,12,0.0,0.0,0.0,,1000.0,,,32,0.0,,
2681,201402,0,1151.0,5,0.0,1.0,6.0,310.0,600.0,760.38,212.56,52,0.0,511.78,1653.72
2682,201407,0,2364.0,12,17.0,12.0,11.0,728.0,1000.0,254.9,0.0,68,5.0,246.76,2000.0
2683,201402,0,538.0,12,0.0,0.0,0.0,,700.0,,,39,0.0,,2100.0
2684,201406,0,2849.0,12,21.0,5.0,6.0,36.0,2000.0,55.97,0.0,47,18.0,174.28,2000.0
2685,201409,0,1361.0,6,0.0,7.0,12.0,478.0,250.0,294.78,58.87,43,0.0,224.18,1500.0
2686,201407,0,492.0,12,0.0,0.0,0.0,,700.0,,,54,0.0,,700.0
2687,201412,1,3139.0,5,29.0,3.0,8.0,239.0,700.0,1696.72,369.64,44,7.0,683.69,
2688,201408,0,890.0,8,0.0,0.0,5.0,,200.0,318.93,0.0,26,0.0,186.51,200.0
2689,201409,0,1563.0,10,1.0,0.0,0.0,,1000.0,,,25,1.0,,1000.0
2690,201411,0,769.0,12,0.0,0.0,2.0,,2000.0,503.84,0.0,41,0.0,653.0,300.0
2691,201405,0,4217.0,12,47.0,12.0,11.0,512.0,1210.0,1028.46,194.85,55,11.0,514.93,2010.0
2692,201410,0,2946.0,10,10.0,0.0,12.0,53.0,800.0,474.05,66.04,56,6.0,321.01,1470.0
2693,201409,0,2787.0,12,41.0,12.0,11.0,224.0,3000.0,984.08,349.3,34,8.0,599.24,15352.88
2694,201409,1,355.0,10,0.0,0.0,0.0,,500.0,,,38,0.0,,
2695,201409,0,275.0,12,0.0,0.0,0.0,,1483.56,,,39,0.0,,
2696,201403,1,596.0,9,0.0,0.0,0.0,,680.0,,,31,0.0,42.87,680.0
2697,201404,0,3323.0,12,31.0,5.0,0.0,487.0,3000.0,,,75,16.0,,5368.79
2698,201402,0,792.0,12,0.0,0.0,2.0,,682.0,210.93,0.0,31,0.0,415.68,1364.0
2699,201409,0,2770.0,12,27.0,0.0,6.0,228.0,2800.0,135.96,0.0,68,5.0,,15000.0
2700,201401,0,1133.0,12,0.0,0.0,6.0,90.0,500.0,37.94,11.95,56,0.0,10.0,1800.0
2701,201407,0,1317.0,12,0.0,4.0,4.0,620.0,800.0,148.12,50.17,38,0.0,,3000.0
2702,201405,0,1654.0,10,5.0,5.0,10.0,396.0,1000.0,629.6,220.35,67,1.0,82.75,3800.0
2703,201405,0,405.0,12,0.0,0.0,0.0,,1000.0,,,37,0.0,,1000.0
2704,201412,1,4442.0,12,26.0,2.0,9.0,122.0,3000.0,361.84,0.0,32,4.0,723.18,800.0
2705,201403,0,248.0,6,0.0,0.0,0.0,,400.0,,,37,0.0,,400.0
2706,201404,0,2163.0,12,22.0,11.0,12.0,260.0,500.0,433.25,74.38,68,1.0,413.1,500.0
2707,201402,0,642.0,12,0.0,0.0,0.0,,1000.0,,,22,0.0,54.32,1000.0
2708,201403,0,730.0,12,0.0,0.0,0.0,,1000.0,119.66,0.0,22,0.0,349.36,1000.0
2709,201406,0,4420.0,12,22.0,0.0,0.0,,1000.0,,,52,14.0,,1000.0
2710,201406,0,3097.0,12,42.0,9.0,12.0,225.0,1000.0,,,56,9.0,311.52,1000.0
2711,201410,0,335.0,10,0.0,0.0,0.0,,500.0,,,48,0.0,,
2712,201412,1,1909.0,10,14.0,11.0,12.0,549.0,1600.0,751.86,0.0,25,1.0,696.47,208.0
2713,201407,1,739.0,12,0.0,0.0,1.0,,858.88,376.88,120.88,24,0.0,252.03,858.88
2714,201409,1,535.0,12,0.0,0.0,0.0,,1452.0,,,46,0.0,,190.74
2715,201402,0,533.0,4,0.0,0.0,0.0,,234.37,,,22,0.0,,234.37
2716,201406,0,201.0,12,0.0,0.0,0.0,,1000.0,,,25,0.0,,1000.0
2717,201408,0,2312.0,12,13.0,12.0,12.0,780.0,1500.0,246.34,0.0,66,2.0,206.7,4150.0
2718,201405,0,,12,,,,,800.0,,,47,,,1800.0
2719,201410,1,318.0,12,0.0,0.0,0.0,,1000.0,,,42,0.0,,
2720,201409,0,2156.0,12,19.0,12.0,12.0,438.0,3000.0,1832.77,548.46,49,2.0,871.26,3600.0
2721,201401,0,216.0,12,0.0,0.0,0.0,,1100.0,,,52,0.0,,2200.0
2722,201405,1,240.0,12,0.0,0.0,0.0,,611.73,,,30,0.0,,611.73
2723,201405,1,3740.0,12,49.0,7.0,12.0,514.0,1500.0,807.92,219.9,49,23.0,584.98,1500.0
2724,201403,0,223.0,12,0.0,0.0,0.0,,1239.37,,,39,0.0,,1239.37
2725,201401,0,3651.0,12,20.0,0.0,0.0,,1900.0,,,58,20.0,,5300.0
2726,201410,0,1070.0,12,0.0,6.0,1.0,249.0,1000.0,,,62,0.0,,3014.27
2727,201407,1,538.0,12,0.0,0.0,0.0,,2000.0,,,72,0.0,17.98,2500.0
2728,201409,1,369.0,12,0.0,0.0,0.0,,700.0,,,48,0.0,,
2729,201407,0,3356.0,10,48.0,3.0,0.0,,500.0,,,41,15.0,,500.0
2730,201408,0,593.0,12,0.0,0.0,0.0,,1000.0,,,32,0.0,0.0,1500.0
2731,201409,1,255.0,12,0.0,0.0,0.0,,1231.11,,,69,0.0,,
2732,201410,1,164.0,12,0.0,0.0,0.0,,866.87,,,18,0.0,,
2733,201406,0,525.0,12,0.0,0.0,0.0,,2479.0,,,65,0.0,,2479.0
2734,201406,0,193.0,12,0.0,0.0,0.0,,1000.0,,,54,0.0,,1000.0
2735,201410,0,299.0,12,0.0,0.0,0.0,,1500.0,,,36,0.0,,
2736,201401,1,466.0,12,0.0,0.0,0.0,,604.0,,,36,0.0,,1208.0
2737,201411,0,604.0,8,0.0,0.0,0.0,,500.0,,,58,4.0,101.66,600.0
2738,201411,0,1172.0,10,0.0,2.0,12.0,89.0,500.0,512.11,156.39,59,0.0,254.1,352.07
2739,201410,0,2775.0,12,42.0,10.0,12.0,891.0,2200.0,883.99,16.36,51,1.0,359.32,9192.32
2740,201404,0,647.0,12,0.0,0.0,0.0,,800.0,,,29,0.0,99.23,1734.04
2741,201403,0,437.0,12,0.0,0.0,0.0,,1072.53,,,41,0.0,,1072.53
2742,201412,0,2187.0,12,11.0,0.0,0.0,,1500.0,234.99,75.02,53,10.0,109.41,3000.0
2743,201405,0,253.0,12,0.0,0.0,0.0,,1000.0,,,66,0.0,,1000.0
2744,201402,1,418.0,12,0.0,0.0,0.0,,1000.0,,,35,0.0,,2000.0
2745,201410,0,2688.0,12,39.0,11.0,12.0,1122.0,1500.0,691.74,67.68,40,1.0,1290.0,
2746,201405,1,256.0,12,0.0,0.0,0.0,,670.0,,,40,0.0,,670.0
2747,201401,1,555.0,12,0.0,0.0,0.0,,645.0,,,36,0.0,,1290.0
2748,201404,0,517.0,6,0.0,0.0,0.0,,500.0,,,38,0.0,,500.0
2749,201408,1,2238.0,12,10.0,0.0,10.0,,2000.0,1626.9,243.84,68,2.0,291.69,2000.0
2750,201410,0,3625.0,10,37.0,8.0,12.0,209.0,1500.0,695.1,156.31,37,14.0,403.18,1895.14
2751,201410,0,2125.0,12,15.0,7.0,12.0,264.0,1000.0,419.41,91.54,59,7.0,345.53,3800.0
2752,201405,0,831.0,10,0.0,0.0,5.0,,600.0,189.72,54.35,37,0.0,660.35,600.0
2753,201409,1,369.0,12,0.0,0.0,0.0,,1500.0,,,41,0.0,,500.0
2754,201408,0,405.0,3,0.0,0.0,0.0,,355.0,,,22,0.0,,555.0
2755,201411,0,3841.0,12,35.0,12.0,12.0,907.0,962.02,1490.43,451.31,37,13.0,832.52,
2756,201411,0,664.0,12,0.0,0.0,0.0,,1100.0,,,22,0.0,117.59,
2757,201404,0,1274.0,5,0.0,5.0,12.0,379.0,500.0,344.94,0.0,42,0.0,276.0,500.0
2758,201404,0,1562.0,12,3.0,5.0,12.0,265.0,1500.0,388.86,76.99,31,1.0,85.59,1500.0
2759,201410,0,1952.0,12,13.0,8.0,12.0,348.0,3000.0,1313.3,336.25,69,3.0,448.26,5700.0
2760,201412,0,658.0,12,0.0,0.0,0.0,,700.0,299.52,99.56,55,0.0,184.54,
2761,201411,0,394.0,12,0.0,0.0,0.0,,1343.43,,,25,0.0,,
2762,201409,0,3310.0,12,21.0,4.0,4.0,266.0,1314.85,210.91,72.97,46,17.0,268.99,
2763,201407,0,249.0,12,0.0,0.0,0.0,,2142.12,,,33,0.0,,2142.12
2764,201402,0,2473.0,12,3.0,0.0,0.0,,2300.0,,,67,4.0,,4600.0
2765,201402,0,565.0,12,0.0,0.0,0.0,,500.0,,,53,0.0,0.0,1000.0
2766,201407,0,133.0,12,0.0,0.0,3.0,,1200.0,,,63,0.0,,4400.0
2767,201403,0,223.0,12,0.0,0.0,0.0,,300.0,,,25,0.0,,300.0
2768,201404,0,2022.0,10,8.0,7.0,12.0,562.0,1500.0,96.95,0.0,48,3.0,648.0,1500.0
2769,201402,1,230.0,8,0.0,0.0,0.0,,500.0,,,34,0.0,,1000.0
2770,201401,0,697.0,10,0.0,0.0,0.0,,800.0,445.06,133.23,48,0.0,263.79,2600.0
2771,201408,0,628.0,5,0.0,0.0,0.0,,618.29,,,28,0.0,105.46,618.29
2772,201407,0,777.0,12,0.0,0.0,2.0,,900.0,263.92,0.0,53,0.0,248.82,2700.0
2773,201412,1,282.0,12,0.0,0.0,0.0,,934.8,,,44,0.0,,
2774,201401,1,915.0,12,0.0,0.0,6.0,,1800.0,566.17,39.59,37,0.0,437.85,3600.0
2775,201409,0,2602.0,7,26.0,11.0,12.0,907.0,500.0,196.49,66.52,43,8.0,293.11,500.0
2776,201410,1,740.0,12,0.0,0.0,1.0,,2000.0,632.1,185.28,45,0.0,212.0,3000.0
2777,201412,1,862.0,12,0.0,0.0,5.0,,929.9,612.26,220.35,20,0.0,286.68,
2778,201408,1,297.0,12,0.0,0.0,0.0,,1742.22,,,48,0.0,,1742.22
2779,201405,0,1230.0,12,0.0,3.0,12.0,600.0,1300.0,492.17,167.31,42,0.0,,2700.0
2780,201401,1,114.0,4,0.0,0.0,0.0,,1000.0,,,71,0.0,,2000.0
2781,201402,1,2015.0,12,8.0,0.0,0.0,,1000.0,,,44,9.0,0.0,2400.0
2782,201401,0,4434.0,12,17.0,0.0,0.0,,850.0,,,41,4.0,,1700.0
2783,201409,1,339.0,8,0.0,0.0,0.0,,500.0,,,32,0.0,,
2784,201408,0,982.0,8,0.0,0.0,9.0,,700.0,1137.32,0.0,24,0.0,418.28,700.0
2785,201409,1,422.0,12,0.0,0.0,0.0,,1000.0,,,47,0.0,,
2786,201402,0,705.0,12,0.0,0.0,0.0,,1500.0,247.94,80.59,35,0.0,208.85,3000.0
2787,201410,0,4152.0,12,16.0,3.0,1.0,,3000.0,,,67,39.0,,5355.32
2788,201404,0,1537.0,12,2.0,6.0,0.0,39.0,600.0,,,65,1.0,0.0,1600.0
2789,201407,1,545.0,12,0.0,0.0,0.0,,2000.0,,,62,0.0,,4000.0
2790,201411,0,3076.0,12,41.0,12.0,12.0,579.0,1500.0,908.66,188.9,41,4.0,621.34,9400.0
2791,201409,0,1502.0,12,3.0,12.0,12.0,174.0,700.0,825.09,265.87,67,1.0,328.34,6200.0
2792,201402,0,1558.0,9,3.0,7.0,12.0,363.0,1000.0,517.79,0.0,51,1.0,265.85,2000.0
2793,201407,0,3021.0,12,51.0,12.0,11.0,363.0,3000.0,216.07,0.0,59,1.0,41.39,6000.0
2794,201405,0,1274.0,12,0.0,3.0,0.0,470.0,1000.0,,,56,0.0,,1000.0
2795,201402,1,790.0,4,0.0,0.0,2.0,,653.0,281.0,86.25,35,0.0,312.11,1306.0
2796,201404,1,4138.0,12,33.0,0.0,0.0,,1500.0,,,46,23.0,,3000.0
2797,201407,0,1116.0,12,0.0,0.0,12.0,378.0,2000.0,880.75,46.46,64,0.0,386.0,4927.11
2798,201408,0,1396.0,12,0.0,3.0,2.0,223.0,970.0,,,38,0.0,,1720.0
2799,201404,0,814.0,12,0.0,0.0,3.0,,1500.0,397.9,46.03,48,0.0,350.61,2500.0
2800,201403,0,1180.0,6,0.0,2.0,11.0,556.0,1000.0,231.93,0.0,59,0.0,257.72,1000.0
2801,201408,0,546.0,5,0.0,0.0,0.0,,500.0,,,47,0.0,0.0,
2802,201404,0,1145.0,10,0.0,1.0,12.0,373.0,966.54,767.29,0.0,27,0.0,427.56,966.54
2803,201412,0,196.0,12,0.0,0.0,0.0,,1938.62,,,61,0.0,,
2804,201409,0,644.0,10,0.0,0.0,0.0,,1500.0,101.36,32.97,56,0.0,162.79,
2805,201408,1,426.0,12,0.0,0.0,0.0,,2000.0,,,70,0.0,,2500.0
2806,201403,0,4579.0,12,38.0,0.0,8.0,267.0,1500.0,713.37,237.4,61,11.0,537.88,8956.96
2807,201404,0,927.0,12,0.0,0.0,7.0,,2000.0,860.51,0.0,46,0.0,613.33,2000.0
2808,201407,1,623.0,12,0.0,0.0,0.0,,1500.0,,,20,0.0,89.76,1935.98
2809,201403,0,2460.0,12,29.0,12.0,12.0,594.0,2000.0,976.82,38.67,33,4.0,582.02,4179.98
2810,201410,0,4338.0,12,25.0,0.0,8.0,,2500.0,393.67,143.37,63,16.0,224.98,6800.0
2811,201402,0,1667.0,12,6.0,2.0,0.0,,1000.0,,,32,1.0,,4427.88
2812,201411,0,430.0,12,0.0,0.0,0.0,,300.0,,,62,0.0,,900.0
2813,201404,0,302.0,12,0.0,0.0,0.0,,1500.0,,,23,0.0,,1500.0
2814,201408,0,953.0,12,0.0,0.0,8.0,,1000.0,407.18,39.3,43,0.0,265.02,1000.0
2815,201411,0,786.0,5,0.0,0.0,1.0,,500.0,524.86,0.0,22,0.0,905.16,
2816,201402,1,160.0,10,0.0,0.0,0.0,,500.0,,,26,0.0,,1000.0
2817,201406,0,3105.0,3,40.0,11.0,12.0,2681.0,600.0,1858.96,30.16,43,15.0,1056.93,600.0
2818,201405,0,563.0,12,0.0,0.0,0.0,,500.0,,,61,0.0,,1100.0
2819,201403,0,829.0,12,0.0,0.0,4.0,,1400.0,509.32,169.68,59,0.0,407.65,4400.0
2820,201412,1,139.0,4,0.0,0.0,0.0,,300.0,,,26,0.0,,
2821,201406,0,3326.0,12,46.0,9.0,11.0,234.0,2000.0,153.9,0.0,63,4.0,,2000.0
2822,201403,0,238.0,12,0.0,0.0,0.0,,750.0,,,36,0.0,,750.0
2823,201404,1,269.0,12,0.0,0.0,0.0,,696.0,,,37,0.0,,696.0
2824,201411,0,2961.0,12,19.0,12.0,12.0,242.0,600.0,406.44,104.56,65,4.0,100.05,5400.0
2825,201412,0,1176.0,12,0.0,1.0,12.0,295.0,1000.0,1254.23,0.0,39,0.0,507.19,
2826,201408,1,604.0,7,0.0,0.0,0.0,,500.0,,,55,0.0,0.0,1500.0
2827,201412,0,1275.0,12,0.0,3.0,12.0,238.0,800.0,472.72,0.0,39,0.0,214.36,
2828,201404,0,423.0,12,0.0,0.0,0.0,,1500.0,,,45,0.0,,1500.0
2829,201406,0,1695.0,12,7.0,12.0,10.0,354.0,2000.0,582.28,194.92,59,1.0,417.69,2600.0
2830,201412,0,-94.0,12,0.0,0.0,0.0,,2204.65,,,59,0.0,,
2831,201402,0,470.0,6,0.0,0.0,0.0,,500.0,,,29,0.0,,1000.0
2832,201408,1,1262.0,12,0.0,5.0,12.0,381.0,892.36,228.15,34.83,73,0.0,52.78,2709.96
2833,201404,0,2773.0,12,37.0,5.0,2.0,182.0,2000.0,276.57,86.6,53,5.0,514.54,3440.78
2834,201411,0,2795.0,12,24.0,7.0,8.0,182.0,2000.0,524.2,146.42,62,10.0,354.37,
2835,201411,0,890.0,12,0.0,0.0,6.0,,1000.0,444.22,143.84,53,0.0,550.37,2600.0
2836,201410,1,338.0,6,0.0,0.0,0.0,,500.0,,,31,0.0,,
2837,201412,0,5054.0,12,55.0,10.0,12.0,248.0,1500.0,327.91,0.0,75,22.0,313.02,3000.0
2838,201402,1,372.0,6,0.0,0.0,0.0,,800.0,,,30,0.0,,4300.0
2839,201406,1,839.0,12,0.0,0.0,4.0,,1000.0,154.24,49.86,71,0.0,124.59,2000.0
2840,201412,0,355.0,3,0.0,0.0,0.0,,150.0,,,34,0.0,,
2841,201403,0,1203.0,10,0.0,1.0,10.0,306.0,2000.0,239.95,0.0,62,0.0,92.71,6260.0
2842,201412,0,569.0,12,0.0,0.0,0.0,,1269.89,,,47,0.0,0.0,400.0
2843,201407,0,579.0,6,0.0,0.0,0.0,,500.0,,,23,0.0,0.0,1100.0
2844,201401,1,2159.0,12,10.0,9.0,10.0,110.0,1000.0,258.88,0.0,76,12.0,265.69,2000.0
2845,201407,1,188.0,12,0.0,0.0,0.0,,400.0,,,43,0.0,,400.0
2846,201411,1,362.0,4,0.0,0.0,0.0,,300.0,,,32,0.0,,
2847,201406,1,1818.0,10,11.0,0.0,0.0,,755.01,,,33,1.0,,3355.01
2848,201406,0,210.0,6,0.0,0.0,0.0,,580.0,,,29,0.0,,580.0
2849,201405,0,276.0,12,0.0,0.0,0.0,,940.59,,,44,0.0,,940.59
2850,201412,0,899.0,12,0.0,0.0,5.0,,1000.0,386.29,0.0,22,0.0,342.78,1400.0
2851,201409,0,609.0,10,0.0,0.0,0.0,,1000.0,,,22,0.0,68.93,590.78
2852,201408,0,817.0,5,0.0,0.0,3.0,,700.0,332.95,0.0,45,0.0,257.38,1150.0
2853,201402,0,2042.0,12,7.0,11.0,10.0,544.0,1000.0,325.89,0.0,31,12.0,105.4,5055.96
2854,201403,1,646.0,12,0.0,0.0,0.0,,500.0,,,22,0.0,139.96,1400.0
2855,201402,0,1604.0,4,4.0,12.0,11.0,487.0,400.0,840.63,0.0,45,1.0,570.0,800.0
2856,201406,0,1677.0,12,6.0,12.0,12.0,1396.0,1000.0,1031.87,134.0,47,1.0,536.09,1000.0
2857,201404,1,775.0,12,0.0,0.0,4.0,,3000.0,577.53,179.71,60,0.0,631.16,3700.0
2858,201401,1,259.0,12,0.0,0.0,0.0,,2436.65,,,53,0.0,,4873.3
2859,201412,0,2267.0,10,19.0,11.0,12.0,672.0,500.0,649.72,0.0,44,7.0,811.0,
2860,201411,0,1354.0,12,0.0,10.0,12.0,511.0,1000.0,550.89,75.49,44,0.0,227.42,
2861,201405,1,525.0,12,0.0,0.0,0.0,,800.0,,,50,0.0,,800.0
2862,201412,1,797.0,10,0.0,0.0,2.0,,1000.0,552.6,0.0,35,0.0,0.0,
2863,201405,0,557.0,5,0.0,0.0,2.0,,300.0,,,63,0.0,279.95,2100.0
2864,201412,0,1670.0,12,6.0,11.0,8.0,433.0,2109.91,139.96,0.0,47,1.0,102.92,
2865,201401,0,539.0,6,0.0,0.0,0.0,,1300.0,,,45,0.0,,5500.0
2866,201410,1,3200.0,12,5.0,0.0,0.0,,1500.0,,,38,6.0,0.0,4907.92
2867,201409,0,2108.0,12,15.0,4.0,12.0,358.0,3000.0,1234.58,43.01,59,5.0,712.35,5000.0
2868,201410,0,535.0,7,0.0,0.0,0.0,,1050.0,,,27,0.0,,
2869,201403,0,452.0,8,0.0,0.0,0.0,,530.0,,,27,0.0,,530.0
2870,201401,0,710.0,12,0.0,0.0,0.0,,800.0,,,52,0.0,101.86,1600.0
2871,201402,0,792.0,12,0.0,0.0,2.0,,800.0,140.08,34.13,20,0.0,76.1,4091.9
2872,201402,0,4293.0,12,54.0,10.0,4.0,194.0,2900.69,193.92,0.0,53,18.0,420.87,6520.69
2873,201404,0,698.0,12,0.0,0.0,0.0,,1751.36,199.29,71.81,56,0.0,136.79,2451.36
2874,201404,0,338.0,12,0.0,0.0,0.0,,880.0,,,67,0.0,,880.0
2875,201403,0,777.0,12,0.0,0.0,2.0,,1500.0,260.82,84.46,59,0.0,339.18,1500.0
2876,201402,0,774.0,6,0.0,0.0,2.0,,761.32,80.99,0.0,22,0.0,232.12,1522.64
2877,201411,1,251.0,12,0.0,0.0,0.0,,1000.0,,,43,0.0,,
2878,201401,0,3797.0,12,44.0,11.0,5.0,307.0,2000.0,59.97,0.0,46,7.0,,6000.0
2879,201408,1,379.0,12,0.0,0.0,0.0,,1575.18,,,35,0.0,,
2880,201401,0,432.0,6,0.0,0.0,0.0,,299.06,,,30,0.0,,598.12
2881,201406,0,,12,0.0,2.0,7.0,,3000.0,,,51,0.0,,9574.7
2882,201408,1,222.0,12,0.0,0.0,0.0,,1000.0,,,57,0.0,,1000.0
2883,201403,0,2111.0,3,18.0,10.0,11.0,690.0,150.0,619.97,146.92,47,2.0,536.96,150.0
2884,201401,0,1973.0,12,16.0,12.0,12.0,1250.0,3000.0,1332.01,111.94,52,1.0,802.94,15130.25
2885,201409,0,3965.0,4,49.0,3.0,6.0,,900.0,352.25,68.4,50,28.0,421.04,600.0
2886,201401,0,1720.0,12,6.0,12.0,12.0,228.0,600.0,484.61,155.7,31,2.0,247.0,1200.0
2887,201411,1,712.0,12,0.0,0.0,0.0,,1000.0,,,22,0.0,603.01,
2888,201403,0,2351.0,12,5.0,8.0,0.0,46.0,2000.0,,,46,4.0,,3500.0
2889,201405,0,464.0,12,0.0,0.0,0.0,,1000.0,,,48,0.0,,1000.0
2890,201406,1,727.0,12,0.0,0.0,2.0,,790.92,367.57,122.84,24,0.0,581.28,790.92
2891,201408,1,2814.0,10,2.0,0.0,0.0,,973.24,,,30,1.0,,2573.24
2892,201410,0,4869.0,10,68.0,12.0,12.0,1775.0,1000.0,1858.54,0.0,56,31.0,566.62,
2893,201411,1,346.0,12,0.0,0.0,0.0,,800.0,,,32,0.0,,
2894,201411,0,520.0,12,0.0,0.0,0.0,,1000.0,,,58,0.0,,
2895,201404,0,1591.0,12,3.0,10.0,12.0,1061.0,2615.56,710.61,65.78,47,1.0,234.82,10471.29
2896,201405,1,2386.0,12,23.0,12.0,12.0,1243.0,1500.0,1045.42,81.68,65,8.0,690.14,1500.0
2897,201411,0,651.0,12,0.0,0.0,0.0,,2000.0,213.43,66.49,55,0.0,111.12,2000.0
2898,201412,0,725.0,8,0.0,0.0,0.0,,1000.0,159.95,0.0,62,0.0,279.34,
2899,201410,1,250.0,12,0.0,0.0,0.0,,1993.62,,,38,0.0,,
2900,201407,1,818.0,12,0.0,0.0,3.0,,1000.0,209.44,66.47,53,0.0,208.1,1000.0
2901,201402,1,1336.0,12,0.0,8.0,11.0,598.0,2900.69,,,64,0.0,199.33,9933.96
2902,201405,1,707.0,12,0.0,0.0,0.0,,2554.63,,,65,0.0,102.75,3554.63
2903,201411,1,514.0,12,0.0,0.0,0.0,,731.58,,,19,0.0,,
2904,201411,0,569.0,12,0.0,0.0,0.0,,400.0,,,23,0.0,0.0,
2905,201402,1,234.0,12,0.0,0.0,0.0,,696.08,,,28,0.0,,1392.16
2906,201407,0,,12,0.0,0.0,0.0,,1000.0,,,60,0.0,,2000.0
2907,201406,0,869.0,12,0.0,0.0,4.0,,1500.0,67.41,0.0,65,0.0,170.17,4690.0
2908,201410,0,2194.0,6,22.0,11.0,10.0,397.0,400.0,422.65,127.42,66,2.0,367.76,
2909,201405,0,560.0,12,0.0,0.0,0.0,,1247.33,,,45,0.0,,1247.33
2910,201401,0,4659.0,12,65.0,5.0,11.0,227.0,1000.0,617.48,75.27,57,32.0,504.46,2000.0
2911,201401,0,4502.0,12,27.0,0.0,7.0,,1000.0,242.06,79.12,61,11.0,133.96,2000.0
2912,201402,0,752.0,9,0.0,0.0,0.0,,1000.0,140.94,0.0,48,0.0,309.23,2000.0
2913,201410,0,595.0,6,0.0,0.0,0.0,,700.0,,,22,0.0,31.86,600.0
2914,201406,1,907.0,12,0.0,0.0,6.0,,2690.12,922.53,285.89,44,0.0,384.16,2690.12
2915,201405,0,580.0,6,0.0,0.0,0.0,,300.0,,,59,0.0,17.98,300.0
2916,201405,0,2028.0,12,15.0,11.0,11.0,833.0,2360.0,681.79,0.0,53,3.0,769.08,2360.0
2917,201411,1,251.0,5,0.0,0.0,0.0,,340.0,,,40,0.0,,
2918,201406,0,1981.0,12,7.0,12.0,12.0,344.0,700.0,635.81,0.0,63,4.0,161.35,1000.0
2919,201401,0,121.0,12,0.0,0.0,0.0,,700.0,,,26,0.0,,1400.0
2920,201410,0,895.0,12,0.0,0.0,5.0,,1500.0,427.03,0.0,26,0.0,339.67,1620.0
2921,201406,0,387.0,6,0.0,0.0,0.0,,1000.0,,,42,0.0,,1000.0
2922,201412,0,2697.0,12,36.0,12.0,12.0,1793.0,2000.0,2301.56,661.33,58,5.0,1980.0,
2923,201410,0,319.0,12,0.0,0.0,0.0,,1500.0,,,54,0.0,,3000.0
2924,201403,0,507.0,3,0.0,0.0,0.0,,265.83,,,22,0.0,,265.83
2925,201401,1,277.0,12,0.0,0.0,0.0,,700.0,,,40,0.0,,700.0
2926,201406,0,2091.0,12,1.0,0.0,1.0,,900.0,,,30,3.0,,1700.0
2927,201406,1,774.0,10,0.0,0.0,3.0,,1000.0,241.55,0.0,28,0.0,181.0,1600.0
2928,201402,0,2584.0,12,25.0,10.0,10.0,299.0,1000.0,495.52,54.08,65,8.0,314.12,2000.0
2929,201403,0,2522.0,12,18.0,3.0,4.0,,1000.0,245.93,0.0,56,8.0,,1500.0
2930,201406,0,1038.0,10,0.0,0.0,10.0,,800.0,746.86,0.0,29,0.0,449.1,800.0
2931,201404,0,1007.0,10,0.0,0.0,9.0,,1000.0,593.93,71.04,25,0.0,167.67,3000.0
2932,201401,0,1062.0,12,0.0,0.0,11.0,,2910.28,266.34,0.0,56,0.0,125.19,8820.56
2933,201405,0,888.0,12,0.0,0.0,5.0,,1364.83,197.14,0.0,50,0.0,26.97,3064.83
2934,201407,1,356.0,12,0.0,0.0,0.0,,400.0,,,23,0.0,,400.0
2935,201405,0,3059.0,12,11.0,0.0,6.0,,1244.21,226.91,0.0,42,2.0,196.63,2851.79
2936,201402,0,4589.0,10,20.0,0.0,0.0,,1000.0,,,52,13.0,,2000.0
2937,201402,0,1082.0,12,0.0,0.0,11.0,17.0,2259.0,504.45,163.46,52,0.0,146.44,10918.0
2938,201407,0,1205.0,3,0.0,2.0,12.0,272.0,150.0,578.22,133.9,28,0.0,424.42,150.0
2939,201409,0,77.0,3,0.0,0.0,0.0,,250.0,,,40,0.0,,
2940,201407,1,699.0,12,0.0,0.0,0.0,,800.0,,,22,0.0,147.57,800.0
2941,201409,1,1396.0,12,0.0,7.0,12.0,362.0,500.0,132.97,0.0,53,0.0,286.07,1500.0
2942,201409,0,189.0,12,0.0,0.0,0.0,,700.0,,,46,0.0,,
2943,201402,1,213.0,10,0.0,0.0,0.0,,400.0,,,35,0.0,,800.0
2944,201409,0,843.0,12,0.0,0.0,3.0,,1000.0,63.0,0.0,49,0.0,0.0,
2945,201409,1,416.0,12,0.0,0.0,0.0,,1000.0,,,34,0.0,,
2946,201410,1,3533.0,12,43.0,10.0,12.0,473.0,2988.95,178.3,40.36,66,15.0,180.57,13000.0
2947,201411,1,773.0,5,0.0,0.0,2.0,,1295.24,707.86,0.0,37,0.0,2149.55,
2948,201406,0,550.0,6,0.0,0.0,0.0,,1000.0,,,64,0.0,,1000.0
2949,201407,1,1761.0,12,5.0,3.0,11.0,489.0,1000.0,572.84,0.0,44,3.0,677.3,1600.0
2950,201401,0,1218.0,12,0.0,3.0,12.0,69.0,2000.0,480.42,37.57,68,0.0,113.77,10000.0
2951,201411,1,687.0,12,0.0,0.0,1.0,,1300.0,282.87,92.02,71,0.0,219.16,1000.0
2952,201401,1,208.0,7,0.0,0.0,0.0,,700.0,,,41,0.0,,1400.0
2953,201402,0,1829.0,12,8.0,7.0,10.0,232.0,1200.0,245.61,0.0,67,4.0,182.16,5172.82
2954,201406,0,173.0,12,0.0,0.0,0.0,,1000.0,,,57,0.0,,3295.19
2955,201405,0,3270.0,12,5.0,6.0,7.0,108.0,1000.0,371.83,0.0,31,7.0,422.0,1000.0
2956,201412,0,2824.0,12,23.0,12.0,12.0,1703.0,1150.0,1020.72,0.0,69,5.0,479.94,
2957,201409,0,1417.0,12,0.0,6.0,9.0,735.0,855.9,475.51,171.37,45,0.0,179.42,
2958,201409,1,677.0,10,0.0,0.0,0.0,,1092.95,,,24,0.0,231.15,696.0
2959,201407,0,1709.0,6,5.0,8.0,7.0,96.0,500.0,680.69,199.87,44,3.0,735.14,500.0
2960,201409,1,3547.0,6,14.0,0.0,11.0,,500.0,422.86,0.0,47,18.0,200.93,1582.0
2961,201403,1,,12,,,,,900.0,,,31,,,1302.09
2962,201401,1,1115.0,12,0.0,0.0,9.0,280.0,928.08,294.01,48.12,21,0.0,191.87,1856.16
2963,201402,0,349.0,12,0.0,0.0,0.0,,750.0,,,47,0.0,,1500.0
2964,201401,0,688.0,12,0.0,0.0,0.0,,650.0,121.8,39.03,20,0.0,222.44,1300.0
2965,201409,1,832.0,12,0.0,0.0,4.0,,2500.0,560.35,46.42,43,0.0,399.54,
2966,201405,1,937.0,12,0.0,0.0,5.0,,2500.0,532.61,182.77,65,0.0,427.17,5000.0
2967,201411,0,2797.0,12,37.0,11.0,6.0,426.0,1500.0,580.65,206.79,53,4.0,160.0,1500.0
2968,201409,0,840.0,6,0.0,0.0,4.0,,1200.0,506.46,0.0,52,0.0,911.66,2000.0
2969,201408,1,220.0,6,0.0,0.0,0.0,,500.0,,,42,0.0,,500.0
2970,201411,0,2800.0,6,27.0,1.0,0.0,,500.0,,,34,10.0,,400.0
2971,201407,0,4897.0,4,15.0,7.0,5.0,670.0,500.0,,,33,10.0,,500.0
2972,201405,0,1541.0,10,3.0,10.0,12.0,522.0,400.0,909.75,0.0,64,1.0,451.67,400.0
2973,201402,0,519.0,12,0.0,0.0,0.0,,900.0,,,32,0.0,,1800.0
2974,201401,1,171.0,10,0.0,0.0,0.0,,400.0,,,28,0.0,,800.0
2975,201412,1,456.0,12,0.0,0.0,0.0,,880.57,,,33,0.0,,
2976,201411,0,1259.0,12,0.0,5.0,1.0,56.0,800.0,71.89,23.91,46,0.0,143.55,500.0
2977,201410,0,784.0,5,0.0,0.0,1.0,,500.0,439.82,0.0,26,0.0,496.66,
2978,201407,0,3967.0,12,15.0,0.0,0.0,,1000.0,,,41,18.0,,1000.0
2979,201409,0,1509.0,10,1.0,6.0,0.0,198.0,800.0,,,40,1.0,,850.0
2980,201404,0,1563.0,6,2.0,12.0,12.0,571.0,520.0,789.0,115.12,48,1.0,621.6,520.0
2981,201410,0,1057.0,12,0.0,0.0,6.0,,1569.22,291.55,0.0,43,0.0,,
2982,201401,0,621.0,12,0.0,0.0,0.0,,500.0,77.42,27.43,56,0.0,85.6,500.0
2983,201401,0,398.0,6,0.0,0.0,0.0,,918.17,,,35,0.0,,1836.34
2984,201406,0,258.0,6,0.0,0.0,0.0,,400.0,,,45,0.0,,400.0
2985,201406,0,931.0,12,0.0,0.0,6.0,,1500.0,588.33,0.0,46,0.0,224.78,2900.0
2986,201403,0,182.0,12,0.0,0.0,0.0,,800.0,,,53,0.0,,800.0
2987,201410,0,794.0,12,0.0,0.0,2.0,,1000.0,288.36,0.0,41,0.0,282.64,1000.0
2988,201405,0,1391.0,10,0.0,6.0,0.0,121.0,800.0,,,64,0.0,,1400.0
2989,201408,0,852.0,12,0.0,0.0,4.0,,1000.0,248.35,0.0,50,0.0,325.38,1000.0
2990,201403,1,471.0,12,0.0,0.0,0.0,,1208.0,,,39,0.0,,1208.0
2991,201405,0,1446.0,12,0.0,10.0,12.0,606.0,1000.0,403.48,0.0,34,0.0,430.96,1000.0
2992,201405,1,225.0,12,0.0,0.0,0.0,,800.0,,,29,0.0,,800.0
2993,201412,0,3703.0,12,39.0,9.0,12.0,1246.0,2000.0,2628.7,17.71,51,9.0,1731.0,8000.0
2994,201407,0,824.0,12,0.0,0.0,3.0,,600.0,297.82,0.0,78,0.0,238.08,1699.62
2995,201412,0,335.0,12,0.0,0.0,0.0,,1999.32,,,60,0.0,,1847.93
2996,201407,1,699.0,12,0.0,0.0,0.0,,2396.87,,,35,0.0,374.29,5672.49
2997,201409,1,760.0,12,0.0,0.0,1.0,,750.0,129.97,0.0,21,0.0,887.88,
2998,201405,0,475.0,3,0.0,0.0,0.0,,150.0,,,39,0.0,,150.0
2999,201402,1,956.0,12,0.0,0.0,7.0,,2900.69,673.57,25.17,65,0.0,382.79,9413.37
3000,201401,1,1214.0,12,0.0,1.0,12.0,237.0,1000.0,517.79,114.67,55,0.0,330.9,3200.0
3001,201406,0,630.0,8,0.0,0.0,0.0,,250.0,,,27,0.0,70.0,250.0
3002,201412,0,863.0,5,0.0,0.0,4.0,,649.0,687.79,0.0,21,0.0,419.31,
3003,201410,0,1613.0,12,4.0,4.0,8.0,208.0,3000.0,611.76,0.0,64,1.0,365.46,11434.48
3004,201407,1,342.0,12,0.0,0.0,0.0,,700.0,,,63,0.0,,1400.0
3005,201403,0,2556.0,12,28.0,7.0,7.0,522.0,3000.0,411.88,0.0,45,7.0,257.16,11129.6
3006,201407,0,3152.0,12,42.0,9.0,5.0,88.0,1000.0,,,66,5.0,,5100.0
3007,201405,0,578.0,12,0.0,0.0,0.0,,1000.0,,,26,0.0,0.0,1000.0
3008,201403,1,174.0,12,0.0,0.0,0.0,,1107.03,,,42,0.0,,1107.03
3009,201408,1,1398.0,10,0.0,8.0,12.0,822.0,2000.0,823.71,135.0,58,0.0,600.51,3191.93
3010,201406,0,1899.0,12,14.0,12.0,12.0,237.0,2000.0,665.55,154.86,50,1.0,311.27,3200.0
3011,201410,0,2897.0,12,17.0,11.0,12.0,1519.0,1500.0,1033.11,0.0,43,10.0,1000.0,
3012,201402,1,164.0,12,0.0,0.0,0.0,,927.28,,,48,0.0,,1854.56
3013,201407,0,4917.0,4,66.0,8.0,11.0,1031.0,400.0,1471.53,0.0,44,8.0,,1600.0
3014,201401,0,2243.0,6,16.0,6.0,10.0,171.0,250.0,611.06,210.17,57,7.0,272.87,500.0
3015,201405,0,4843.0,12,79.0,9.0,11.0,1990.0,3000.0,508.8,0.0,53,31.0,635.23,3000.0
3016,201405,0,619.0,10,0.0,0.0,0.0,,1000.0,,,29,0.0,161.18,2000.0
3017,201403,0,2609.0,12,19.0,4.0,12.0,268.0,2500.0,1121.25,59.58,74,17.0,797.17,11485.89
3018,201403,0,3771.0,12,41.0,5.0,8.0,347.0,1430.0,501.8,0.0,75,11.0,371.72,1430.0
3019,201405,0,569.0,4,0.0,0.0,0.0,,600.0,,,55,0.0,,1387.93
3020,201404,0,2231.0,12,24.0,12.0,11.0,462.0,1500.0,815.68,0.0,55,2.0,299.54,1500.0
3021,201406,0,281.0,12,0.0,0.0,0.0,,1468.13,,,29,0.0,,1468.13
3022,201408,0,2847.0,12,33.0,10.0,12.0,371.0,1280.86,475.07,121.18,57,6.0,373.76,2980.86
3023,201401,1,1062.0,12,0.0,0.0,12.0,149.0,1067.55,684.81,25.53,33,0.0,502.0,2135.1
3024,201408,0,1172.0,12,0.0,1.0,12.0,180.0,1000.0,351.58,110.67,47,0.0,333.79,1000.0
3025,201402,1,963.0,9,0.0,0.0,7.0,,1100.0,199.74,0.0,39,0.0,100.5,4840.0
3026,201405,0,1694.0,12,7.0,12.0,12.0,527.0,2000.0,207.93,0.0,52,1.0,421.12,5130.0
3027,201409,0,1123.0,12,0.0,0.0,12.0,73.0,3000.0,672.82,65.0,54,0.0,347.12,5000.0
3028,201403,0,791.0,12,0.0,0.0,2.0,,2000.0,337.88,0.0,27,0.0,760.19,2000.0
3029,201406,1,1161.0,12,0.0,2.0,12.0,564.0,1400.0,1483.37,146.1,38,0.0,913.59,1400.0
3030,201401,1,1244.0,12,0.0,4.0,11.0,473.0,1111.02,636.82,0.0,75,0.0,410.43,5440.72
3031,201411,0,145.0,8,0.0,0.0,0.0,,1000.0,,,64,0.0,,
3032,201407,0,2027.0,10,13.0,10.0,12.0,662.0,1200.0,853.75,50.97,57,6.0,599.83,1200.0
3033,201404,0,3043.0,12,45.0,12.0,0.0,560.0,1000.0,,,44,5.0,,4209.9
3034,201405,0,1028.0,6,0.0,0.0,10.0,,500.0,904.99,92.88,41,0.0,424.41,2100.0
3035,201410,0,221.0,12,0.0,0.0,0.0,,1000.0,,,60,0.0,,
3036,201404,0,428.0,3,0.0,0.0,0.0,,264.0,,,55,0.0,,264.0
3037,201410,0,315.0,12,0.0,0.0,0.0,,2039.15,,,19,0.0,,708.18
3038,201408,0,771.0,6,0.0,0.0,1.0,,700.0,139.93,0.0,44,0.0,260.78,700.0
3039,201412,1,446.0,12,0.0,0.0,0.0,,1711.12,,,28,0.0,,
3040,201405,1,357.0,12,0.0,0.0,0.0,,1500.0,,,28,0.0,,1500.0
3041,201404,0,591.0,12,0.0,0.0,0.0,,1500.0,,,33,0.0,36.95,2267.81
3042,201405,0,317.0,12,0.0,5.0,0.0,,2000.0,,,35,0.0,,2400.0
3043,201411,0,3237.0,12,23.0,2.0,11.0,,1048.8,268.83,45.88,40,3.0,,
3044,201411,0,641.0,3,0.0,0.0,0.0,,300.0,,,28,0.0,154.49,
3045,201409,0,,10,,,,,2326.47,,,54,,,4000.0
3046,201405,0,426.0,6,0.0,0.0,0.0,,1000.0,,,31,0.0,,1000.0
3047,201412,0,1665.0,12,3.0,0.0,0.0,,300.0,,,67,1.0,,1200.0
3048,201405,0,797.0,12,0.0,0.0,2.0,,591.0,35.68,0.0,41,0.0,,1591.0
3049,201401,0,1045.0,12,0.0,0.0,8.0,110.0,750.0,19.99,0.0,24,0.0,131.55,1500.0
3050,201411,0,976.0,12,0.0,0.0,12.0,,1000.0,432.84,116.32,52,0.0,159.17,
3051,201408,0,384.0,6,0.0,0.0,0.0,,700.0,,,42,0.0,,
3052,201402,1,4053.0,12,6.0,0.0,2.0,,1000.0,15.99,0.0,39,1.0,153.46,2000.0
3053,201409,1,273.0,12,0.0,0.0,0.0,,1000.0,,,29,0.0,,
3054,201408,0,3089.0,12,46.0,11.0,12.0,544.0,800.0,386.22,115.31,56,6.0,512.39,3000.0
3055,201406,0,195.0,12,0.0,0.0,0.0,,1000.0,,,36,0.0,,1000.0
3056,201406,0,459.0,12,0.0,0.0,0.0,,1300.0,,,47,0.0,,2260.9
3057,201411,0,4203.0,12,81.0,11.0,12.0,1083.0,2000.0,368.82,0.0,47,10.0,437.2,100.0
3058,201405,0,3239.0,3,28.0,7.0,3.0,192.0,300.0,133.91,0.0,31,8.0,,300.0
3059,201407,1,200.0,12,0.0,0.0,0.0,,940.62,,,21,0.0,,940.62
3060,201401,1,1055.0,12,0.0,0.0,11.0,168.0,600.0,217.92,75.96,38,0.0,169.77,1200.0
3061,201405,0,171.0,8,0.0,0.0,0.0,,350.0,,,36,0.0,,750.0
3062,201405,1,1300.0,12,0.0,6.0,12.0,598.0,2000.0,1128.48,0.0,56,0.0,555.3,7413.9
3063,201408,0,1595.0,10,3.0,3.0,7.0,118.0,600.0,473.88,0.0,47,2.0,267.82,1963.26
3064,201410,0,2214.0,12,3.0,0.0,4.0,,2700.81,170.87,0.0,55,1.0,137.2,9050.94
3065,201411,0,3128.0,12,29.0,8.0,12.0,363.0,1000.0,582.87,0.0,57,12.0,170.89,
3066,201405,1,1209.0,12,0.0,2.0,9.0,98.0,1891.05,304.17,0.0,39,0.0,10.0,1891.05
3067,201410,0,180.0,10,0.0,0.0,0.0,,1000.0,,,74,0.0,,424.81
3068,201412,0,4352.0,12,49.0,12.0,12.0,980.0,1200.0,694.95,238.82,71,7.0,473.02,3100.0
3069,201405,0,429.0,10,0.0,0.0,0.0,,1000.0,,,48,0.0,,1000.0
3070,201410,0,1037.0,12,0.0,0.0,10.0,,800.0,474.43,0.0,21,0.0,129.76,
3071,201404,1,265.0,12,0.0,0.0,0.0,,500.0,,,22,0.0,,500.0
3072,201406,0,101.0,3,0.0,0.0,0.0,,200.0,,,56,0.0,,200.0
3073,201405,0,1273.0,8,0.0,4.0,12.0,265.0,1000.0,687.75,0.0,35,0.0,300.42,3500.0
3074,201406,0,641.0,3,0.0,0.0,0.0,,300.0,,,36,0.0,33.89,300.0
3075,201402,1,497.0,12,0.0,0.0,0.0,,1000.0,,,60,0.0,,2000.0
3076,201403,1,252.0,12,0.0,0.0,0.0,,1500.0,,,46,0.0,,2000.0
3077,201409,0,195.0,6,0.0,0.0,0.0,,300.0,,,52,0.0,,
3078,201407,0,1302.0,3,0.0,6.0,11.0,319.0,190.0,129.52,0.0,39,0.0,21.83,190.0
3079,201406,1,4684.0,12,84.0,10.0,10.0,1754.0,1500.0,1268.54,0.0,39,19.0,956.51,1500.0
3080,201408,0,498.0,12,0.0,0.0,0.0,,1040.0,,,33,0.0,,2140.0
3081,201403,1,293.0,12,0.0,0.0,0.0,,661.29,,,24,0.0,,661.29
3082,201406,0,657.0,10,0.0,0.0,0.0,,1000.0,,,31,0.0,576.07,1000.0
3083,201404,0,589.0,12,0.0,0.0,0.0,,1200.0,,,40,0.0,36.48,1200.0
3084,201402,0,2397.0,12,29.0,12.0,11.0,1051.0,1000.0,903.75,103.1,70,2.0,575.67,2000.0
3085,201409,0,2047.0,12,6.0,0.0,0.0,,1500.0,,,64,5.0,,7429.13
3086,201411,0,983.0,12,0.0,0.0,9.0,,1800.0,708.12,228.57,55,0.0,300.83,600.0
3087,201410,0,421.0,8,0.0,0.0,0.0,,450.0,,,32,0.0,,
3088,201411,1,538.0,12,0.0,0.0,0.0,,1989.29,,,34,0.0,,1080.0
3089,201409,0,874.0,12,0.0,0.0,5.0,,1000.0,512.8,0.0,60,0.0,287.83,
3090,201408,0,211.0,3,0.0,0.0,0.0,,300.0,,,24,0.0,,300.0
3091,201403,1,469.0,12,0.0,0.0,0.0,,565.28,,,25,0.0,,565.28
3092,201408,0,256.0,12,0.0,0.0,0.0,,1000.0,,,56,0.0,,1000.0
3093,201410,0,4864.0,12,13.0,0.0,0.0,,1200.0,,,55,21.0,,
3094,201402,0,2262.0,12,9.0,0.0,0.0,,1500.0,161.21,51.23,74,3.0,101.24,3000.0
3095,201409,1,743.0,12,0.0,0.0,1.0,,1500.0,151.95,0.0,24,0.0,242.09,
3096,201405,1,236.0,12,0.0,0.0,0.0,,1616.45,,,25,0.0,,1616.45
3097,201405,0,239.0,12,0.0,0.0,0.0,,1000.0,,,39,0.0,,1000.0
3098,201410,0,1288.0,12,0.0,6.0,10.0,257.0,1000.0,399.7,135.84,45,0.0,347.07,
3099,201407,0,810.0,12,0.0,0.0,3.0,,2000.0,924.68,279.69,57,0.0,470.08,3500.0
3100,201412,1,2849.0,12,8.0,0.0,0.0,,1000.0,,,49,13.0,,
3101,201412,1,665.0,8,0.0,0.0,0.0,,2282.77,,,57,0.0,153.79,4524.46
3102,201405,0,1703.0,3,5.0,7.0,5.0,306.0,300.0,79.97,0.0,29,4.0,,3083.14
3103,201411,1,1239.0,12,0.0,3.0,12.0,189.0,600.0,409.65,56.2,40,0.0,287.52,2900.0
3104,201410,0,4647.0,12,93.0,12.0,12.0,853.0,2500.0,850.75,0.0,54,11.0,299.42,2300.0
3105,201410,0,1153.0,10,0.0,1.0,7.0,180.0,800.0,312.31,0.0,43,0.0,,2000.0
3106,201404,0,2693.0,12,35.0,10.0,12.0,748.0,1200.0,873.26,84.8,34,3.0,298.03,4300.0
3107,201408,1,1089.0,12,0.0,0.0,12.0,133.0,1000.0,789.88,118.26,25,0.0,420.94,1000.0
3108,201405,0,1400.0,3,0.0,5.0,5.0,282.0,400.0,125.97,0.0,37,0.0,,900.0
3109,201412,1,318.0,12,0.0,0.0,0.0,,600.0,,,60,0.0,,600.0
3110,201410,0,957.0,12,0.0,0.0,8.0,,1500.0,301.9,86.45,56,0.0,38.42,2000.0
3111,201402,0,4449.0,12,26.0,1.0,8.0,,3000.0,470.42,125.61,67,31.0,317.0,7882.26
3112,201412,0,3008.0,10,42.0,12.0,12.0,419.0,1000.0,538.2,18.64,54,6.0,281.64,
3113,201407,0,695.0,5,0.0,0.0,0.0,,400.0,,,27,0.0,257.74,400.0
3114,201407,0,629.0,12,0.0,0.0,0.0,,1497.69,,,45,0.0,87.44,2497.69
3115,201401,1,329.0,12,0.0,0.0,0.0,,1800.0,,,50,0.0,,3600.0
3116,201410,0,3118.0,10,20.0,0.0,0.0,,600.0,,,38,4.0,,
3117,201409,0,192.0,12,0.0,0.0,0.0,,859.81,,,23,0.0,,
3118,201412,0,573.0,7,0.0,0.0,0.0,,600.0,,,21,0.0,88.78,
3119,201410,1,431.0,12,0.0,0.0,0.0,,800.0,,,22,0.0,,
3120,201402,0,582.0,12,0.0,0.0,0.0,,2000.0,,,63,0.0,0.0,4750.0
3121,201404,0,1229.0,12,0.0,4.0,12.0,559.0,1500.0,821.78,140.06,37,0.0,490.88,2494.96
3122,201403,1,289.0,12,0.0,0.0,0.0,,619.37,,,40,0.0,,619.37
3123,201401,0,1014.0,12,0.0,0.0,8.0,,800.0,422.55,130.67,30,0.0,274.16,1600.0
3124,201412,0,1205.0,12,0.0,5.0,9.0,480.0,1000.0,,,41,0.0,,1621.4
3125,201406,0,1143.0,12,0.0,0.0,12.0,422.0,1500.0,1054.2,168.52,60,0.0,581.07,2500.0
3126,201406,0,1127.0,12,0.0,0.0,12.0,6.0,1200.0,370.23,0.0,44,0.0,246.13,3200.0
3127,201402,0,724.0,3,0.0,0.0,0.0,,800.0,354.48,119.93,34,0.0,258.54,1600.0
3128,201408,0,4632.0,3,5.0,1.0,0.0,,200.0,,,44,2.0,,200.0
3129,201412,0,1094.0,12,0.0,0.0,12.0,169.0,1000.0,74.65,11.23,43,0.0,50.18,2000.0
3130,201403,0,739.0,10,0.0,0.0,2.0,,2209.0,39.09,0.0,52,0.0,447.97,3962.61
3131,201409,0,1035.0,12,0.0,0.0,10.0,,2000.0,1865.35,258.1,59,0.0,907.02,
3132,201412,0,432256.0,12,62.0,0.0,0.0,,2607.67,,,59,2.0,,6000.0
3133,201404,0,4591.0,12,21.0,0.0,4.0,,1200.0,197.91,0.0,56,25.0,149.43,2200.0
3134,201412,1,393.0,12,0.0,0.0,0.0,,1563.29,,,36,0.0,,
3135,201407,1,616.0,12,0.0,0.0,0.0,,1500.0,,,53,0.0,36.49,2500.0
3136,201405,0,1134.0,12,0.0,0.0,12.0,125.0,800.0,,,56,0.0,39.0,800.0
3137,201412,0,565.0,10,0.0,0.0,0.0,,2000.0,,,30,0.0,,2000.0
3138,201401,0,4274.0,12,45.0,5.0,10.0,182.0,1900.0,226.33,0.0,53,24.0,186.77,9000.0
3139,201402,0,1089.0,12,0.0,0.0,8.0,65.0,553.74,23.98,0.0,26,0.0,,1107.48
3140,201409,1,548.0,12,0.0,0.0,0.0,,1662.66,,,28,0.0,,
3141,201401,1,232.0,8,0.0,0.0,0.0,,610.0,,,52,0.0,,1220.0
3142,201401,1,515.0,12,0.0,0.0,0.0,,887.68,,,33,0.0,,887.68
3143,201409,0,2983.0,12,37.0,11.0,11.0,1269.0,1255.53,2939.99,666.57,54,11.0,848.31,1431.18
3144,201404,0,3559.0,10,34.0,2.0,12.0,547.0,2000.0,691.74,0.0,38,9.0,515.0,600.0
3145,201412,1,637.0,10,0.0,0.0,0.0,,1200.0,,,52,0.0,53.77,600.0
3146,201411,0,340.0,12,0.0,0.0,0.0,,1467.62,,,38,0.0,,
3147,201406,0,1789.0,12,7.0,10.0,12.0,495.0,900.0,67.97,0.0,51,2.0,194.01,2100.0
3148,201410,0,782.0,6,0.0,0.0,2.0,,500.0,432.92,20.01,38,0.0,376.49,250.0
3149,201402,1,722.0,12,0.0,0.0,0.0,,1454.0,131.31,0.0,34,0.0,237.26,4254.0
3150,201403,0,3718.0,10,2.0,0.0,1.0,,2500.0,153.87,0.0,54,1.0,176.58,4500.0
3151,201407,1,229.0,12,0.0,0.0,0.0,,170.0,,,45,0.0,,170.0
3152,201407,0,1202.0,5,0.0,2.0,12.0,339.0,500.0,644.25,80.6,35,0.0,261.18,500.0
3153,201412,0,803.0,6,0.0,0.0,3.0,,1000.0,226.73,0.0,50,0.0,242.53,
3154,201404,0,566.0,10,0.0,0.0,0.0,,700.0,,,73,0.0,0.0,1500.0
3155,201403,0,602.0,12,0.0,0.0,0.0,,500.0,,,35,0.0,36.88,850.0
3156,201405,0,2163.0,5,18.0,9.0,4.0,387.0,2000.0,129.97,0.0,32,5.0,227.39,5000.0
3157,201401,1,1378.0,12,0.0,7.0,12.0,459.0,2000.0,727.04,179.37,32,0.0,452.88,4000.0
3158,201409,0,461.0,12,0.0,0.0,0.0,,2000.0,,,49,0.0,,150.0
3159,201404,0,2222.0,8,24.0,12.0,12.0,579.0,690.0,541.68,0.0,55,1.0,216.86,8398.33
3160,201403,0,1656.0,12,5.0,12.0,12.0,1946.0,2900.69,748.83,0.0,68,1.0,586.63,21031.43
3161,201403,1,650.0,12,0.0,0.0,3.0,,1000.0,,,55,0.0,132.54,1000.0
3162,201402,0,4841.0,12,29.0,4.0,3.0,193.0,2759.0,79.99,0.0,61,4.0,87.77,4692.12
3163,201406,1,2908.0,12,25.0,0.0,0.0,,2052.27,,,58,9.0,,7052.27
3164,201408,0,1711.0,5,4.0,4.0,3.0,315.0,650.0,149.59,50.64,49,1.0,8.99,4650.0
3165,201407,1,644.0,12,0.0,0.0,0.0,,1544.07,,,36,0.0,66.71,2544.07
3166,201402,0,3441.0,12,63.0,9.0,3.0,137.0,1000.0,,,51,2.0,,2835.08
3167,201411,1,477.0,6,0.0,0.0,0.0,,619.63,,,22,0.0,,250.0
3168,201408,0,456.0,12,0.0,0.0,0.0,,764.86,,,20,0.0,,764.86
3169,201403,0,1553.0,12,1.0,8.0,10.0,752.0,2200.0,388.89,0.0,67,2.0,449.36,5750.0
3170,201409,1,363.0,12,0.0,0.0,0.0,,500.0,,,38,0.0,,
3171,201402,1,990.0,6,0.0,0.0,8.0,,1394.47,560.88,0.0,48,0.0,204.0,3488.94
3172,201406,0,2549.0,5,17.0,1.0,0.0,,600.0,109.97,0.0,46,17.0,225.42,600.0
3173,201408,0,584.0,6,0.0,0.0,0.0,,1000.0,,,35,0.0,0.0,1000.0
3174,201407,0,1452.0,12,0.0,10.0,10.0,523.0,1000.0,246.9,0.0,41,0.0,198.67,1000.0
3175,201411,0,1133.0,12,0.0,0.0,12.0,104.0,3000.0,1265.94,138.45,66,0.0,499.76,
3176,201407,0,3206.0,12,27.0,0.0,11.0,,1000.0,528.35,0.0,40,7.0,393.2,1193.53
3177,201409,1,4991.0,6,7.0,0.0,4.0,,500.0,237.92,0.0,49,18.0,44.45,3000.0
3178,201405,0,1113.0,12,0.0,0.0,2.0,108.0,963.97,,,52,0.0,,963.97
3179,201409,0,1348.0,12,0.0,5.0,12.0,737.0,1300.0,783.91,57.14,54,0.0,329.56,1360.0
3180,201404,0,689.0,12,0.0,0.0,0.0,,1500.0,,,56,0.0,306.74,2500.0
3181,201412,0,274.0,12,0.0,0.0,0.0,,1000.0,,,51,0.0,,
3182,201411,0,209.0,12,0.0,0.0,0.0,,1177.56,,,42,0.0,,
3183,201410,1,282.0,12,0.0,0.0,0.0,,1000.0,,,33,0.0,,
3184,201404,0,287.0,12,0.0,0.0,0.0,,2000.0,,,55,0.0,,2000.0
3185,201407,0,874.0,12,0.0,0.0,5.0,,1000.0,1142.3,68.37,50,0.0,471.29,1000.0
3186,201407,0,4429.0,12,23.0,6.0,11.0,810.0,1800.0,859.75,0.0,42,11.0,378.96,5291.95
3187,201407,1,277.0,12,0.0,0.0,0.0,,250.0,,,42,0.0,,250.0
3188,201408,0,1327.0,12,0.0,4.0,9.0,392.0,1700.0,447.49,75.63,54,0.0,178.72,1000.0
3189,201401,1,1197.0,12,0.0,2.0,12.0,267.0,2500.0,410.58,124.65,56,0.0,152.38,7000.0
3190,201405,0,915.0,12,0.0,0.0,8.0,,1861.39,639.42,110.11,58,0.0,313.43,1861.39
3191,201410,0,1673.0,12,5.0,7.0,9.0,174.0,2500.0,585.56,135.73,38,3.0,513.51,1750.0
3192,201407,0,2799.0,12,24.0,1.0,8.0,,2099.0,628.02,0.0,51,8.0,582.67,3847.97
3193,201402,1,966.0,12,0.0,0.0,9.0,,1500.0,201.95,0.0,56,0.0,446.01,4360.0
3194,201404,0,1018.0,12,0.0,0.0,8.0,,1000.0,420.25,73.37,58,0.0,291.93,1000.0
3195,201401,0,1139.0,10,0.0,0.0,12.0,317.0,300.0,349.26,94.14,47,0.0,89.41,600.0
3196,201406,0,1631.0,10,5.0,11.0,12.0,579.0,800.0,481.67,38.81,71,1.0,380.0,800.0
3197,201410,1,3422.0,12,30.0,0.0,4.0,,900.0,804.83,0.0,37,3.0,782.37,
3198,201406,1,253.0,12,0.0,0.0,0.0,,1985.98,,,38,0.0,,1985.98
3199,201407,1,1211.0,12,0.0,3.0,12.0,324.0,1430.0,310.85,16.69,42,0.0,299.19,2387.64
3200,201402,0,325.0,3,0.0,0.0,0.0,,150.0,,,35,0.0,,300.0
3201,201409,0,3416.0,9,20.0,2.0,1.0,188.0,1000.0,,,36,5.0,0.0,800.0
3202,201408,0,2861.0,12,5.0,2.0,0.0,117.0,800.0,,,32,1.0,,800.0
3203,201410,1,201.0,12,0.0,0.0,0.0,,1000.0,,,51,0.0,,
3204,201404,1,1618.0,12,5.0,11.0,12.0,901.0,2500.0,605.92,96.04,35,1.0,486.61,5700.0
3205,201405,0,725.0,12,0.0,0.0,0.0,,2000.0,101.96,0.0,43,0.0,112.26,2000.0
3206,201406,1,608.0,6,0.0,0.0,0.0,,450.0,,,34,0.0,48.79,819.86
3207,201406,1,221.0,12,0.0,0.0,0.0,,800.0,,,32,0.0,,1175.19
3208,201406,0,4539.0,8,41.0,3.0,12.0,237.0,700.0,312.93,54.07,59,15.0,230.26,2500.0
3209,201402,0,399.0,10,0.0,0.0,0.0,,500.0,,,63,0.0,,1300.0
3210,201411,0,3258.0,12,40.0,10.0,12.0,758.0,1000.0,958.43,0.0,32,14.0,418.56,
3211,201403,0,254.0,12,0.0,0.0,0.0,,1996.97,,,45,0.0,,3993.94
3212,201405,0,518.0,12,0.0,0.0,0.0,,1002.0,,,35,0.0,,1789.93
3213,201408,0,3536.0,5,38.0,0.0,9.0,,400.0,379.9,0.0,51,14.0,184.01,400.0
3214,201404,0,156.0,12,0.0,0.0,0.0,,800.0,,,55,0.0,,800.0
3215,201407,0,1955.0,10,10.0,4.0,5.0,208.0,1000.0,,,53,5.0,130.93,4400.0
3216,201406,1,2120.0,12,9.0,0.0,0.0,,2300.0,,,56,4.0,170.68,4328.0
3217,201406,1,1013.0,12,0.0,0.0,12.0,176.0,2400.0,228.48,78.93,56,0.0,286.24,2400.0
3218,201403,0,3022.0,10,6.0,0.0,3.0,,2000.0,410.93,0.0,53,7.0,405.3,2500.0
3219,201404,0,484.0,12,0.0,0.0,0.0,,2000.0,,,54,0.0,,2000.0
3220,201411,0,,12,0.0,0.0,0.0,,1500.0,,,62,0.0,,1009.0
3221,201412,0,1222.0,12,0.0,2.0,12.0,642.0,1600.0,1027.61,147.64,42,0.0,301.27,4215.87
3222,201409,0,1617.0,12,4.0,12.0,12.0,143.0,1800.0,791.7,206.76,51,1.0,657.67,1500.0
3223,201411,1,314.0,12,0.0,0.0,0.0,,1000.0,,,35,0.0,,
3224,201406,0,1046.0,10,0.0,0.0,10.0,135.0,600.0,494.41,0.0,28,0.0,459.98,600.0
3225,201403,0,255.0,10,0.0,0.0,0.0,,450.0,,,30,0.0,,450.0
3226,201401,0,1140.0,10,0.0,0.0,11.0,338.0,500.0,494.41,166.01,61,0.0,479.62,2333.83
3227,201402,0,671.0,5,0.0,0.0,0.0,,600.0,,,34,0.0,180.51,1625.0
3228,201403,0,2334.0,12,22.0,10.0,9.0,63.0,1000.0,1379.27,329.17,75,2.0,870.94,1000.0
3229,201408,0,1022.0,12,0.0,0.0,10.0,,1450.38,572.8,0.0,37,0.0,149.15,1450.38
3230,201409,0,833.0,12,0.0,0.0,12.0,,2639.17,205.57,0.0,45,0.0,328.44,
3231,201407,0,627.0,12,0.0,0.0,0.0,,1200.0,,,22,0.0,110.78,1200.0
3232,201407,0,2678.0,12,29.0,8.0,12.0,1021.0,2310.06,666.96,143.17,34,10.0,412.77,3310.06
3233,201403,0,1743.0,12,7.0,0.0,0.0,,1500.0,,,56,2.0,,3500.0
3234,201409,0,826.0,6,0.0,0.0,3.0,,800.0,211.94,0.0,27,0.0,95.19,150.96
3235,201411,0,2450.0,12,24.0,6.0,3.0,127.0,1400.0,287.63,97.66,57,4.0,221.03,
3236,201407,0,532.0,12,0.0,0.0,0.0,,3000.0,,,58,0.0,,4816.57
3237,201401,0,2340.0,12,28.0,1.0,10.0,,1300.0,870.72,0.0,65,1.0,439.94,3237.41
3238,201403,0,2837.0,12,43.0,10.0,12.0,1127.0,1200.0,1501.54,0.0,46,3.0,978.53,1200.0
3239,201412,0,3243.0,12,51.0,5.0,0.0,,1653.59,,,50,7.0,,6136.25
3240,201409,1,2776.0,12,19.0,4.0,0.0,83.0,1180.0,,,54,3.0,,1500.0
3241,201402,0,3050.0,12,16.0,0.0,0.0,,608.29,391.44,141.62,32,15.0,192.73,1216.58
3242,201402,1,406.0,12,0.0,0.0,0.0,,1500.0,,,32,0.0,,3560.0
3243,201412,0,1206.0,12,0.0,3.0,8.0,107.0,995.86,456.78,72.95,33,0.0,143.3,
3244,201408,1,1676.0,12,4.0,9.0,12.0,302.0,1355.0,534.66,184.67,66,4.0,421.09,3735.0
3245,201401,0,259.0,12,0.0,0.0,0.0,,320.0,,,21,0.0,,320.0
3246,201408,0,209.0,9,0.0,0.0,0.0,,1380.14,,,43,0.0,,1380.14
3247,201404,0,278.0,12,0.0,0.0,0.0,,300.0,,,34,0.0,,1456.8
3248,201401,0,431.0,4,0.0,0.0,0.0,,322.97,,,20,0.0,,645.94
3249,201405,0,579.0,12,0.0,0.0,0.0,,1000.0,,,48,0.0,0.0,1000.0
3250,201403,0,1272.0,10,0.0,6.0,11.0,356.0,1000.0,361.12,123.24,51,0.0,265.06,1000.0
3251,201407,0,4722.0,12,86.0,12.0,12.0,660.0,1000.0,513.33,35.55,64,4.0,175.86,1000.0
3252,201405,0,2657.0,12,18.0,1.0,2.0,,600.0,39.98,0.0,65,6.0,23.54,1600.0
3253,201406,0,247.0,12,0.0,0.0,0.0,,1000.0,,,45,0.0,,1000.0
3254,201405,0,2544.0,12,17.0,0.0,1.0,,1000.0,,,25,2.0,,1000.0
3255,201408,1,2528.0,12,16.0,9.0,12.0,508.0,2000.0,962.73,0.0,46,19.0,679.93,2000.0
3256,201404,0,2099.0,12,12.0,0.0,2.0,,1300.0,123.96,0.0,51,5.0,137.6,1300.0
3257,201409,1,235.0,12,0.0,0.0,0.0,,930.59,,,27,0.0,,
3258,201408,0,164.0,8,0.0,0.0,0.0,,500.0,,,46,0.0,,500.0
3259,201406,1,707.0,12,0.0,0.0,0.0,,1500.0,,,70,0.0,472.88,5468.62
3260,201404,1,2244.0,12,22.0,7.0,12.0,111.0,1500.0,534.98,77.11,51,4.0,559.0,1500.0
3261,201409,1,997.0,12,0.0,0.0,9.0,,971.33,554.01,71.37,26,0.0,58.55,627.15
3262,201410,1,3006.0,12,22.0,10.0,12.0,336.0,1685.0,641.06,209.7,44,15.0,589.82,2770.0
3263,201408,0,756.0,8,0.0,0.0,1.0,,3000.0,1358.84,0.0,58,0.0,1090.37,14587.23
3264,201408,1,616.0,12,0.0,0.0,0.0,,1800.0,,,31,0.0,64.49,1800.0
3265,201402,1,1108.0,12,0.0,0.0,10.0,281.0,1200.0,191.93,0.0,60,0.0,235.05,4300.0
3266,201404,1,2594.0,10,15.0,0.0,0.0,,700.0,,,26,8.0,,1300.0
3267,201402,0,470.0,5,0.0,0.0,0.0,,500.0,,,51,0.0,,1000.0
3268,201411,0,454.0,9,0.0,0.0,3.0,,3000.0,,,64,0.0,,6000.0
3269,201405,0,,12,,,,,1024.85,,,54,,,1955.49
3270,201404,0,3454.0,12,28.0,10.0,10.0,577.0,3000.0,1729.38,0.0,46,21.0,1658.03,3000.0
3271,201401,0,974.0,12,0.0,0.0,8.0,,2058.87,721.06,0.0,42,0.0,367.74,4117.74
3272,201402,0,1157.0,5,0.0,1.0,12.0,98.0,480.0,1497.02,0.0,38,0.0,1116.68,480.0
3273,201408,1,315.0,12,0.0,0.0,0.0,,500.0,,,31,0.0,,500.0
3274,201411,0,426.0,5,0.0,0.0,0.0,,374.0,,,34,0.0,,
3275,201408,0,2057.0,3,13.0,6.0,12.0,999.0,250.0,555.85,0.0,55,6.0,710.35,250.0
3276,201409,0,1071.0,12,0.0,0.0,6.0,,2000.0,327.06,0.0,52,0.0,,8000.0
3277,201403,1,637.0,12,0.0,0.0,0.0,,1471.86,,,30,0.0,140.82,1471.86
3278,201412,0,714.0,12,0.0,0.0,0.0,,1000.0,178.46,0.0,55,0.0,138.71,2000.0
3279,201408,1,257.0,3,0.0,0.0,0.0,,500.0,,,47,0.0,,500.0
3280,201407,0,1234.0,12,0.0,4.0,12.0,442.0,1900.74,967.54,179.65,30,0.0,630.15,2400.74
3281,201410,0,460.0,12,0.0,0.0,0.0,,1000.0,,,31,0.0,,
3282,201405,1,3126.0,12,40.0,4.0,9.0,221.0,450.0,157.94,0.0,28,14.0,43.2,450.0
3283,201402,0,380.0,7,0.0,0.0,0.0,,500.0,,,36,0.0,,2200.0
3284,201404,0,709.0,12,0.0,0.0,0.0,,1000.0,122.99,42.01,42,0.0,121.44,1000.0
3285,201402,1,248.0,10,0.0,0.0,0.0,,600.0,,,26,0.0,,1766.84
3286,201409,1,1099.0,12,0.0,0.0,12.0,264.0,2500.0,861.69,0.0,54,0.0,579.45,3000.0
3287,201406,1,920.0,12,0.0,0.0,6.0,,1500.0,737.69,98.31,45,0.0,523.72,5549.96
3288,201403,0,2681.0,10,4.0,1.0,2.0,27.0,500.0,,,34,7.0,0.0,1000.0
3289,201405,0,985.0,5,0.0,0.0,4.0,,450.0,125.97,0.0,31,0.0,46.88,450.0
3290,201401,0,975.0,12,0.0,0.0,10.0,,2296.83,99.99,0.0,72,0.0,46.8,12590.49
3291,201408,0,2409.0,12,10.0,7.0,2.0,181.0,1000.0,,,58,2.0,,4335.64
3292,201410,1,190.0,6,0.0,0.0,0.0,,500.0,,,71,0.0,,
3293,201405,1,465.0,12,0.0,0.0,0.0,,1300.0,,,68,0.0,,1300.0
3294,201411,1,583.0,12,0.0,0.0,0.0,,962.98,,,29,0.0,0.0,166.72
3295,201410,1,3699.0,12,20.0,0.0,7.0,,700.0,881.04,144.8,40,5.0,289.82,1000.0
3296,201410,0,874.0,3,0.0,0.0,4.0,,347.77,223.95,0.0,21,0.0,208.85,
3297,201411,1,2630.0,12,32.0,10.0,12.0,586.0,1500.0,719.13,42.32,45,6.0,423.8,
3298,201410,1,462.0,12,0.0,0.0,0.0,,2684.28,,,49,0.0,,
3299,201407,0,623.0,3,0.0,0.0,0.0,,150.0,,,57,0.0,67.18,150.0
3300,201410,1,696.0,12,0.0,0.0,0.0,,1000.0,,,26,0.0,63.96,
3301,201407,0,114.0,12,0.0,0.0,0.0,,910.58,,,19,0.0,,910.58
3302,201403,0,591.0,10,0.0,0.0,0.0,,800.0,,,32,0.0,0.0,800.0
3303,201409,0,2895.0,12,24.0,7.0,10.0,126.0,1100.0,300.51,18.6,69,14.0,189.29,4503.15
3304,201403,0,2362.0,10,21.0,7.0,12.0,474.0,500.0,1082.09,123.54,58,9.0,296.73,9500.0
3305,201409,0,2244.0,4,18.0,12.0,12.0,730.0,638.0,659.38,199.51,49,3.0,239.38,
3306,201407,1,279.0,4,0.0,0.0,0.0,,369.37,,,32,0.0,,369.37
3307,201408,0,2330.0,9,29.0,12.0,12.0,379.0,500.0,1521.71,449.68,57,33.0,583.0,500.0
3308,201405,1,1817.0,12,5.0,8.0,0.0,,1600.0,,,56,3.0,0.0,4400.0
3309,201410,1,923.0,5,0.0,0.0,7.0,,400.0,769.63,269.06,45,0.0,,400.0
3310,201409,1,331.0,12,0.0,0.0,0.0,,1533.27,,,20,0.0,,
3311,201407,0,2172.0,8,12.0,10.0,12.0,479.0,1500.0,607.79,0.0,64,4.0,443.63,1500.0
3312,201412,1,228.0,12,0.0,0.0,0.0,,1000.0,,,36,0.0,,
3313,201412,1,691.0,12,0.0,0.0,0.0,,2000.0,,,37,0.0,148.57,
3314,201409,0,1811.0,6,11.0,10.0,5.0,460.0,1000.0,234.94,0.0,60,1.0,884.73,
3315,201401,0,2475.0,3,1.0,0.0,0.0,,500.0,,,25,1.0,,1100.0
3316,201404,1,869.0,12,0.0,0.0,5.0,,1000.0,272.44,0.0,57,0.0,253.67,1000.0
3317,201410,1,504.0,12,0.0,0.0,0.0,,2000.0,,,56,0.0,,1223.14
3318,201407,0,4728.0,12,92.0,6.0,10.0,143.0,2500.0,453.48,103.59,64,10.0,252.31,14424.22
3319,201409,0,313.0,12,0.0,0.0,0.0,,1500.0,,,49,0.0,,
3320,201410,0,2807.0,12,40.0,11.0,12.0,2121.0,1200.0,2869.79,314.17,52,5.0,1002.63,
3321,201405,0,708.0,10,0.0,0.0,0.0,,300.0,,,21,0.0,268.26,300.0
3322,201406,1,479.0,12,0.0,0.0,0.0,,1600.0,,,34,0.0,,1600.0
3323,201406,0,1729.0,12,8.0,0.0,0.0,,1000.0,,,62,1.0,,2200.0
3324,201405,0,1286.0,12,0.0,5.0,5.0,628.0,2282.91,36.0,0.0,62,0.0,,15060.15
3325,201406,0,1411.0,12,0.0,9.0,12.0,740.0,1200.0,920.04,58.9,50,0.0,585.61,1200.0
3326,201401,0,2178.0,6,16.0,4.0,7.0,106.0,500.0,286.5,0.0,27,2.0,207.94,1000.0
3327,201405,0,3771.0,12,72.0,12.0,12.0,1610.0,1000.0,1326.55,45.07,55,3.0,789.29,3000.0
3328,201408,0,289.0,12,0.0,0.0,0.0,,1000.0,,,66,0.0,,1532.51
3329,201409,0,2077.0,6,12.0,5.0,0.0,221.0,500.0,,,56,5.0,,
3330,201409,0,3987.0,12,17.0,4.0,6.0,9.0,1000.0,66.96,0.0,67,26.0,42.34,2000.0
3331,201410,1,283.0,12,0.0,0.0,0.0,,1000.0,,,58,0.0,,
3332,201408,0,1303.0,12,0.0,4.0,11.0,236.0,2000.0,641.37,0.0,51,0.0,633.0,6000.0
3333,201407,1,2146.0,12,22.0,12.0,11.0,630.0,1500.0,574.92,196.08,58,1.0,512.0,4128.87
3334,201410,0,-7.0,12,,,,,2100.0,,,33,,,4564.85
3335,201410,0,1383.0,12,0.0,7.0,0.0,,1200.0,,,57,0.0,38.78,
3336,201405,1,771.0,12,0.0,0.0,2.0,,3000.0,136.71,0.0,58,0.0,360.53,4800.0
3337,201403,1,310.0,12,0.0,0.0,0.0,,770.0,,,26,0.0,,770.0
3338,201407,0,567.0,12,0.0,0.0,0.0,,2000.0,,,52,0.0,0.0,2500.0
3339,201402,0,644.0,12,0.0,0.0,0.0,,1500.0,,,58,0.0,179.78,3000.0
3340,201410,0,3152.0,3,19.0,0.0,2.0,,200.0,,,28,25.0,59.47,
3341,201406,1,654.0,12,0.0,0.0,0.0,,1000.0,,,44,0.0,124.04,1000.0
3342,201411,1,398.0,6,0.0,0.0,0.0,,1000.0,,,50,0.0,,500.0
3343,201408,0,737.0,12,0.0,0.0,0.0,,1067.0,347.69,0.0,33,0.0,683.87,2387.0
3344,201405,0,498.0,12,0.0,0.0,0.0,,1000.0,,,35,0.0,,2612.37
3345,201402,1,492.0,12,0.0,0.0,0.0,,350.0,,,28,0.0,,700.0
3346,201401,0,596.0,12,0.0,0.0,0.0,,1245.42,,,61,0.0,20.42,2490.84
3347,201406,0,765.0,7,0.0,0.0,1.0,,570.0,587.19,144.71,25,0.0,462.23,570.0
3348,201401,0,2280.0,12,22.0,9.0,11.0,433.0,3000.0,442.59,0.0,66,3.0,115.35,13500.0
3349,201408,1,906.0,12,0.0,0.0,5.0,,1400.0,175.94,0.0,32,0.0,63.31,1400.0
3350,201407,0,258.0,12,0.0,0.0,0.0,,1892.23,,,27,0.0,,1892.23
3351,201408,0,507.0,12,0.0,0.0,0.0,,1500.0,,,52,0.0,8.99,3310.06
3352,201410,0,2440.0,12,19.0,9.0,12.0,822.0,2000.0,1106.63,216.89,56,12.0,612.9,
3353,201408,0,260.0,12,0.0,0.0,0.0,,1000.0,,,47,0.0,,
3354,201407,1,348.0,12,0.0,0.0,0.0,,689.0,,,31,0.0,,689.0
3355,201408,0,2731.0,12,38.0,11.0,11.0,529.0,1500.0,1290.11,287.46,43,5.0,458.47,1500.0
3356,201404,0,3493.0,12,26.0,3.0,10.0,143.0,1000.0,453.8,0.0,51,12.0,760.03,1000.0
3357,201408,0,1693.0,12,3.0,0.0,0.0,,748.0,,,65,1.0,259.87,2248.0
3358,201405,0,2573.0,12,33.0,12.0,12.0,979.0,1000.0,725.8,61.11,71,3.0,720.67,2600.0
3359,201401,0,3509.0,5,28.0,7.0,9.0,146.0,200.0,55.97,0.0,43,22.0,85.23,700.0
3360,201410,1,413.0,12,0.0,0.0,0.0,,1100.0,,,29,0.0,,
3361,201412,1,4532.0,12,65.0,12.0,12.0,1489.0,3000.0,2098.75,549.98,61,18.0,1107.14,8148.36
3362,201401,1,3736.0,12,21.0,0.0,4.0,,1597.22,187.91,0.0,66,12.0,316.15,3494.44
3363,201411,0,2795.0,5,44.0,11.0,12.0,662.0,500.0,1148.29,355.57,52,1.0,590.74,
3364,201408,0,2136.0,12,6.0,0.0,3.0,92.0,2000.0,,,38,4.0,,8100.0
3365,201405,0,196.0,6,0.0,0.0,0.0,,500.0,,,41,0.0,,500.0
3366,201404,1,2291.0,12,22.0,11.0,5.0,465.0,2000.0,,,46,1.0,0.0,6924.54
3367,201405,0,3842.0,4,48.0,5.0,9.0,130.0,700.0,434.8,0.0,31,14.0,37.8,1754.66
3368,201412,1,803.0,12,0.0,0.0,3.0,,1500.0,66.68,0.0,60,0.0,25.89,3000.0
3369,201401,0,1371.0,12,0.0,2.0,6.0,268.0,500.0,29.99,0.0,22,0.0,,1000.0
3370,201405,0,2582.0,10,19.0,0.0,0.0,,700.0,,,60,4.0,,1700.0
3371,201405,0,498.0,10,0.0,0.0,0.0,,1200.0,,,58,0.0,,3200.0
3372,201405,0,4343.0,12,89.0,11.0,12.0,764.0,2000.0,791.26,108.54,50,3.0,337.26,4000.0
3373,201406,0,2165.0,12,21.0,7.0,12.0,433.0,3000.0,599.1,55.23,49,2.0,115.71,3000.0
3374,201407,0,498.0,12,0.0,0.0,0.0,,1000.0,,,22,0.0,15.69,3709.8
3375,201405,0,3146.0,12,21.0,10.0,12.0,351.0,1412.23,194.79,20.89,60,7.0,216.79,1412.23
3376,201404,0,375.0,10,0.0,0.0,0.0,,300.0,,,78,0.0,,300.0
3377,201404,0,4146.0,10,48.0,10.0,12.0,772.0,3000.0,618.75,0.0,42,6.0,585.26,3000.0
3378,201412,0,1813.0,12,11.0,9.0,12.0,629.0,1033.78,200.92,0.0,78,1.0,259.5,
3379,201408,1,368.0,12,0.0,0.0,0.0,,1922.76,,,51,0.0,,1922.76
3380,201401,0,1287.0,12,0.0,5.0,5.0,373.0,1000.0,90.99,0.0,65,0.0,,2000.0
3381,201403,0,454.0,12,0.0,0.0,0.0,,1000.0,,,35,0.0,,1000.0
3382,201402,0,1873.0,12,8.0,5.0,0.0,,807.0,,,30,6.0,,1614.0
3383,201401,0,4754.0,12,32.0,10.0,12.0,1639.0,2000.0,1531.62,95.0,64,29.0,1100.0,4000.0
3384,201405,1,513.0,12,0.0,0.0,0.0,,2000.0,,,50,0.0,,3000.0
3385,201410,0,3344.0,12,43.0,11.0,10.0,417.0,1790.0,294.85,0.0,63,9.0,,5948.49
3386,201404,0,525.0,12,0.0,0.0,0.0,,960.0,,,45,0.0,,960.0
3387,201412,0,2008.0,12,12.0,0.0,0.0,,2000.0,,,27,1.0,,5800.0
3388,201407,1,672.0,12,0.0,0.0,0.0,,1000.0,,,50,0.0,160.24,1300.0
3389,201407,0,601.0,12,0.0,0.0,0.0,,2603.3,,,39,0.0,42.34,
3390,201411,0,1113.0,12,0.0,0.0,9.0,80.0,1000.0,69.98,0.0,31,0.0,,
3391,201402,1,3710.0,12,53.0,11.0,8.0,404.0,1500.0,,,49,12.0,,4500.0
3392,201412,0,239.0,3,0.0,0.0,0.0,,300.0,,,62,0.0,,500.0
3393,201403,0,3339.0,6,31.0,5.0,4.0,82.0,1000.0,,,54,8.0,31.38,1000.0
3394,201401,1,1217.0,12,0.0,3.0,12.0,1019.0,1500.0,607.79,0.0,51,0.0,224.59,5300.0
3395,201405,1,239.0,12,0.0,0.0,0.0,,439.76,,,22,0.0,,439.76
3396,201405,0,4947.0,12,72.0,10.0,11.0,312.0,2000.0,955.08,7.36,55,29.0,342.61,8800.0
3397,201410,0,1540.0,12,2.0,12.0,11.0,318.0,700.0,439.84,0.0,72,1.0,249.91,3000.0
3398,201401,1,320.0,12,0.0,0.0,0.0,,1200.0,,,38,0.0,,3097.14
3399,201401,1,192.0,12,0.0,0.0,0.0,,1000.0,,,38,0.0,,2000.0
3400,201404,0,3748.0,12,8.0,0.0,0.0,,1200.0,,,46,2.0,,1200.0
3401,201408,0,2398.0,10,18.0,0.0,6.0,49.0,500.0,313.91,0.0,73,3.0,259.73,500.0
3402,201402,0,213.0,12,0.0,0.0,0.0,,700.0,,,29,0.0,,1400.0
3403,201406,0,613.0,12,0.0,0.0,0.0,,800.0,,,74,0.0,35.3,800.0
3404,201409,0,2027.0,10,18.0,12.0,12.0,840.0,400.0,609.4,0.0,42,1.0,336.5,
3405,201406,0,,12,0.0,0.0,0.0,,2296.83,,,54,0.0,,4357.83
3406,201405,0,1681.0,12,7.0,11.0,12.0,633.0,1300.0,428.06,117.67,60,1.0,110.57,6390.75
3407,201405,0,454.0,12,0.0,0.0,0.0,,2000.0,,,55,0.0,,2000.0
3408,201403,1,2103.0,12,20.0,10.0,12.0,1285.0,890.0,2789.81,387.6,58,1.0,1074.5,4842.96
3409,201410,1,737.0,7,0.0,0.0,1.0,,600.0,77.97,0.0,24,0.0,202.26,
3410,201409,0,192.0,12,0.0,0.0,0.0,,2000.0,,,64,0.0,,
3411,201401,0,351.0,12,0.0,0.0,0.0,,700.0,,,33,0.0,,1400.0
3412,201403,0,319.0,12,0.0,0.0,0.0,,3000.0,,,44,0.0,,3000.0
3413,201402,0,1720.0,10,8.0,12.0,12.0,662.0,1000.0,228.34,0.0,68,1.0,251.6,2000.0
3414,201411,0,342.0,10,0.0,0.0,0.0,,700.0,,,24,0.0,,
3415,201404,1,902.0,12,0.0,0.0,5.0,,1200.0,462.21,72.41,45,0.0,335.9,1200.0
3416,201403,0,795.0,8,0.0,0.0,2.0,,600.0,61.97,0.0,48,0.0,,600.0
3417,201408,0,1794.0,12,7.0,11.0,12.0,206.0,1000.0,259.88,0.0,62,2.0,98.05,5573.57
3418,201408,0,772.0,12,0.0,0.0,1.0,,1000.0,161.93,0.0,40,0.0,217.48,1000.0
3419,201412,1,375.0,12,0.0,0.0,0.0,,1300.0,,,29,0.0,,975.59
3420,201402,0,868.0,3,0.0,0.0,5.0,,600.0,35.99,0.0,39,0.0,50.95,1200.0
3421,201407,0,217.0,5,0.0,0.0,0.0,,966.52,,,26,0.0,,966.52
3422,201402,0,518.0,12,0.0,0.0,0.0,,628.94,,,33,0.0,,
3423,201401,1,548.0,12,0.0,0.0,0.0,,1686.25,,,33,0.0,,3372.5
3424,201411,0,869.0,5,0.0,0.0,4.0,,500.0,191.94,0.0,23,0.0,308.96,500.0
3425,201409,0,560.0,5,0.0,0.0,0.0,,200.0,,,44,0.0,0.0,150.0
3426,201402,0,853.0,12,0.0,0.0,4.0,,1000.0,552.84,0.0,58,0.0,394.94,3000.0
3427,201401,0,261.0,12,0.0,0.0,0.0,,1000.0,,,39,0.0,,2400.0
3428,201403,0,431.0,4,0.0,0.0,0.0,,500.0,,,57,0.0,,500.0
3429,201411,1,713.0,12,0.0,0.0,0.0,,1717.54,,,29,0.0,356.54,41.51
3430,201410,0,1518.0,12,1.0,3.0,5.0,,400.0,278.9,0.0,48,1.0,,1700.0
3431,201404,1,1252.0,7,0.0,4.0,12.0,629.0,500.0,369.75,54.89,39,0.0,512.09,1500.0
3432,201410,0,2539.0,6,18.0,0.0,12.0,91.0,370.0,422.29,109.4,38,3.0,251.07,
3433,201407,0,527.0,12,0.0,0.0,0.0,,950.0,,,35,0.0,,950.0
3434,201405,1,303.0,12,0.0,0.0,0.0,,1203.04,,,27,0.0,,1203.04
3435,201402,0,2309.0,12,16.0,10.0,12.0,2123.0,2900.0,2911.82,239.61,63,12.0,965.54,2900.0
3436,201404,0,617.0,12,0.0,0.0,0.0,,2000.0,,,32,0.0,136.24,3014.67
3437,201404,0,398.0,12,0.0,0.0,0.0,,1438.06,,,46,0.0,,1438.06
3438,201406,0,742.0,3,0.0,0.0,1.0,,400.0,145.96,0.0,21,0.0,222.62,400.0
3439,201405,0,4893.0,12,64.0,10.0,12.0,559.0,1250.0,1383.13,210.72,71,9.0,886.99,2550.0
3440,201403,0,1909.0,12,14.0,10.0,12.0,535.0,1300.0,595.0,25.31,43,1.0,261.36,1300.0
3441,201402,0,950.0,12,0.0,0.0,7.0,,2500.0,552.03,0.0,70,0.0,487.16,13381.4
3442,201410,1,136.0,12,0.0,0.0,0.0,,1200.0,,,43,0.0,,
3443,201402,1,501.0,12,0.0,0.0,0.0,,1000.0,,,53,0.0,,2000.0
3444,201408,0,192.0,12,0.0,0.0,0.0,,600.0,,,37,0.0,,600.0
3445,201410,0,4868.0,4,71.0,4.0,7.0,,500.0,211.9,0.0,61,33.0,65.73,2496.0
3446,201408,0,3100.0,10,44.0,10.0,12.0,1050.0,1000.0,1457.55,0.0,29,10.0,724.42,1000.0
3447,201411,0,,12,0.0,0.0,0.0,,800.0,,,62,0.0,,1450.0
3448,201403,1,259.0,12,0.0,0.0,0.0,,887.39,,,34,0.0,,887.39
3449,201401,1,631.0,12,0.0,0.0,0.0,,2000.0,,,40,0.0,183.02,7802.54
3450,201409,0,2601.0,10,8.0,0.0,4.0,,1200.0,75.97,0.0,31,3.0,199.33,1836.64
3451,201401,0,987.0,12,0.0,0.0,8.0,,1000.0,777.93,156.17,48,0.0,365.67,3549.35
3452,201410,0,2947.0,10,16.0,3.0,6.0,32.0,1000.0,75.98,0.0,78,8.0,68.34,
3453,201405,0,741.0,3,0.0,0.0,0.0,,400.0,177.94,0.0,37,0.0,344.4,400.0
3454,201406,0,2811.0,12,24.0,10.0,3.0,327.0,1000.0,,,57,7.0,96.97,7800.0
3455,201403,0,187.0,10,0.0,0.0,0.0,,600.0,,,29,0.0,,600.0
3456,201409,1,1367.0,12,0.0,9.0,12.0,444.0,1200.0,385.97,117.45,49,0.0,200.0,500.0
3457,201406,0,669.0,12,0.0,0.0,0.0,,2877.07,,,48,0.0,120.66,7366.61
3458,201407,0,331.0,4,0.0,0.0,0.0,,150.0,,,66,0.0,,150.0
3459,201401,0,4164.0,12,35.0,12.0,12.0,290.0,1500.0,792.69,0.0,64,9.0,553.28,3000.0
3460,201410,0,4071.0,7,49.0,11.0,2.0,429.0,250.0,109.98,0.0,38,11.0,240.59,
3461,201408,1,509.0,12,0.0,0.0,0.0,,1500.0,,,55,0.0,,1500.0
3462,201403,0,,12,0.0,0.0,0.0,,800.0,,,49,0.0,,1575.91
3463,201401,0,318.0,12,0.0,0.0,0.0,,1000.0,,,42,0.0,,2500.0
3464,201403,0,1671.0,12,3.0,11.0,12.0,505.0,2371.16,284.93,0.0,64,2.0,25.82,9490.3
3465,201406,0,699.0,12,0.0,0.0,0.0,,1500.0,,,54,0.0,640.82,3000.0
3466,201404,0,4000.0,12,53.0,5.0,12.0,52.0,2000.0,462.79,117.9,39,17.0,542.34,4779.16
3467,201411,0,471.0,12,0.0,0.0,0.0,,600.0,,,31,0.0,,
3468,201407,0,3832.0,12,66.0,4.0,5.0,,2900.0,369.25,117.32,67,11.0,169.2,13150.0
3469,201401,0,2582.0,10,34.0,12.0,12.0,1121.0,1500.0,1128.72,0.0,37,2.0,357.24,3000.0
3470,201406,1,338.0,12,0.0,0.0,0.0,,1000.0,,,32,0.0,,1000.0
3471,201410,1,2112.0,12,18.0,11.0,12.0,471.0,2000.0,314.89,0.0,57,2.0,216.83,1880.0
3472,201405,0,313.0,6,0.0,0.0,0.0,,300.0,,,61,0.0,,300.0
3473,201402,0,4774.0,12,75.0,10.0,12.0,392.0,1200.0,864.89,205.76,56,8.0,438.53,2400.0
3474,201401,0,320.0,5,0.0,0.0,0.0,,561.43,,,47,0.0,,1122.86
3475,201411,1,2345.0,12,21.0,8.0,8.0,596.0,600.0,231.93,0.0,39,7.0,242.0,
3476,201401,0,879.0,12,0.0,0.0,7.0,,800.0,123.98,0.0,54,0.0,149.42,2500.0
3477,201401,1,2049.0,12,13.0,2.0,1.0,,800.0,,,32,5.0,,2200.0
3478,201403,0,305.0,12,0.0,0.0,0.0,,944.96,,,70,0.0,,944.96
3479,201412,1,4827.0,12,25.0,0.0,0.0,,3000.0,,,59,33.0,,
3480,201411,0,4562.0,12,69.0,9.0,11.0,1461.0,2000.0,3191.58,610.12,67,21.0,1736.93,5000.0
3481,201408,0,3995.0,12,65.0,6.0,11.0,119.0,3000.0,541.92,154.34,59,10.0,128.36,8000.0
3482,201404,1,604.0,12,0.0,0.0,0.0,,300.0,,,21,0.0,41.0,300.0
3483,201411,0,908.0,6,0.0,0.0,7.0,,1500.0,447.91,0.0,61,0.0,,4000.0
3484,201402,1,196.0,6,0.0,0.0,0.0,,600.0,,,37,0.0,,1200.0
3485,201407,0,766.0,12,0.0,0.0,1.0,,500.0,308.03,38.07,50,0.0,208.42,500.0
3486,201405,0,2084.0,12,20.0,12.0,11.0,151.0,1000.0,375.94,75.15,67,1.0,190.28,2000.0
3487,201403,0,440.0,12,0.0,0.0,0.0,,1000.0,,,28,0.0,,2000.0
3488,201405,0,925.0,10,0.0,0.0,6.0,,1166.36,192.91,0.0,32,0.0,150.0,2766.36
3489,201411,1,3391.0,12,56.0,12.0,11.0,1074.0,1500.0,1930.92,0.0,40,7.0,1366.25,149.12
3490,201411,0,1358.0,12,0.0,8.0,12.0,832.0,2000.0,1274.59,0.0,42,0.0,533.63,9948.58
3491,201405,0,727.0,12,0.0,0.0,3.0,,500.0,770.49,267.7,31,0.0,527.02,500.0
3492,201410,1,416.0,12,0.0,0.0,0.0,,1200.0,,,30,0.0,,600.0
3493,201402,0,2483.0,6,14.0,6.0,7.0,82.0,450.0,38.98,0.0,43,5.0,,1500.0
3494,201412,0,1286.0,12,0.0,5.0,11.0,456.0,1994.32,630.5,77.49,49,0.0,313.33,
3495,201401,0,3673.0,12,13.0,0.0,0.0,,1000.0,221.27,71.3,53,8.0,142.24,2000.0
3496,201402,0,916.0,12,0.0,0.0,6.0,,1000.0,495.26,123.74,40,0.0,328.68,5100.15
3497,201406,0,455.0,5,0.0,0.0,0.0,,400.0,,,30,0.0,,400.0
3498,201410,1,473.0,12,0.0,0.0,0.0,,500.0,,,21,0.0,,
3499,201404,0,2968.0,12,47.0,11.0,12.0,664.0,1800.0,769.75,0.0,68,2.0,135.15,5080.99
3500,201407,0,5026.0,5,56.0,10.0,10.0,799.0,1000.0,2158.62,499.22,57,35.0,1677.8,4200.0
3501,201401,0,341.0,12,0.0,0.0,0.0,,450.0,,,48,0.0,,1400.0
3502,201408,0,686.0,12,0.0,0.0,0.0,,1000.0,,,47,0.0,86.17,3300.0
3503,201405,0,2146.0,12,10.0,2.0,0.0,39.0,1277.0,,,38,1.0,,2277.0
3504,201402,0,2361.0,12,23.0,6.0,9.0,,3000.0,1357.84,364.19,71,5.0,658.52,16120.0
3505,201411,0,2833.0,6,33.0,8.0,11.0,570.0,300.0,717.76,0.0,51,13.0,518.63,
3506,201406,0,574.0,12,0.0,0.0,0.0,,500.0,,,64,0.0,0.0,1500.0
3507,201406,0,906.0,3,0.0,0.0,5.0,,694.29,331.3,76.58,37,0.0,308.66,694.29
3508,201402,0,196.0,12,0.0,0.0,0.0,,300.0,,,53,0.0,,600.0
3509,201402,0,494.0,12,0.0,0.0,0.0,,2000.0,,,51,0.0,,6700.0
3510,201406,0,891.0,12,0.0,0.0,6.0,,2000.0,468.84,116.52,66,0.0,393.6,2000.0
3511,201401,0,539.0,5,0.0,0.0,0.0,,500.0,,,56,0.0,,1000.0
3512,201410,0,531.0,12,0.0,0.0,0.0,,3000.0,,,49,0.0,,3627.66
3513,201412,0,1274.0,5,0.0,4.0,12.0,401.0,1576.83,351.97,0.0,58,0.0,411.69,1500.0
3514,201406,0,3226.0,12,58.0,6.0,9.0,388.0,800.0,855.39,181.61,64,1.0,806.4,800.0
3515,201402,0,1167.0,8,0.0,2.0,12.0,469.0,500.0,763.86,168.03,48,0.0,427.67,1000.0
3516,201405,0,2652.0,5,25.0,5.0,3.0,,350.0,,,36,14.0,,350.0
3517,201403,0,561.0,12,0.0,0.0,0.0,,1000.0,,,67,0.0,,1000.0
3518,201408,0,2736.0,12,14.0,2.0,10.0,89.0,1500.0,305.93,0.0,25,27.0,527.0,2396.94
3519,201401,0,2151.0,9,7.0,0.0,9.0,,600.0,350.9,0.0,61,3.0,328.43,1771.44
3520,201405,1,431.0,12,0.0,0.0,0.0,,1090.61,,,39,0.0,,1090.61
3521,201405,1,693.0,8,0.0,0.0,0.0,,600.0,,,55,0.0,201.89,1310.48
3522,201404,0,1204.0,12,0.0,3.0,12.0,150.0,800.0,931.34,55.81,48,0.0,798.03,800.0
3523,201411,0,1924.0,12,13.0,8.0,12.0,219.0,1350.0,670.79,0.0,72,3.0,485.9,2767.01
3524,201402,1,742.0,12,0.0,0.0,1.0,,1500.0,319.09,61.18,50,0.0,298.31,4100.0
3525,201402,0,2633.0,12,10.0,1.0,0.0,,1884.29,,,27,6.0,,5108.02
3526,201407,0,551.0,12,0.0,0.0,0.0,,1200.0,,,58,0.0,,4590.0
3527,201408,0,270.0,3,0.0,0.0,0.0,,300.0,,,38,0.0,,600.0
3528,201402,0,4567.0,12,98.0,12.0,12.0,1429.0,2000.0,1332.56,337.98,65,5.0,1017.68,11296.48
3529,201407,0,625.0,10,0.0,0.0,0.0,,2456.98,,,45,0.0,82.52,2456.98
3530,201403,0,616.0,12,0.0,0.0,0.0,,1455.14,,,29,0.0,50.76,2248.09
3531,201405,0,614.0,12,0.0,0.0,0.0,,866.23,,,58,0.0,68.06,1366.23
3532,201410,0,304.0,12,0.0,0.0,0.0,,1500.0,,,50,0.0,,
3533,201411,0,3595.0,3,4.0,1.0,12.0,211.0,500.0,236.61,56.04,40,1.0,241.79,500.0
3534,201412,1,373.0,12,0.0,0.0,0.0,,1300.0,,,49,0.0,,600.0
3535,201406,1,,12,,,,,1500.0,,,58,,,2500.0
3536,201411,0,469.0,12,0.0,0.0,0.0,,2616.73,,,59,0.0,,
3537,201408,0,4735.0,5,101.0,12.0,11.0,1643.0,1000.0,2316.66,55.41,43,8.0,991.0,1000.0
3538,201405,0,3065.0,12,31.0,11.0,11.0,205.0,1529.34,519.17,96.3,73,11.0,162.6,6470.4
3539,201405,0,673.0,12,0.0,0.0,0.0,,1500.0,,,47,0.0,43.37,1500.0
3540,201405,0,1309.0,12,0.0,2.0,9.0,173.0,570.0,292.53,91.64,28,0.0,399.18,570.0
3541,201412,0,354.0,3,0.0,0.0,0.0,,1000.0,,,54,0.0,,150.0
3542,201402,0,631.0,8,0.0,0.0,0.0,,2012.8,,,39,0.0,318.87,4025.6
3543,201407,0,1086.0,12,0.0,0.0,12.0,157.0,1000.0,563.78,177.96,51,0.0,355.03,2200.0
3544,201409,0,2559.0,12,29.0,0.0,0.0,,1350.0,,,38,2.0,,1200.0
3545,201412,0,439.0,12,0.0,0.0,0.0,,2000.0,,,49,0.0,,
3546,201411,1,264.0,5,0.0,0.0,0.0,,500.0,,,30,0.0,,535.85
3547,201402,0,438.0,4,0.0,0.0,0.0,,300.0,,,28,0.0,,600.0
3548,201401,0,255.0,12,0.0,0.0,0.0,,1000.0,,,53,0.0,,3000.0
3549,201411,0,1428.0,12,0.0,9.0,12.0,464.0,1000.0,717.27,0.0,76,0.0,543.66,7820.24
3550,201409,0,2139.0,12,21.0,12.0,12.0,459.0,1300.0,560.46,116.85,47,1.0,800.0,1000.0
3551,201405,1,201.0,12,0.0,0.0,0.0,,2483.25,,,60,0.0,,2483.25
3552,201405,0,1221.0,12,0.0,3.0,12.0,289.0,1942.0,556.92,187.01,75,0.0,671.88,6202.0
3553,201401,1,498.0,12,0.0,0.0,0.0,,2000.0,,,58,0.0,,5500.0
3554,201409,0,516.0,12,0.0,0.0,0.0,,1139.63,,,38,0.0,,
3555,201406,1,279.0,5,0.0,0.0,0.0,,250.0,,,37,0.0,,250.0
3556,201406,1,844.0,12,0.0,0.0,4.0,,800.0,286.94,0.0,49,0.0,280.31,800.0
3557,201412,0,2287.0,6,17.0,10.0,12.0,463.0,1500.0,279.93,0.0,49,12.0,224.23,
3558,201411,1,436.0,10,0.0,0.0,0.0,,2000.0,,,50,0.0,,
3559,201403,0,822.0,12,0.0,0.0,7.0,,800.0,359.01,90.72,51,0.0,290.39,800.0
3560,201404,0,1355.0,12,0.0,4.0,0.0,168.0,1500.0,,,56,0.0,,1500.0
3561,201406,0,171.0,12,0.0,0.0,0.0,,1476.26,,,58,0.0,,1476.26
3562,201411,0,451.0,3,0.0,0.0,0.0,,200.0,,,61,0.0,,600.0
3563,201411,1,980.0,12,0.0,0.0,8.0,,930.0,403.05,0.0,30,0.0,142.6,960.0
3564,201409,0,1109.0,10,0.0,0.0,11.0,124.0,700.0,164.44,28.52,37,0.0,,2600.0
3565,201402,0,237.0,3,0.0,0.0,0.0,,300.0,,,30,0.0,,600.0
3566,201401,0,197.0,12,0.0,0.0,0.0,,900.0,,,56,0.0,,1800.0
3567,201412,0,957.0,12,0.0,0.0,7.0,,1500.0,522.25,38.5,72,0.0,447.99,
3568,201404,0,308.0,12,0.0,0.0,0.0,,600.0,,,53,0.0,,800.0
3569,201404,1,423.0,10,0.0,0.0,0.0,,1500.0,,,56,0.0,,1500.0
3570,201405,0,1612.0,12,4.0,9.0,12.0,688.0,1000.0,793.41,78.57,51,1.0,682.34,2000.0
3571,201410,1,233.0,8,0.0,0.0,0.0,,400.0,,,40,0.0,,
3572,201409,0,261.0,5,0.0,0.0,0.0,,250.0,,,40,0.0,,
3573,201411,0,496.0,12,0.0,0.0,0.0,,370.0,,,49,0.0,,
3574,201403,0,815.0,6,0.0,0.0,3.0,,1500.0,156.97,0.0,60,0.0,171.71,1799.96
3575,201406,0,598.0,6,0.0,0.0,0.0,,500.0,,,59,0.0,29.39,500.0
3576,201406,0,284.0,5,0.0,0.0,0.0,,450.0,,,28,0.0,,450.0
3577,201406,1,655.0,12,0.0,0.0,0.0,,1874.78,,,53,0.0,445.19,2874.78
3578,201402,1,4488.0,5,81.0,6.0,9.0,260.0,600.0,535.79,0.0,45,7.0,282.32,1200.0
3579,201408,0,3957.0,12,43.0,7.0,12.0,930.0,1000.0,1011.25,0.0,49,9.0,503.0,1000.0
3580,201401,0,687.0,6,0.0,0.0,0.0,,200.0,,,31,0.0,97.48,400.0
3581,201407,1,1160.0,12,0.0,1.0,7.0,346.0,900.0,,,27,0.0,,900.0
3582,201401,1,2220.0,12,18.0,0.0,6.0,103.0,2000.0,1067.43,309.71,56,3.0,521.91,8379.44
3583,201408,1,594.0,9,0.0,0.0,0.0,,500.0,,,34,0.0,72.14,1300.0
3584,201404,0,3757.0,12,25.0,0.0,0.0,,2500.0,,,69,10.0,176.7,5000.0
3585,201403,0,292.0,5,0.0,0.0,0.0,,300.0,,,61,0.0,,300.0
3586,201407,0,277.0,12,0.0,0.0,0.0,,700.0,,,33,0.0,,700.0
3587,201402,0,511.0,5,0.0,0.0,0.0,,500.0,,,57,0.0,,1000.0
3588,201412,0,1408.0,12,0.0,10.0,12.0,413.0,1800.0,412.61,56.69,61,0.0,258.37,1600.0
3589,201404,0,498.0,6,0.0,0.0,0.0,,200.0,,,31,0.0,,200.0
3590,201408,1,969.0,12,0.0,0.0,8.0,,1000.0,514.02,0.0,38,0.0,314.15,2200.0
3591,201412,0,1419.0,12,0.0,3.0,10.0,170.0,1074.0,469.9,146.49,65,0.0,264.23,1074.0
3592,201409,1,245.0,12,0.0,0.0,0.0,,1881.46,,,46,0.0,,
3593,201401,0,673.0,8,0.0,0.0,0.0,,1500.0,,,45,0.0,205.87,3700.0
3594,201412,0,782.0,12,0.0,0.0,1.0,,2824.0,485.7,89.35,30,0.0,280.39,2334.07
3595,201411,0,4718.0,12,67.0,7.0,12.0,865.0,2000.0,1472.54,50.47,48,14.0,499.65,6000.0
3596,201402,0,456.0,12,0.0,0.0,0.0,,413.64,,,21,0.0,,827.28
3597,201402,1,548.0,12,0.0,0.0,0.0,,800.0,,,29,0.0,,2192.48
3598,201403,0,2596.0,12,26.0,9.0,11.0,359.0,1000.0,883.24,285.4,64,12.0,643.8,1000.0
3599,201406,1,245.0,12,0.0,0.0,0.0,,1277.36,,,33,0.0,,1277.36
3600,201410,0,1388.0,5,0.0,3.0,5.0,298.0,1000.0,76.95,0.0,72,0.0,,8060.0
3601,201408,1,619.0,12,0.0,0.0,0.0,,1000.0,,,59,0.0,60.46,1000.0
3602,201404,0,667.0,12,0.0,0.0,1.0,,800.0,,,50,0.0,47.31,1438.91
3603,201404,1,1018.0,12,0.0,0.0,9.0,,1000.0,693.29,132.52,67,0.0,290.24,3000.0
3604,201404,0,234.0,10,0.0,0.0,0.0,,700.0,,,71,0.0,,700.0
3605,201405,0,355.0,8,0.0,0.0,0.0,,500.0,,,56,0.0,,500.0
3606,201401,0,801.0,12,0.0,0.0,2.0,,2200.0,157.91,0.0,58,0.0,190.85,4400.0
3607,201403,0,3024.0,3,2.0,0.0,0.0,,320.0,,,58,1.0,,320.0
3608,201408,0,144.0,8,0.0,0.0,0.0,,500.0,,,55,0.0,,500.0
3609,201409,0,1546.0,12,2.0,1.0,0.0,,500.0,,,42,1.0,,
3610,201402,0,624.0,12,0.0,0.0,0.0,,2276.11,,,38,0.0,21.54,4552.22
3611,201408,1,795.0,5,0.0,0.0,2.0,,300.0,176.36,0.0,22,0.0,158.98,900.0
3612,201410,0,3714.0,12,7.0,0.0,0.0,,2000.0,,,50,8.0,166.56,5500.0
3613,201404,0,756.0,12,0.0,0.0,1.0,,500.0,49.99,0.0,60,0.0,305.35,1150.0
3614,201412,0,3989.0,12,41.0,11.0,12.0,932.0,1500.0,925.68,0.0,69,5.0,782.76,
3615,201409,0,458.0,12,0.0,0.0,0.0,,776.5,,,21,0.0,,
3616,201405,0,2616.0,12,25.0,10.0,7.0,339.0,1916.01,265.9,0.0,33,6.0,28.88,15166.01
3617,201405,0,1032.0,8,0.0,0.0,10.0,,1000.0,1218.42,0.0,42,0.0,354.35,2800.0
3618,201409,1,398.0,10,0.0,0.0,0.0,,600.0,,,72,0.0,,2000.0
3619,201411,0,4714.0,6,48.0,0.0,0.0,,300.0,,,56,34.0,,
3620,201407,1,362.0,12,0.0,0.0,0.0,,1300.0,,,32,0.0,,1300.0
3621,201410,0,499.0,5,0.0,0.0,0.0,,700.0,,,31,0.0,0.0,360.0
3622,201401,0,615.0,12,0.0,0.0,0.0,,1855.2,,,31,0.0,80.92,3710.4
3623,201401,0,3261.0,12,36.0,7.0,0.0,,500.0,738.25,262.37,49,13.0,454.13,5751.16
3624,201411,1,711.0,12,0.0,0.0,0.0,,1204.0,,,32,0.0,150.92,
3625,201401,1,609.0,5,0.0,0.0,0.0,,500.0,,,32,0.0,104.37,1559.86
3626,201404,0,865.0,12,0.0,0.0,5.0,,3000.0,352.19,59.34,45,0.0,320.91,3000.0
3627,201405,0,581.0,12,0.0,0.0,0.0,,1300.0,,,52,0.0,8.99,1300.0
3628,201401,1,1037.0,12,0.0,0.0,10.0,,2000.0,280.47,0.0,47,0.0,200.0,4225.97
3629,201407,0,2824.0,12,29.0,11.0,12.0,327.0,2000.0,122.75,32.78,70,15.0,37.06,10800.0
3630,201406,0,1026.0,4,0.0,0.0,5.0,,200.0,558.34,0.0,31,0.0,453.75,200.0
3631,201410,0,289.0,10,0.0,0.0,0.0,,993.19,,,29,0.0,,
3632,201410,0,897.0,12,0.0,0.0,6.0,,1000.0,299.84,0.0,55,0.0,39.41,
3633,201407,1,670.0,12,0.0,0.0,0.0,,2000.0,,,30,0.0,150.0,2500.0
3634,201408,0,4991.0,12,72.0,12.0,11.0,396.0,2000.0,430.54,0.0,69,32.0,365.54,2600.0
3635,201406,0,2372.0,12,19.0,2.0,2.0,89.0,1300.0,,,47,4.0,,1650.0
3636,201411,0,1740.0,12,2.0,1.0,2.0,121.0,1430.88,,,29,2.0,0.0,1000.0
3637,201408,0,3624.0,3,16.0,3.0,0.0,19.0,300.0,,,60,5.0,,900.0
3638,201412,1,230.0,12,0.0,0.0,0.0,,2917.72,,,54,0.0,,
3639,201404,0,2301.0,12,23.0,8.0,9.0,993.0,1500.0,441.77,63.9,44,2.0,396.73,7400.0
3640,201403,0,2411.0,12,31.0,12.0,12.0,1422.0,1584.73,2028.18,386.83,27,1.0,762.85,1584.73
3641,201410,0,3388.0,12,62.0,12.0,10.0,442.0,800.0,641.43,0.0,66,2.0,500.5,3800.0
3642,201403,1,686.0,12,0.0,0.0,0.0,,1000.0,,,28,0.0,249.48,1500.0
3643,201401,1,538.0,12,0.0,0.0,0.0,,600.0,,,37,0.0,,1200.0
3644,201403,0,765.0,5,0.0,0.0,1.0,,500.0,122.93,0.0,21,0.0,286.27,500.0
3645,201403,0,4815.0,4,40.0,0.0,0.0,,250.0,,,50,36.0,,250.0
3646,201406,0,484.0,12,0.0,0.0,0.0,,1576.36,,,32,0.0,,2778.71
3647,201402,0,634.0,8,0.0,0.0,0.0,,615.33,,,39,0.0,232.46,1230.66
3648,201401,0,246.0,12,0.0,0.0,0.0,,1270.0,,,59,0.0,,2540.0
3649,201405,0,697.0,12,0.0,0.0,0.0,,2423.89,,,28,0.0,324.0,2423.89
3650,201412,0,3697.0,8,3.0,0.0,3.0,,1500.0,1185.13,142.33,46,4.0,558.89,2000.0
3651,201410,0,231.0,8,0.0,0.0,0.0,,1400.0,,,74,0.0,,
3652,201411,1,338.0,5,0.0,0.0,0.0,,320.0,,,39,0.0,,
3653,201404,0,536.0,12,0.0,0.0,0.0,,1500.0,,,40,0.0,,2300.0
3654,201404,0,1024.0,12,0.0,0.0,2.0,,992.42,37.39,0.0,38,0.0,26.4,992.42
3655,201407,0,262.0,12,0.0,0.0,0.0,,1800.0,,,48,0.0,,1800.0
3656,201403,0,686.0,12,0.0,0.0,0.0,,1000.0,,,54,0.0,143.92,1000.0
3657,201403,0,265.0,12,0.0,0.0,0.0,,649.43,,,40,0.0,,649.43
3658,201407,0,1166.0,12,0.0,1.0,11.0,338.0,2627.66,711.87,0.0,46,0.0,618.25,
3659,201407,0,1012.0,12,0.0,0.0,9.0,,1600.0,1485.69,0.0,56,0.0,778.87,4600.0
3660,201410,0,1646.0,6,7.0,10.0,11.0,737.0,1000.0,493.38,11.53,45,1.0,570.64,
3661,201410,0,633.0,12,0.0,0.0,0.0,,1000.0,,,49,0.0,42.99,600.0
3662,201409,0,1899.0,12,10.0,7.0,12.0,543.0,1000.0,293.84,0.0,50,5.0,121.32,
3663,201408,0,167.0,12,0.0,0.0,0.0,,1103.0,,,26,0.0,,1103.0
3664,201411,0,4478.0,12,45.0,6.0,10.0,502.0,3000.0,251.91,0.0,68,11.0,38.88,14141.89
3665,201411,1,174.0,12,0.0,0.0,0.0,,500.0,,,42,0.0,,
3666,201409,1,65.0,12,0.0,0.0,0.0,,1000.0,,,24,0.0,,600.0
3667,201404,0,1005.0,12,0.0,0.0,8.0,,1000.0,806.07,136.28,64,0.0,567.78,1000.0
3668,201412,1,3052.0,12,51.0,12.0,11.0,206.0,1500.0,411.87,0.0,55,2.0,450.0,
3669,201401,0,868.0,12,0.0,0.0,4.0,,1000.0,499.24,145.0,44,0.0,374.33,2000.0
3670,201405,0,1012.0,12,0.0,0.0,9.0,,1000.0,1143.7,171.08,29,0.0,410.01,1000.0
3671,201410,1,344.0,12,0.0,0.0,0.0,,1000.0,,,32,0.0,,565.74
3672,201402,1,223.0,12,0.0,0.0,0.0,,500.0,,,51,0.0,,1000.0
3673,201410,1,884.0,12,0.0,0.0,5.0,,2500.0,404.84,0.0,66,0.0,204.25,
3674,201403,0,596.0,12,0.0,0.0,0.0,,1000.0,,,51,0.0,60.0,1000.0
3675,201412,1,515.0,12,0.0,0.0,0.0,,2000.0,,,41,0.0,,
3676,201412,1,1279.0,12,0.0,5.0,12.0,489.0,1500.0,834.34,60.85,47,0.0,332.41,6000.0
3677,201405,0,217.0,12,0.0,0.0,0.0,,1586.4,,,47,0.0,,1586.4
3678,201406,1,375.0,10,0.0,0.0,0.0,,500.0,,,42,0.0,,500.0
3679,201404,1,4626.0,12,36.0,12.0,12.0,443.0,900.0,444.81,0.0,53,19.0,247.01,2100.0
3680,201406,0,729.0,12,0.0,0.0,0.0,,1500.0,63.0,0.0,44,0.0,393.36,1500.0
3681,201412,0,314.0,12,0.0,0.0,0.0,,500.0,,,26,0.0,,
3682,201408,0,1667.0,8,5.0,5.0,10.0,971.0,400.0,762.24,0.0,46,2.0,469.65,800.0
3683,201404,0,1229.0,12,0.0,0.0,11.0,373.0,500.0,514.65,94.74,51,0.0,44.82,500.0
3684,201404,0,2306.0,12,24.0,8.0,11.0,179.0,500.0,310.45,0.0,31,1.0,220.93,500.0
3685,201407,1,497.0,12,0.0,0.0,0.0,,588.88,,,42,0.0,,588.88
3686,201403,0,,12,,,,,2425.19,,,59,,,4039.23
3687,201406,0,1045.0,6,0.0,0.0,3.0,,1132.0,315.93,0.0,41,0.0,,1132.0
3688,201409,0,793.0,10,0.0,0.0,2.0,,1000.0,452.87,0.0,38,0.0,362.64,
3689,201409,0,1005.0,12,0.0,0.0,9.0,,1160.0,333.92,108.02,63,0.0,169.73,3557.68
3690,201411,0,576.0,12,0.0,0.0,0.0,,1000.0,,,63,0.0,0.0,
3691,201411,0,927.0,12,0.0,0.0,6.0,,1066.0,967.84,137.84,55,0.0,420.37,
3692,201405,0,1098.0,12,0.0,0.0,11.0,52.0,1000.0,782.4,0.0,47,0.0,607.39,1000.0
3693,201402,1,585.0,12,0.0,0.0,0.0,,1900.0,,,30,0.0,52.54,4135.88
3694,201404,0,1184.0,12,0.0,1.0,7.0,231.0,2000.0,477.84,0.0,49,0.0,659.53,4000.0
3695,201409,0,3661.0,10,14.0,2.0,11.0,167.0,500.0,226.94,73.7,50,8.0,211.98,823.94
3696,201402,0,3142.0,12,29.0,10.0,8.0,192.0,1498.15,100.93,0.0,38,7.0,196.32,1498.15
3697,201410,1,599.0,12,0.0,0.0,0.0,,1500.0,,,67,0.0,59.91,
3698,201405,0,1139.0,12,0.0,1.0,12.0,303.0,1600.0,425.81,0.0,37,0.0,208.72,2400.0
3699,201409,0,413.0,12,0.0,0.0,0.0,,500.0,,,48,0.0,,
3700,201410,0,189.0,12,0.0,0.0,0.0,,1248.95,,,27,0.0,,
3701,201404,1,3063.0,12,27.0,0.0,6.0,,1500.0,263.66,56.72,49,5.0,366.01,1500.0
3702,201412,0,3987.0,12,12.0,0.0,11.0,,2500.0,505.09,129.22,61,21.0,71.85,7574.34
3703,201403,0,4655.0,6,2.0,0.0,8.0,,500.0,589.42,102.61,44,2.0,433.73,800.0
3704,201411,0,290.0,12,0.0,0.0,0.0,,2000.0,,,66,0.0,,
3705,201401,1,771.0,12,0.0,0.0,1.0,,1300.0,356.23,47.34,36,0.0,174.69,4593.82
3706,201402,0,504.0,6,0.0,0.0,0.0,,300.0,,,38,0.0,,600.0
3707,201406,1,219.0,12,0.0,0.0,0.0,,1000.0,,,28,0.0,,1000.0
3708,201411,0,2057.0,12,18.0,11.0,12.0,1079.0,2331.1,521.93,0.0,48,2.0,264.51,2752.48
3709,201405,1,3345.0,12,10.0,0.0,11.0,275.0,1500.0,181.91,0.0,38,11.0,293.98,3166.32
3710,201407,0,1078.0,12,0.0,1.0,12.0,334.0,2000.0,95.98,0.0,57,0.0,,3000.0
3711,201411,0,1053.0,12,0.0,0.0,10.0,,2000.0,467.82,0.0,64,0.0,76.14,2000.0
3712,201405,0,3056.0,12,15.0,0.0,1.0,,800.0,,,53,6.0,,4144.84
3713,201407,0,3046.0,12,47.0,11.0,12.0,546.0,1200.0,522.41,170.53,70,5.0,224.84,5312.72
3714,201401,1,390.0,12,0.0,0.0,0.0,,874.86,,,50,0.0,,1749.72
3715,201401,0,288.0,12,0.0,0.0,0.0,,654.69,,,32,0.0,,1309.38
3716,201409,0,538.0,3,0.0,0.0,0.0,,300.0,,,38,0.0,8.99,
3717,201404,0,1935.0,12,13.0,7.0,11.0,801.0,3000.0,164.94,0.0,38,3.0,384.47,7500.0
3718,201412,0,2263.0,3,25.0,11.0,12.0,713.0,665.0,271.55,0.0,37,2.0,417.11,
3719,201405,0,918.0,3,0.0,0.0,6.0,,300.0,364.3,0.0,37,0.0,401.72,300.0
3720,201407,0,737.0,10,0.0,0.0,0.0,,600.0,98.57,0.0,36,0.0,203.09,811.92
3721,201412,0,1091.0,6,0.0,0.0,9.0,283.0,500.0,,,51,0.0,,2730.0
3722,201403,1,246.0,12,0.0,0.0,0.0,,1000.02,,,37,0.0,,1000.02
3723,201405,0,2532.0,7,16.0,8.0,12.0,200.0,2000.0,778.97,201.21,49,8.0,400.0,2000.0
3724,201405,0,677.0,7,0.0,0.0,0.0,,1000.0,,,40,0.0,272.89,1000.0
3725,201408,1,938.0,12,0.0,0.0,11.0,,1000.0,621.54,199.23,48,0.0,457.4,1000.0
3726,201405,0,733.0,6,0.0,0.0,0.0,,592.32,250.0,0.0,37,0.0,443.55,592.32
3727,201409,0,3963.0,10,53.0,12.0,12.0,1305.0,1000.0,1745.58,462.29,60,22.0,666.71,2200.0
3728,201402,0,1277.0,6,0.0,4.0,10.0,427.0,1000.0,593.72,0.0,53,0.0,518.46,8084.65
3729,201405,1,772.0,12,0.0,0.0,2.0,,1000.0,320.53,101.02,49,0.0,237.49,6700.0
3730,201407,0,434.0,6,0.0,0.0,0.0,,1632.3,,,47,0.0,,3632.3
3731,201407,0,1925.0,12,12.0,9.0,11.0,431.0,2000.0,1140.19,364.48,52,4.0,1147.75,9251.42
3732,201411,1,1356.0,12,0.0,8.0,12.0,505.0,1000.0,820.88,253.01,59,0.0,414.62,1157.88
3733,201409,0,302.0,12,0.0,0.0,0.0,,980.0,,,28,0.0,,500.0
3734,201403,0,737.0,8,0.0,0.0,2.0,,800.0,391.53,83.65,48,0.0,350.0,800.0
3735,201401,0,2347.0,12,22.0,5.0,11.0,183.0,1000.0,458.85,152.92,52,3.0,246.49,4500.0
3736,201401,0,666.0,12,0.0,0.0,0.0,,841.36,,,27,0.0,117.88,1682.72
3737,201410,1,1050.0,12,0.0,0.0,11.0,,600.0,395.02,47.16,27,0.0,455.16,
3738,201403,0,1954.0,10,15.0,9.0,11.0,599.0,1000.0,219.86,0.0,37,1.0,227.8,1000.0
3739,201409,0,1182.0,12,0.0,5.0,12.0,246.0,1200.0,743.2,167.38,68,0.0,472.91,
3740,201410,0,749.0,12,0.0,0.0,0.0,,1000.0,71.99,0.0,59,0.0,198.74,
3741,201401,0,834.0,10,0.0,0.0,3.0,,1500.0,269.95,0.0,38,0.0,180.52,3170.95
3742,201408,1,526.0,12,0.0,0.0,0.0,,2654.02,,,63,0.0,8.99,2954.02
3743,201409,0,768.0,12,0.0,0.0,1.0,,1100.0,499.42,14.8,37,0.0,680.12,
3744,201410,0,3658.0,10,63.0,10.0,12.0,299.0,2000.0,370.92,83.01,55,6.0,139.09,6800.0
3745,201404,0,421.0,10,0.0,0.0,0.0,,1500.0,,,53,0.0,,3500.0
3746,201407,0,220.0,12,0.0,0.0,0.0,,2000.0,,,60,0.0,,2850.1
3747,201403,0,456.0,12,0.0,0.0,0.0,,500.0,,,46,0.0,,500.0
3748,201412,0,282.0,8,0.0,0.0,0.0,,800.0,,,26,0.0,,
3749,201402,0,672.0,10,0.0,0.0,3.0,,500.0,,,28,0.0,124.8,1000.0
3750,201412,0,725.0,12,0.0,0.0,0.0,,1000.0,349.94,0.0,47,0.0,651.22,
3751,201409,0,2449.0,10,26.0,10.0,11.0,384.0,1500.0,117.16,11.18,57,6.0,178.29,
3752,201402,0,4786.0,12,49.0,0.0,6.0,,1500.0,,,63,22.0,54.53,3000.0
3753,201404,1,2199.0,12,10.0,0.0,0.0,,2000.0,,,46,7.0,104.82,3000.0
3754,201408,0,285.0,12,0.0,0.0,0.0,,2067.0,,,37,0.0,,5514.92
3755,201401,0,1398.0,3,0.0,9.0,8.0,247.0,255.87,63.95,0.0,24,0.0,0.0,255.87
3756,201401,0,1703.0,12,7.0,12.0,12.0,374.0,1200.0,565.77,0.0,35,2.0,366.0,3400.0
3757,201409,0,1807.0,12,7.0,8.0,10.0,208.0,1823.37,759.77,0.0,31,4.0,176.71,800.0
3758,201405,0,596.0,8,0.0,0.0,0.0,,1000.0,,,46,0.0,50.19,2540.0
3759,201403,0,2927.0,11,38.0,12.0,12.0,833.0,1100.0,1251.58,0.0,48,3.0,393.68,3142.86
3760,201403,0,1197.0,6,0.0,3.0,12.0,272.0,300.0,460.66,132.77,44,0.0,424.26,900.0
3761,201410,0,2243.0,12,13.0,11.0,12.0,148.0,2761.73,,,76,3.0,542.92,
3762,201403,0,227.0,12,0.0,0.0,0.0,,1000.0,,,37,0.0,,1000.0
3763,201401,0,405.0,10,0.0,0.0,0.0,,400.0,,,70,0.0,,800.0
3764,201409,1,357.0,10,0.0,0.0,0.0,,800.0,,,48,0.0,,300.0
3765,201403,0,442.0,12,0.0,0.0,0.0,,1000.0,,,37,0.0,,2500.0
3766,201408,1,3276.0,12,45.0,7.0,12.0,892.0,1500.0,1460.13,54.52,52,15.0,811.55,7187.36
3767,201409,1,665.0,12,0.0,0.0,0.0,,929.88,,,23,0.0,127.03,
3768,201401,1,2276.0,6,13.0,1.0,12.0,277.0,430.0,343.37,103.23,25,5.0,120.76,860.0
3769,201409,0,4440.0,12,66.0,12.0,12.0,624.0,2500.0,1345.95,379.32,72,20.0,1051.78,6386.82
3770,201404,0,1368.0,12,0.0,5.0,12.0,545.0,1500.0,404.05,86.4,75,0.0,283.52,5500.0
3771,201406,0,166.0,12,0.0,0.0,0.0,,550.0,,,42,0.0,,550.0
3772,201401,0,977.0,10,0.0,0.0,2.0,,724.54,187.92,0.0,39,0.0,247.91,1449.08
3773,201407,0,444.0,12,0.0,0.0,0.0,,2000.0,,,67,0.0,,2000.0
3774,201412,0,217.0,12,0.0,0.0,0.0,,1000.0,,,49,0.0,,
3775,201401,1,1726.0,5,7.0,9.0,12.0,803.0,500.0,753.82,0.0,53,2.0,307.92,500.0
3776,201411,0,3950.0,12,79.0,12.0,12.0,369.0,3000.0,340.86,0.0,61,2.0,173.53,8000.0
3777,201406,0,330.0,10,0.0,0.0,0.0,,600.0,,,27,0.0,,600.0
3778,201412,1,266.0,4,0.0,0.0,0.0,,800.0,,,22,0.0,,99.99
3779,201402,1,3033.0,12,12.0,0.0,0.0,,2000.0,,,58,3.0,,7000.0
3780,201403,0,317.0,12,0.0,0.0,0.0,,1000.0,,,49,0.0,,1000.0
3781,201402,0,3004.0,12,45.0,10.0,12.0,715.0,2000.0,336.0,52.11,72,6.0,75.55,5000.0
3782,201410,0,294.0,12,0.0,0.0,0.0,,1000.0,,,41,0.0,,435.59
3783,201403,0,452.0,6,0.0,0.0,0.0,,400.0,,,56,0.0,,400.0
3784,201401,0,3119.0,12,21.0,12.0,9.0,1009.0,1800.0,1127.55,0.0,37,4.0,508.64,9000.0
3785,201406,1,447.0,12,0.0,0.0,0.0,,1000.0,,,34,0.0,,1000.0
3786,201401,0,3494.0,12,47.0,9.0,12.0,1274.0,2500.0,1638.28,515.77,71,17.0,935.26,5000.0
3787,201405,0,423.0,12,0.0,0.0,0.0,,1000.0,,,31,0.0,,3000.0
3788,201408,0,705.0,12,0.0,0.0,0.0,,1500.0,,,49,0.0,188.31,2250.0
3789,201410,0,481.0,4,0.0,0.0,0.0,,400.0,,,37,0.0,,
3790,201407,0,240.0,12,0.0,0.0,0.0,,1000.0,,,51,0.0,,1000.0
3791,201402,0,4125.0,5,75.0,11.0,12.0,659.0,800.0,1059.73,0.0,46,5.0,901.54,2329.96
3792,201406,0,1049.0,12,0.0,0.0,6.0,,3000.0,415.82,0.0,53,0.0,,5400.0
3793,201408,0,691.0,12,0.0,0.0,0.0,,1000.0,,,21,0.0,243.11,
3794,201410,0,476.0,12,0.0,0.0,0.0,,1313.0,,,71,0.0,,
3795,201404,0,366.0,12,0.0,0.0,0.0,,1500.0,,,46,0.0,,1500.0
3796,201406,0,462.0,5,0.0,0.0,0.0,,600.0,,,39,0.0,,600.0
3797,201406,0,3573.0,8,29.0,7.0,5.0,36.0,1000.0,101.95,0.0,52,28.0,25.5,3000.0
3798,201404,0,481.0,12,0.0,0.0,0.0,,632.43,,,22,0.0,,632.43
3799,201401,1,2579.0,12,7.0,0.0,0.0,,2000.0,,,65,6.0,,6000.0
3800,201404,0,232.0,12,0.0,0.0,0.0,,1000.0,,,45,0.0,,1000.0
3801,201411,0,4992.0,3,83.0,7.0,12.0,481.0,500.0,577.83,0.0,54,19.0,358.4,
3802,201411,1,338.0,12,0.0,0.0,0.0,,1600.0,,,72,0.0,,
3803,201402,0,4528.0,12,28.0,0.0,3.0,,2900.69,505.11,107.23,66,3.0,271.2,12668.22
3804,201404,0,861.0,12,0.0,0.0,5.0,,2000.0,552.58,176.73,60,0.0,531.17,5326.18
3805,201408,1,345.0,12,0.0,0.0,0.0,,981.57,,,51,0.0,,1981.57
3806,201401,0,2585.0,12,6.0,5.0,0.0,,2128.39,,,40,6.0,,4256.78
3807,201411,0,1131.0,12,0.0,1.0,6.0,339.0,1000.0,,,54,0.0,,2676.0
3808,201406,0,201.0,12,0.0,0.0,0.0,,1500.0,,,57,0.0,,1500.0
3809,201406,0,975.0,12,0.0,0.0,9.0,,1000.0,849.89,0.0,38,0.0,303.3,1000.0
3810,201411,0,512.0,12,0.0,0.0,0.0,,1000.0,,,63,0.0,,
3811,201412,0,1709.0,6,7.0,2.0,0.0,,300.0,,,60,1.0,,2175.97
3812,201410,1,616.0,12,0.0,0.0,0.0,,1000.0,,,57,0.0,90.84,
3813,201401,0,2480.0,12,22.0,6.0,12.0,58.0,600.0,,,63,3.0,5.9,600.0
3814,201404,1,167.0,12,0.0,0.0,0.0,,1000.0,,,37,0.0,,1000.0
3815,201403,1,549.0,12,0.0,0.0,0.0,,1140.0,,,56,0.0,,1389.54
3816,201412,0,1413.0,12,0.0,6.0,4.0,389.0,2353.66,231.95,0.0,50,0.0,85.58,1904.78
3817,201411,1,1784.0,12,9.0,3.0,7.0,121.0,2000.0,,,65,1.0,,3000.0
3818,201411,0,4688.0,12,23.0,0.0,0.0,,1000.0,,,61,27.0,,
3819,201407,0,2164.0,12,7.0,0.0,3.0,,1500.0,69.99,0.0,54,6.0,130.78,1500.0
3820,201408,1,3534.0,12,1.0,0.0,0.0,,2000.0,,,40,10.0,77.1,2000.0
3821,201412,1,1436.0,12,0.0,8.0,11.0,603.0,2288.0,610.68,41.78,36,0.0,650.21,
3822,201409,1,435.0,12,0.0,0.0,0.0,,900.0,,,21,0.0,,
3823,201401,1,916.0,12,0.0,0.0,7.0,,1310.19,412.08,98.61,35,0.0,130.75,2620.38
3824,201406,1,828.0,12,0.0,0.0,7.0,,2000.0,629.1,122.42,35,0.0,560.09,3941.05
3825,201404,0,4703.0,12,93.0,12.0,8.0,300.0,3000.0,961.57,292.82,67,11.0,389.14,12000.0
3826,201408,0,1951.0,8,10.0,8.0,7.0,,800.0,84.77,0.0,38,1.0,,1800.0
3827,201408,1,2042.0,12,21.0,10.0,12.0,455.0,1400.0,398.28,119.37,44,1.0,249.0,1657.88
3828,201403,0,4745.0,6,73.0,1.0,2.0,,400.0,206.29,68.34,57,27.0,372.5,1500.0
3829,201404,0,409.0,12,0.0,0.0,0.0,,1500.0,,,60,0.0,,1500.0
3830,201401,0,252.0,6,0.0,0.0,0.0,,200.0,,,20,0.0,,400.0
3831,201409,1,1025.0,12,0.0,0.0,9.0,,1055.09,483.11,117.23,33,0.0,329.86,
3832,201408,0,2952.0,6,32.0,11.0,12.0,1968.0,1500.0,1330.86,0.0,44,13.0,459.89,1500.0
3833,201410,0,187.0,12,0.0,0.0,0.0,,1033.86,,,51,0.0,,
3834,201408,0,4833.0,12,32.0,10.0,4.0,633.0,1000.0,730.64,240.73,46,3.0,470.83,2589.55
3835,201408,0,726.0,10,0.0,0.0,0.0,,1000.0,136.76,0.0,52,0.0,289.43,2000.0
3836,201402,0,314.0,12,0.0,0.0,0.0,,600.0,,,48,0.0,,1200.0
3837,201404,1,1424.0,12,0.0,8.0,8.0,328.0,1956.95,611.79,175.9,63,0.0,304.43,2956.95
3838,201410,1,3563.0,12,4.0,0.0,4.0,,1900.0,191.93,0.0,47,7.0,156.52,2000.0
3839,201407,0,706.0,12,0.0,0.0,0.0,,300.0,,,70,0.0,117.6,300.0
3840,201406,1,2502.0,12,21.0,1.0,4.0,,1000.0,376.86,110.88,48,8.0,230.67,1000.0
3841,201410,0,816.0,12,0.0,0.0,2.0,,1000.0,53.95,0.0,47,0.0,106.41,700.0
3842,201403,0,212.0,6,0.0,0.0,0.0,,250.0,,,58,0.0,,250.0
3843,201410,0,1212.0,12,0.0,2.0,12.0,306.0,1000.0,677.22,213.86,46,0.0,330.93,638.39
3844,201401,0,924.0,6,0.0,0.0,7.0,,650.0,240.93,0.0,26,0.0,186.53,1950.0
3845,201402,0,628.0,6,0.0,0.0,0.0,,500.0,,,38,0.0,178.27,1000.0
3846,201406,0,168.0,12,0.0,0.0,0.0,,759.63,,,21,0.0,,759.63
3847,201407,0,1665.0,12,6.0,8.0,11.0,484.0,1000.0,318.83,49.7,55,1.0,,2500.0
3848,201408,0,970.0,12,0.0,0.0,12.0,,1000.0,345.31,41.9,41,0.0,394.18,1000.0
3849,201411,0,1699.0,12,7.0,12.0,12.0,811.0,1000.0,475.07,118.15,56,1.0,169.33,1400.0
3850,201401,0,1504.0,12,1.0,6.0,12.0,270.0,900.0,259.17,62.25,51,1.0,219.74,4331.86
3851,201405,0,260.0,10,0.0,0.0,0.0,,500.0,,,59,0.0,,500.0
3852,201406,0,1435.0,12,0.0,10.0,11.0,770.0,1200.0,257.93,0.0,45,0.0,108.03,1200.0
3853,201402,0,637.0,12,0.0,0.0,0.0,,1500.0,,,46,0.0,141.73,3000.0
3854,201402,0,1135.0,12,0.0,1.0,5.0,458.0,3000.0,59.98,0.0,40,0.0,,6000.0
3855,201401,0,303.0,12,0.0,0.0,0.0,,600.0,,,50,0.0,,2281.06
3856,201403,0,1190.0,12,0.0,3.0,8.0,198.0,1700.0,238.96,86.01,25,0.0,181.2,5439.44
3857,201401,1,385.0,12,0.0,0.0,0.0,,1000.0,,,42,0.0,,2000.0
3858,201409,1,630.0,12,0.0,0.0,0.0,,2000.0,,,35,0.0,30.09,1000.0
3859,201412,0,526.0,12,0.0,0.0,0.0,,1000.0,,,37,0.0,,300.0
3860,201406,0,462.0,10,0.0,0.0,0.0,,300.0,,,28,0.0,,300.0
3861,201409,1,2093.0,10,16.0,8.0,2.0,275.0,500.0,69.98,0.0,56,6.0,163.88,
3862,201407,0,3002.0,12,39.0,12.0,9.0,1187.0,1820.0,373.87,0.0,57,11.0,122.83,3320.0
3863,201405,1,122.0,12,0.0,0.0,0.0,,350.0,,,28,0.0,,350.0
3864,201401,0,450.0,5,0.0,0.0,0.0,,500.0,,,45,0.0,,1000.0
3865,201402,1,145.0,12,0.0,0.0,0.0,,1139.88,,,62,0.0,,2279.76
3866,201404,0,959.0,8,0.0,0.0,7.0,,500.0,122.35,0.0,67,0.0,176.53,940.0
3867,201401,1,409.0,12,0.0,0.0,0.0,,690.0,,,46,0.0,,1680.0
3868,201407,0,200.0,12,0.0,0.0,0.0,,2300.0,,,63,0.0,,2300.0
3869,201405,0,1531.0,8,2.0,4.0,2.0,166.0,700.0,,,54,1.0,,1700.0
3870,201401,0,,12,,,,,1000.0,,,56,,,1000.0
3871,201410,0,449.0,12,0.0,0.0,0.0,,2500.0,,,66,0.0,,
3872,201407,0,1578.0,8,3.0,2.0,3.0,,1000.0,69.98,0.0,48,1.0,178.07,3950.0
3873,201402,0,317.0,12,0.0,0.0,0.0,,1000.0,,,65,0.0,,2000.0
3874,201405,0,3623.0,12,22.0,12.0,1.0,198.0,500.0,,,69,20.0,,4129.16
3875,201409,1,1778.0,12,7.0,12.0,12.0,521.0,1400.0,1101.99,171.43,49,4.0,347.07,4058.0
3876,201403,0,2429.0,9,8.0,2.0,9.0,362.0,596.0,829.44,279.44,32,2.0,654.17,596.0
3877,201401,1,2983.0,12,5.0,0.0,0.0,,500.0,,,47,5.0,,2459.16
3878,201407,0,1068.0,12,0.0,0.0,11.0,,1000.0,1910.92,305.52,62,0.0,238.53,2900.0
3879,201405,0,1067.0,12,0.0,0.0,11.0,,800.0,491.86,0.0,60,0.0,478.33,1800.0
3880,201409,1,561.0,12,0.0,0.0,0.0,,2000.0,,,68,0.0,,4299.68
3881,201404,0,350.0,12,0.0,0.0,0.0,,958.56,,,26,0.0,,958.56
3882,201408,1,297.0,12,0.0,0.0,0.0,,1070.99,,,27,0.0,,
3883,201405,0,861.0,12,0.0,0.0,6.0,,1500.0,132.02,42.64,40,0.0,157.38,5736.45
3884,201401,0,252.0,6,0.0,0.0,0.0,,381.03,,,24,0.0,,762.06
3885,201408,0,446.0,12,0.0,0.0,0.0,,1000.0,,,40,0.0,,1000.0
3886,201402,0,1028.0,12,0.0,0.0,9.0,501.0,1500.0,,,45,0.0,47.36,4000.0
3887,201404,1,732.0,12,0.0,0.0,0.0,,2000.0,623.84,0.0,53,0.0,761.42,2000.0
3888,201411,0,1085.0,8,0.0,0.0,11.0,161.0,1100.0,1386.6,0.0,66,0.0,1258.01,
3889,201403,0,498.0,5,0.0,0.0,0.0,,1408.01,,,45,0.0,,1408.01
3890,201409,1,1564.0,12,3.0,12.0,12.0,795.0,2223.31,605.28,222.28,36,1.0,779.26,
3891,201402,0,1529.0,12,1.0,8.0,8.0,536.0,600.0,153.71,0.0,40,2.0,55.31,2666.68
3892,201407,0,426.0,12,0.0,0.0,0.0,,600.0,,,40,0.0,,775.96
3893,201405,0,324.0,10,0.0,0.0,0.0,,750.0,,,29,0.0,,750.0
3894,201407,1,,6,,,,,600.0,,,73,,,1189.53
3895,201412,0,4781.0,12,30.0,11.0,3.0,204.0,1000.0,27.98,0.0,63,33.0,,2450.0
3896,201405,0,173.0,10,0.0,0.0,0.0,,1000.0,,,50,0.0,,1000.0
3897,201402,0,1638.0,12,5.0,6.0,6.0,253.0,330.0,,,73,1.0,51.27,660.0
3898,201401,0,982.0,10,0.0,0.0,8.0,,800.0,645.75,193.47,48,0.0,367.24,2300.0
3899,201409,1,3408.0,12,34.0,3.0,6.0,798.0,2215.68,,,46,6.0,0.0,4000.0
3900,201403,0,194.0,12,0.0,0.0,0.0,,900.0,,,27,0.0,,900.0
3901,201406,1,686.0,6,0.0,0.0,0.0,,500.0,,,40,0.0,354.76,500.0
3902,201405,0,967.0,12,0.0,0.0,8.0,,500.0,116.41,36.44,44,0.0,,1500.0
3903,201408,0,778.0,12,0.0,0.0,2.0,,1000.0,3.15,0.0,53,0.0,159.65,1000.0
3904,201408,1,3252.0,12,56.0,12.0,10.0,425.0,2000.0,91.93,0.0,72,3.0,10.0,15900.0
3905,201408,0,3542.0,12,47.0,12.0,11.0,240.0,1500.0,285.18,79.24,42,6.0,284.21,3300.0
3906,201403,0,2151.0,8,15.0,8.0,10.0,184.0,400.0,250.86,38.96,52,7.0,150.26,1000.0
3907,201410,0,321.0,12,0.0,0.0,0.0,,2000.0,,,35,0.0,,
3908,201406,0,345.0,12,0.0,0.0,0.0,,1000.0,,,23,0.0,,1000.0
3909,201405,0,212.0,10,0.0,0.0,0.0,,952.61,,,42,0.0,,952.61
3910,201405,0,524.0,12,0.0,0.0,0.0,,2200.0,,,50,0.0,,6200.0
3911,201404,0,840.0,12,0.0,0.0,4.0,,800.0,143.94,0.0,63,0.0,115.4,800.0
3912,201406,0,1508.0,12,1.0,5.0,0.0,246.0,1500.0,,,39,1.0,,4870.3
3913,201403,0,258.0,12,0.0,0.0,0.0,,1000.0,,,67,0.0,,1000.0
3914,201405,1,4084.0,12,5.0,0.0,10.0,,2000.0,3538.47,487.92,42,6.0,1786.86,3200.0
3915,201405,1,206.0,12,0.0,0.0,0.0,,1000.0,,,40,0.0,,1000.0
3916,201409,1,787.0,6,0.0,0.0,2.0,,1511.18,325.85,0.0,50,0.0,517.18,
3917,201404,0,1115.0,12,0.0,0.0,12.0,120.0,1400.0,474.1,95.65,56,0.0,346.31,2350.0
3918,201409,0,1867.0,12,1.0,4.0,6.0,258.0,1500.0,,,46,0.0,,15000.0
3919,201403,0,4809.0,8,69.0,6.0,12.0,349.0,600.0,250.88,0.0,46,36.0,0.0,600.0
3920,201402,0,4642.0,12,95.0,11.0,8.0,702.0,2500.0,822.61,132.55,64,10.0,725.07,8885.83
3921,201405,0,1041.0,12,0.0,0.0,8.0,570.0,1300.75,986.56,336.7,47,0.0,634.32,2900.75
3922,201405,0,2661.0,10,36.0,11.0,9.0,873.0,2000.0,606.85,0.0,60,2.0,215.3,9000.0
3923,201403,0,946.0,8,0.0,0.0,7.0,,813.75,923.32,0.0,47,0.0,623.51,813.75
3924,201402,0,514.0,12,0.0,0.0,0.0,,847.84,,,35,0.0,,1695.68
3925,201412,0,1349.0,7,0.0,7.0,12.0,426.0,700.0,119.84,39.84,70,0.0,265.53,711.45
3926,201410,0,2856.0,6,14.0,0.0,8.0,59.0,500.0,,,59,10.0,51.57,
3927,201402,1,247.0,12,0.0,0.0,0.0,,1426.54,,,65,0.0,,3374.3
3928,201402,0,714.0,12,0.0,0.0,0.0,,1239.37,,,49,0.0,371.03,2478.74
3929,201406,0,2408.0,3,17.0,9.0,12.0,197.0,250.0,551.41,0.0,51,2.0,493.56,250.0
3930,201404,0,129.0,12,0.0,0.0,0.0,,1000.0,,,41,0.0,,1000.0
3931,201410,0,3214.0,12,40.0,11.0,7.0,419.0,3000.0,557.83,0.0,67,5.0,351.35,
3932,201407,0,747.0,12,0.0,0.0,1.0,,500.0,418.73,99.22,44,0.0,300.39,2000.0
3933,201409,0,4185.0,7,38.0,1.0,10.0,,500.0,1390.65,152.63,59,21.0,519.97,3200.0
3934,201407,0,1238.0,5,0.0,3.0,12.0,254.0,500.0,351.83,0.0,57,0.0,326.19,1500.0
3935,201402,0,1791.0,12,9.0,6.0,0.0,212.0,1200.0,,,52,2.0,,4400.0
3936,201405,0,677.0,12,0.0,0.0,0.0,,1100.0,,,43,0.0,85.37,1800.0
3937,201404,0,705.0,12,0.0,0.0,0.0,,450.0,,,44,0.0,112.9,450.0
3938,201405,0,541.0,4,0.0,0.0,0.0,,400.0,,,40,0.0,,400.0
3939,201404,0,376.0,10,0.0,0.0,0.0,,500.0,,,70,0.0,,500.0
3940,201402,0,790.0,12,0.0,0.0,2.0,,1150.0,651.81,195.99,52,0.0,529.36,3300.0
3941,201409,1,637.0,5,0.0,0.0,0.0,,958.35,,,39,0.0,250.72,
3942,201405,0,705.0,12,0.0,0.0,0.0,,750.0,,,20,0.0,330.61,1550.0
3943,201406,0,510.0,5,0.0,0.0,0.0,,500.0,,,29,0.0,,500.0
3944,201412,0,463.0,12,0.0,0.0,0.0,,1200.0,,,55,0.0,,1500.0
3945,201412,1,290.0,3,0.0,0.0,0.0,,300.0,,,35,0.0,,
3946,201411,0,410.0,5,0.0,0.0,0.0,,990.0,,,39,0.0,,
3947,201407,1,435.0,8,0.0,0.0,0.0,,320.0,,,29,0.0,,320.0
3948,201409,0,363.0,12,0.0,0.0,0.0,,418.36,,,43,0.0,,370.0
3949,201408,1,1100.0,12,0.0,0.0,11.0,253.0,1000.0,295.91,0.0,53,0.0,234.86,1000.0
3950,201409,0,527.0,12,0.0,0.0,0.0,,1070.07,,,41,0.0,,
3951,201404,0,220.0,6,0.0,0.0,0.0,,200.0,,,43,0.0,,200.0
3952,201410,0,4967.0,12,10.0,0.0,0.0,,1000.0,,,69,1.0,,980.0
3953,201402,0,4246.0,6,69.0,11.0,0.0,852.0,700.0,,,46,9.0,,2200.0
3954,201406,1,457.0,10,0.0,0.0,0.0,,250.0,,,23,0.0,,645.86
3955,201405,0,1454.0,3,0.0,10.0,7.0,399.0,250.0,301.37,0.0,47,0.0,140.54,250.0
3956,201404,0,905.0,12,0.0,0.0,6.0,,500.0,477.33,149.97,53,0.0,281.34,500.0
3957,201403,1,961.0,10,0.0,0.0,7.0,,1987.65,583.38,157.5,49,0.0,592.55,3587.65
3958,201408,0,565.0,3,0.0,0.0,0.0,,320.0,,,32,0.0,,320.0
3959,201412,0,3490.0,12,63.0,12.0,12.0,322.0,300.0,581.42,146.54,64,4.0,540.78,400.0
3960,201403,1,107.0,10,0.0,0.0,0.0,,1000.0,,,42,0.0,,1500.0
3961,201411,0,530.0,12,0.0,0.0,0.0,,2382.74,,,43,0.0,,1483.78
3962,201405,0,1391.0,3,0.0,5.0,7.0,149.0,350.0,165.94,0.0,59,0.0,125.36,1250.0
3963,201405,0,4508.0,12,76.0,12.0,12.0,1301.0,1500.0,710.65,218.72,73,20.0,300.12,1500.0
3964,201409,0,1093.0,3,0.0,0.0,12.0,116.0,500.0,764.18,0.0,28,0.0,616.51,
3965,201408,0,738.0,12,0.0,0.0,0.0,,1500.0,59.98,0.0,34,0.0,413.56,
3966,201409,1,273.0,12,0.0,0.0,0.0,,1959.51,,,51,0.0,,1000.0
3967,201403,0,487.0,12,0.0,0.0,0.0,,1500.0,,,42,0.0,,2600.0
3968,201401,0,1213.0,12,0.0,3.0,8.0,360.0,1000.0,981.43,116.26,65,0.0,634.2,4300.0
3969,201410,0,705.0,12,0.0,0.0,0.0,,1500.0,,,67,0.0,151.24,1000.0
3970,201410,0,842.0,12,0.0,0.0,3.0,,1000.0,271.7,90.84,32,0.0,234.86,
3971,201411,0,1170.0,12,0.0,2.0,11.0,268.0,2000.0,1464.05,0.0,66,0.0,864.51,1066.0
3972,201404,1,1439.0,12,0.0,9.0,0.0,230.0,1500.0,,,28,0.0,44.6,2500.0
3973,201407,0,1766.0,12,9.0,12.0,3.0,427.0,2000.0,,,72,1.0,0.0,2000.0
3974,201402,1,280.0,12,0.0,0.0,0.0,,509.0,,,27,0.0,,1018.0
3975,201404,1,1149.0,12,0.0,1.0,12.0,159.0,2500.0,730.75,0.0,43,0.0,727.08,5650.0
3976,201408,0,1014.0,3,0.0,0.0,6.0,,300.0,19.99,0.0,41,0.0,84.86,400.0
3977,201401,1,398.0,12,1.0,0.0,0.0,,974.0,,,34,8.0,,1948.0
3978,201407,1,588.0,10,0.0,0.0,0.0,,1000.0,,,41,0.0,0.0,1000.0
3979,201405,0,2743.0,12,41.0,12.0,0.0,272.0,3000.0,,,58,2.0,,2068.94
3980,201407,0,178.0,5,0.0,0.0,0.0,,400.0,,,38,0.0,,400.0
3981,201406,0,404.0,10,0.0,0.0,0.0,,800.0,,,40,0.0,,800.0
3982,201407,0,2825.0,12,39.0,9.0,12.0,799.0,2000.0,2625.08,459.8,64,4.0,983.0,4600.0
3983,201403,0,202.0,12,0.0,0.0,0.0,,1500.0,,,67,0.0,,1500.0
3984,201405,0,635.0,10,0.0,0.0,0.0,,800.0,,,22,0.0,110.92,1515.62
3985,201408,0,229.0,12,0.0,0.0,0.0,,500.0,,,50,0.0,,500.0
3986,201408,0,329.0,12,0.0,0.0,0.0,,700.0,,,22,0.0,,700.0
3987,201410,0,300.0,10,0.0,0.0,0.0,,500.0,,,36,0.0,,
3988,201412,0,361.0,12,0.0,0.0,0.0,,1000.0,,,29,0.0,,
3989,201412,1,925.0,12,0.0,0.0,7.0,,1673.42,1141.84,379.58,46,0.0,83.29,2736.2
3990,201412,0,1686.0,12,6.0,4.0,12.0,294.0,1000.0,842.88,122.48,64,2.0,179.69,6000.0
3991,201411,0,1248.0,12,0.0,3.0,12.0,465.0,2372.07,428.94,50.61,59,0.0,362.0,
3992,201402,0,711.0,12,0.0,0.0,0.0,,1500.0,,,68,0.0,357.02,3000.0
3993,201404,1,504.0,6,0.0,0.0,0.0,,1000.0,,,47,0.0,,1000.0
3994,201406,0,754.0,12,0.0,0.0,2.0,,1000.0,75.95,0.0,70,0.0,162.32,1000.0
3995,201407,1,450.0,12,0.0,0.0,0.0,,2300.0,,,66,0.0,,3900.0
3996,201411,0,896.0,4,0.0,0.0,6.0,,200.0,361.83,0.0,22,0.0,376.3,
3997,201410,0,1696.0,12,8.0,5.0,12.0,264.0,1200.0,576.98,131.12,56,1.0,361.08,2919.29
3998,201403,0,542.0,12,0.0,0.0,0.0,,1000.0,,,45,0.0,17.98,1000.0
3999,201403,1,669.0,12,0.0,0.0,0.0,,1794.42,,,38,0.0,101.47,1794.42
4000,201401,0,453.0,12,0.0,0.0,0.0,,1643.92,,,55,0.0,,3287.84
4001,201403,1,4822.0,12,28.0,9.0,7.0,272.0,2627.66,337.93,55.82,40,31.0,262.62,2627.66
4002,201407,0,805.0,12,0.0,0.0,2.0,,1000.0,185.9,0.0,21,0.0,306.5,1000.0
4003,201401,0,425.0,12,0.0,0.0,0.0,,1000.0,,,38,0.0,,2000.0
4004,201410,0,543.0,12,0.0,0.0,0.0,,1000.0,,,35,0.0,,
4005,201404,0,2705.0,12,9.0,4.0,4.0,173.0,1500.0,55.97,0.0,67,5.0,,2500.0
4006,201408,0,2372.0,12,30.0,3.0,0.0,,800.0,,,44,9.0,,4790.0
4007,201401,0,346.0,12,0.0,0.0,0.0,,1000.0,,,54,0.0,,1000.0
4008,201411,1,268.0,12,0.0,0.0,0.0,,1000.0,,,50,0.0,,
4009,201401,0,1189.0,12,0.0,2.0,7.0,264.0,1000.0,893.26,211.5,35,0.0,689.84,2000.0
4010,201410,1,1786.0,12,7.0,4.0,4.0,219.0,1000.0,,,41,8.0,,331.96
4011,201401,0,1522.0,12,1.0,9.0,9.0,669.0,1300.0,397.76,0.0,27,1.0,102.49,5900.0
4012,201401,1,619.0,12,0.0,0.0,0.0,,1500.0,,,62,0.0,169.0,8108.19
4013,201412,0,1921.0,12,10.0,12.0,12.0,481.0,1000.0,341.53,51.59,61,5.0,566.0,6600.0
4014,201408,0,733.0,12,0.0,0.0,0.0,,2000.0,159.95,0.0,49,0.0,346.49,3840.0
4015,201402,0,1120.0,3,0.0,0.0,11.0,146.0,150.0,203.92,0.0,32,0.0,429.84,300.0
4016,201407,1,1048.0,12,0.0,0.0,10.0,316.0,400.0,,,38,0.0,44.36,400.0
4017,201407,0,3179.0,6,17.0,2.0,7.0,503.0,1763.0,157.95,0.0,48,7.0,411.34,9063.0
4018,201404,1,276.0,6,0.0,0.0,0.0,,825.01,,,55,0.0,,825.01
4019,201401,1,4730.0,12,82.0,11.0,12.0,1038.0,1000.0,1135.4,308.76,42,22.0,750.95,2498.28
4020,201412,0,393.0,12,0.0,0.0,0.0,,500.0,,,40,0.0,,200.0
4021,201404,0,805.0,6,0.0,0.0,2.0,,300.0,127.48,0.0,39,0.0,,300.0
4022,201403,0,2636.0,12,34.0,10.0,11.0,798.0,3000.0,807.67,0.0,56,5.0,1150.0,3000.0
4023,201411,1,385.0,12,0.0,0.0,0.0,,1000.0,,,39,0.0,,
4024,201408,0,4806.0,12,53.0,11.0,12.0,206.0,700.0,214.22,21.27,36,16.0,97.65,2820.0
4025,201403,0,469.0,12,0.0,0.0,0.0,,1000.0,,,54,0.0,,1500.0
4026,201406,0,240.0,12,0.0,0.0,0.0,,930.0,,,44,0.0,,930.0
4027,201405,0,354.0,12,0.0,0.0,0.0,,1000.0,,,42,0.0,,1000.0
4028,201403,0,2333.0,3,4.0,0.0,10.0,,300.0,332.51,66.6,37,4.0,170.41,2000.0
4029,201409,1,208.0,12,0.0,0.0,0.0,,1366.49,,,37,0.0,,
4030,201404,0,3022.0,12,41.0,4.0,12.0,553.0,1500.0,1108.48,136.92,66,8.0,882.23,1500.0
4031,201403,0,634.0,5,0.0,0.0,0.0,,500.0,,,25,0.0,83.65,500.0
4032,201412,0,3309.0,12,52.0,12.0,9.0,687.0,1500.0,,,70,7.0,,760.0
4033,201410,0,3268.0,10,41.0,4.0,0.0,255.0,1200.0,220.95,0.0,39,6.0,330.36,
4034,201401,0,312.0,12,0.0,0.0,0.0,,800.0,,,32,0.0,,2256.66
4035,201407,0,249.0,12,0.0,0.0,0.0,,1000.0,,,77,0.0,,1500.0
4036,201411,0,1779.0,12,3.0,2.0,9.0,,1000.0,382.48,126.59,36,7.0,227.04,
4037,201402,1,630.0,12,0.0,0.0,0.0,,1000.0,,,34,0.0,180.0,3500.0
4038,201406,0,916.0,8,0.0,0.0,6.0,,350.0,267.12,63.77,35,0.0,192.11,870.0
4039,201411,0,455.0,12,0.0,0.0,0.0,,1217.74,,,37,0.0,,
4040,201401,0,2452.0,12,23.0,11.0,8.0,625.0,1000.0,289.93,0.0,73,4.0,35.91,2000.0
4041,201408,1,194.0,12,0.0,0.0,0.0,,1516.4,,,42,0.0,,
4042,201406,0,1152.0,12,0.0,1.0,11.0,239.0,600.0,443.24,162.85,36,0.0,,1257.42
4043,201401,0,2223.0,12,21.0,10.0,12.0,865.0,300.0,606.07,0.0,34,5.0,503.98,600.0
4044,201401,1,166.0,12,0.0,0.0,0.0,,1000.0,,,58,0.0,,2000.0
4045,201409,0,3234.0,3,56.0,10.0,12.0,496.0,300.0,402.32,0.0,42,2.0,351.13,200.0
4046,201405,0,826.0,10,0.0,0.0,3.0,,1600.0,223.95,0.0,23,0.0,770.08,2200.0
4047,201411,0,594.0,12,0.0,0.0,0.0,,1796.41,,,58,0.0,46.71,5629.28
4048,201411,1,1608.0,12,3.0,7.0,8.0,302.0,1300.0,142.35,0.0,58,2.0,124.96,1000.0
4049,201402,0,2305.0,12,20.0,12.0,6.0,711.0,1261.62,233.9,0.0,49,6.0,311.82,2523.24
4050,201411,1,2788.0,12,4.0,0.0,0.0,,2000.0,,,33,4.0,,
4051,201412,1,959.0,12,0.0,0.0,8.0,,600.0,695.82,0.0,36,0.0,461.32,
4052,201408,1,241.0,12,0.0,0.0,0.0,,1000.0,,,51,0.0,,2000.0
4053,201402,0,810.0,12,0.0,0.0,3.0,,600.0,421.73,0.0,41,0.0,523.71,1200.0
4054,201410,0,1398.0,12,0.0,7.0,7.0,206.0,1726.39,113.94,0.0,37,0.0,61.03,
4055,201407,0,225.0,12,0.0,0.0,0.0,,844.0,,,45,0.0,,844.0
4056,201402,0,369.0,8,0.0,0.0,0.0,,500.0,,,46,0.0,,1000.0
4057,201403,0,877.0,12,0.0,0.0,5.0,,600.0,400.06,0.0,56,0.0,234.63,1100.0
4058,201407,0,573.0,12,0.0,0.0,0.0,,1000.0,,,21,0.0,0.0,1129.96
4059,201401,1,2330.0,5,4.0,2.0,3.0,,521.4,117.94,0.0,26,5.0,22.74,1042.8
4060,201410,1,121.0,8,0.0,0.0,0.0,,1000.0,,,46,0.0,,
4061,201406,1,954.0,12,0.0,0.0,8.0,,1895.94,677.41,129.56,37,0.0,370.15,1895.94
4062,201402,0,1291.0,6,0.0,5.0,12.0,507.0,300.0,590.76,0.0,33,0.0,313.74,4868.69
4063,201409,0,4980.0,12,92.0,10.0,11.0,345.0,3000.0,144.93,0.0,63,25.0,78.46,9400.0
4064,201411,1,1806.0,12,7.0,0.0,0.0,,900.19,,,35,1.0,,
4065,201404,0,672.0,12,0.0,0.0,0.0,,1500.0,77.96,0.0,54,0.0,153.3,1500.0
4066,201405,1,772.0,10,0.0,0.0,2.0,,700.0,303.66,103.71,39,0.0,613.05,850.0
4067,201409,0,582.0,3,0.0,0.0,0.0,,200.0,,,35,0.0,0.0,
4068,201405,1,376.0,12,0.0,0.0,0.0,,500.0,,,30,0.0,,500.0
4069,201404,1,268.0,12,0.0,0.0,0.0,,1000.0,,,34,0.0,,1000.0
4070,201406,1,980.0,12,0.0,0.0,8.0,,1000.0,506.81,0.0,33,0.0,290.2,1000.0
4071,201404,0,2501.0,10,16.0,0.0,8.0,,650.0,1077.54,0.0,26,10.0,481.18,650.0
4072,201404,0,4468.0,12,79.0,7.0,10.0,346.0,2000.0,,,76,17.0,,10408.66
4073,201412,0,2262.0,5,1.0,0.0,6.0,,1000.0,404.44,0.0,38,4.0,849.98,
4074,201401,0,108.0,12,0.0,0.0,0.0,,659.0,,,37,0.0,,1318.0
4075,201409,0,3518.0,12,42.0,12.0,12.0,1214.0,1000.0,509.57,129.44,73,7.0,284.73,
4076,201401,0,1472.0,4,0.0,9.0,11.0,320.0,200.0,348.83,58.9,35,1.0,475.26,1000.0
4077,201406,0,350.0,3,0.0,0.0,0.0,,300.0,,,36,0.0,,300.0
4078,201410,1,1677.0,12,6.0,7.0,12.0,168.0,1014.83,393.7,32.79,39,2.0,331.0,9574.86
4079,201412,0,526.0,12,0.0,0.0,0.0,,720.0,,,20,0.0,,
4080,201406,0,273.0,12,0.0,0.0,0.0,,300.0,,,37,0.0,,300.0
4081,201409,0,3073.0,12,50.0,12.0,11.0,902.0,3000.0,1581.73,500.95,64,4.0,542.57,5671.64
4082,201402,0,2177.0,12,11.0,0.0,5.0,,1500.0,829.52,289.64,62,8.0,457.91,3000.0
4083,201407,0,206.0,12,0.0,0.0,0.0,,872.29,,,39,0.0,,872.29
4084,201405,0,3615.0,9,28.0,2.0,7.0,,1800.0,599.16,0.0,34,18.0,,2712.0
4085,201407,1,1698.0,12,4.0,7.0,12.0,199.0,1000.0,1103.86,69.26,44,5.0,601.45,1300.0
4086,201408,0,2781.0,12,27.0,0.0,0.0,,800.0,,,36,1.0,,1300.0
4087,201402,0,2961.0,10,30.0,4.0,10.0,69.0,600.0,108.36,0.0,77,13.0,72.0,1200.0
4088,201403,0,2818.0,12,38.0,7.0,11.0,391.0,600.0,155.45,0.0,48,7.0,312.54,600.0
4089,201407,0,423.0,12,0.0,0.0,0.0,,500.0,,,30,0.0,,500.0
4090,201406,0,1200.0,12,0.0,2.0,9.0,289.0,856.09,930.32,294.56,45,0.0,570.43,856.09
4091,201403,1,1070.0,5,0.0,0.0,11.0,,300.0,1050.08,168.69,41,0.0,479.97,300.0
4092,201402,0,976.0,12,0.0,0.0,6.0,,1000.0,531.13,172.66,57,0.0,133.44,2328.52
4093,201407,0,1844.0,3,8.0,10.0,12.0,767.0,150.0,925.62,0.0,35,2.0,402.67,4650.0
4094,201401,0,2413.0,4,4.0,5.0,7.0,545.0,500.0,149.93,0.0,34,5.0,336.09,1000.0
4095,201407,0,570.0,12,0.0,0.0,0.0,,1000.0,,,35,0.0,0.0,1000.0
4096,201411,0,1146.0,12,0.0,1.0,12.0,291.0,2000.0,1063.54,173.3,64,0.0,739.22,6000.0
4097,201402,0,575.0,12,0.0,0.0,0.0,,2000.0,,,48,0.0,0.0,7476.68
4098,201403,0,446.0,12,0.0,0.0,0.0,,574.19,,,33,0.0,,574.19
4099,201408,0,2375.0,12,14.0,5.0,11.0,606.0,2045.3,271.82,0.0,33,4.0,422.23,5545.3
4100,201412,0,2553.0,8,36.0,11.0,11.0,367.0,400.0,596.27,0.0,57,1.0,333.59,1300.0
4101,201407,0,2396.0,12,31.0,11.0,12.0,299.0,1000.0,,,66,6.0,161.45,3450.0
4102,201407,0,1528.0,12,2.0,9.0,12.0,819.0,1012.0,910.48,156.61,56,1.0,267.81,1131.97
4103,201405,0,681.0,12,0.0,0.0,0.0,,300.0,,,21,0.0,95.02,300.0
4104,201403,0,2349.0,10,15.0,7.0,9.0,,1000.0,831.18,0.0,45,4.0,399.66,5150.0
4105,201402,0,468.0,12,0.0,0.0,0.0,,1891.05,,,26,0.0,,3782.1
4106,201406,0,944.0,6,0.0,0.0,7.0,,700.0,443.41,0.0,52,0.0,170.86,1900.0
4107,201412,1,948.0,12,0.0,0.0,2.0,,500.0,116.0,32.02,76,0.0,63.8,
4108,201410,0,532.0,12,0.0,0.0,0.0,,1500.0,,,37,0.0,,1000.0
4109,201409,0,1737.0,12,8.0,10.0,12.0,682.0,1100.0,1118.53,0.0,41,1.0,738.81,
4110,201406,0,2374.0,12,24.0,2.0,5.0,,800.0,543.03,0.0,52,6.0,371.95,800.0
4111,201401,0,1040.0,10,0.0,0.0,10.0,,300.0,327.48,0.0,47,0.0,155.51,600.0
4112,201406,0,648.0,12,0.0,0.0,0.0,,500.0,,,41,0.0,135.77,500.0
4113,201402,0,2684.0,12,23.0,12.0,10.0,1103.0,1500.0,364.63,118.09,72,13.0,290.65,5373.11
4114,201402,1,2372.0,12,29.0,9.0,11.0,879.0,1500.0,1536.17,306.01,62,1.0,,4500.0
4115,201405,0,639.0,12,0.0,0.0,1.0,,900.0,78.4,28.41,70,0.0,34.24,4900.0
4116,201406,1,538.0,10,0.0,0.0,0.0,,370.0,,,33,0.0,,370.0
4117,201409,1,203.0,12,0.0,0.0,0.0,,1000.0,,,60,0.0,,
4118,201405,1,1482.0,12,0.0,1.0,8.0,153.0,3000.0,,,58,1.0,25.0,4100.0
4119,201406,0,250.0,6,0.0,0.0,0.0,,400.0,,,55,0.0,,400.0
4120,201412,0,2893.0,12,12.0,0.0,1.0,,633.0,,,62,5.0,,
4121,201406,0,1924.0,10,6.0,6.0,7.0,169.0,1000.0,191.95,0.0,49,4.0,109.57,3361.97
4122,201409,0,454.0,9,0.0,0.0,0.0,,1000.0,,,39,0.0,,1167.98
4123,201408,0,4248.0,10,21.0,0.0,2.0,,1500.0,139.93,0.0,50,6.0,175.33,3500.0
4124,201410,0,294.0,12,0.0,0.0,0.0,,1691.0,,,58,0.0,,
4125,201402,0,3182.0,12,37.0,0.0,0.0,,1000.0,,,61,7.0,,3093.52
4126,201410,0,545.0,12,0.0,0.0,0.0,,3000.0,,,52,0.0,,1423.42
4127,201401,1,3435.0,12,34.0,7.0,11.0,235.0,800.0,,,49,17.0,,2100.0
4128,201409,0,2695.0,12,23.0,7.0,8.0,83.0,3000.0,1325.45,208.09,56,11.0,598.75,1000.0
4129,201405,0,381.0,12,0.0,0.0,0.0,,887.92,,,38,0.0,,887.92
4130,201408,0,1610.0,12,4.0,0.0,7.0,,2500.0,106.36,0.0,59,1.0,112.27,8198.54
4131,201402,1,562.0,12,0.0,0.0,0.0,,1000.0,,,52,0.0,17.98,2000.0
4132,201411,1,1718.0,12,8.0,11.0,9.0,644.0,2000.0,959.19,140.41,68,1.0,372.99,10423.65
4133,201411,0,434.0,4,0.0,0.0,0.0,,590.0,,,51,0.0,,
4134,201405,0,696.0,8,0.0,0.0,6.0,,400.0,449.61,145.47,41,0.0,335.85,400.0
4135,201411,0,2327.0,4,23.0,11.0,12.0,1221.0,500.0,1465.93,10.64,40,5.0,617.66,
4136,201410,0,882.0,12,0.0,0.0,7.0,,1500.0,892.46,154.58,56,0.0,332.74,1500.0
4137,201406,1,744.0,12,0.0,0.0,0.0,,1364.55,206.96,0.0,26,0.0,421.41,2364.55
4138,201407,0,254.0,12,0.0,0.0,0.0,,1000.0,,,38,0.0,,1000.0
4139,201406,1,952.0,12,0.0,0.0,7.0,,1000.0,930.56,0.0,38,0.0,669.14,1000.0
4140,201409,0,786.0,10,0.0,0.0,2.0,,350.0,115.96,0.0,43,0.0,201.38,
4141,201405,0,2734.0,12,29.0,2.0,0.0,,1300.0,,,39,14.0,,1300.0
4142,201401,0,1122.0,12,0.0,0.0,12.0,253.0,1000.0,612.72,106.34,35,0.0,384.54,3300.0
4143,201410,0,720.0,6,0.0,0.0,0.0,,600.0,,,49,0.0,177.39,1500.0
4144,201405,1,2919.0,12,43.0,12.0,11.0,784.0,968.7,,,47,5.0,400.26,968.7
4145,201409,1,263.0,12,0.0,0.0,0.0,,1500.0,,,35,0.0,,
4146,201405,0,567.0,12,0.0,0.0,0.0,,1380.0,,,54,0.0,166.38,2780.0
4147,201404,0,1133.0,5,0.0,1.0,10.0,169.0,400.0,126.91,0.0,53,0.0,85.55,400.0
4148,201403,0,1063.0,12,0.0,0.0,11.0,,2627.66,534.62,0.0,41,0.0,460.68,3127.66
4149,201411,1,206.0,12,0.0,0.0,0.0,,700.0,,,50,0.0,,
4150,201409,1,157.0,5,0.0,0.0,0.0,,441.71,,,55,0.0,,
4151,201411,0,1076.0,10,0.0,0.0,12.0,,500.0,602.16,106.32,51,0.0,334.47,1560.0
4152,201404,1,549.0,12,0.0,0.0,0.0,,966.09,,,39,0.0,,966.09
4153,201404,1,514.0,6,0.0,0.0,0.0,,230.0,,,37,0.0,,230.0
4154,201403,0,2091.0,10,15.0,6.0,4.0,269.0,2000.0,374.44,0.0,39,6.0,280.0,5000.0
4155,201412,0,1153.0,3,0.0,1.0,11.0,187.0,465.95,394.48,98.38,35,0.0,247.26,
4156,201410,0,1678.0,12,6.0,9.0,3.0,176.0,3000.0,131.44,0.0,45,1.0,279.76,
4157,201402,0,4577.0,12,52.0,1.0,0.0,,1000.0,,,54,31.0,87.08,2000.0
4158,201408,0,765.0,6,0.0,0.0,1.0,,400.0,18.0,0.0,37,0.0,155.94,400.0
4159,201406,0,212.0,10,0.0,0.0,0.0,,500.0,,,25,0.0,,500.0
4160,201401,0,359.0,11,0.0,0.0,0.0,,1000.0,,,54,0.0,,2527.24
4161,201401,1,1975.0,12,10.0,3.0,3.0,85.0,800.0,315.93,0.0,42,6.0,341.79,1600.0
4162,201410,0,669.0,12,0.0,0.0,0.0,,800.0,270.72,90.78,52,0.0,131.4,
4163,201412,0,3007.0,10,23.0,2.0,12.0,279.0,2000.0,363.11,0.0,43,14.0,133.51,5600.0
4164,201407,0,290.0,10,0.0,0.0,0.0,,1200.0,,,52,0.0,,1200.0
4165,201406,0,256.0,12,0.0,0.0,0.0,,1828.31,,,41,0.0,,1828.31
4166,201409,0,520.0,10,0.0,0.0,0.0,,1300.0,,,40,0.0,,3450.27
4167,201411,0,872.0,12,0.0,0.0,5.0,,1000.0,245.04,48.07,72,0.0,195.62,5400.0
4168,201406,0,4658.0,12,47.0,4.0,0.0,,1000.0,,,65,11.0,,5000.0
4169,201409,0,767.0,12,0.0,0.0,2.0,,2512.7,206.95,22.8,35,0.0,214.56,
4170,201403,0,1204.0,12,0.0,2.0,12.0,333.0,1600.0,227.29,77.32,44,0.0,95.41,3470.0
4171,201401,0,2889.0,12,19.0,0.0,0.0,,1000.0,,,33,4.0,,2000.0
4172,201412,0,342.0,4,0.0,0.0,0.0,,420.0,,,32,0.0,,
4173,201406,0,644.0,12,0.0,0.0,0.0,,1500.0,,,69,0.0,227.41,1500.0
4174,201410,0,980.0,12,0.0,0.0,5.0,,900.0,189.91,0.0,55,0.0,157.14,1000.0
4175,201412,0,599.0,12,0.0,0.0,0.0,,1500.0,,,55,0.0,89.48,750.0
4176,201407,0,4355.0,12,58.0,12.0,1.0,413.0,300.0,,,77,16.0,,1250.0
4177,201403,1,359.0,12,0.0,0.0,0.0,,689.91,,,21,0.0,,689.91
4178,201403,1,623.0,12,0.0,0.0,0.0,,2000.0,,,68,0.0,181.04,5070.0
4179,201403,0,1033.0,12,0.0,1.0,11.0,129.0,1300.0,493.02,72.17,58,0.0,388.35,2900.0
4180,201402,1,164.0,6,0.0,0.0,0.0,,500.0,,,54,0.0,,1000.0
4181,201401,0,1115.0,10,0.0,0.0,12.0,89.0,1500.0,1358.2,127.18,46,0.0,716.54,4500.0
4182,201404,0,941.0,12,0.0,0.0,8.0,,800.0,74.96,0.0,41,0.0,491.59,3300.0
4183,201406,0,2960.0,12,35.0,6.0,7.0,626.0,3000.0,402.23,27.32,63,8.0,239.35,13000.0
4184,201410,1,351.0,10,0.0,0.0,0.0,,600.0,,,43,0.0,,
4185,201405,0,612.0,12,0.0,0.0,0.0,,1500.0,,,55,0.0,28.81,3000.0
4186,201406,1,3591.0,12,18.0,0.0,3.0,,800.0,390.3,36.26,43,8.0,312.0,2950.0
4187,201401,1,273.0,12,0.0,0.0,0.0,,504.0,,,33,0.0,,1008.0
4188,201401,0,1096.0,12,0.0,0.0,11.0,364.0,700.0,1071.42,209.13,43,0.0,479.05,2706.23
4189,201411,1,690.0,12,0.0,0.0,0.0,,1420.07,,,48,0.0,122.44,2000.0
4190,201411,0,4659.0,10,41.0,0.0,0.0,,300.0,,,65,12.0,,
4191,201408,0,959.0,12,0.0,0.0,11.0,,1709.72,818.07,181.31,40,0.0,501.35,3809.72
4192,201403,0,938.0,12,0.0,0.0,7.0,,1000.0,652.51,9.61,51,0.0,627.93,1000.0
4193,201406,1,314.0,12,0.0,0.0,0.0,,1000.0,,,59,0.0,,1000.0
4194,201406,0,773.0,12,0.0,0.0,2.0,,600.0,137.76,45.81,35,0.0,247.02,600.0
4195,201410,0,3737.0,12,43.0,0.0,0.0,,700.0,,,62,9.0,,1600.0
4196,201411,1,713.0,6,0.0,0.0,0.0,,1502.46,,,47,0.0,35.75,2168.12
4197,201402,1,818.0,12,0.0,0.0,3.0,,1000.0,327.7,89.44,57,0.0,288.76,2240.0
4198,201410,1,793.0,12,0.0,0.0,2.0,,1500.0,84.99,0.0,55,0.0,96.72,2000.0
4199,201403,0,587.0,12,0.0,0.0,0.0,,1000.0,,,56,0.0,36.3,1500.0
4200,201404,0,497.0,12,0.0,0.0,0.0,,500.0,,,39,0.0,,500.0
4201,201406,0,2918.0,12,17.0,0.0,2.0,,1200.0,,,52,19.0,,5200.0
4202,201410,1,308.0,12,0.0,0.0,0.0,,2000.0,,,37,0.0,,
4203,201408,1,3017.0,6,4.0,0.0,0.0,,150.0,,,36,2.0,,150.0
4204,201412,0,586.0,3,0.0,0.0,0.0,,264.0,,,47,0.0,0.0,
4205,201412,0,185.0,9,0.0,0.0,0.0,,500.0,,,39,0.0,,
4206,201412,0,3770.0,6,31.0,6.0,0.0,86.0,1500.0,,,66,5.0,,4000.0
4207,201407,1,1031.0,5,0.0,0.0,10.0,,500.0,641.67,83.92,35,0.0,264.43,900.0
4208,201408,0,823.0,12,0.0,0.0,3.0,,1000.0,59.99,0.0,36,0.0,,2117.8
4209,201402,0,655.0,10,0.0,0.0,0.0,,600.0,,,41,0.0,312.71,1338.97
4210,201410,0,283.0,12,0.0,0.0,0.0,,600.0,,,57,0.0,,
4211,201402,0,4017.0,10,46.0,2.0,3.0,,1300.0,,,33,11.0,,4200.0
4212,201412,1,1236.0,12,0.0,5.0,12.0,180.0,1490.0,277.9,91.99,38,0.0,175.79,1800.0
4213,201401,0,936.0,12,0.0,0.0,6.0,,1500.0,660.26,76.4,44,0.0,306.63,3000.0
4214,201406,0,469.0,12,0.0,0.0,0.0,,1346.29,,,34,0.0,,1346.29
4215,201409,0,4290.0,10,35.0,8.0,11.0,201.0,1000.0,193.92,0.0,55,12.0,229.0,4110.2
4216,201404,0,1442.0,12,1.0,11.0,12.0,390.0,600.0,174.1,28.14,35,1.0,386.79,600.0
4217,201411,1,2580.0,12,25.0,6.0,9.0,,1467.83,551.5,27.23,36,9.0,716.87,
4218,201401,1,523.0,12,0.0,0.0,0.0,,1000.0,,,63,0.0,,2500.0
4219,201409,1,1063.0,12,0.0,0.0,11.0,,2500.0,754.43,13.85,42,0.0,419.51,8855.2
4220,201407,0,673.0,12,0.0,0.0,7.0,,900.0,,,40,0.0,230.79,900.0
4221,201411,0,367.0,5,0.0,0.0,0.0,,1000.0,,,35,0.0,,
4222,201403,1,314.0,12,0.0,0.0,0.0,,1000.0,,,37,0.0,,2000.0
4223,201409,0,4997.0,5,32.0,0.0,4.0,,600.0,129.98,0.0,34,31.0,98.39,1500.0
4224,201403,1,1574.0,12,3.0,6.0,0.0,316.0,1000.0,,,35,1.0,,3821.01
4225,201405,0,714.0,12,0.0,0.0,2.0,,1500.0,296.03,90.89,47,0.0,445.52,2500.0
4226,201407,0,1498.0,8,0.0,11.0,11.0,515.0,1000.0,355.8,0.0,37,1.0,92.36,2200.0
4227,201404,0,4058.0,6,10.0,0.0,0.0,,250.0,,,37,6.0,,250.0
4228,201411,1,723.0,12,0.0,0.0,1.0,,1500.0,570.5,178.61,40,0.0,559.53,
4229,201401,0,3912.0,12,25.0,6.0,11.0,355.0,2000.0,143.92,0.0,64,26.0,73.94,4000.0
4230,201404,1,404.0,12,0.0,0.0,0.0,,2000.0,,,58,0.0,,3000.0
4231,201407,0,234.0,12,0.0,0.0,0.0,,1000.0,,,54,0.0,,1000.0
4232,201403,0,308.0,12,0.0,0.0,0.0,,1404.52,,,50,0.0,,1404.52
4233,201402,1,445.0,12,0.0,0.0,0.0,,653.0,,,34,0.0,,1306.0
4234,201402,0,733.0,12,0.0,0.0,3.0,,1500.0,369.39,54.07,42,0.0,199.0,7144.01
4235,201404,0,1619.0,12,5.0,11.0,12.0,259.0,700.0,300.16,100.22,60,1.0,131.96,700.0
4236,201405,0,2888.0,12,20.0,8.0,12.0,423.0,600.0,746.91,223.18,51,19.0,290.85,600.0
4237,201412,0,3053.0,4,46.0,10.0,12.0,520.0,700.0,888.94,0.0,38,3.0,400.0,1500.0
4238,201411,0,206.0,5,0.0,0.0,0.0,,500.0,,,40,0.0,,
4239,201406,0,1321.0,12,0.0,3.0,6.0,271.0,1300.0,,,44,0.0,77.77,4924.94
4240,201403,0,434.0,12,0.0,0.0,0.0,,1000.0,,,47,0.0,,1400.0
4241,201407,1,3642.0,12,20.0,0.0,0.0,,1000.0,,,34,4.0,,1000.0
4242,201408,1,664.0,12,0.0,0.0,0.0,,1700.0,,,54,0.0,95.99,2700.0
4243,201412,0,367.0,5,0.0,0.0,0.0,,300.0,,,39,0.0,,
4244,201407,0,5062.0,12,10.0,0.0,0.0,,2000.0,,,68,32.0,,2000.0
4245,201410,0,1133.0,12,0.0,0.0,8.0,192.0,1000.0,462.79,0.0,38,0.0,174.9,
4246,201403,0,322.0,12,0.0,0.0,0.0,,1000.0,,,34,0.0,,1000.0
4247,201409,0,14.0,12,0.0,0.0,0.0,,1000.0,,,33,0.0,,1200.0
4248,201411,1,355.0,12,0.0,0.0,0.0,,1403.28,,,34,0.0,,
4249,201404,0,1204.0,12,0.0,2.0,7.0,23.0,3000.0,73.97,0.0,72,0.0,16.6,5600.0
4250,201412,1,386.0,12,0.0,0.0,0.0,,1000.0,,,62,0.0,,
4251,201406,0,388.0,12,0.0,0.0,0.0,,982.86,,,46,0.0,,1982.86
4252,201411,0,1642.0,3,5.0,12.0,12.0,503.0,200.0,541.08,100.7,66,1.0,294.0,1650.0
4253,201404,1,2622.0,12,9.0,1.0,5.0,103.0,1500.0,97.96,0.0,58,2.0,,8290.0
4254,201404,1,866.0,12,0.0,0.0,5.0,,450.0,967.01,315.12,34,0.0,731.66,450.0
4255,201410,0,1153.0,10,0.0,1.0,10.0,165.0,700.0,642.01,174.99,58,0.0,169.24,
4256,201405,1,502.0,12,0.0,0.0,0.0,,1000.0,,,46,0.0,,1000.0
4257,201404,1,795.0,6,0.0,0.0,2.0,,1000.0,758.68,0.0,38,0.0,1057.72,1000.0
4258,201402,0,816.0,12,0.0,0.0,3.0,,1000.0,251.52,0.0,49,0.0,169.37,2600.0
4259,201411,0,618.0,12,0.0,0.0,0.0,,1500.0,,,56,0.0,114.36,1400.0
4260,201408,0,255.0,12,0.0,0.0,0.0,,1000.0,,,54,0.0,,1000.0
4261,201408,1,803.0,12,0.0,0.0,2.0,,2852.62,566.67,0.0,37,0.0,406.22,5002.46
4262,201410,0,4292.0,7,19.0,1.0,11.0,,1000.0,409.82,0.0,34,26.0,205.46,2600.0
4263,201403,0,1228.0,12,0.0,3.0,12.0,230.0,1200.0,568.04,95.58,60,0.0,493.0,3300.0
4264,201402,0,875.0,12,0.0,0.0,4.0,,2627.66,674.94,98.13,47,0.0,522.52,5255.32
4265,201402,0,429.0,12,0.0,0.0,0.0,,400.0,,,27,0.0,,800.0
4266,201405,0,980.0,7,0.0,0.0,8.0,,605.75,560.18,139.28,53,0.0,121.38,605.75
4267,201406,0,4833.0,12,57.0,1.0,0.0,15.0,3000.0,,,55,18.0,88.6,5500.0
4268,201412,1,951.0,10,0.0,0.0,7.0,,1000.0,1619.42,0.0,62,0.0,782.58,600.0
4269,201404,0,181.0,12,0.0,0.0,0.0,,1965.1,,,41,0.0,,1965.1
4270,201402,0,226.0,12,0.0,0.0,0.0,,1382.94,,,38,0.0,,3580.21
4271,201408,1,2102.0,12,10.0,8.0,12.0,372.0,1163.3,370.42,91.51,35,9.0,135.13,8917.18
4272,201411,0,3251.0,12,23.0,0.0,12.0,433.0,1000.0,1406.92,105.4,65,2.0,1007.08,2200.0
4273,201409,0,869.0,12,0.0,0.0,4.0,,1000.0,931.43,211.6,46,0.0,382.94,
4274,201407,0,349.0,12,0.0,0.0,0.0,,2000.0,,,48,0.0,,2000.0
4275,201412,1,952.0,12,0.0,0.0,7.0,,1910.77,364.25,33.29,34,0.0,229.53,8365.75
4276,201409,0,2679.0,12,26.0,6.0,5.0,207.0,2000.0,229.98,0.0,59,8.0,61.84,1800.0
4277,201401,0,164.0,12,0.0,0.0,0.0,,812.5,,,33,0.0,,812.5
4278,201407,0,242.0,12,0.0,0.0,0.0,,900.0,,,59,0.0,,900.0
4279,201404,0,943.0,12,0.0,0.0,7.0,,1500.0,407.58,64.1,33,0.0,32.9,2421.42
4280,201407,0,127.0,10,0.0,0.0,0.0,,712.83,,,47,0.0,,712.83
4281,201408,0,1618.0,7,4.0,3.0,4.0,,300.0,129.51,23.55,76,1.0,64.47,300.0
4282,201412,0,3107.0,9,22.0,3.0,3.0,51.0,1500.0,161.07,53.1,57,3.0,114.64,3000.0
4283,201410,1,394.0,12,0.0,0.0,0.0,,1000.0,,,34,0.0,,
4284,201411,0,3335.0,12,46.0,11.0,9.0,468.0,1000.0,616.55,141.74,74,9.0,422.15,2600.0
4285,201404,0,4835.0,12,12.0,8.0,6.0,554.0,1140.0,538.32,121.4,36,48.0,260.0,1140.0
4286,201404,0,447.0,4,0.0,0.0,0.0,,900.0,,,33,0.0,,2110.36
4287,201405,0,462.0,12,2.0,0.0,0.0,,2000.0,,,56,5.0,,2700.0
4288,201408,1,266.0,12,0.0,0.0,0.0,,400.0,,,59,0.0,,
4289,201404,0,1801.0,12,7.0,9.0,11.0,234.0,1100.0,711.92,110.47,34,5.0,339.37,3114.97
4290,201408,0,1635.0,12,4.0,1.0,0.0,,2000.0,,,56,2.0,,9600.0
4291,201407,0,286.0,12,0.0,0.0,0.0,,1200.0,,,64,0.0,,1200.0
4292,201411,0,1617.0,12,4.0,9.0,11.0,726.0,700.0,341.1,0.0,60,1.0,785.22,645.75
4293,201401,1,317.0,12,0.0,0.0,0.0,,730.0,,,31,0.0,,1460.0
4294,201402,0,2529.0,12,8.0,0.0,0.0,,1500.0,,,63,6.0,,2500.0
4295,201410,1,1118.0,12,0.0,0.0,11.0,232.0,1000.0,849.21,154.59,33,0.0,328.17,2000.0
4296,201402,1,711.0,6,0.0,0.0,0.0,,500.0,,,63,0.0,209.13,1000.0
4297,201403,0,3715.0,12,28.0,11.0,10.0,399.0,600.0,353.04,0.0,56,9.0,218.37,600.0
4298,201412,1,2760.0,12,14.0,2.0,11.0,352.0,900.0,169.42,0.0,51,5.0,195.31,
4299,201407,0,228.0,12,0.0,0.0,0.0,,400.0,,,31,0.0,,400.0
4300,201401,1,857.0,5,0.0,0.0,4.0,,400.0,429.86,0.0,49,0.0,349.85,1100.0
4301,201412,0,638.0,12,0.0,0.0,0.0,,1200.0,,,69,0.0,99.37,2400.0
4302,201403,0,2327.0,10,8.0,5.0,9.0,327.0,200.0,1110.95,244.96,47,2.0,354.31,200.0
4303,201409,0,3711.0,12,53.0,12.0,12.0,681.0,400.0,938.95,111.34,56,11.0,354.25,4500.0
4304,201408,1,315.0,10,0.0,0.0,0.0,,700.0,,,36,0.0,,700.0
4305,201409,0,805.0,12,0.0,0.0,2.0,,1000.0,628.35,60.11,35,0.0,494.08,
4306,201402,1,1314.0,12,0.0,6.0,12.0,199.0,1900.0,609.5,115.77,65,0.0,271.71,4143.65
4307,201410,1,1679.0,12,7.0,9.0,10.0,389.0,574.0,,,61,1.0,24.49,
4308,201411,1,293.0,12,0.0,0.0,0.0,,1500.0,,,59,0.0,,
4309,201401,0,440.0,12,0.0,0.0,0.0,,1000.0,,,65,0.0,,2000.0
4310,201410,1,2767.0,12,30.0,12.0,12.0,308.0,1300.0,650.49,23.11,69,13.0,361.6,1500.0
4311,201410,0,1212.0,8,0.0,3.0,12.0,546.0,700.0,846.11,0.0,32,0.0,589.0,1989.92
4312,201406,1,1794.0,6,9.0,12.0,11.0,1127.0,500.0,908.6,0.0,63,2.0,510.45,2000.0
4313,201408,1,720.0,12,0.0,0.0,0.0,,606.0,47.68,0.0,35,0.0,177.56,606.0
4314,201410,0,1102.0,12,0.0,0.0,12.0,170.0,1000.0,806.52,0.0,36,0.0,96.79,650.0
4315,201405,0,2412.0,12,18.0,0.0,3.0,,500.0,666.04,109.18,47,4.0,311.29,750.0
4316,201411,1,544.0,5,0.0,0.0,0.0,,1000.0,,,42,0.0,0.0,
4317,201406,1,846.0,6,0.0,0.0,4.0,,1000.0,429.34,0.0,26,0.0,531.78,1615.36
4318,201402,0,2165.0,12,9.0,0.0,2.0,,1140.41,261.87,0.0,33,4.0,325.71,2333.79
4319,201411,0,3014.0,12,45.0,8.0,12.0,233.0,1994.32,1063.42,225.15,32,6.0,428.5,
4320,201409,1,339.0,12,0.0,0.0,0.0,,2000.0,,,47,0.0,,1928.1
4321,201407,0,582.0,12,0.0,0.0,0.0,,2000.0,,,32,0.0,0.0,3000.0
4322,201407,0,1706.0,12,5.0,7.0,12.0,327.0,1500.0,905.97,189.16,63,3.0,395.25,1500.0
4323,201407,0,233.0,12,0.0,0.0,0.0,,1000.0,,,43,0.0,,1000.0
4324,201407,0,885.0,10,0.0,0.0,7.0,,800.0,493.06,142.84,39,0.0,244.29,3050.0
4325,201409,1,918.0,12,0.0,0.0,9.0,,2000.0,464.03,154.86,37,0.0,498.08,3118.78
4326,201407,1,1083.0,12,0.0,0.0,10.0,194.0,800.0,818.35,94.58,49,0.0,215.21,800.0
4327,201405,0,1546.0,10,3.0,9.0,0.0,165.0,1000.0,,,66,1.0,,9280.49
4328,201407,0,2445.0,12,3.0,0.0,1.0,,800.0,257.92,0.0,27,1.0,400.4,800.0
4329,201411,1,503.0,12,0.0,0.0,0.0,,1500.0,,,31,0.0,,
4330,201407,1,1584.0,12,2.0,3.0,2.0,,2000.0,277.93,0.0,39,2.0,404.34,2000.0
4331,201402,0,3115.0,6,41.0,10.0,12.0,467.0,600.0,307.79,107.82,46,13.0,107.67,1200.0
4332,201408,0,704.0,4,0.0,0.0,0.0,,773.47,,,44,0.0,326.37,773.47
4333,201407,1,2673.0,12,21.0,5.0,0.0,,800.0,,,27,6.0,163.61,2030.0
4334,201407,1,389.0,6,0.0,0.0,0.0,,600.0,,,52,0.0,,600.0
4335,201411,0,638.0,3,0.0,0.0,0.0,,450.0,,,50,0.0,26.1,
4336,201410,0,2565.0,4,21.0,4.0,2.0,,500.0,71.97,0.0,32,15.0,173.48,
4337,201405,0,1285.0,12,0.0,5.0,11.0,513.0,700.0,378.63,0.0,30,0.0,293.48,700.0
4338,201402,0,2264.0,12,19.0,10.0,12.0,305.0,1000.0,772.08,98.22,63,8.0,829.0,2000.0
4339,201406,0,252.0,10,0.0,0.0,0.0,,1000.0,,,67,0.0,,1000.0
4340,201411,0,804.0,12,0.0,0.0,3.0,,2600.0,403.81,0.0,60,0.0,497.34,
4341,201410,1,538.0,8,0.0,0.0,0.0,,500.0,,,48,0.0,,500.0
4342,201407,1,1043.0,5,0.0,0.0,11.0,,536.0,1087.95,41.19,31,0.0,742.9,536.0
4343,201404,1,657.0,12,0.0,0.0,0.0,,1002.41,,,31,0.0,12.92,1002.41
4344,201407,0,3622.0,12,37.0,4.0,5.0,488.0,1000.0,209.95,0.0,48,18.0,329.5,1000.0
4345,201410,1,163.0,12,0.0,0.0,0.0,,800.0,,,47,0.0,,
4346,201402,1,245.0,12,0.0,0.0,0.0,,600.0,,,29,0.0,,1200.0
4347,201405,0,448.0,12,0.0,0.0,0.0,,500.0,,,75,0.0,,1500.0
4348,201404,1,385.0,12,0.0,0.0,0.0,,2280.0,,,53,0.0,,10011.0
4349,201407,1,239.0,12,0.0,0.0,0.0,,1176.36,,,46,0.0,,1176.36
4350,201408,1,620.0,12,0.0,0.0,0.0,,750.0,,,45,0.0,43.48,1250.0
4351,201402,0,325.0,12,0.0,0.0,0.0,,800.0,,,59,0.0,,1600.0
4352,201408,1,226.0,10,0.0,0.0,0.0,,1000.0,,,35,0.0,,1000.0
4353,201402,0,1383.0,12,0.0,5.0,10.0,369.0,1000.0,368.16,119.65,70,0.0,0.0,4400.0
4354,201403,0,1207.0,12,0.0,2.0,11.0,499.0,2559.48,,,39,0.0,143.5,6860.44
4355,201403,0,4857.0,12,52.0,12.0,11.0,1056.0,2000.0,1239.53,0.0,49,8.0,719.25,4850.0
4356,201405,0,1630.0,12,5.0,9.0,12.0,793.0,1000.0,761.55,173.79,52,1.0,607.72,2000.0
4357,201403,0,647.0,3,0.0,0.0,0.0,,500.0,387.38,129.5,61,0.0,224.38,500.0
4358,201404,1,770.0,12,0.0,0.0,1.0,,1000.0,18.0,0.0,40,0.0,68.89,2500.0
4359,201412,0,2743.0,8,30.0,11.0,12.0,779.0,1178.53,873.79,144.37,45,9.0,891.36,400.0
4360,201407,0,498.0,12,0.0,0.0,0.0,,2000.0,,,49,0.0,0.0,2600.0
4361,201408,0,903.0,12,0.0,0.0,3.0,,800.0,89.99,0.0,22,0.0,119.37,
4362,201407,0,311.0,12,0.0,0.0,0.0,,1000.0,,,59,0.0,,1000.0
4363,201409,0,1174.0,6,0.0,2.0,3.0,269.0,900.0,,,40,0.0,,2500.0
4364,201411,0,3302.0,8,25.0,5.0,4.0,,700.0,191.91,0.0,35,5.0,177.2,1400.0
4365,201403,0,3009.0,12,39.0,9.0,12.0,1254.0,2200.0,953.5,0.0,50,12.0,567.7,5399.02
4366,201404,0,1092.0,12,0.0,0.0,12.0,139.0,1400.0,311.04,0.0,32,0.0,62.2,1600.0
4367,201411,0,313.0,12,0.0,0.0,0.0,,1000.0,,,26,0.0,,
4368,201411,1,3814.0,12,68.0,12.0,12.0,1340.0,3000.0,2145.66,166.52,51,10.0,1112.87,
4369,201412,1,1092.0,12,0.0,0.0,12.0,81.0,900.0,333.83,117.9,37,0.0,443.36,700.0
4370,201406,1,202.0,12,0.0,0.0,0.0,,1429.73,,,33,0.0,,1429.73
4371,201403,0,1246.0,3,0.0,3.0,12.0,222.0,300.0,436.04,0.0,53,0.0,50.59,300.0
4372,201407,0,1668.0,7,6.0,4.0,10.0,420.0,556.0,,,29,1.0,24.24,556.0
4373,201409,0,341.0,5,0.0,0.0,0.0,,751.0,,,39,0.0,,300.0
4374,201406,1,630.0,12,0.0,0.0,0.0,,1700.0,,,48,0.0,70.38,2100.0
4375,201412,1,791.0,12,0.0,0.0,5.0,,1000.0,409.79,148.83,60,0.0,291.96,800.0
4376,201401,0,1275.0,4,0.0,5.0,3.0,67.0,316.3,121.95,0.0,23,0.0,79.5,632.6
4377,201407,1,378.0,12,0.0,0.0,0.0,,1200.0,,,61,0.0,,2048.02
4378,201402,1,1185.0,6,0.0,2.0,11.0,118.0,400.0,455.86,0.0,21,0.0,333.89,800.0
4379,201405,0,386.0,10,0.0,0.0,0.0,,441.04,,,20,0.0,,1492.8
4380,201403,0,568.0,5,0.0,0.0,0.0,,400.0,,,47,0.0,11.7,400.0
4381,201410,0,4805.0,12,79.0,0.0,0.0,,1000.0,,,72,11.0,,2915.09
4382,201402,1,385.0,12,0.0,0.0,0.0,,1400.0,,,31,0.0,,3220.0
4383,201410,0,1582.0,6,3.0,11.0,12.0,210.0,1300.0,642.71,0.0,64,1.0,316.3,3200.0
4384,201404,1,437.0,12,0.0,0.0,0.0,,492.85,,,23,0.0,,492.85
4385,201409,0,635.0,3,0.0,0.0,0.0,,500.0,,,47,0.0,42.89,300.0
4386,201408,0,312.0,4,0.0,0.0,0.0,,400.0,,,34,0.0,,400.0
4387,201403,0,521.0,3,0.0,0.0,0.0,,500.0,,,53,0.0,,500.0
4388,201410,1,388.0,12,0.0,0.0,0.0,,1000.0,,,33,0.0,,
4389,201406,0,2308.0,5,22.0,11.0,8.0,883.0,500.0,684.26,216.46,43,4.0,735.0,500.0
4390,201403,0,2291.0,6,15.0,0.0,0.0,,500.0,,,31,3.0,,900.0
4391,201410,1,665.0,10,0.0,0.0,3.0,,1140.0,,,42,0.0,190.42,
4392,201411,0,694.0,3,0.0,0.0,0.0,,400.0,,,36,0.0,118.01,500.0
4393,201406,0,538.0,12,0.0,0.0,0.0,,1800.0,,,60,0.0,,3000.0
4394,201407,0,2077.0,12,15.0,11.0,12.0,532.0,1700.0,426.96,150.04,50,6.0,287.96,7260.0
4395,201401,0,688.0,12,0.0,0.0,0.0,,600.0,,,64,0.0,163.91,2800.0
4396,201402,1,267.0,8,0.0,0.0,0.0,,200.0,,,29,0.0,,1600.0
4397,201401,0,4537.0,12,14.0,0.0,0.0,,710.0,,,32,21.0,0.0,1420.0
4398,201408,0,3548.0,5,44.0,7.0,7.0,167.0,1000.0,244.92,0.0,70,20.0,199.01,
4399,201404,0,1998.0,12,13.0,9.0,11.0,374.0,2000.0,552.58,186.68,50,5.0,445.31,2000.0
4400,201405,0,3676.0,12,39.0,12.0,12.0,387.0,2000.0,387.94,128.02,74,24.0,313.65,19411.86
4401,201403,1,967.0,12,0.0,0.0,7.0,,1000.0,342.5,0.0,53,0.0,166.61,1914.22
4402,201404,0,327.0,12,0.0,0.0,0.0,,800.0,,,76,0.0,,1045.21
4403,201404,0,682.0,12,0.0,0.0,0.0,,1600.0,185.35,0.0,70,0.0,321.74,1600.0
4404,201401,0,4713.0,12,81.0,9.0,7.0,244.0,2320.04,1610.91,416.54,60,14.0,969.75,4640.08
4405,201404,0,3889.0,8,5.0,0.0,12.0,277.0,400.0,247.83,0.0,55,1.0,384.93,2800.0
4406,201412,1,603.0,12,0.0,0.0,0.0,,1000.0,,,47,0.0,168.17,2400.0
4407,201406,0,187.0,12,0.0,0.0,0.0,,2000.0,,,66,0.0,,2000.0
4408,201411,0,1065.0,3,0.0,0.0,8.0,,200.0,140.31,0.0,41,0.0,,400.0
4409,201402,0,3829.0,12,45.0,11.0,12.0,1949.0,2955.0,619.74,0.0,50,25.0,641.21,2955.0
4410,201404,0,2968.0,12,24.0,2.0,12.0,201.0,1000.0,287.63,92.72,47,6.0,142.92,1000.0
4411,201405,0,1496.0,10,1.0,10.0,10.0,323.0,1000.0,356.45,109.56,52,1.0,321.0,1000.0
4412,201401,1,411.0,12,0.0,0.0,0.0,,2188.38,,,52,0.0,,4376.76
4413,201407,0,433.0,12,0.0,0.0,0.0,,800.0,,,65,0.0,,800.0
4414,201402,0,273.0,4,0.0,0.0,0.0,,500.0,,,55,0.0,,1000.0
4415,201402,0,3683.0,12,19.0,11.0,12.0,596.0,1700.0,1152.72,195.02,42,8.0,583.74,3400.0
4416,201412,0,1865.0,3,11.0,2.0,9.0,313.0,300.0,537.87,0.0,47,1.0,759.96,
4417,201405,0,1643.0,12,6.0,8.0,10.0,339.0,1500.0,59.97,0.0,40,1.0,5.38,1500.0
4418,201407,1,3485.0,12,46.0,8.0,12.0,432.0,2479.0,1425.37,253.9,71,9.0,444.65,4979.0
4419,201403,0,2223.0,10,23.0,10.0,0.0,305.0,300.0,,,41,2.0,,300.0
4420,201402,0,,12,,,,,1000.0,,,60,,,3000.0
4421,201408,0,653.0,12,0.0,0.0,0.0,,1500.0,,,37,0.0,228.63,1500.0
4422,201409,1,563.0,12,0.0,0.0,0.0,,1500.0,,,60,0.0,91.44,2280.0
4423,201412,0,358.0,5,0.0,0.0,0.0,,500.0,,,64,0.0,,300.0
4424,201402,0,2756.0,12,41.0,9.0,12.0,1013.0,1500.0,1881.9,584.35,55,2.0,1275.0,6657.94
4425,201404,0,416.0,12,0.0,0.0,0.0,,1447.8,,,58,0.0,,1447.8
4426,201409,0,654.0,12,0.0,0.0,0.0,,1791.84,,,53,0.0,126.18,
4427,201407,1,2191.0,12,3.0,0.0,2.0,,500.0,250.0,0.0,25,5.0,358.88,500.0
4428,201402,0,1064.0,12,0.0,1.0,11.0,191.0,1000.0,110.81,34.85,39,0.0,330.0,3807.8
4429,201407,0,1632.0,5,1.0,1.0,12.0,268.0,200.0,49.99,0.0,23,4.0,148.3,200.0
4430,201404,0,354.0,12,0.0,0.0,0.0,,999.63,,,28,0.0,,999.63
4431,201409,0,389.0,3,0.0,0.0,0.0,,600.0,,,60,0.0,,
4432,201410,0,968.0,12,0.0,0.0,7.0,,1500.0,385.01,0.0,48,0.0,133.27,3350.0
4433,201411,0,1259.0,3,0.0,1.0,11.0,409.0,300.0,556.83,0.0,45,0.0,656.97,
4434,201407,0,937.0,12,0.0,0.0,7.0,,2000.0,786.91,0.0,39,0.0,599.0,2800.0
4435,201405,1,374.0,12,0.0,0.0,0.0,,739.36,,,39,0.0,,739.36
4436,201407,0,337.0,12,0.0,0.0,0.0,,800.0,,,29,0.0,,1771.12
4437,201407,0,885.0,12,0.0,0.0,5.0,,1500.0,459.67,117.77,55,0.0,279.83,4840.0
4438,201403,0,1606.0,12,5.0,11.0,12.0,897.0,2627.66,397.88,0.0,63,1.0,8.6,6123.26
4439,201412,1,261.0,10,0.0,0.0,0.0,,1000.0,,,50,0.0,,
4440,201406,0,2729.0,12,2.0,0.0,9.0,,1500.0,278.36,65.55,41,8.0,,2800.0
4441,201408,0,2483.0,12,20.0,7.0,12.0,817.0,1900.0,1522.08,107.07,47,6.0,723.07,6486.76
4442,201401,1,404.0,12,0.0,0.0,0.0,,2500.0,,,37,0.0,,9308.56
4443,201407,1,1490.0,12,0.0,12.0,12.0,546.0,1500.0,189.95,0.0,45,1.0,19.84,3000.0
4444,201405,0,1897.0,12,3.0,0.0,1.0,,1986.91,,,30,11.0,254.88,2986.91
4445,201412,0,2163.0,12,16.0,8.0,12.0,354.0,1000.0,620.93,214.11,35,3.0,430.44,
4446,201411,1,335.0,12,0.0,0.0,0.0,,2500.0,,,62,0.0,,1463.48
4447,201402,0,712.0,12,0.0,0.0,2.0,,1337.89,826.91,286.73,56,0.0,581.08,2675.78
4448,201408,0,1215.0,6,0.0,3.0,10.0,229.0,600.0,277.9,0.0,46,0.0,247.4,600.0
4449,201403,1,2365.0,12,18.0,12.0,11.0,753.0,2000.0,173.75,0.0,47,6.0,82.34,3000.0
4450,201405,0,179.0,6,0.0,0.0,0.0,,499.22,,,41,0.0,,499.22
4451,201402,1,557.0,12,0.0,0.0,0.0,,1251.32,,,31,0.0,,3250.25
4452,201408,0,170.0,12,0.0,0.0,0.0,,1000.0,,,44,0.0,,1000.0
4453,201404,0,2136.0,3,15.0,6.0,12.0,190.0,350.0,515.82,0.0,52,3.0,419.15,1533.44
4454,201411,1,326.0,12,0.0,0.0,0.0,,850.0,,,58,0.0,,1600.0
4455,201411,0,1061.0,5,0.0,0.0,9.0,86.0,450.0,,,50,0.0,0.0,700.0
4456,201407,1,3226.0,12,9.0,0.0,4.0,,1000.0,185.96,0.0,47,10.0,,1800.0
4457,201402,1,229.0,12,0.0,0.0,0.0,,500.0,,,57,0.0,,1000.0
4458,201405,0,3077.0,12,19.0,0.0,2.0,,1500.0,897.37,279.53,68,8.0,813.34,5200.0
4459,201405,0,976.0,12,0.0,0.0,7.0,,1444.17,355.06,65.68,54,0.0,204.0,2538.78
4460,201402,0,790.0,12,0.0,0.0,2.0,,1600.0,224.05,0.0,41,0.0,206.75,4991.04
4461,201407,0,1122.0,4,0.0,1.0,7.0,207.0,400.0,87.49,0.0,47,0.0,116.18,2900.0
4462,201408,1,231.0,12,0.0,0.0,0.0,,1000.0,,,37,0.0,,1000.0
4463,201401,0,631.0,12,0.0,0.0,0.0,,1500.0,,,68,0.0,103.37,3000.0
4464,201403,0,682.0,12,0.0,0.0,0.0,,1064.0,309.28,107.35,46,0.0,279.11,1864.0
4465,201406,1,1812.0,12,7.0,6.0,12.0,289.0,1180.0,784.35,89.93,35,5.0,395.71,1180.0
4466,201405,0,971.0,8,0.0,0.0,8.0,,600.0,609.35,0.0,56,0.0,228.65,1600.0
4467,201403,0,375.0,12,0.0,0.0,0.0,,1500.0,,,47,0.0,,1500.0
4468,201405,0,657.0,4,0.0,0.0,0.0,,400.0,,,45,0.0,99.36,400.0
4469,201405,0,3449.0,12,52.0,12.0,12.0,437.0,1000.0,768.39,107.63,61,15.0,391.72,3550.0
4470,201401,0,851.0,8,0.0,0.0,4.0,,800.0,507.85,152.04,51,0.0,0.0,1600.0
4471,201403,0,2039.0,12,6.0,6.0,5.0,578.0,2000.0,270.9,90.94,52,2.0,260.0,5718.68
4472,201408,0,1366.0,12,0.0,4.0,0.0,,1000.0,,,48,0.0,,2902.84
4473,201410,0,2922.0,9,15.0,2.0,12.0,203.0,500.0,1358.04,357.54,44,6.0,542.91,
4474,201409,0,2642.0,12,1.0,0.0,3.0,,3000.0,95.94,0.0,60,9.0,268.3,18322.0
4475,201408,0,2719.0,6,5.0,0.0,6.0,,500.0,1054.16,344.16,39,3.0,447.05,500.0
4476,201411,1,231.0,5,0.0,0.0,0.0,,722.63,,,65,0.0,,
4477,201402,1,609.0,12,0.0,0.0,0.0,,1000.0,,,39,0.0,80.33,2000.0
4478,201405,1,377.0,12,0.0,0.0,0.0,,500.0,,,35,0.0,,500.0
4479,201410,0,3028.0,8,46.0,12.0,11.0,888.0,500.0,1409.56,337.91,46,5.0,746.85,
4480,201405,0,357.0,12,0.0,0.0,0.0,,1000.0,,,60,0.0,,1000.0
4481,201410,0,1545.0,12,2.0,12.0,12.0,1019.0,1000.0,1240.65,0.0,56,1.0,669.05,1100.0
4482,201401,0,1480.0,12,0.0,11.0,4.0,243.0,500.0,,,53,1.0,86.96,1000.0
4483,201410,0,4484.0,12,40.0,9.0,10.0,398.0,1200.0,209.86,69.51,50,11.0,78.44,1920.0
4484,201411,0,1602.0,6,4.0,12.0,11.0,963.0,600.0,1027.7,0.0,54,1.0,573.0,2000.0
4485,201401,0,493.0,12,0.0,0.0,0.0,,850.0,,,38,0.0,,3750.0
4486,201402,0,3341.0,3,33.0,7.0,12.0,262.0,400.0,605.68,89.99,59,20.0,148.64,1800.0
4487,201407,0,785.0,6,0.0,0.0,2.0,,500.0,177.98,0.0,68,0.0,184.43,2500.0
4488,201407,0,4198.0,12,83.0,12.0,12.0,594.0,3000.0,431.96,54.09,55,4.0,241.41,3000.0
4489,201404,1,106.0,12,0.0,0.0,0.0,,450.58,,,68,0.0,,450.58
4490,201403,0,2325.0,12,10.0,8.0,8.0,444.0,1500.0,,,50,4.0,16.88,1500.0
4491,201408,0,1776.0,6,6.0,6.0,12.0,1088.0,1660.45,1061.51,0.0,54,5.0,0.0,1660.45
4492,201405,0,407.0,12,0.0,0.0,0.0,,1000.0,,,36,0.0,,2230.74
4493,201411,0,1536.0,12,1.0,4.0,4.0,81.0,2000.0,291.01,55.11,51,1.0,182.47,3900.0
4494,201412,1,770.0,12,0.0,0.0,2.0,,1500.0,431.46,41.6,55,0.0,469.0,3000.0
4495,201403,0,3569.0,12,38.0,1.0,0.0,,1000.0,,,46,25.0,,1500.0
4496,201404,0,1132.0,12,0.0,1.0,12.0,119.0,877.0,783.32,265.95,71,0.0,248.0,877.0
4497,201401,1,234.0,12,0.0,0.0,0.0,,841.36,,,58,0.0,,1682.72
4498,201407,0,334.0,12,0.0,0.0,0.0,,1996.0,,,50,0.0,,1996.0
4499,201404,1,251.0,12,0.0,0.0,0.0,,610.0,,,33,0.0,,610.0
4500,201407,0,950.0,12,0.0,0.0,7.0,,1000.0,418.25,0.0,33,0.0,307.83,1000.0
4501,201409,1,794.0,12,0.0,0.0,2.0,,1500.0,481.04,93.18,30,0.0,413.44,
4502,201405,1,1881.0,12,9.0,6.0,8.0,232.0,2218.46,599.84,0.0,42,3.0,215.69,2218.46
4503,201402,0,894.0,12,0.0,0.0,4.0,,2296.83,1042.24,272.56,51,0.0,556.16,9843.66
4504,201407,0,1741.0,12,7.0,10.0,12.0,446.0,1677.3,433.72,38.81,48,2.0,361.99,1677.3
4505,201405,0,100.0,10,0.0,0.0,0.0,,1000.0,,,55,0.0,,2000.0
4506,201402,0,3169.0,6,40.0,4.0,5.0,159.0,500.0,,,42,11.0,,1000.0
4507,201407,0,1428.0,12,0.0,9.0,12.0,516.0,2000.0,300.95,39.02,60,0.0,47.64,2500.0
4508,201406,1,2486.0,12,26.0,0.0,0.0,,1400.0,,,43,1.0,,3800.0
4509,201401,0,1752.0,12,4.0,0.0,0.0,,1500.0,,,68,1.0,84.8,3000.0
4510,201408,0,1814.0,12,6.0,1.0,0.0,,1500.0,,,59,3.0,,5300.38
4511,201408,0,4785.0,5,75.0,11.0,5.0,215.0,400.0,,,57,19.0,0.0,800.0
4512,201406,0,2505.0,12,17.0,8.0,11.0,297.0,2950.0,1205.42,112.8,61,8.0,505.01,10950.0
4513,201404,0,500.0,12,0.0,0.0,0.0,,1258.19,,,39,0.0,,1258.19
4514,201402,0,1822.0,12,8.0,8.0,11.0,508.0,1500.0,1170.0,153.76,47,4.0,656.96,3820.0
4515,201409,1,1190.0,12,0.0,2.0,12.0,333.0,1393.56,409.68,0.0,33,0.0,403.0,1449.6
4516,201407,0,435.0,12,0.0,0.0,0.0,,1000.0,,,75,0.0,,1980.8
4517,201410,0,2667.0,12,11.0,8.0,12.0,619.0,3000.0,1005.22,96.55,66,5.0,70.67,5000.0
4518,201401,0,208.0,12,0.0,0.0,0.0,,1100.0,,,49,0.0,,2200.0
4519,201401,0,668.0,8,0.0,0.0,0.0,,2000.0,857.36,281.5,60,0.0,373.29,7812.61
4520,201405,0,718.0,12,0.0,0.0,0.0,,1000.0,,,36,0.0,198.77,1000.0
4521,201405,0,2115.0,8,9.0,0.0,0.0,,887.23,,,57,2.0,,887.23
4522,201408,0,2996.0,12,45.0,11.0,12.0,867.0,2000.0,822.98,237.46,54,5.0,786.0,8180.07
4523,201409,0,226.0,12,0.0,0.0,0.0,,1997.15,,,30,0.0,,
4524,201407,0,1433.0,12,0.0,10.0,12.0,748.0,500.0,696.07,0.0,44,0.0,650.0,5558.77
4525,201407,1,683.0,12,0.0,0.0,1.0,,1000.0,287.84,99.9,20,0.0,228.58,1000.0
4526,201407,0,1981.0,10,13.0,10.0,11.0,250.0,300.0,1031.07,139.78,66,2.0,458.49,300.0
4527,201409,0,303.0,12,0.0,0.0,0.0,,893.0,,,31,0.0,,
4528,201405,0,4071.0,12,29.0,8.0,12.0,329.0,2000.0,390.32,0.0,30,12.0,315.25,2000.0
4529,201409,1,1757.0,12,7.0,9.0,10.0,208.0,1500.0,422.2,107.28,55,3.0,230.32,2056.93
4530,201411,1,1802.0,12,8.0,6.0,4.0,,1000.0,449.4,139.4,73,2.0,279.27,500.0
4531,201406,0,377.0,5,0.0,0.0,0.0,,500.0,,,35,0.0,,500.0
4532,201408,1,103.0,12,0.0,0.0,0.0,,1547.95,,,30,0.0,,1547.95
4533,201412,0,750.0,4,0.0,0.0,1.0,,1100.0,255.48,0.0,47,0.0,295.1,2400.0
4534,201403,1,457.0,12,0.0,0.0,0.0,,1500.0,,,54,0.0,,2100.0
4535,201409,0,493.0,4,0.0,0.0,0.0,,791.92,,,27,0.0,,632.93
4536,201405,0,601.0,5,0.0,0.0,0.0,,500.0,,,44,0.0,0.0,500.0
4537,201402,0,2554.0,12,13.0,10.0,11.0,816.0,1166.52,,,32,7.0,183.0,2333.04
4538,201406,1,3448.0,12,35.0,7.0,12.0,450.0,1500.0,1779.89,562.66,61,14.0,503.03,7000.0
4539,201401,0,2966.0,12,10.0,3.0,4.0,161.0,750.0,81.96,0.0,32,11.0,,1500.0
4540,201406,0,,9,,,,,900.0,,,31,,,3791.29
4541,201404,0,1751.0,12,7.0,7.0,1.0,,700.0,111.86,35.88,78,1.0,94.67,2396.78
4542,201412,0,311.0,12,0.0,0.0,0.0,,1500.0,,,35,0.0,,
4543,201409,0,4371.0,12,27.0,0.0,0.0,,2000.0,,,53,17.0,,1500.0
4544,201402,0,854.0,12,0.0,0.0,6.0,,1600.0,204.81,0.0,64,0.0,88.62,4070.0
4545,201404,0,2619.0,3,31.0,10.0,11.0,319.0,150.0,358.92,63.05,57,8.0,119.17,1583.77
4546,201407,1,1302.0,12,0.0,5.0,8.0,272.0,2000.0,453.88,157.04,55,0.0,219.09,2700.0
4547,201412,1,3695.0,12,9.0,0.0,0.0,,700.0,,,54,12.0,114.31,
4548,201408,0,2819.0,4,18.0,0.0,0.0,,685.0,,,55,8.0,,1185.0
4549,201409,1,217.0,12,0.0,0.0,0.0,,1000.0,,,51,0.0,,
4550,201408,0,698.0,12,0.0,1.0,4.0,,800.0,299.6,89.65,32,0.0,60.84,3300.0
4551,201408,1,215.0,12,0.0,0.0,0.0,,991.66,,,31,0.0,,991.66
4552,201404,0,1120.0,12,0.0,0.0,12.0,94.0,1200.0,419.15,137.24,46,0.0,270.88,4680.0
4553,201403,0,1387.0,12,0.0,8.0,3.0,688.0,1500.0,29.99,0.0,55,0.0,,11041.98
4554,201405,0,386.0,12,0.0,0.0,0.0,,1072.53,,,49,0.0,,2072.53
4555,201402,0,637.0,9,0.0,0.0,0.0,,700.0,,,31,0.0,125.84,1900.0
4556,201411,0,456.0,12,0.0,0.0,0.0,,1558.75,,,52,0.0,,3000.0
4557,201410,0,2617.0,12,13.0,1.0,0.0,,2000.0,,,48,7.0,,1000.0
4558,201403,0,226.0,8,0.0,0.0,0.0,,700.0,,,58,0.0,,700.0
4559,201401,0,3134.0,12,40.0,12.0,12.0,846.0,1040.0,166.34,0.0,62,8.0,57.31,1040.0
4560,201411,1,498.0,12,0.0,0.0,0.0,,2300.0,,,30,0.0,,2222.0
4561,201410,0,966.0,12,0.0,0.0,8.0,,2000.0,1303.2,111.6,50,0.0,882.37,3000.0
4562,201407,0,428.0,9,0.0,0.0,0.0,,696.0,,,30,0.0,,696.0
4563,201404,0,2517.0,12,31.0,10.0,11.0,470.0,500.0,238.55,0.0,59,4.0,220.0,500.0
4564,201412,0,1097.0,6,0.0,0.0,9.0,181.0,2007.51,369.96,0.0,57,0.0,,
4565,201408,0,1067.0,5,0.0,0.0,7.0,,500.0,269.28,13.34,36,0.0,114.2,350.0
4566,201410,0,258.0,12,0.0,0.0,0.0,,2000.0,,,69,0.0,,500.0
4567,201402,0,502.0,12,0.0,0.0,0.0,,725.45,,,34,0.0,,1450.9
4568,201411,0,788.0,12,0.0,0.0,2.0,,1250.0,387.04,80.02,37,0.0,261.28,1000.0
4569,201403,0,359.0,12,0.0,0.0,0.0,,2000.0,,,56,0.0,,3000.0
4570,201409,1,541.0,12,0.0,0.0,0.0,,2000.0,,,32,0.0,,
4571,201404,0,473.0,12,0.0,0.0,0.0,,1000.0,,,34,0.0,,1278.62
4572,201403,0,395.0,12,0.0,0.0,0.0,,1500.0,,,77,0.0,,3000.0
4573,201407,0,1232.0,3,0.0,4.0,3.0,71.0,300.0,,,22,0.0,,300.0
4574,201401,1,600.0,12,0.0,0.0,0.0,,1000.0,,,45,0.0,0.0,3000.0
4575,201403,0,1510.0,12,1.0,11.0,6.0,880.0,1300.0,,,55,1.0,30.88,1300.0
4576,201410,0,2188.0,12,11.0,1.0,8.0,139.0,1000.0,308.56,102.58,48,9.0,267.1,7739.93
4577,201407,0,1802.0,12,10.0,11.0,12.0,789.0,1712.0,1204.79,381.75,69,2.0,547.54,4996.24
4578,201408,0,954.0,12,0.0,0.0,9.0,,2969.39,526.49,146.8,47,0.0,334.27,3536.2
4579,201404,1,371.0,12,0.0,0.0,3.0,,2000.0,,,46,0.0,53.94,3000.0
4580,201403,1,368.0,12,0.0,0.0,0.0,,658.32,,,28,0.0,,658.32
4581,201407,0,1069.0,4,0.0,0.0,11.0,,472.0,673.88,0.0,25,0.0,93.65,472.0
4582,201407,1,1059.0,12,0.0,0.0,11.0,384.0,911.0,,,65,0.0,86.65,911.0
4583,201410,0,2824.0,8,39.0,10.0,10.0,324.0,500.0,616.01,146.2,33,6.0,461.85,
4584,201411,0,3444.0,12,44.0,0.0,6.0,,1800.0,2967.43,459.88,65,7.0,1672.58,
4585,201409,1,4850.0,12,18.0,1.0,12.0,427.0,3000.0,1132.37,82.44,46,24.0,998.18,
4586,201409,1,2179.0,12,12.0,1.0,10.0,,1500.0,664.78,0.0,56,9.0,147.65,
4587,201402,0,3743.0,5,11.0,0.0,7.0,,500.0,507.75,0.0,31,6.0,240.79,1000.0
4588,201411,1,2132.0,12,15.0,10.0,3.0,670.0,900.0,,,43,7.0,,1400.0
4589,201406,0,1774.0,12,6.0,5.0,9.0,,1000.0,503.79,0.0,52,4.0,766.27,1000.0
4590,201411,1,86.0,12,0.0,0.0,0.0,,600.0,,,53,0.0,,944.52
4591,201409,0,930.0,12,0.0,0.0,9.0,,3000.0,529.76,173.73,51,0.0,136.34,3000.0
4592,201404,0,3151.0,12,15.0,0.0,1.0,,1000.0,308.98,96.24,43,9.0,435.48,1000.0
4593,201407,0,922.0,12,0.0,0.0,7.0,,1500.0,586.77,93.33,29,0.0,229.61,2500.0
4594,201411,0,659.0,12,0.0,0.0,0.0,,1399.78,,,22,0.0,164.56,
4595,201411,0,711.0,8,0.0,0.0,0.0,,2000.0,,,69,0.0,387.31,1000.0
4596,201407,1,5002.0,12,3.0,0.0,0.0,,3000.0,,,46,33.0,,4200.0
4597,201409,1,3269.0,12,48.0,3.0,7.0,410.0,900.0,89.98,0.0,48,6.0,,3835.88
4598,201411,0,602.0,12,0.0,0.0,0.0,,1500.0,,,70,0.0,29.89,
4599,201407,0,485.0,12,0.0,0.0,0.0,,975.58,,,38,0.0,,975.58
4600,201412,1,2237.0,3,15.0,4.0,3.0,286.0,500.0,248.34,0.0,28,11.0,234.69,
4601,201406,0,171.0,6,0.0,0.0,0.0,,450.0,,,33,0.0,,450.0
4602,201407,0,1708.0,12,5.0,4.0,8.0,409.0,1000.0,201.93,0.0,68,1.0,177.97,7800.0
4603,201406,1,2588.0,12,5.0,0.0,4.0,,1726.68,1225.83,189.67,73,1.0,1013.68,1726.68
4604,201409,0,3509.0,5,23.0,2.0,8.0,546.0,500.0,,,30,31.0,78.46,800.0
4605,201407,0,2501.0,12,32.0,11.0,0.0,389.0,500.0,,,76,2.0,,2440.0
4606,201408,1,1525.0,12,1.0,8.0,12.0,467.0,1385.0,736.97,0.0,30,1.0,603.28,1385.0
4607,201403,0,3058.0,3,13.0,6.0,10.0,305.0,150.0,165.95,0.0,50,8.0,114.08,150.0
4608,201406,0,2396.0,12,16.0,10.0,10.0,,1000.0,64.97,0.0,61,4.0,,3600.0
4609,201406,1,2328.0,12,12.0,4.0,10.0,62.0,1340.33,550.24,0.0,30,3.0,283.82,8164.14
4610,201406,1,1109.0,12,0.0,0.0,12.0,44.0,1500.0,642.23,0.0,40,0.0,379.87,1500.0
4611,201406,0,4860.0,12,80.0,7.0,11.0,612.0,2500.0,457.34,0.0,55,30.0,375.46,7000.0
4612,201412,1,909.0,3,0.0,0.0,5.0,,350.0,157.0,39.42,29,0.0,271.58,500.0
4613,201408,1,237.0,12,0.0,0.0,0.0,,700.0,,,50,0.0,,700.0
4614,201405,0,1107.0,12,0.0,0.0,9.0,285.0,2000.0,322.45,0.0,54,0.0,211.12,5920.2
4615,201403,1,461.0,12,0.0,0.0,0.0,,840.05,,,30,0.0,,840.05
4616,201410,0,733.0,12,0.0,0.0,0.0,,900.0,143.98,0.0,67,0.0,375.5,
4617,201407,0,587.0,6,0.0,0.0,0.0,,500.0,,,34,0.0,0.0,500.0
4618,201409,0,564.0,5,0.0,0.0,0.0,,600.0,,,35,0.0,0.0,500.0
4619,201404,1,1196.0,12,0.0,3.0,11.0,226.0,1500.0,189.97,0.0,58,0.0,152.51,4200.0
4620,201404,1,1536.0,4,1.0,4.0,11.0,,300.0,554.03,0.0,28,2.0,339.44,300.0
4621,201406,0,1145.0,12,0.0,1.0,12.0,309.0,1000.0,1116.41,33.42,32,0.0,745.9,2140.0
4622,201403,0,3987.0,12,35.0,9.0,12.0,581.0,500.0,387.31,129.38,48,25.0,458.21,500.0
4623,201405,0,1068.0,5,0.0,0.0,11.0,80.0,450.0,339.76,79.83,35,0.0,120.1,450.0
4624,201405,1,667.0,12,0.0,0.0,3.0,,1000.0,,,36,0.0,155.17,1000.0
4625,201407,0,,12,0.0,0.0,0.0,,950.0,,,33,0.0,,1750.0
4626,201404,0,795.0,12,0.0,0.0,2.0,,1000.0,267.66,77.73,32,0.0,129.0,1000.0
4627,201403,0,621.0,12,0.0,0.0,0.0,,1500.0,,,45,0.0,223.34,1500.0
4628,201412,0,403.0,12,0.0,0.0,0.0,,1977.52,,,51,0.0,,
4629,201412,0,1245.0,8,0.0,4.0,5.0,53.0,700.0,125.92,0.0,59,0.0,29.03,2000.0
4630,201405,0,888.0,4,0.0,0.0,4.0,,400.0,422.3,0.0,49,0.0,,1200.0
4631,201408,0,2232.0,8,18.0,6.0,9.0,401.0,450.0,686.06,138.23,50,5.0,649.09,1300.0
4632,201407,0,4821.0,12,76.0,8.0,12.0,461.0,1200.0,1168.23,342.07,69,20.0,454.31,8000.0
4633,201403,0,451.0,12,0.0,0.0,0.0,,1000.0,,,34,0.0,,1000.0
4634,201401,0,294.0,12,0.0,0.0,0.0,,1047.8,,,34,0.0,,2095.6
4635,201408,0,966.0,10,0.0,0.0,10.0,,800.0,443.86,0.0,31,0.0,459.34,800.0
4636,201404,1,426.0,12,0.0,0.0,0.0,,2000.0,,,30,0.0,,2044.98
4637,201411,0,403.0,4,0.0,0.0,0.0,,500.0,,,28,0.0,,69.99
4638,201407,0,2400.0,8,21.0,0.0,0.0,,1000.0,,,67,4.0,,2200.0
4639,201404,0,681.0,8,0.0,0.0,0.0,,500.0,,,24,0.0,402.12,500.0
4640,201404,0,1333.0,12,0.0,5.0,6.0,255.0,1000.0,249.86,0.0,47,0.0,0.0,1000.0
4641,201405,0,3720.0,12,43.0,0.0,0.0,,1000.0,,,33,3.0,51.47,1000.0
4642,201406,0,227.0,12,0.0,0.0,0.0,,1350.2,,,30,0.0,,1350.2
4643,201411,0,246.0,10,0.0,0.0,0.0,,1700.0,,,62,0.0,,
4644,201402,0,3311.0,12,6.0,0.0,0.0,,800.0,,,36,12.0,,3200.0
4645,201408,0,1354.0,12,0.0,6.0,12.0,285.0,2000.0,289.93,0.0,53,0.0,162.38,7000.0
4646,201405,0,888.0,12,0.0,0.0,5.0,,3000.0,364.84,50.68,34,0.0,41.75,4764.69
4647,201402,0,2415.0,12,25.0,11.0,11.0,1638.0,1600.0,1960.48,216.17,63,6.0,1475.22,5767.36
4648,201405,0,1452.0,12,0.0,11.0,12.0,585.0,1270.0,667.86,88.29,30,0.0,369.26,2470.0
4649,201403,0,1493.0,12,1.0,3.0,5.0,,1753.37,372.93,0.0,51,1.0,356.05,4706.74
4650,201410,0,222.0,12,0.0,0.0,0.0,,1500.0,,,51,0.0,,
4651,201403,0,1400.0,5,0.0,1.0,12.0,131.0,500.0,810.04,186.23,58,0.0,398.38,4500.0
4652,201402,0,4203.0,12,30.0,6.0,6.0,,1000.0,115.95,0.0,30,41.0,63.35,2600.0
4653,201402,0,3730.0,12,10.0,4.0,9.0,400.0,886.93,675.82,157.53,49,17.0,492.79,2373.86
4654,201403,0,4771.0,3,93.0,8.0,9.0,151.0,957.33,281.87,0.0,51,7.0,210.36,957.33
4655,201412,1,1143.0,8,0.0,0.0,8.0,336.0,1600.0,762.12,149.15,59,0.0,210.0,1000.0
4656,201407,1,541.0,6,0.0,0.0,0.0,,500.0,,,33,0.0,0.0,500.0
4657,201404,0,777.0,12,0.0,0.0,3.0,,2000.0,294.85,96.92,37,0.0,451.17,4300.0
4658,201405,1,1241.0,12,0.0,3.0,12.0,581.0,1300.0,514.77,60.91,44,0.0,53.31,2450.0
4659,201403,0,804.0,12,0.0,0.0,3.0,,600.0,35.98,0.0,23,0.0,109.78,1200.0
4660,201403,0,2079.0,12,8.0,9.0,11.0,219.0,1500.0,597.68,189.03,26,5.0,204.39,1500.0
4661,201406,0,950.0,9,0.0,0.0,7.0,,3000.0,963.91,0.0,56,0.0,655.64,16243.7
4662,201404,0,1589.0,12,4.0,8.0,11.0,560.0,1500.0,674.1,0.0,28,1.0,360.72,2500.0
4663,201411,1,284.0,12,0.0,0.0,0.0,,1000.0,,,44,0.0,,900.0
4664,201406,0,668.0,12,0.0,0.0,0.0,,1000.0,,,52,0.0,106.32,1600.0
4665,201412,0,1355.0,4,0.0,4.0,10.0,42.0,400.0,798.8,89.75,31,0.0,263.37,
4666,201407,0,692.0,12,0.0,0.0,0.0,,536.63,,,31,0.0,206.64,536.63
4667,201402,0,1156.0,12,0.0,1.0,12.0,399.0,600.0,785.49,119.47,28,0.0,456.55,1200.0
4668,201407,0,280.0,12,0.0,0.0,0.0,,1000.0,,,30,0.0,,1000.0
4669,201405,1,230.0,12,0.0,0.0,0.0,,1750.0,,,49,0.0,,2550.0
4670,201412,0,2841.0,8,29.0,8.0,1.0,,500.0,362.39,112.4,60,16.0,166.87,1200.0
4671,201410,0,768.0,3,0.0,0.0,1.0,,200.0,252.7,0.0,31,0.0,283.42,200.0
4672,201404,1,540.0,12,0.0,0.0,0.0,,1000.0,,,30,0.0,,1000.0
4673,201410,0,2798.0,9,32.0,5.0,0.0,98.0,659.0,,,65,5.0,,300.0
4674,201412,1,1731.0,12,8.0,11.0,12.0,824.0,2000.0,993.19,0.0,48,1.0,286.85,3200.0
4675,201401,1,618.0,12,0.0,0.0,0.0,,2627.66,,,33,0.0,108.37,6992.87
4676,201407,0,2766.0,12,28.0,11.0,12.0,922.0,1500.0,399.83,0.0,48,9.0,360.82,1500.0
4677,201411,1,501.0,8,0.0,0.0,0.0,,1500.0,,,28,0.0,,
4678,201409,0,223.0,12,0.0,0.0,0.0,,1000.0,,,34,0.0,,
4679,201409,1,636.0,12,0.0,0.0,0.0,,3000.0,,,40,0.0,82.19,2433.59
4680,201404,0,998.0,12,0.0,0.0,9.0,,641.0,507.73,0.0,34,0.0,192.48,
4681,201404,0,890.0,12,0.0,0.0,5.0,,600.0,152.91,0.0,44,0.0,74.14,600.0
4682,201406,0,979.0,12,0.0,0.0,8.0,,3000.0,823.94,202.17,45,0.0,794.19,6100.0
4683,201406,0,1802.0,9,10.0,12.0,8.0,912.0,3000.0,1062.77,0.0,52,1.0,361.65,10515.68
4684,201412,0,3645.0,10,6.0,0.0,9.0,,1930.0,607.75,0.0,65,7.0,444.21,
4685,201407,0,3451.0,12,53.0,2.0,0.0,19.0,1103.0,,,68,4.0,,3861.57
4686,201404,0,759.0,12,0.0,0.0,2.0,,300.0,351.26,97.29,30,0.0,439.94,300.0
4687,201411,0,3058.0,12,43.0,10.0,12.0,1550.0,3000.0,,,63,10.0,637.58,
4688,201408,0,4157.0,7,61.0,12.0,12.0,1838.0,1000.0,309.84,0.0,33,13.0,0.0,4496.89
4689,201411,0,1254.0,12,0.0,4.0,3.0,62.0,696.0,109.97,0.0,59,0.0,144.95,
4690,201410,0,898.0,12,0.0,0.0,8.0,,1173.32,289.1,93.16,46,0.0,43.25,2000.0
4691,201401,1,376.0,12,0.0,0.0,0.0,,727.34,,,34,0.0,,1454.68
4692,201411,0,2330.0,6,15.0,5.0,10.0,215.0,1000.0,815.81,0.0,29,11.0,,350.0
4693,201401,1,194.0,12,0.0,0.0,0.0,,666.41,,,34,0.0,,1332.82
4694,201408,0,466.0,8,0.0,0.0,0.0,,600.0,,,45,0.0,0.0,600.0
4695,201406,1,258.0,12,0.0,0.0,0.0,,1908.77,,,52,0.0,,1908.77
4696,201404,0,811.0,3,0.0,0.0,4.0,,150.0,76.27,0.0,28,0.0,58.53,150.0
4697,201411,0,379.0,12,0.0,0.0,0.0,,1000.0,,,58,0.0,,3000.0
4698,201404,0,1036.0,12,0.0,0.0,10.0,,800.0,139.95,0.0,33,0.0,141.29,800.0
4699,201401,0,568.0,4,0.0,0.0,0.0,,600.0,,,22,0.0,,1317.96
4700,201411,0,3603.0,6,40.0,9.0,12.0,402.0,723.15,1400.47,0.0,55,22.0,923.18,
4701,201412,0,2301.0,12,29.0,9.0,5.0,476.0,1000.0,,,68,1.0,,3366.25
4702,201412,1,1872.0,12,4.0,5.0,12.0,205.0,1500.0,610.82,164.98,33,5.0,358.12,
4703,201408,0,546.0,12,0.0,0.0,0.0,,1537.52,,,46,0.0,,2061.99
4704,201404,0,269.0,10,0.0,0.0,0.0,,718.11,,,36,0.0,,718.11
4705,201409,0,1056.0,3,0.0,0.0,3.0,,500.0,75.97,0.0,58,0.0,410.7,
4706,201404,0,517.0,10,0.0,0.0,0.0,,300.0,,,46,0.0,,300.0
4707,201411,1,362.0,12,0.0,0.0,0.0,,1000.0,,,28,0.0,0.0,
4708,201409,0,2080.0,10,13.0,10.0,12.0,422.0,2000.0,625.99,0.0,47,9.0,322.2,4600.0
4709,201410,0,2356.0,6,22.0,9.0,12.0,299.0,1000.0,1408.73,0.0,27,8.0,852.88,
4710,201412,0,458.0,12,0.0,0.0,0.0,,1000.0,,,40,0.0,,500.0
4711,201402,1,724.0,12,0.0,0.0,0.0,,2759.03,77.39,0.0,27,0.0,157.62,4920.97
4712,201404,1,169.0,12,0.0,0.0,0.0,,1500.0,,,47,0.0,,1500.0
4713,201409,0,758.0,12,0.0,0.0,1.0,,1000.0,268.12,0.0,55,0.0,467.76,
4714,201412,1,1279.0,12,0.0,4.0,10.0,294.0,1000.0,71.98,0.0,32,0.0,63.35,4600.0
4715,201411,0,2775.0,12,14.0,0.0,2.0,150.0,1500.0,,,26,5.0,428.15,
4716,201404,0,1710.0,4,1.0,0.0,7.0,,600.0,798.98,267.09,34,1.0,446.13,1000.0
4717,201404,0,2162.0,5,10.0,0.0,0.0,,500.0,,,73,2.0,,500.0
4718,201408,0,638.0,12,0.0,0.0,0.0,,2000.0,,,46,0.0,101.87,13600.0
4719,201405,0,2238.0,12,24.0,10.0,12.0,1417.0,700.0,1262.4,149.57,46,2.0,522.0,6520.81
4720,201408,0,257.0,5,0.0,0.0,0.0,,200.0,,,31,0.0,,
4721,201408,0,1584.0,6,3.0,12.0,12.0,381.0,700.0,441.84,0.0,42,1.0,723.65,1700.0
4722,201408,1,680.0,12,0.0,0.0,0.0,,1000.0,158.76,52.82,34,0.0,134.59,1000.0
4723,201406,0,570.0,10,0.0,0.0,0.0,,250.0,,,25,0.0,0.0,250.0
4724,201407,1,1350.0,12,0.0,8.0,10.0,766.0,1741.81,443.4,0.0,45,0.0,524.25,2341.81
4725,201406,0,427.0,12,0.0,0.0,0.0,,1500.0,,,26,0.0,,1500.0
4726,201405,0,2600.0,6,14.0,11.0,12.0,541.0,500.0,579.83,0.0,29,3.0,475.47,500.0
4727,201412,0,1295.0,12,0.0,6.0,12.0,662.0,1500.0,568.02,145.07,61,0.0,287.76,2500.0
4728,201402,0,225.0,12,0.0,0.0,0.0,,1000.0,,,36,0.0,,2000.0
4729,201405,1,188.0,12,0.0,0.0,0.0,,1600.0,,,50,0.0,,1600.0
4730,201401,0,665.0,6,0.0,0.0,0.0,,400.0,,,69,0.0,80.28,800.0
4731,201404,0,920.0,12,0.0,0.0,6.0,,1000.0,321.53,0.0,53,0.0,147.36,2000.0
4732,201403,0,3116.0,12,9.0,1.0,3.0,35.0,1500.0,49.99,0.0,50,2.0,53.68,2500.0
4733,201402,0,423.0,12,0.0,0.0,0.0,,1500.0,,,46,0.0,,4500.0
4734,201411,0,619.0,12,0.0,0.0,0.0,,800.0,,,41,0.0,241.84,500.0
4735,201406,0,226.0,12,0.0,0.0,0.0,,1000.0,,,45,0.0,,1000.0
4736,201406,0,632.0,12,0.0,0.0,0.0,,1234.34,,,34,0.0,188.52,1234.34
4737,201410,0,686.0,12,0.0,0.0,0.0,,1000.0,,,28,0.0,229.84,
4738,201404,0,287.0,12,0.0,0.0,0.0,,1000.0,,,47,0.0,,1000.0
4739,201407,0,3142.0,12,43.0,8.0,12.0,380.0,1600.0,557.82,0.0,54,24.0,276.61,6529.38
4740,201402,0,921.0,12,0.0,0.0,7.0,,2200.0,163.84,55.87,51,0.0,217.54,4400.0
4741,201406,1,275.0,6,0.0,0.0,0.0,,500.0,,,33,0.0,,500.0
4742,201402,1,224.0,12,0.0,0.0,0.0,,923.26,,,28,0.0,,3665.06
4743,201411,0,3036.0,5,37.0,11.0,12.0,265.0,1000.0,1618.26,432.28,47,11.0,403.0,2900.0
4744,201404,0,1723.0,8,8.0,12.0,2.0,1180.0,600.0,,,68,3.0,,600.0
4745,201408,1,227.0,12,0.0,0.0,0.0,,680.0,,,34,0.0,,1371.89
4746,201402,1,633.0,12,0.0,0.0,0.0,,1120.0,,,31,0.0,97.67,2240.0
4747,201408,0,5060.0,3,44.0,3.0,11.0,,1800.0,1330.18,103.1,48,24.0,264.22,3800.0
4748,201406,0,311.0,12,0.0,0.0,0.0,,500.0,,,46,0.0,,500.0
4749,201408,0,1625.0,12,5.0,11.0,12.0,555.0,2000.0,795.47,237.89,61,1.0,527.89,10800.0
4750,201409,0,2911.0,12,32.0,1.0,5.0,199.0,800.0,195.33,23.43,28,4.0,,500.0
4751,201407,0,1165.0,10,0.0,2.0,7.0,286.0,700.0,231.93,0.0,33,0.0,,1500.0
4752,201405,0,3907.0,3,39.0,5.0,4.0,196.0,300.0,19.99,0.0,47,23.0,,300.0
4753,201406,0,3387.0,12,59.0,10.0,12.0,658.0,700.0,1528.36,305.64,45,4.0,646.97,700.0
4754,201402,0,1593.0,12,3.0,0.0,2.0,,1000.0,549.0,0.0,58,1.0,527.1,3000.0
4755,201407,0,759.0,12,0.0,0.0,1.0,,900.0,44.98,0.0,56,0.0,46.93,3700.0
4756,201408,0,1156.0,12,0.0,1.0,12.0,278.0,1000.0,1003.06,89.23,47,0.0,431.7,1000.0
4757,201402,0,780.0,12,0.0,0.0,2.0,,775.43,597.36,180.31,24,0.0,389.46,2326.29
4758,201401,0,714.0,4,0.0,0.0,0.0,,300.0,,,29,0.0,254.19,600.0
4759,201405,0,552.0,12,0.0,0.0,0.0,,1000.0,,,34,0.0,0.0,1000.0
4760,201408,0,4610.0,12,37.0,4.0,10.0,88.0,1200.0,1151.11,111.45,32,11.0,418.87,2628.99
4761,201403,1,304.0,10,0.0,0.0,0.0,,1000.0,,,47,0.0,,1300.0
4762,201412,0,2910.0,12,38.0,7.0,12.0,219.0,600.0,191.17,55.7,55,11.0,414.32,
4763,201408,0,726.0,12,0.0,0.0,0.0,,1000.0,108.75,0.0,44,0.0,333.3,1000.0
4764,201410,0,1181.0,12,0.0,2.0,5.0,110.0,1500.0,207.76,68.81,62,0.0,,4000.0
4765,201401,0,1965.0,6,14.0,8.0,11.0,117.0,200.0,521.16,23.37,28,2.0,442.57,400.0
4766,201410,0,4601.0,12,6.0,1.0,6.0,248.0,800.0,,,34,3.0,,3000.0
4767,201410,1,691.0,12,0.0,0.0,0.0,,800.0,,,25,0.0,155.55,
4768,201407,0,617.0,12,0.0,0.0,0.0,,700.0,,,32,0.0,97.87,930.0
4769,201407,0,818.0,6,0.0,0.0,3.0,,1000.0,424.28,0.0,28,0.0,417.38,1000.0
4770,201409,0,373.0,12,0.0,0.0,0.0,,2000.0,,,54,0.0,,
4771,201407,0,1998.0,12,11.0,9.0,11.0,452.0,2573.3,280.89,0.0,47,4.0,136.64,11380.35
4772,201408,0,4699.0,8,83.0,10.0,12.0,481.0,1200.0,433.87,0.0,76,24.0,246.98,4000.0
4773,201405,0,2482.0,12,29.0,9.0,12.0,661.0,1500.0,536.79,0.0,44,5.0,81.28,3500.0
4774,201411,0,371.0,5,0.0,0.0,0.0,,425.0,,,32,0.0,,
4775,201405,0,4246.0,12,12.0,3.0,11.0,144.0,500.0,576.84,0.0,30,12.0,393.69,500.0
4776,201403,1,1782.0,12,4.0,0.0,0.0,,1000.0,,,68,1.0,25.93,1800.0
4777,201407,0,721.0,10,0.0,0.0,0.0,,200.0,41.39,0.0,32,0.0,146.3,200.0
4778,201405,0,1731.0,10,3.0,5.0,10.0,243.0,1369.22,321.52,117.59,69,6.0,591.81,1369.22
4779,201412,0,2872.0,12,13.0,4.0,7.0,310.0,1000.0,442.12,131.19,28,3.0,273.79,3500.0
4780,201410,0,362.0,12,0.0,0.0,0.0,,1500.0,,,32,0.0,,
4781,201411,0,1470.0,7,0.0,10.0,12.0,728.0,500.0,673.32,0.0,31,0.0,401.71,600.0
4782,201404,0,924.0,12,0.0,0.0,6.0,,1200.0,352.27,0.0,30,0.0,182.6,1941.01
4783,201405,0,812.0,9,0.0,0.0,3.0,,1500.0,313.99,108.06,59,0.0,371.03,1500.0
4784,201402,1,1945.0,12,13.0,11.0,12.0,737.0,2000.0,817.71,69.94,54,2.0,458.87,3000.0
4785,201410,1,2905.0,12,28.0,9.0,7.0,94.0,1000.0,59.98,0.0,54,5.0,29.81,400.0
4786,201404,1,192.0,10,0.0,0.0,0.0,,656.53,,,22,0.0,,729.49
4787,201403,0,2583.0,12,18.0,0.0,3.0,,2000.0,99.98,0.0,49,7.0,61.06,6000.0
4788,201410,0,295.0,12,0.0,0.0,0.0,,1679.28,,,44,0.0,,1712.22
4789,201409,0,4194.0,4,62.0,11.0,6.0,368.0,200.0,137.94,0.0,31,24.0,,670.22
4790,201405,0,741.0,12,0.0,0.0,0.0,,1181.7,504.82,93.8,32,0.0,270.06,2681.7
4791,201411,1,123.0,12,0.0,0.0,0.0,,1092.56,,,35,0.0,,
4792,201401,0,772.0,12,0.0,0.0,2.0,,1400.0,452.88,0.0,66,0.0,384.49,4200.0
4793,201406,0,711.0,12,0.0,0.0,0.0,,2470.0,,,59,0.0,635.9,3510.0
4794,201405,0,698.0,4,0.0,0.0,0.0,,350.0,,,57,0.0,35.64,350.0
4795,201408,0,471.0,3,0.0,0.0,0.0,,204.0,,,32,0.0,,204.0
4796,201411,0,329.0,6,0.0,0.0,0.0,,1100.0,,,32,0.0,,
4797,201401,1,723.0,12,0.0,0.0,0.0,,1000.0,62.99,0.0,58,0.0,79.86,2000.0
4798,201402,0,2364.0,12,26.0,8.0,10.0,827.0,1078.78,1771.71,0.0,32,4.0,889.11,2157.56
4799,201411,1,2769.0,6,24.0,10.0,11.0,608.0,1500.0,1029.0,325.23,63,9.0,986.11,
4800,201407,0,302.0,12,0.0,0.0,0.0,,1000.0,,,62,0.0,,1000.0
4801,201402,0,2067.0,12,3.0,0.0,0.0,,2400.0,,,27,19.0,0.0,5800.0
4802,201410,0,1167.0,6,0.0,2.0,11.0,264.0,1000.0,209.91,0.0,47,0.0,584.0,1000.0
4803,201401,0,1023.0,12,0.0,0.0,8.0,,1500.0,690.86,0.0,26,0.0,109.65,4000.0
4804,201405,0,689.0,12,0.0,0.0,0.0,,1547.09,,,27,0.0,300.1,1547.09
4805,201412,0,957.0,12,0.0,0.0,7.0,,1200.0,593.88,0.0,63,0.0,,1500.0
4806,201412,1,406.0,12,0.0,0.0,0.0,,1985.1,,,38,0.0,,
4807,201402,0,281.0,5,0.0,0.0,0.0,,500.0,,,49,0.0,,1000.0
4808,201412,0,1293.0,10,0.0,6.0,5.0,552.0,1100.0,21.48,0.0,62,0.0,,1500.0
4809,201409,0,4109.0,12,62.0,3.0,11.0,100.0,1000.0,372.83,0.0,49,22.0,224.07,1000.0
4810,201405,0,272.0,3,0.0,0.0,0.0,,150.0,,,29,0.0,,150.0
4811,201405,1,2148.0,12,22.0,11.0,12.0,1202.0,3000.0,1227.33,115.82,48,1.0,320.83,5000.0
4812,201410,0,3180.0,12,6.0,0.0,9.0,,2000.0,537.59,0.0,26,5.0,280.66,1500.0
4813,201403,0,379.0,12,0.0,0.0,0.0,,1500.0,,,53,0.0,,2257.65
4814,201402,0,1912.0,12,9.0,5.0,8.0,284.0,800.0,351.96,101.97,23,6.0,220.0,1600.0
4815,201406,0,2587.0,6,27.0,0.0,0.0,,450.0,,,25,6.0,208.52,450.0
4816,201404,0,2449.0,12,15.0,0.0,7.0,,2000.0,250.8,88.84,71,6.0,114.96,8000.0
4817,201412,1,2433.0,12,8.0,1.0,8.0,442.0,927.57,,,27,12.0,,
4818,201401,0,1699.0,3,5.0,10.0,3.0,107.0,300.0,415.59,137.66,25,3.0,290.47,300.0
4819,201412,0,528.0,12,0.0,0.0,0.0,,1931.0,,,29,0.0,26.97,2800.0
4820,201404,1,1053.0,10,0.0,0.0,7.0,,600.0,105.98,0.0,59,0.0,248.72,2100.0
4821,201402,0,603.0,8,0.0,0.0,0.0,,500.0,,,53,0.0,88.47,1500.0
4822,201408,1,388.0,12,0.0,0.0,0.0,,1601.14,,,46,0.0,,1601.14
4823,201406,1,373.0,12,0.0,0.0,0.0,,2000.0,,,62,0.0,,2000.0
4824,201410,0,2753.0,12,27.0,4.0,8.0,449.0,1167.47,,,50,16.0,,
4825,201408,0,864.0,10,0.0,0.0,4.0,,1000.0,173.37,0.0,38,0.0,169.34,1300.0
4826,201411,0,2649.0,12,24.0,2.0,0.0,,1455.88,,,56,7.0,,3500.0
4827,201410,0,1290.0,12,0.0,7.0,11.0,230.0,1884.47,436.78,0.0,54,0.0,93.46,7380.0
4828,201404,0,890.0,12,0.0,0.0,6.0,,1300.0,475.08,162.57,44,0.0,498.72,2300.0
4829,201401,0,3340.0,12,42.0,9.0,3.0,85.0,400.0,,,49,11.0,,950.0
4830,201402,0,228.0,12,0.0,0.0,0.0,,1000.0,,,58,0.0,,3000.0
4831,201408,1,2532.0,9,13.0,2.0,2.0,80.0,899.63,,,27,6.0,,7203.37
4832,201404,0,1946.0,12,15.0,12.0,12.0,601.0,500.0,606.38,202.5,53,1.0,290.6,2600.0
4833,201406,0,4796.0,12,75.0,12.0,11.0,333.0,3000.0,120.94,0.0,72,22.0,,6000.0
4834,201405,0,633.0,12,0.0,0.0,0.0,,300.0,,,74,0.0,20.22,300.0
4835,201406,0,596.0,12,0.0,0.0,0.0,,2717.8,,,47,0.0,76.36,4617.8
4836,201406,0,300.0,12,0.0,0.0,0.0,,1000.0,,,67,0.0,,1000.0
4837,201405,0,869.0,12,0.0,0.0,4.0,,1000.0,77.56,0.0,32,0.0,65.39,1000.0
4838,201406,0,2414.0,3,17.0,3.0,10.0,122.0,400.0,263.89,0.0,59,4.0,108.61,1600.0
4839,201402,0,2360.0,12,17.0,8.0,0.0,248.0,700.0,,,25,7.0,,1599.98
4840,201404,0,2562.0,12,26.0,7.0,0.0,210.0,905.84,,,25,7.0,,905.84
4841,201408,0,2943.0,5,2.0,0.0,2.0,,1000.0,159.97,0.0,35,4.0,302.76,1000.0
4842,201401,1,225.0,12,0.0,0.0,0.0,,1000.0,,,51,0.0,,2000.0
4843,201410,0,2665.0,12,28.0,0.0,5.0,,1300.0,864.0,116.86,72,7.0,629.0,1997.69
4844,201408,0,117.0,12,0.0,0.0,0.0,,500.0,,,65,0.0,,650.0
4845,201410,0,664.0,5,0.0,0.0,0.0,,500.0,,,51,0.0,199.76,
4846,201401,1,2709.0,12,33.0,5.0,4.0,329.0,1500.0,536.22,159.0,26,7.0,330.83,3000.0
4847,201406,0,618.0,12,0.0,0.0,0.0,,883.0,,,29,0.0,87.37,883.0
4848,201401,1,441.0,12,0.0,0.0,0.0,,800.0,,,48,0.0,,1600.0
4849,201408,1,401.0,12,0.0,0.0,0.0,,1500.0,,,25,0.0,,1960.0
4850,201404,0,1016.0,12,0.0,0.0,10.0,,500.0,1272.45,134.24,44,0.0,0.0,500.0
4851,201405,0,657.0,8,0.0,0.0,0.0,,600.0,,,60,0.0,133.85,600.0
4852,201410,0,3009.0,10,14.0,0.0,12.0,101.0,1000.0,453.2,0.0,27,13.0,403.0,
4853,201408,0,877.0,5,0.0,0.0,4.0,,328.0,936.38,78.07,45,0.0,221.24,328.0
4854,201406,0,191.0,10,0.0,0.0,0.0,,570.0,,,63,0.0,,789.98
4855,201408,0,694.0,12,0.0,0.0,0.0,,862.0,,,27,0.0,240.0,862.0
4856,201412,1,683.0,3,0.0,0.0,0.0,,500.0,219.55,0.0,60,0.0,112.78,
4857,201403,1,841.0,12,0.0,0.0,4.0,,1300.0,410.13,110.16,32,0.0,302.52,2300.0
4858,201403,0,3938.0,12,15.0,0.0,1.0,,1500.0,230.07,85.12,50,4.0,,4327.42
4859,201410,0,2960.0,11,8.0,5.0,10.0,223.0,1100.0,125.95,0.0,29,6.0,,550.0
4860,201409,0,245.0,5,0.0,0.0,0.0,,500.0,,,28,0.0,,
4861,201410,0,2902.0,12,4.0,0.0,9.0,,2500.0,665.66,132.28,57,10.0,419.52,4460.6
4862,201410,0,1877.0,8,9.0,0.0,1.0,,600.0,109.96,0.0,39,2.0,191.57,
4863,201402,1,277.0,12,0.0,0.0,0.0,,800.0,,,28,0.0,,1600.0
4864,201403,0,729.0,12,0.0,0.0,0.0,,1504.63,91.97,0.0,38,0.0,379.53,1504.63
4865,201403,0,3726.0,12,5.0,0.0,0.0,,1000.0,,,61,1.0,,1000.0
4866,201408,0,2576.0,4,14.0,3.0,12.0,185.0,400.0,430.03,0.0,55,10.0,132.9,1400.0
4867,201401,0,1504.0,10,0.0,9.0,0.0,178.0,1272.39,,,56,1.0,,3144.78
4868,201409,0,3867.0,12,22.0,0.0,2.0,,1500.0,,,32,28.0,,170.94
4869,201404,0,2212.0,12,13.0,8.0,6.0,609.0,1000.0,,,53,2.0,,5024.74
4870,201410,0,614.0,12,0.0,0.0,0.0,,3000.0,,,58,0.0,33.49,3647.26
4871,201406,0,2673.0,6,19.0,8.0,3.0,382.0,500.0,,,59,3.0,,500.0
4872,201403,0,1773.0,12,5.0,6.0,1.0,170.0,1500.0,318.72,108.76,54,1.0,345.74,2500.0
4873,201412,0,301.0,12,0.0,0.0,0.0,,1000.0,,,27,0.0,,
4874,201406,1,2142.0,12,15.0,6.0,7.0,412.0,1700.0,69.97,0.0,58,5.0,143.6,1700.0
4875,201404,0,419.0,3,0.0,0.0,0.0,,150.0,,,27,0.0,,150.0
4876,201401,0,850.0,12,0.0,0.0,4.0,,2900.0,600.33,0.0,28,0.0,607.77,9100.0
4877,201404,1,402.0,12,0.0,0.0,0.0,,1150.0,,,29,0.0,,2428.4
4878,201405,0,1900.0,12,6.0,10.0,9.0,99.0,1000.0,134.98,0.0,58,8.0,,1000.0
4879,201405,0,2981.0,12,25.0,9.0,12.0,1430.0,3000.0,1884.65,631.1,48,12.0,973.58,7873.51
4880,201412,0,,12,0.0,0.0,0.0,,2416.32,,,69,0.0,,1400.0
4881,201409,1,245.0,12,0.0,0.0,0.0,,1000.0,,,57,0.0,,
4882,201406,0,4989.0,12,26.0,0.0,0.0,,1000.0,,,72,3.0,,2500.0
4883,201410,1,258.0,12,0.0,0.0,0.0,,1000.0,,,50,0.0,,
4884,201405,0,1102.0,12,0.0,0.0,11.0,26.0,1500.0,502.15,0.0,49,0.0,0.0,3700.0
4885,201401,1,887.0,12,0.0,0.0,5.0,,600.0,519.36,162.77,50,0.0,302.22,1200.0
4886,201405,0,584.0,12,0.0,0.0,0.0,,900.0,,,25,0.0,0.0,900.0
4887,201405,1,221.0,12,0.0,0.0,0.0,,1000.0,,,45,0.0,,1000.0
4888,201408,1,1125.0,12,0.0,0.0,11.0,240.0,1000.0,266.68,0.0,43,0.0,266.56,1000.0
4889,201407,1,204.0,12,0.0,0.0,0.0,,1526.44,,,48,0.0,,1526.44
4890,201410,0,309.0,12,0.0,0.0,0.0,,1000.0,,,59,0.0,,
4891,201406,1,3571.0,12,21.0,0.0,0.0,,2481.01,,,39,14.0,,
4892,201408,0,363.0,12,0.0,0.0,0.0,,1500.0,,,56,0.0,,2500.0
4893,201402,0,425.0,12,0.0,0.0,0.0,,1300.0,,,63,0.0,,2600.0
4894,201407,1,3122.0,12,25.0,7.0,0.0,161.0,2140.0,,,41,10.0,,11285.91
4895,201409,0,3139.0,3,48.0,12.0,12.0,918.0,1000.0,467.88,0.0,61,6.0,236.96,
4896,201402,0,363.0,12,0.0,0.0,0.0,,978.53,,,26,0.0,,1957.06
4897,201405,1,561.0,4,0.0,0.0,0.0,,300.0,,,27,0.0,,300.0
4898,201410,0,1774.0,3,9.0,10.0,12.0,859.0,500.0,936.76,0.0,59,1.0,686.72,3000.0
4899,201402,0,1441.0,12,0.0,4.0,0.0,,1500.0,,,39,0.0,,3000.0
4900,201409,1,533.0,12,0.0,0.0,0.0,,800.0,,,52,0.0,,627.84
4901,201407,1,755.0,12,0.0,0.0,1.0,,1884.74,429.88,0.0,25,0.0,526.19,1884.74
4902,201401,1,2584.0,12,10.0,0.0,12.0,212.0,1338.9,451.87,0.0,25,6.0,348.0,2677.8
4903,201409,0,2527.0,12,14.0,11.0,12.0,1231.0,2000.0,1932.25,0.0,68,3.0,1350.68,3000.0
4904,201411,1,1167.0,10,0.0,1.0,12.0,147.0,1200.0,367.55,71.29,52,0.0,350.0,1824.0
4905,201412,1,628.0,12,0.0,0.0,0.0,,500.0,,,48,0.0,41.69,200.0
4906,201408,0,526.0,12,0.0,0.0,0.0,,2042.44,,,43,0.0,,2542.44
4907,201405,0,734.0,12,0.0,0.0,0.0,,1000.0,261.92,0.0,30,0.0,168.34,1000.0
4908,201401,1,1861.0,12,12.0,8.0,8.0,179.0,2500.0,303.79,0.0,51,1.0,174.88,5000.0
4909,201402,0,252.0,12,0.0,0.0,0.0,,1992.04,,,54,0.0,,3984.08
4910,201407,0,884.0,6,0.0,0.0,5.0,,500.0,173.9,0.0,63,0.0,259.5,500.0
4911,201410,1,1394.0,12,0.0,9.0,12.0,721.0,1200.0,966.61,46.69,63,0.0,768.95,1200.0
4912,201406,0,3199.0,12,28.0,10.0,12.0,318.0,2000.0,468.32,158.43,66,10.0,354.75,6606.22
4913,201404,1,2664.0,12,8.0,0.0,0.0,,1000.0,,,60,14.0,,1299.57
4914,201410,0,316.0,12,0.0,0.0,0.0,,3000.0,,,63,0.0,,
4915,201409,1,174.0,12,0.0,0.0,0.0,,1463.59,,,24,0.0,,200.0
4916,201410,0,4829.0,12,95.0,10.0,11.0,1279.0,2996.56,653.78,0.0,61,14.0,479.64,9674.74
4917,201402,0,489.0,10,0.0,0.0,0.0,,1500.0,,,53,0.0,,4464.76
4918,201409,0,355.0,12,0.0,0.0,0.0,,450.0,,,48,0.0,,
4919,201409,0,262.0,10,0.0,0.0,0.0,,400.0,,,27,0.0,,
4920,201405,0,2740.0,12,28.0,0.0,3.0,,1903.0,173.74,56.0,53,8.0,233.28,8103.0
4921,201410,1,3385.0,12,51.0,10.0,12.0,380.0,1500.0,334.88,0.0,52,10.0,308.28,6600.0
4922,201403,1,192.0,12,0.0,0.0,0.0,,1256.04,,,26,0.0,,1256.04
4923,201402,0,3585.0,12,52.0,11.0,12.0,335.0,500.0,959.61,43.91,69,16.0,534.32,1000.0
4924,201407,0,3648.0,12,33.0,0.0,2.0,,1500.0,,,56,8.0,215.4,1500.0
4925,201412,0,335.0,12,0.0,0.0,0.0,,1000.0,,,65,0.0,,
4926,201406,0,874.0,10,0.0,0.0,5.0,,500.0,418.72,0.0,50,0.0,556.92,500.0
4927,201412,1,3826.0,12,20.0,2.0,0.0,,1000.0,,,45,14.0,,
4928,201405,0,293.0,12,0.0,0.0,0.0,,600.0,,,50,0.0,,600.0
4929,201402,0,498.0,3,0.0,0.0,0.0,,300.0,,,28,0.0,,1200.0
4930,201402,0,1645.0,12,4.0,10.0,12.0,472.0,1500.0,589.84,180.42,63,2.0,491.0,3000.0
4931,201407,1,3405.0,10,13.0,0.0,4.0,,1698.0,243.91,0.0,31,10.0,275.6,3983.28
4932,201403,0,746.0,6,0.0,0.0,0.0,,200.0,33.99,0.0,38,0.0,179.9,500.0
4933,201408,0,3174.0,12,8.0,0.0,0.0,,1000.0,,,27,17.0,,600.0
4934,201411,0,1940.0,12,13.0,6.0,12.0,392.0,2000.0,681.43,158.55,42,2.0,346.14,
4935,201405,0,361.0,12,0.0,0.0,0.0,,800.0,,,24,0.0,,800.0
4936,201407,0,4725.0,12,33.0,8.0,8.0,95.0,1000.0,90.38,0.0,51,12.0,73.87,1098.28
4937,201401,1,672.0,12,0.0,0.0,0.0,,700.0,,,24,0.0,326.15,1400.0
4938,201404,0,1936.0,12,15.0,9.0,11.0,230.0,1500.0,395.91,0.0,49,1.0,193.46,1500.0
4939,201402,0,1877.0,12,8.0,6.0,9.0,,2200.0,303.91,0.0,56,5.0,65.54,4400.0
4940,201404,1,428.0,12,0.0,0.0,0.0,,1500.0,,,45,0.0,,2000.0
4941,201409,0,521.0,12,0.0,0.0,0.0,,2000.0,,,54,0.0,,2149.26
4942,201401,1,246.0,8,0.0,0.0,0.0,,500.0,,,27,0.0,,1000.0
4943,201412,0,272.0,12,0.0,0.0,0.0,,1200.0,,,24,0.0,,
4944,201408,0,481.0,12,0.0,0.0,0.0,,1000.0,,,48,0.0,,1000.0
4945,201401,1,390.0,8,0.0,0.0,0.0,,1042.0,,,45,0.0,,2084.0
4946,201411,0,204.0,12,0.0,0.0,0.0,,1932.0,,,31,0.0,,
4947,201407,0,713.0,12,0.0,0.0,0.0,,1000.0,,,63,0.0,268.68,1850.0
4948,201411,0,282.0,12,0.0,0.0,0.0,,1344.07,,,26,0.0,,
4949,201412,0,557.0,12,0.0,0.0,0.0,,600.0,,,36,0.0,,
4950,201409,0,632.0,12,0.0,0.0,0.0,,1300.0,,,57,0.0,202.33,
4951,201407,0,1296.0,10,0.0,5.0,6.0,246.0,2000.0,183.93,0.0,66,0.0,,5500.0
4952,201410,0,878.0,12,0.0,0.0,5.0,,2767.77,246.54,0.0,61,0.0,63.72,2000.0
4953,201407,1,859.0,12,0.0,0.0,4.0,,1939.94,538.57,0.0,62,0.0,340.91,2939.94
4954,201405,1,366.0,12,0.0,0.0,0.0,,1500.0,,,54,0.0,,1500.0
4955,201401,0,516.0,12,0.0,0.0,0.0,,578.58,,,20,0.0,,1885.07
4956,201403,0,2857.0,5,37.0,6.0,12.0,368.0,700.0,476.8,0.0,59,9.0,325.48,1200.0
4957,201403,0,1948.0,12,6.0,0.0,6.0,,1900.0,506.96,191.06,58,2.0,237.38,2900.0
4958,201409,0,4808.0,12,16.0,10.0,10.0,219.0,600.0,309.54,93.61,55,7.0,258.68,
4959,201403,1,332.0,12,0.0,0.0,0.0,,630.0,,,24,0.0,,630.0
4960,201402,0,1965.0,12,17.0,3.0,0.0,335.0,1295.26,,,47,1.0,,2590.52
4961,201406,0,1423.0,6,0.0,8.0,0.0,373.0,500.0,,,55,0.0,,2600.0
4962,201404,0,1123.0,12,0.0,0.0,9.0,270.0,3000.0,215.9,0.0,29,0.0,337.08,3000.0
4963,201407,0,587.0,4,0.0,0.0,0.0,,200.0,,,51,0.0,0.0,200.0
4964,201405,0,3897.0,12,56.0,11.0,12.0,1842.0,2000.0,1370.52,0.0,49,11.0,696.23,3211.04
4965,201402,0,858.0,3,0.0,0.0,5.0,,150.0,460.81,0.0,35,0.0,202.56,300.0
4966,201402,0,315.0,12,0.0,0.0,0.0,,1112.01,,,22,0.0,,2500.95
4967,201405,0,564.0,12,0.0,0.0,0.0,,800.0,,,74,0.0,0.0,1400.0
4968,201405,0,2074.0,6,11.0,2.0,0.0,25.0,1000.0,,,47,3.0,28.2,1000.0
4969,201412,1,2256.0,12,7.0,5.0,8.0,315.0,1581.58,,,63,13.0,271.4,
4970,201411,0,624.0,5,0.0,0.0,0.0,,500.0,,,54,0.0,204.13,200.0
4971,201403,1,519.0,12,0.0,0.0,0.0,,1213.43,,,25,0.0,,1213.43
4972,201403,0,439.0,12,0.0,0.0,0.0,,500.0,,,45,0.0,,500.0
4973,201401,1,1047.0,6,0.0,0.0,10.0,,1000.0,773.6,0.0,73,0.0,112.32,3200.0
4974,201403,1,446.0,12,0.0,0.0,0.0,,1000.0,,,51,0.0,,1000.0
4975,201406,0,194.0,12,0.0,0.0,0.0,,967.51,,,57,0.0,,1635.13
4976,201412,0,3648.0,12,47.0,10.0,12.0,262.0,3000.0,1199.7,0.0,59,13.0,232.5,16374.24
4977,201410,0,208.0,12,0.0,0.0,0.0,,1000.0,,,32,0.0,,
4978,201412,1,238.0,12,0.0,0.0,0.0,,2000.0,,,27,0.0,,
4979,201410,1,446.0,12,0.0,0.0,0.0,,600.0,,,31,0.0,,
4980,201405,0,2707.0,7,35.0,12.0,12.0,2040.0,1000.0,2246.69,271.32,70,6.0,749.68,1000.0
4981,201407,0,731.0,8,0.0,0.0,2.0,,500.0,301.45,32.72,29,0.0,325.5,500.0
4982,201404,0,701.0,9,0.0,0.0,0.0,,1000.0,,,46,0.0,115.68,1900.0
4983,201412,0,3645.0,12,22.0,9.0,12.0,50.0,2000.0,254.52,80.62,71,12.0,86.81,2400.0
4984,201410,0,323.0,5,0.0,0.0,0.0,,400.0,,,49,0.0,,
4985,201404,0,848.0,12,0.0,0.0,4.0,,800.0,98.97,0.0,24,0.0,124.18,800.0
4986,201408,1,895.0,12,0.0,0.0,5.0,,1267.66,284.48,0.0,49,0.0,290.31,1267.66
4987,201405,0,1939.0,10,15.0,2.0,0.0,,1000.0,,,73,1.0,344.55,2840.0
4988,201401,1,4493.0,12,92.0,12.0,10.0,122.0,1000.0,250.84,0.0,48,8.0,311.44,3592.91
4989,201404,0,228.0,4,0.0,0.0,0.0,,200.0,,,41,0.0,,200.0
4990,201403,1,1692.0,12,7.0,12.0,12.0,374.0,1200.0,417.99,136.75,70,1.0,449.0,5680.0
4991,201401,0,943.0,8,0.0,0.0,7.0,,500.0,464.9,162.12,48,0.0,131.05,2000.0
4992,201406,0,3878.0,12,61.0,9.0,12.0,337.0,1000.0,347.85,0.0,55,14.0,158.75,1000.0
4993,201403,1,640.0,12,0.0,0.0,0.0,,540.62,287.28,94.75,23,0.0,45.53,540.62
4994,201406,0,917.0,12,0.0,0.0,7.0,,3000.0,484.72,68.84,46,0.0,346.09,3000.0
4995,201411,1,733.0,12,0.0,0.0,0.0,,2398.31,34.19,0.0,45,0.0,509.64,3350.0
4996,201410,0,1629.0,12,5.0,9.0,11.0,380.0,2000.0,391.85,0.0,53,1.0,311.24,5480.0
4997,201401,1,2394.0,12,19.0,7.0,9.0,1063.0,600.0,159.94,0.0,26,4.0,,1200.0
4998,201403,0,391.0,12,0.0,0.0,0.0,,1355.29,,,42,0.0,,1355.29
4999,201405,1,1186.0,12,0.0,3.0,2.0,458.0,2104.49,,,74,0.0,,4869.71
5000,201409,0,1790.0,12,2.0,4.0,11.0,703.0,2900.0,573.86,0.0,69,5.0,89.46,5000.0
5001,201410,0,771.0,12,0.0,0.0,2.0,,1000.0,280.08,94.76,23,0.0,308.06,
5002,201401,0,836.0,4,0.0,0.0,3.0,,300.0,421.94,65.05,34,0.0,293.58,300.0
5003,201405,0,433.0,12,0.0,0.0,0.0,,500.0,,,46,0.0,,500.0
5004,201405,1,517.0,12,0.0,0.0,0.0,,1341.78,,,29,0.0,,2264.49
5005,201407,1,403.0,12,0.0,0.0,0.0,,1500.0,,,38,0.0,,1500.0
5006,201402,0,620.0,12,0.0,0.0,0.0,,1000.0,,,25,0.0,73.61,2021.38
5007,201405,1,163.0,12,0.0,0.0,0.0,,800.0,,,54,0.0,,800.0
5008,201412,0,4316.0,12,55.0,10.0,12.0,274.0,1200.0,502.59,104.77,64,33.0,370.0,
5009,201402,0,456.0,10,0.0,0.0,0.0,,500.0,,,19,0.0,,1000.0
5010,201405,0,292.0,12,0.0,0.0,0.0,,865.02,,,28,0.0,,865.02
5011,201410,0,3574.0,12,52.0,1.0,3.0,,2400.0,330.83,0.0,50,13.0,477.0,4220.0
5012,201410,0,1304.0,10,0.0,5.0,11.0,1488.0,1600.0,1119.26,0.0,39,0.0,138.31,7900.0
5013,201402,0,1894.0,12,10.0,8.0,11.0,855.0,1500.0,1072.63,286.73,62,2.0,709.05,5000.0
5014,201410,0,227.0,3,0.0,0.0,0.0,,300.0,,,48,0.0,,
5015,201403,0,205.0,12,0.0,0.0,0.0,,786.65,,,21,0.0,,786.65
5016,201408,1,465.0,12,0.0,0.0,0.0,,1000.0,,,37,0.0,,1459.85
5017,201412,1,385.0,12,0.0,0.0,0.0,,1200.0,,,25,0.0,,
5018,201401,0,2526.0,12,20.0,3.0,1.0,,900.0,319.2,105.29,48,11.0,174.82,3800.0
5019,201411,1,2941.0,12,3.0,0.0,11.0,,829.08,500.5,126.61,54,8.0,268.82,
5020,201409,1,164.0,12,0.0,0.0,0.0,,1500.0,,,51,0.0,,
5021,201402,0,2260.0,12,23.0,8.0,7.0,479.0,1500.0,220.93,0.0,58,3.0,,4600.0
5022,201404,0,386.0,12,0.0,0.0,0.0,,1644.45,,,57,0.0,,1644.45
5023,201410,1,987.0,12,0.0,0.0,11.0,,1300.0,522.08,180.47,56,0.0,185.42,900.0
5024,201410,0,2938.0,12,25.0,9.0,12.0,569.0,3000.0,1126.64,284.61,60,15.0,571.61,
5025,201406,0,804.0,12,0.0,0.0,2.0,,1461.0,427.19,113.27,62,0.0,324.0,2461.0
5026,201412,1,1143.0,12,0.0,1.0,9.0,251.0,1200.0,115.96,0.0,22,0.0,64.79,
5027,201411,0,3632.0,12,57.0,11.0,9.0,431.0,3000.0,528.43,105.56,48,9.0,513.32,2000.0
5028,201403,0,1746.0,12,8.0,12.0,12.0,619.0,950.0,1185.18,262.93,45,1.0,801.77,2330.0
5029,201411,1,423.0,12,0.0,0.0,0.0,,1000.0,,,69,0.0,,
5030,201409,0,1225.0,12,0.0,4.0,12.0,242.0,1479.38,700.03,243.33,21,0.0,350.62,
5031,201404,1,298.0,12,0.0,0.0,0.0,,1853.27,,,39,0.0,,3900.67
5032,201401,0,1542.0,12,2.0,12.0,12.0,379.0,400.0,441.29,0.0,67,1.0,203.59,1700.0
5033,201406,0,261.0,12,0.0,0.0,0.0,,600.0,,,30,0.0,,600.0
5034,201402,0,1491.0,12,1.0,9.0,10.0,664.0,2000.0,820.71,0.0,62,1.0,339.37,500.0
5035,201405,1,3769.0,12,8.0,0.0,0.0,,1000.0,,,50,22.0,177.91,1000.0
5036,201401,1,2231.0,12,22.0,12.0,12.0,865.0,2627.66,676.79,0.0,42,3.0,105.68,5255.32
5037,201407,0,530.0,6,0.0,0.0,0.0,,300.0,,,67,0.0,,800.0
5038,201402,0,306.0,4,0.0,0.0,0.0,,200.0,,,52,0.0,,400.0
5039,201410,0,415.0,12,0.0,0.0,0.0,,2167.71,,,53,0.0,,
5040,201407,0,222.0,12,0.0,0.0,0.0,,800.0,,,57,0.0,,1196.85
5041,201403,0,570.0,12,0.0,0.0,0.0,,1000.0,,,58,0.0,0.0,1000.0
5042,201406,1,1570.0,12,2.0,6.0,9.0,444.0,2100.0,91.97,0.0,54,2.0,403.28,2100.0
5043,201410,1,521.0,12,0.0,0.0,0.0,,1000.0,,,42,0.0,,
5044,201405,0,3349.0,12,11.0,5.0,11.0,585.0,1000.0,654.91,0.0,51,7.0,238.28,1000.0
5045,201412,0,1375.0,12,0.0,6.0,12.0,1238.0,1500.0,909.16,128.41,47,0.0,810.54,2000.0
5046,201406,0,627.0,6,0.0,0.0,0.0,,1000.0,,,50,0.0,0.0,1800.0
5047,201409,1,185.0,12,0.0,0.0,0.0,,1500.0,,,52,0.0,,
5048,201412,0,1095.0,12,0.0,0.0,12.0,241.0,1500.0,1331.92,38.21,41,0.0,444.97,1640.0
5049,201403,0,593.0,12,0.0,0.0,0.0,,1000.0,,,63,0.0,126.67,1000.0
5050,201406,0,465.0,12,0.0,0.0,0.0,,700.0,,,48,0.0,,1400.0
5051,201403,0,457.0,12,0.0,0.0,0.0,,1000.0,,,59,0.0,,1000.0
5052,201408,0,3862.0,12,15.0,3.0,12.0,285.0,1400.0,532.34,69.47,46,22.0,192.99,10770.33
5053,201407,0,2417.0,6,23.0,11.0,12.0,640.0,1000.0,914.56,301.87,50,6.0,470.82,3800.0
5054,201403,1,659.0,12,0.0,0.0,0.0,,1800.0,,,28,0.0,208.99,2941.04
5055,201405,0,1108.0,5,0.0,0.0,12.0,119.0,800.0,522.18,144.34,57,0.0,408.7,800.0
5056,201412,1,615.0,12,0.0,0.0,0.0,,1000.0,,,58,0.0,39.37,
5057,201402,1,620.0,12,0.0,0.0,0.0,,1290.7,,,43,0.0,61.54,4081.4
5058,201409,0,1889.0,12,11.0,7.0,12.0,789.0,1000.0,215.36,0.0,55,3.0,0.0,4658.56
5059,201408,0,415.0,5,0.0,0.0,0.0,,565.67,,,21,0.0,,1000.0
5060,201408,0,2215.0,5,21.0,11.0,11.0,652.0,700.0,534.8,0.0,28,4.0,342.57,2400.0
5061,201403,0,322.0,12,0.0,0.0,0.0,,600.0,,,63,0.0,,600.0
5062,201404,0,1717.0,12,7.0,12.0,1.0,101.0,1000.0,,,58,2.0,,3000.0
5063,201404,0,3452.0,10,11.0,12.0,12.0,176.0,3000.0,289.93,0.0,45,4.0,400.0,13082.93
5064,201410,1,2425.0,12,21.0,0.0,10.0,,700.0,639.86,0.0,43,3.0,138.42,
5065,201408,0,3541.0,12,11.0,0.0,0.0,,1000.0,,,67,8.0,,1000.0
5066,201404,0,2948.0,10,15.0,0.0,3.0,,500.0,205.93,0.0,48,11.0,77.4,500.0
5067,201404,0,528.0,11,0.0,0.0,0.0,,789.0,,,23,0.0,,789.0
5068,201408,1,4333.0,12,85.0,11.0,12.0,885.0,2000.0,926.44,93.85,58,4.0,768.0,2000.0
5069,201409,0,818.0,7,0.0,0.0,3.0,,700.0,375.84,0.0,20,0.0,757.65,19.38
5070,201404,0,521.0,12,0.0,0.0,0.0,,2434.92,,,42,0.0,,2434.92
5071,201404,0,2250.0,12,11.0,7.0,12.0,952.0,1380.0,511.9,0.0,36,4.0,294.04,1380.0
5072,201405,0,514.0,12,0.0,0.0,0.0,,1500.0,,,46,0.0,,1500.0
5073,201404,0,934.0,12,0.0,0.0,4.0,,1468.38,121.96,0.0,47,0.0,,1468.38
5074,201407,1,700.0,12,0.0,0.0,0.0,,989.67,,,46,0.0,126.28,989.67
5075,201409,0,764.0,12,0.0,0.0,1.0,,1300.0,174.27,35.51,67,0.0,161.8,1000.0
5076,201410,0,1663.0,6,6.0,8.0,0.0,46.0,300.0,,,46,2.0,17.98,
5077,201404,0,4656.0,12,60.0,8.0,6.0,535.0,1838.1,448.86,0.0,38,11.0,97.19,5838.1
5078,201408,1,4264.0,12,66.0,0.0,0.0,,3000.0,,,66,14.0,,9000.0
5079,201411,0,2329.0,3,10.0,0.0,11.0,,600.0,559.81,0.0,48,8.0,79.69,1200.0
5080,201407,0,613.0,12,0.0,0.0,0.0,,1481.24,,,43,0.0,175.85,2781.24
5081,201412,0,448.0,3,0.0,0.0,0.0,,827.2,,,50,0.0,,
5082,201403,1,615.0,10,0.0,0.0,0.0,,600.0,,,29,0.0,44.26,600.0
5083,201401,1,1433.0,12,1.0,12.0,12.0,361.0,1500.0,286.35,0.0,45,1.0,172.7,4500.0
5084,201405,0,1676.0,8,6.0,12.0,12.0,825.0,595.0,999.6,0.0,49,1.0,723.36,595.0
5085,201403,0,356.0,5,0.0,0.0,0.0,,400.0,,,37,0.0,,400.0
5086,201410,1,3919.0,12,12.0,0.0,3.0,,1300.0,456.08,146.14,45,3.0,122.32,500.0
5087,201412,0,2696.0,6,30.0,11.0,12.0,401.0,500.0,475.09,134.18,53,7.0,205.4,2700.0
5088,201410,1,644.0,12,0.0,0.0,0.0,,1150.0,,,36,0.0,98.98,
5089,201407,0,1371.0,10,0.0,4.0,12.0,319.0,1000.0,346.92,0.0,57,0.0,376.41,2700.0
5090,201408,0,623.0,5,0.0,0.0,0.0,,600.0,,,31,0.0,97.26,
5091,201402,0,236.0,12,0.0,0.0,0.0,,1000.0,,,49,0.0,,2600.0
5092,201410,1,155.0,12,0.0,0.0,0.0,,700.0,,,58,0.0,,300.0
5093,201409,1,342.0,12,0.0,0.0,0.0,,1000.0,,,69,0.0,,
5094,201410,1,291.0,10,0.0,0.0,0.0,,1000.0,,,27,0.0,,
5095,201412,0,434.0,3,0.0,0.0,0.0,,536.0,,,30,0.0,,
5096,201405,0,461.0,6,0.0,0.0,0.0,,1000.0,,,43,0.0,,1000.0
5097,201409,0,220.0,8,0.0,0.0,0.0,,500.0,,,49,0.0,,
5098,201408,0,1572.0,10,3.0,5.0,3.0,,1300.0,725.06,238.06,56,1.0,564.12,1300.0
5099,201405,0,1264.0,12,0.0,4.0,9.0,252.0,1406.95,69.95,0.0,36,0.0,,1406.95
5100,201410,0,490.0,12,0.0,0.0,0.0,,700.0,,,37,0.0,,
5101,201407,0,1304.0,12,0.0,6.0,12.0,859.0,1000.0,1487.47,318.88,44,0.0,901.53,3146.0
5102,201406,1,4741.0,12,7.0,0.0,0.0,,1000.0,,,43,8.0,133.43,3749.94
5103,201407,0,1217.0,12,0.0,3.0,12.0,160.0,1300.0,135.46,0.0,57,0.0,78.02,5700.0
5104,201409,0,259.0,12,0.0,0.0,0.0,,1000.0,,,47,0.0,,
5105,201411,0,319.0,6,0.0,0.0,0.0,,500.0,,,48,0.0,,
5106,201405,0,1253.0,12,0.0,3.0,6.0,52.0,900.0,185.96,0.0,45,0.0,83.11,900.0
5107,201408,0,,12,,,,,2082.47,,,62,,,5595.77
5108,201407,0,1690.0,12,6.0,9.0,12.0,348.0,1000.0,481.26,59.43,58,2.0,255.91,4000.0
5109,201404,0,2736.0,12,35.0,9.0,6.0,631.0,992.0,447.01,111.11,43,6.0,364.8,992.0
5110,201405,0,583.0,8,0.0,0.0,0.0,,500.0,,,46,0.0,78.98,1100.0
5111,201408,0,223.0,12,0.0,0.0,0.0,,1037.0,,,58,0.0,,1496.82
5112,201404,0,3412.0,4,40.0,3.0,3.0,,160.0,112.94,0.0,62,16.0,168.32,160.0
5113,201402,0,4674.0,12,102.0,12.0,11.0,1691.0,1745.43,2580.82,0.0,35,2.0,970.48,3490.86
5114,201410,1,301.0,12,0.0,0.0,0.0,,1600.0,,,55,0.0,,500.0
5115,201408,0,750.0,12,0.0,0.0,0.0,,1000.0,433.77,0.0,25,0.0,563.31,4050.75
5116,201407,1,212.0,12,0.0,0.0,0.0,,2500.0,,,66,0.0,,2500.0
5117,201402,0,682.0,10,0.0,0.0,0.0,,641.49,,,21,0.0,416.49,1282.98
5118,201411,0,1389.0,12,0.0,9.0,12.0,870.0,3000.0,570.81,0.0,67,0.0,214.62,11000.0
5119,201410,1,1466.0,12,0.0,11.0,12.0,928.0,2500.0,931.68,0.0,51,0.0,469.18,5298.76
5120,201406,1,499.0,12,0.0,0.0,0.0,,3000.0,,,58,0.0,,6000.0
5121,201403,1,238.0,12,0.0,0.0,0.0,,730.93,,,30,0.0,,730.93
5122,201403,0,474.0,12,0.0,0.0,0.0,,1845.53,,,37,0.0,,1845.53
5123,201410,0,462.0,12,0.0,0.0,0.0,,870.0,,,66,0.0,,
5124,201409,0,773.0,12,0.0,0.0,4.0,,500.0,474.54,167.58,35,0.0,599.7,60.98
5125,201404,0,2775.0,8,22.0,0.0,0.0,,600.0,,,62,4.0,23.0,1400.0
5126,201401,0,344.0,12,0.0,0.0,0.0,,1500.0,,,45,0.0,,3000.0
5127,201403,0,1120.0,10,0.0,0.0,9.0,30.0,700.0,224.01,0.0,37,0.0,158.29,700.0
5128,201409,0,4025.0,8,51.0,10.0,1.0,747.0,800.0,,,53,12.0,310.58,
5129,201408,0,1311.0,12,0.0,4.0,7.0,189.0,1220.0,301.9,0.0,22,0.0,475.3,2492.86
5130,201402,0,971.0,12,0.0,0.0,7.0,,1580.0,406.84,0.0,21,0.0,206.68,3160.0
5131,201411,0,728.0,8,0.0,0.0,0.0,,1000.0,103.96,0.0,65,0.0,233.48,2000.0
5132,201410,1,664.0,12,0.0,0.0,9.0,,1932.99,418.56,144.65,36,0.0,190.98,
5133,201407,0,1262.0,12,0.0,4.0,12.0,450.0,3000.0,477.34,26.5,53,0.0,539.06,4920.0
5134,201408,1,1061.0,12,0.0,0.0,7.0,,1000.0,693.77,74.55,28,0.0,400.62,
5135,201407,0,2678.0,4,14.0,3.0,0.0,92.0,500.0,,,44,3.0,,500.0
5136,201409,0,1116.0,3,0.0,0.0,12.0,31.0,700.0,1166.87,115.92,36,0.0,1031.07,1933.73
5137,201406,0,1113.0,12,0.0,0.0,12.0,221.0,1900.0,735.8,221.99,46,0.0,680.61,5240.0
5138,201402,0,2020.0,12,3.0,9.0,6.0,404.0,1500.0,71.96,0.0,38,2.0,85.29,3000.0
5139,201409,0,146.0,6,0.0,0.0,0.0,,700.0,,,62,0.0,,
5140,201405,1,365.0,12,0.0,0.0,0.0,,1000.0,,,49,0.0,,1600.0
5141,201410,0,217.0,10,0.0,0.0,0.0,,150.0,,,52,0.0,,
5142,201401,0,1495.0,5,1.0,5.0,5.0,235.0,700.0,,,50,1.0,,2474.36
5143,201406,1,4833.0,12,18.0,0.0,1.0,,3000.0,,,54,16.0,,8400.0
5144,201409,1,443.0,12,0.0,0.0,0.0,,2250.0,,,39,0.0,,2669.52
5145,201404,0,570.0,12,0.0,0.0,0.0,,1500.0,,,21,0.0,0.0,1500.0
5146,201408,0,2727.0,12,39.0,12.0,12.0,312.0,500.0,74.2,24.22,66,2.0,70.19,500.0
5147,201402,0,1402.0,12,0.0,10.0,10.0,296.0,800.0,125.37,16.42,42,0.0,285.19,4600.0
5148,201411,0,1235.0,12,0.0,2.0,0.0,41.0,1310.0,,,54,0.0,,
5149,201406,1,674.0,12,0.0,0.0,0.0,,1250.0,,,60,0.0,64.27,2250.0
5150,201402,1,217.0,10,0.0,0.0,0.0,,1500.0,,,55,0.0,,3000.0
5151,201403,0,519.0,7,0.0,0.0,0.0,,500.0,,,39,0.0,,500.0
5152,201402,0,4382.0,10,20.0,0.0,0.0,,692.53,,,42,6.0,,1385.06
5153,201401,0,227.0,6,0.0,0.0,0.0,,500.0,,,29,0.0,,1000.0
5154,201402,0,696.0,12,0.0,0.0,0.0,,2000.0,265.12,93.17,44,0.0,189.68,4000.0
5155,201402,0,2573.0,12,29.0,11.0,11.0,401.0,590.67,,,67,6.0,,590.67
5156,201402,0,1687.0,12,2.0,2.0,5.0,199.0,1000.0,,,23,5.0,,2000.0
5157,201405,0,1559.0,12,2.0,6.0,8.0,840.0,1702.04,95.76,0.0,25,2.0,215.76,1702.04
5158,201406,0,228.0,10,0.0,0.0,0.0,,1200.0,,,22,0.0,,1200.0
5159,201407,0,2877.0,12,23.0,0.0,9.0,,900.0,419.1,0.0,73,11.0,157.12,1400.0
5160,201412,0,646.0,8,0.0,0.0,0.0,,1500.0,,,25,0.0,0.0,
5161,201405,0,1158.0,12,0.0,1.0,12.0,260.0,2024.93,771.45,53.62,48,0.0,357.33,3024.93
5162,201406,0,1241.0,12,0.0,4.0,12.0,694.0,2000.0,708.77,0.0,53,0.0,243.43,6000.0
5163,201406,0,3599.0,6,22.0,11.0,10.0,409.0,200.0,415.86,0.0,55,8.0,679.8,435.98
5164,201406,0,559.0,10,0.0,0.0,0.0,,2000.0,,,68,0.0,17.98,9950.0
5165,201402,0,348.0,12,0.0,0.0,0.0,,1000.0,,,43,0.0,,2814.7
5166,201403,0,1021.0,10,0.0,0.0,8.0,,500.0,233.72,0.0,41,0.0,191.62,2000.0
5167,201410,1,363.0,12,0.0,0.0,0.0,,1989.2,,,37,0.0,,
5168,201410,0,450.0,9,0.0,0.0,0.0,,1000.0,,,26,0.0,,
5169,201410,0,379.0,12,0.0,0.0,0.0,,1500.0,,,75,0.0,,
5170,201404,1,461.0,12,0.0,0.0,0.0,,3000.0,,,62,0.0,,6474.48
5171,201403,0,269.0,12,0.0,0.0,0.0,,700.0,,,53,0.0,,700.0
5172,201405,0,1259.0,3,0.0,5.0,11.0,564.0,450.0,891.61,66.38,50,0.0,673.5,450.0
5173,201403,0,,6,,,,,600.0,,,43,,,1800.0
5174,201412,0,2832.0,12,2.0,0.0,0.0,,1200.0,,,52,1.0,,
5175,201407,1,1465.0,10,0.0,8.0,0.0,280.0,1500.0,,,51,0.0,,1500.0
5176,201410,1,583.0,12,0.0,0.0,0.0,,1250.0,,,19,0.0,0.0,57.96
5177,201402,0,1565.0,12,3.0,7.0,12.0,336.0,1000.0,239.93,0.0,50,1.0,140.43,4400.0
5178,201412,1,682.0,12,0.0,0.0,0.0,,1000.0,,,48,0.0,130.94,
5179,201408,0,3946.0,5,18.0,5.0,11.0,256.0,500.0,259.88,0.0,45,14.0,118.79,2100.0
5180,201408,1,243.0,10,0.0,0.0,0.0,,900.0,,,74,0.0,,1822.42
5181,201401,0,809.0,12,0.0,0.0,3.0,,800.0,332.45,104.38,39,0.0,653.02,1600.0
5182,201407,0,347.0,3,0.0,0.0,0.0,,200.0,,,50,0.0,,200.0
5183,201411,0,621.0,8,0.0,0.0,0.0,,700.0,,,41,0.0,54.73,513.97
5184,201406,1,743.0,12,0.0,0.0,2.0,,800.0,136.75,0.0,45,0.0,258.61,1800.0
5185,201409,0,1780.0,12,6.0,6.0,9.0,250.0,1000.0,289.91,0.0,65,1.0,130.84,
5186,201407,0,4552.0,12,51.0,12.0,10.0,1196.0,2280.0,733.77,97.55,48,14.0,537.77,5280.0
5187,201409,0,273.0,12,0.0,0.0,0.0,,400.0,,,19,0.0,,
5188,201403,1,2467.0,12,15.0,9.0,12.0,356.0,1600.0,315.86,0.0,42,4.0,257.87,2600.0
5189,201409,0,1004.0,12,0.0,0.0,9.0,,1000.0,570.84,0.0,60,0.0,303.38,8500.0
5190,201406,0,2707.0,12,39.0,12.0,12.0,830.0,1500.0,649.78,0.0,46,2.0,497.6,3308.0
5191,201401,0,1760.0,12,7.0,1.0,11.0,176.0,1500.0,627.43,159.24,40,2.0,250.7,5506.71
5192,201405,1,262.0,10,0.0,0.0,0.0,,500.0,,,39,0.0,,500.0
5193,201408,1,276.0,8,0.0,0.0,0.0,,1000.0,,,37,0.0,,1000.0
5194,201405,0,319.0,12,0.0,0.0,0.0,,3000.0,,,43,0.0,,3067.98
5195,201405,1,235.0,12,0.0,0.0,0.0,,728.83,,,19,0.0,,728.83
5196,201402,0,1980.0,12,16.0,12.0,12.0,758.0,2600.0,258.95,78.01,71,1.0,188.75,5200.0
5197,201409,0,1077.0,10,0.0,0.0,10.0,93.0,700.0,421.22,71.32,57,0.0,356.23,
5198,201411,1,157.0,12,0.0,0.0,0.0,,800.27,,,19,0.0,,
5199,201403,0,1028.0,12,0.0,0.0,7.0,,1300.0,352.58,64.66,58,0.0,207.06,2848.0
5200,201406,0,3815.0,12,43.0,7.0,12.0,626.0,3000.0,1307.55,152.42,64,12.0,378.12,9700.0
5201,201412,1,372.0,3,0.0,0.0,0.0,,300.0,,,31,0.0,,
5202,201404,0,1525.0,12,1.0,10.0,0.0,177.0,1000.0,,,73,1.0,,3401.37
5203,201411,1,507.0,10,0.0,0.0,0.0,,320.0,,,38,0.0,,
5204,201403,1,1182.0,12,0.0,2.0,12.0,69.0,1000.0,104.98,0.0,46,0.0,69.0,1000.0
5205,201410,0,342.0,6,0.0,0.0,0.0,,500.0,,,51,0.0,,
5206,201410,0,236.0,3,0.0,0.0,0.0,,600.0,,,57,0.0,,250.0
5207,201409,0,2970.0,4,6.0,0.0,2.0,,400.0,342.84,0.0,26,1.0,310.0,
5208,201410,0,372.0,12,0.0,0.0,0.0,,649.0,,,31,0.0,,
5209,201403,0,2600.0,12,34.0,3.0,0.0,35.0,2392.24,,,43,3.0,,8227.63
5210,201412,0,2485.0,12,27.0,9.0,11.0,706.0,1300.0,,,49,5.0,70.13,3750.0
5211,201404,0,698.0,12,0.0,0.0,0.0,,700.0,,,48,0.0,425.28,1632.89
5212,201404,1,411.0,12,0.0,0.0,0.0,,1220.0,,,63,0.0,,1220.0
5213,201409,0,1467.0,12,0.0,11.0,12.0,1193.0,3000.0,1015.53,130.71,26,0.0,775.9,2000.0
5214,201410,0,1310.0,10,0.0,8.0,10.0,195.0,800.0,134.96,38.68,42,0.0,146.71,500.0
5215,201406,1,3439.0,12,23.0,1.0,0.0,,2000.0,,,43,14.0,,3522.64
5216,201410,0,4400.0,12,23.0,12.0,11.0,673.0,3000.0,412.11,28.2,63,23.0,751.49,13908.2
5217,201407,0,2528.0,9,28.0,10.0,12.0,736.0,1000.0,1675.8,363.24,70,6.0,587.13,1000.0
5218,201402,1,1611.0,12,4.0,7.0,12.0,457.0,620.0,,,69,1.0,,1240.0
5219,201403,0,440.0,12,0.0,0.0,0.0,,1200.0,,,41,0.0,,1840.0
5220,201402,0,2397.0,8,29.0,10.0,12.0,1109.0,760.0,1424.9,0.0,43,2.0,1433.72,5294.98
5221,201412,0,483.0,8,0.0,0.0,0.0,,800.0,,,40,0.0,,300.0
5222,201404,0,4544.0,12,61.0,8.0,11.0,762.0,750.0,,,60,13.0,,2550.0
5223,201403,0,256.0,12,0.0,0.0,0.0,,1133.94,,,59,0.0,,1133.94
5224,201403,1,486.0,12,0.0,0.0,0.0,,2627.66,,,37,0.0,,6227.66
5225,201403,1,592.0,12,0.0,0.0,0.0,,1500.0,,,61,0.0,0.0,1500.0
5226,201403,0,635.0,6,0.0,0.0,0.0,,600.0,,,42,0.0,34.81,1520.0
5227,201405,0,796.0,8,0.0,0.0,2.0,,1000.0,143.52,40.15,31,0.0,199.46,1000.0
5228,201410,0,805.0,6,0.0,0.0,2.0,,500.0,170.99,30.02,48,0.0,212.84,500.0
5229,201406,0,810.0,12,0.0,0.0,2.0,,3000.0,895.07,194.63,54,0.0,280.1,4825.24
5230,201408,1,767.0,12,0.0,0.0,1.0,,933.89,99.98,0.0,44,0.0,133.34,933.89
5231,201407,0,290.0,10,0.0,0.0,0.0,,1000.0,,,70,0.0,,1000.0
5232,201404,0,594.0,8,0.0,0.0,0.0,,600.0,,,46,0.0,138.99,1841.4
5233,201406,0,2944.0,12,24.0,0.0,1.0,,3000.0,2997.69,799.93,62,4.0,1464.78,3000.0
5234,201408,1,782.0,10,0.0,0.0,2.0,,1500.0,221.93,0.0,42,0.0,339.43,1500.0
5235,201402,0,626.0,4,0.0,0.0,0.0,,200.0,,,25,0.0,67.26,400.0
5236,201411,1,447.0,6,0.0,0.0,0.0,,450.0,,,49,0.0,,
5237,201405,0,1060.0,12,0.0,0.0,11.0,,1500.0,1125.68,0.0,38,0.0,580.68,3000.0
5238,201412,1,447.0,12,0.0,0.0,0.0,,200.0,,,22,0.0,,
5239,201404,0,3354.0,12,32.0,6.0,5.0,157.0,1000.0,315.93,0.0,62,7.0,204.55,5080.0
5240,201405,1,361.0,12,0.0,0.0,0.0,,1000.0,,,47,0.0,,1000.0
5241,201405,0,2016.0,12,10.0,9.0,7.0,359.0,1478.0,,,60,2.0,,1478.0
5242,201404,1,63.0,8,0.0,0.0,0.0,,536.0,,,51,0.0,,536.0
5243,201401,0,746.0,7,0.0,0.0,0.0,,400.0,300.48,0.0,39,0.0,475.24,1400.0
5244,201410,0,2798.0,12,35.0,11.0,12.0,2317.0,1200.0,3805.39,748.12,50,9.0,848.16,2290.0
5245,201405,0,3432.0,12,50.0,5.0,6.0,25.0,1000.0,93.96,0.0,63,9.0,,2000.0
5246,201408,0,4230.0,4,11.0,1.0,1.0,22.0,1200.0,,,42,6.0,44.8,1800.0
5247,201407,0,500.0,12,0.0,0.0,0.0,,1010.24,,,21,0.0,0.0,1010.24
5248,201412,1,4532.0,12,29.0,0.0,9.0,121.0,500.0,,,49,4.0,,4000.0
5249,201403,0,3033.0,12,23.0,6.0,3.0,173.0,1700.0,756.47,260.99,48,3.0,222.6,3000.0
5250,201411,1,567.0,12,0.0,0.0,0.0,,1000.0,,,71,0.0,,703.32
5251,201402,0,168.0,12,0.0,0.0,0.0,,739.29,,,32,0.0,,1478.58
5252,201412,1,531.0,12,0.0,0.0,0.0,,1602.2,,,21,0.0,8.99,
5253,201412,1,559.0,3,0.0,0.0,0.0,,500.0,,,33,0.0,,
5254,201403,1,227.0,12,0.0,0.0,0.0,,930.0,,,28,0.0,,930.0
5255,201411,0,531.0,12,0.0,0.0,0.0,,1000.0,,,49,0.0,,500.0
5256,201406,0,1427.0,5,0.0,10.0,0.0,645.0,500.0,,,55,0.0,197.82,500.0
5257,201409,0,1967.0,12,11.0,1.0,0.0,,700.0,,,57,5.0,,1456.96
5258,201406,0,792.0,8,0.0,0.0,2.0,,1500.0,820.74,0.0,46,0.0,976.78,1500.0
5259,201406,0,897.0,10,0.0,0.0,5.0,,1100.0,220.91,0.0,41,0.0,352.7,3040.0
5260,201404,0,621.0,7,0.0,0.0,0.0,,350.0,,,20,0.0,49.54,350.0
5261,201409,1,281.0,12,0.0,0.0,0.0,,2280.83,,,53,0.0,,
5262,201409,0,244.0,12,0.0,0.0,0.0,,1000.0,,,47,0.0,,
5263,201412,1,1839.0,12,9.0,7.0,11.0,320.0,2000.0,506.72,186.72,49,4.0,499.07,500.0
5264,201402,0,3892.0,12,43.0,8.0,11.0,1383.0,3000.0,540.87,0.0,45,12.0,140.11,4249.96
5265,201411,0,385.0,12,0.0,0.0,0.0,,3000.0,,,38,0.0,,
5266,201402,0,604.0,6,0.0,0.0,0.0,,700.0,,,55,0.0,35.8,1600.0
5267,201401,1,854.0,12,0.0,0.0,5.0,,800.0,205.51,56.07,50,0.0,147.4,2200.0
5268,201408,0,2902.0,12,6.0,0.0,1.0,,1649.57,187.93,0.0,26,3.0,309.86,1649.57
5269,201404,0,886.0,12,0.0,0.0,5.0,,2000.0,437.27,143.37,46,0.0,376.2,4801.86
5270,201406,0,812.0,12,0.0,0.0,3.0,,2039.11,308.07,100.2,46,0.0,268.44,2039.11
5271,201407,0,2681.0,12,19.0,0.0,0.0,,1000.0,,,53,6.0,,9001.03
5272,201402,0,133.0,12,0.0,0.0,0.0,,2100.0,,,57,0.0,,4200.0
5273,201404,0,493.0,12,0.0,0.0,0.0,,1000.0,,,44,0.0,,1000.0
5274,201407,0,595.0,12,0.0,0.0,0.0,,1000.0,,,55,0.0,80.05,2700.0
5275,201407,0,1458.0,12,0.0,8.0,12.0,,300.0,637.74,201.26,25,0.0,317.45,685.71
5276,201412,1,244.0,12,0.0,0.0,0.0,,600.0,,,23,0.0,,
5277,201407,0,323.0,12,0.0,0.0,0.0,,1500.0,,,46,0.0,,1500.0
5278,201402,1,150.0,12,0.0,0.0,0.0,,469.28,,,18,0.0,,938.56
5279,201410,0,3575.0,12,37.0,0.0,0.0,,2875.46,,,57,3.0,,4000.0
5280,201412,0,1663.0,8,5.0,0.0,6.0,,1200.0,282.93,0.0,38,2.0,136.85,3000.0
5281,201408,1,270.0,12,0.0,0.0,0.0,,900.0,,,30,0.0,,900.0
5282,201401,0,380.0,12,0.0,0.0,0.0,,1000.0,,,71,0.0,,2000.0
5283,201412,0,833.0,12,0.0,0.0,3.0,,1000.0,661.52,0.0,67,0.0,642.15,
5284,201406,0,2452.0,12,15.0,5.0,12.0,126.0,1000.0,592.83,17.97,69,2.0,333.86,1000.0
5285,201405,1,2562.0,12,12.0,0.0,11.0,,1000.0,598.8,87.97,44,4.0,405.0,2592.16
5286,201409,0,1558.0,12,3.0,9.0,8.0,434.0,2000.0,663.24,183.28,41,1.0,518.42,
5287,201410,1,159.0,12,0.0,0.0,0.0,,2000.0,,,41,0.0,,3745.51
5288,201410,0,752.0,10,0.0,0.0,1.0,,900.0,54.0,0.0,57,0.0,182.53,
5289,201410,0,2295.0,12,21.0,10.0,10.0,219.0,2500.0,381.9,0.0,53,5.0,182.1,3600.0
5290,201411,1,256.0,12,0.0,0.0,0.0,,1125.0,,,19,0.0,,
5291,201405,0,2063.0,12,3.0,0.0,0.0,,600.0,,,52,2.0,,600.0
5292,201411,1,1317.0,6,0.0,6.0,0.0,220.0,200.0,,,42,0.0,,
5293,201410,1,219.0,6,0.0,0.0,0.0,,678.58,,,18,0.0,,
5294,201405,0,893.0,3,0.0,0.0,5.0,,150.0,88.37,0.0,47,0.0,141.46,150.0
5295,201405,0,2352.0,12,22.0,8.0,12.0,416.0,1500.0,1414.56,0.0,59,5.0,1084.58,2500.0
5296,201407,1,3331.0,12,60.0,12.0,12.0,941.0,714.0,845.73,46.52,52,1.0,425.14,1914.0
5297,201410,0,3282.0,12,6.0,0.0,0.0,,450.0,,,44,2.0,,179.99
5298,201412,0,2435.0,8,30.0,9.0,7.0,855.0,500.0,,,42,2.0,,200.0
5299,201407,0,320.0,12,0.0,0.0,0.0,,2162.84,,,48,0.0,,2162.84
5300,201403,0,1302.0,11,0.0,5.0,0.0,164.0,900.0,,,43,0.0,,900.0
5301,201408,1,630.0,12,0.0,0.0,0.0,,1136.7,,,21,0.0,123.07,1136.7
5302,201408,0,441.0,12,0.0,0.0,0.0,,910.3,,,31,0.0,0.0,
5303,201401,0,2343.0,12,12.0,11.0,11.0,786.0,700.0,516.38,49.51,45,3.0,63.68,3970.25
5304,201406,0,101.0,12,0.0,0.0,0.0,,700.0,,,63,0.0,,700.0
5305,201405,0,457.0,12,0.0,0.0,0.0,,1088.0,,,64,0.0,,1088.0
5306,201408,1,1262.0,7,0.0,1.0,10.0,390.0,600.0,413.84,0.0,57,0.0,546.42,1100.0
5307,201408,0,465.0,12,0.0,0.0,0.0,,1000.0,,,68,0.0,,1000.0
5308,201407,0,750.0,12,0.0,0.0,3.0,,600.0,95.96,0.0,37,0.0,168.2,600.0
5309,201404,1,286.0,12,0.0,0.0,0.0,,3000.0,,,58,0.0,,9892.58
5310,201408,0,969.0,3,0.0,0.0,8.0,,600.0,965.61,37.51,45,0.0,578.85,600.0
5311,201408,1,239.0,12,0.0,0.0,0.0,,1134.24,,,36,0.0,,
5312,201408,0,898.0,12,0.0,0.0,8.0,,1300.0,600.53,179.27,52,0.0,441.98,1300.0
5313,201409,0,2185.0,12,10.0,0.0,1.0,,1000.0,,,47,15.0,,
5314,201404,1,192.0,12,0.0,0.0,0.0,,800.0,,,21,0.0,,800.0
5315,201408,0,290.0,12,0.0,0.0,0.0,,1500.0,,,55,0.0,,1500.0
5316,201408,0,2702.0,12,18.0,6.0,0.0,91.0,1400.0,,,68,6.0,,3400.0
5317,201401,0,1930.0,12,15.0,4.0,1.0,,1426.68,29.99,0.0,23,1.0,43.63,3558.27
5318,201409,1,676.0,12,0.0,0.0,0.0,,1200.0,,,54,0.0,303.44,2000.0
5319,201410,0,514.0,12,0.0,0.0,0.0,,2000.0,,,71,0.0,,
5320,201409,1,320.0,12,0.0,0.0,0.0,,850.0,,,56,0.0,,500.0
5321,201403,1,650.0,12,0.0,0.0,0.0,,1400.0,,,35,0.0,82.82,1400.0
5322,201401,0,695.0,12,0.0,0.0,1.0,,1500.0,430.92,131.02,24,0.0,360.61,3000.0
5323,201407,0,780.0,10,0.0,0.0,1.0,,1200.0,395.46,0.0,48,0.0,777.32,3900.0
5324,201402,0,2804.0,12,34.0,7.0,12.0,379.0,1000.0,235.91,0.0,51,8.0,288.13,3000.0
5325,201412,0,4150.0,12,34.0,11.0,12.0,771.0,1000.0,524.8,99.96,50,6.0,304.2,300.0
5326,201410,1,2931.0,12,15.0,6.0,11.0,1084.0,1340.0,565.9,0.0,57,3.0,267.31,
5327,201402,1,271.0,12,0.0,0.0,0.0,,680.0,,,63,0.0,,1360.0
5328,201410,0,379.0,12,0.0,0.0,0.0,,1000.0,,,26,0.0,,
5329,201407,1,727.0,7,0.0,0.0,0.0,,600.0,653.83,0.0,48,0.0,933.58,600.0
5330,201408,0,241.0,12,0.0,0.0,0.0,,1245.42,,,72,0.0,,1245.42
5331,201410,1,506.0,12,0.0,0.0,0.0,,1067.69,,,61,0.0,,400.0
5332,201402,0,2903.0,12,45.0,11.0,12.0,1901.0,2900.69,363.93,0.0,61,6.0,,8341.38
5333,201403,0,1209.0,6,0.0,3.0,12.0,388.0,150.0,693.01,189.2,55,0.0,308.46,1150.0
5334,201401,1,839.0,12,0.0,0.0,3.0,,1700.0,418.78,0.0,38,0.0,214.79,3400.0
5335,201403,0,328.0,12,0.0,0.0,0.0,,1000.0,,,50,0.0,,1000.0
5336,201412,0,712.0,12,0.0,0.0,0.0,,690.0,,,30,0.0,107.0,
5337,201410,1,2233.0,12,22.0,11.0,12.0,674.0,980.2,225.92,69.97,44,4.0,326.21,
5338,201412,0,569.0,5,0.0,0.0,0.0,,500.0,,,45,0.0,,
5339,201406,0,462.0,6,0.0,0.0,0.0,,480.0,,,40,0.0,,480.0
5340,201403,0,2568.0,12,15.0,6.0,6.0,767.0,2045.0,,,50,3.0,,3045.0
5341,201402,0,223.0,12,0.0,0.0,0.0,,800.0,,,61,0.0,,1600.0
5342,201408,0,964.0,12,0.0,0.0,7.0,,800.0,443.39,105.47,50,0.0,362.52,8627.0
5343,201412,0,352.0,12,0.0,0.0,0.0,,1358.13,,,52,0.0,,
5344,201408,1,978.0,12,0.0,0.0,9.0,,3000.0,790.19,151.37,46,0.0,291.35,10000.0
5345,201402,1,761.0,10,0.0,0.0,1.0,,400.0,107.98,0.0,57,0.0,249.47,800.0
5346,201407,0,,6,0.0,0.0,0.0,,1000.0,,,60,0.0,,1500.0
5347,201406,0,1496.0,3,0.0,12.0,4.0,474.0,320.0,121.92,0.0,44,1.0,79.17,320.0
5348,201404,0,771.0,12,0.0,0.0,1.0,,1000.0,235.71,0.0,22,0.0,478.11,1000.0
5349,201409,0,3421.0,12,11.0,6.0,12.0,252.0,3000.0,326.91,0.0,45,4.0,179.24,4676.6
5350,201412,1,1307.0,12,0.0,4.0,6.0,53.0,1000.0,240.93,46.02,51,0.0,170.99,3600.0
5351,201406,0,331.0,12,0.0,0.0,0.0,,800.0,,,67,0.0,,800.0
5352,201411,0,665.0,10,0.0,0.0,0.0,,1496.2,196.08,70.3,39,0.0,107.3,379.95
5353,201411,0,413.0,8,0.0,0.0,0.0,,1000.0,,,53,0.0,,
5354,201407,0,500.0,5,0.0,0.0,0.0,,600.0,,,33,0.0,,600.0
5355,201407,1,142.0,12,0.0,0.0,0.0,,750.0,,,25,0.0,,750.0
5356,201406,1,1466.0,12,1.0,1.0,10.0,79.0,1000.0,,,50,0.0,,1000.0
5357,201402,0,416.0,12,0.0,0.0,0.0,,1000.0,,,52,0.0,,2000.0
5358,201409,0,1113.0,12,0.0,0.0,12.0,290.0,1500.0,59.97,0.0,67,0.0,168.13,7520.0
5359,201402,0,2022.0,6,11.0,8.0,10.0,192.0,740.0,157.93,0.0,23,6.0,247.41,1480.0
5360,201409,1,270.0,6,0.0,0.0,0.0,,1000.0,,,23,0.0,,200.0
5361,201406,0,2408.0,12,19.0,9.0,0.0,,900.0,,,49,9.0,,2100.0
5362,201405,1,311.0,12,0.0,0.0,0.0,,922.17,,,39,0.0,,1288.24
5363,201409,0,3409.0,12,43.0,0.0,0.0,,600.0,,,66,8.0,,1600.0
5364,201407,1,1075.0,12,0.0,0.0,12.0,,3000.0,790.82,203.54,74,0.0,288.14,11000.0
5365,201404,0,338.0,6,0.0,0.0,0.0,,431.55,,,48,0.0,,431.55
5366,201405,0,2235.0,12,14.0,7.0,2.0,382.0,1858.0,,,67,6.0,110.39,1858.0
5367,201410,1,4259.0,12,12.0,1.0,12.0,385.0,1590.78,104.8,38.12,38,4.0,,
5368,201412,0,1514.0,12,1.0,7.0,0.0,90.0,1500.0,,,50,1.0,,4000.0
5369,201410,0,590.0,6,0.0,0.0,0.0,,1000.0,,,45,0.0,578.04,370.0
5370,201405,0,495.0,12,0.0,0.0,0.0,,800.0,,,41,0.0,,950.0
5371,201407,0,2436.0,12,16.0,7.0,1.0,638.0,3000.0,,,64,10.0,0.0,9700.0
5372,201411,0,4312.0,12,63.0,9.0,0.0,308.0,3000.0,,,55,10.0,,1000.0
5373,201411,0,588.0,4,0.0,0.0,0.0,,500.0,,,28,0.0,0.0,
5374,201403,0,3630.0,12,54.0,5.0,6.0,546.0,260.0,229.92,0.0,33,17.0,,260.0
5375,201405,0,4968.0,12,29.0,0.0,3.0,21.0,500.0,69.98,0.0,65,8.0,148.87,4950.0
5376,201409,0,417.0,12,0.0,0.0,0.0,,800.0,,,50,0.0,,
5377,201410,0,411.0,5,0.0,0.0,0.0,,574.0,,,61,0.0,,
5378,201407,1,1745.0,12,8.0,12.0,9.0,467.0,2200.0,486.23,145.96,36,2.0,415.65,2200.0
5379,201409,0,186.0,5,0.0,0.0,0.0,,500.0,,,53,0.0,,350.0
5380,201404,0,916.0,12,0.0,0.0,6.0,,1000.0,544.06,178.18,41,0.0,426.44,1000.0
5381,201406,0,762.0,12,0.0,0.0,1.0,,3000.0,698.87,0.0,65,0.0,1776.61,9000.0
5382,201407,0,1736.0,12,8.0,4.0,0.0,106.0,978.14,,,45,1.0,,2100.22
5383,201411,0,751.0,12,0.0,0.0,1.0,,700.0,179.93,0.0,66,0.0,217.66,1000.0
5384,201411,1,341.0,6,0.0,0.0,0.0,,300.0,,,71,0.0,,
5385,201408,0,788.0,12,0.0,0.0,2.0,,1500.0,289.86,0.0,52,0.0,366.86,1500.0
5386,201403,0,982.0,12,0.0,0.0,8.0,,2282.0,809.8,221.21,63,0.0,446.0,2282.0
5387,201402,0,284.0,12,0.0,0.0,0.0,,2000.0,,,54,0.0,,6000.0
5388,201406,0,2309.0,4,19.0,9.0,7.0,523.0,400.0,541.85,0.0,46,6.0,,1750.0
5389,201401,1,1786.0,12,10.0,12.0,12.0,1669.0,2505.68,,,39,1.0,339.2,5011.36
5390,201412,0,738.0,7,0.0,0.0,0.0,,800.0,165.96,0.0,40,0.0,186.14,2700.0
5391,201402,0,254.0,12,0.0,0.0,0.0,,630.0,,,55,0.0,,1260.0
5392,201408,1,356.0,12,0.0,0.0,0.0,,920.97,,,36,0.0,,920.97
5393,201411,0,4413.0,6,11.0,0.0,8.0,,1300.0,388.38,0.0,51,17.0,227.96,1600.0
5394,201411,0,1705.0,12,6.0,0.0,0.0,302.0,613.01,,,61,1.0,,1000.0
5395,201407,1,637.0,12,0.0,0.0,0.0,,1000.0,,,67,0.0,103.86,1000.0
5396,201408,1,834.0,10,0.0,0.0,3.0,,500.0,224.97,0.0,43,0.0,395.13,500.0
5397,201411,0,2359.0,8,26.0,7.0,11.0,228.0,1300.0,296.26,90.31,67,4.0,158.68,5900.0
5398,201401,1,1046.0,12,0.0,0.0,10.0,,1000.0,319.74,44.88,43,0.0,176.62,1757.79
5399,201408,0,3019.0,12,16.0,6.0,6.0,102.0,1000.0,136.29,44.32,51,12.0,67.23,4600.0
5400,201401,0,763.0,12,0.0,0.0,1.0,,1000.0,66.57,0.0,42,0.0,215.1,2000.0
5401,201411,1,491.0,3,0.0,0.0,0.0,,500.0,,,47,0.0,,316.96
5402,201402,0,2733.0,8,35.0,10.0,12.0,474.0,1500.0,243.16,47.24,48,3.0,259.55,5395.04
5403,201409,0,344.0,12,0.0,0.0,0.0,,1093.94,,,37,0.0,,
5404,201404,0,768.0,12,0.0,0.0,4.0,,887.11,336.91,106.98,30,0.0,243.76,887.11
5405,201406,1,1427.0,12,0.0,10.0,12.0,488.0,350.0,563.77,0.0,34,0.0,387.37,350.0
5406,201410,0,943.0,12,0.0,0.0,7.0,,1000.0,393.23,122.68,35,0.0,139.8,1200.0
5407,201411,1,1375.0,12,0.0,4.0,7.0,270.0,2000.0,,,41,0.0,,2900.0
5408,201404,0,917.0,12,0.0,0.0,6.0,,1200.0,491.67,111.75,77,0.0,428.1,2480.0
5409,201404,1,1007.0,12,0.0,0.0,9.0,254.0,300.0,140.26,0.0,54,0.0,202.83,300.0
5410,201402,0,427.0,10,0.0,0.0,0.0,,300.0,,,49,0.0,,600.0
5411,201411,1,740.0,12,0.0,0.0,0.0,,1200.0,91.78,0.0,60,0.0,209.91,
5412,201405,0,2347.0,12,18.0,5.0,12.0,1713.0,1300.0,934.79,81.03,37,11.0,276.51,1644.96
5413,201404,1,1029.0,12,0.0,0.0,10.0,,742.92,941.6,91.8,26,0.0,221.24,742.92
5414,201403,1,2782.0,12,22.0,4.0,1.0,110.0,800.0,23.99,0.0,51,8.0,77.58,800.0
5415,201402,0,1009.0,6,0.0,0.0,8.0,,500.0,600.23,52.45,34,0.0,237.27,1066.96
5416,201402,0,2277.0,12,13.0,2.0,9.0,215.0,942.93,378.3,0.0,26,7.0,231.73,1885.86
5417,201407,0,2698.0,12,13.0,0.0,0.0,,1926.02,,,49,4.0,,3126.02
5418,201405,0,4848.0,12,58.0,8.0,6.0,1191.0,2500.0,115.97,0.0,64,13.0,226.7,2500.0
5419,201412,1,3119.0,12,2.0,0.0,0.0,,1964.06,,,35,1.0,65.77,
5420,201402,0,672.0,12,0.0,0.0,2.0,,1000.0,414.88,141.0,33,0.0,179.2,3600.0
5421,201411,0,3129.0,10,39.0,10.0,12.0,779.0,2903.03,1617.74,402.61,34,13.0,684.1,10429.49
5422,201408,1,3507.0,12,44.0,12.0,12.0,1056.0,3000.0,538.95,104.12,45,19.0,128.82,8000.0
5423,201408,1,3319.0,12,33.0,7.0,5.0,228.0,1200.0,,,48,7.0,0.0,4213.56
5424,201401,0,1614.0,12,4.0,4.0,8.0,535.0,2900.0,651.63,205.8,51,1.0,551.22,9438.7
5425,201412,0,3493.0,8,49.0,6.0,7.0,159.0,1000.0,125.97,0.0,62,11.0,224.45,4223.7
5426,201403,0,350.0,7,0.0,0.0,0.0,,600.0,,,34,0.0,,600.0
5427,201407,0,3631.0,12,65.0,10.0,10.0,644.0,1500.0,547.41,151.57,46,6.0,289.9,3300.0
5428,201404,0,3405.0,3,5.0,0.0,3.0,,300.0,151.4,0.0,33,2.0,275.03,1086.26
5429,201412,0,3314.0,6,57.0,9.0,12.0,66.0,200.0,79.95,0.0,59,2.0,119.97,1220.27
5430,201401,1,259.0,12,0.0,0.0,0.0,,300.0,,,38,0.0,,600.0
5431,201404,1,190.0,12,0.0,0.0,0.0,,961.15,,,34,0.0,,961.15
5432,201402,1,400.0,12,0.0,0.0,0.0,,1072.08,,,35,0.0,,2144.16
5433,201411,0,2809.0,7,35.0,8.0,5.0,481.0,900.0,249.93,0.0,41,9.0,,2541.92
5434,201411,0,1810.0,7,8.0,11.0,10.0,389.0,500.0,459.99,134.14,35,4.0,251.98,
5435,201409,0,2823.0,6,24.0,0.0,10.0,,500.0,915.99,182.23,56,6.0,515.32,
5436,201412,0,,12,,,,,3000.0,,,52,,,2000.0
5437,201405,0,2376.0,12,10.0,12.0,11.0,226.0,3000.0,380.59,120.62,69,4.0,295.11,12500.0
5438,201407,1,135.0,12,0.0,0.0,0.0,,1217.05,,,60,0.0,,1217.05
5439,201408,0,251.0,8,0.0,0.0,0.0,,600.0,,,47,0.0,,600.0
5440,201410,0,2796.0,12,25.0,0.0,0.0,,1608.15,,,50,6.0,,5250.0
5441,201406,1,267.0,8,0.0,0.0,0.0,,700.0,,,60,0.0,,700.0
5442,201407,1,522.0,12,0.0,0.0,0.0,,2000.0,,,46,0.0,,2000.0
5443,201410,0,2297.0,12,22.0,9.0,12.0,785.0,1398.86,288.99,55.08,45,6.0,161.39,2000.0
5444,201412,0,,4,,,,,200.0,,,50,,,2900.0
5445,201406,0,830.0,12,0.0,0.0,10.0,,500.0,227.43,75.35,53,0.0,229.07,
5446,201406,1,595.0,12,0.0,0.0,0.0,,2200.0,,,30,0.0,0.0,3376.96
5447,201407,0,960.0,3,0.0,0.0,7.0,,500.0,442.98,0.0,65,0.0,125.06,500.0
5448,201412,1,1214.0,12,0.0,2.0,12.0,415.0,2756.83,219.1,0.0,27,0.0,418.17,2657.3
5449,201401,1,298.0,10,0.0,0.0,0.0,,380.0,,,47,0.0,,760.0
5450,201404,1,203.0,12,0.0,0.0,0.0,,714.6,,,53,0.0,,714.6
5451,201407,0,2440.0,12,24.0,7.0,10.0,307.0,1373.19,385.99,119.08,51,9.0,354.62,1373.19
5452,201408,0,4695.0,12,6.0,2.0,5.0,148.0,1000.0,,,72,10.0,,3000.0
5453,201403,1,1738.0,12,6.0,5.0,9.0,,1000.0,744.4,248.46,49,4.0,519.44,1000.0
5454,201409,0,572.0,3,0.0,0.0,0.0,,250.0,,,53,0.0,0.0,
5455,201412,0,4909.0,12,42.0,10.0,11.0,464.0,1500.0,268.94,0.0,58,31.0,192.77,3120.0
5456,201406,1,848.0,12,0.0,0.0,2.0,,3000.0,15.99,0.0,56,0.0,,6900.0
5457,201404,0,379.0,11,0.0,0.0,0.0,,500.0,,,42,0.0,,500.0
5458,201402,0,1169.0,12,0.0,1.0,7.0,143.0,1500.0,213.53,42.61,43,0.0,174.65,3000.0
5459,201406,0,1373.0,12,0.0,9.0,11.0,474.0,900.0,226.08,76.12,41,0.0,136.4,900.0
5460,201407,0,2224.0,10,24.0,12.0,12.0,474.0,3000.0,981.17,49.02,62,1.0,675.0,12444.54
5461,201404,1,3098.0,12,4.0,0.0,0.0,,1000.0,,,41,4.0,,1000.0
5462,201401,0,477.0,12,0.0,0.0,0.0,,2058.87,,,46,0.0,,4117.74
5463,201401,1,308.0,12,0.0,0.0,0.0,,1017.0,,,23,0.0,,2034.0
5464,201408,0,1795.0,8,7.0,3.0,8.0,,701.0,469.91,0.0,23,2.0,458.02,701.0
5465,201402,1,174.0,12,0.0,0.0,0.0,,2096.95,,,58,0.0,,4193.9
5466,201412,0,472.0,12,0.0,0.0,0.0,,1745.19,,,53,0.0,,300.0
5467,201410,0,466.0,12,0.0,0.0,0.0,,2000.0,,,46,0.0,,420.0
5468,201409,0,1748.0,4,8.0,8.0,4.0,511.0,300.0,210.56,70.59,48,1.0,138.5,1554.88
5469,201404,0,3893.0,12,41.0,3.0,4.0,59.0,1000.0,35.99,0.0,46,20.0,70.89,1000.0
5470,201405,0,1169.0,5,0.0,2.0,12.0,436.0,1000.0,1088.49,179.68,44,0.0,532.78,8000.0
5471,201409,0,559.0,6,0.0,0.0,0.0,,400.0,,,60,0.0,17.98,1400.0
5472,201406,0,4267.0,12,65.0,7.0,10.0,657.0,1500.0,,,47,17.0,60.0,1500.0
5473,201410,0,1687.0,12,5.0,7.0,12.0,338.0,1000.0,528.81,68.45,55,1.0,390.0,3600.0
5474,201404,1,1376.0,12,0.0,4.0,6.0,170.0,1500.0,349.3,121.35,44,0.0,155.55,2500.0
5475,201411,0,2199.0,6,7.0,1.0,5.0,78.0,600.0,216.44,66.47,63,12.0,172.19,7300.0
5476,201411,0,572.0,10,0.0,0.0,0.0,,1000.0,,,55,0.0,0.0,
5477,201406,0,3316.0,12,4.0,2.0,7.0,448.0,1000.0,1250.57,0.0,41,6.0,250.94,1500.0
5478,201405,0,2569.0,12,15.0,4.0,9.0,140.0,1283.03,357.12,26.21,58,10.0,182.25,3783.03
5479,201407,0,2161.0,12,10.0,6.0,9.0,179.0,1185.21,369.18,124.47,44,5.0,548.25,4285.21
5480,201404,0,855.0,12,0.0,0.0,4.0,,500.0,172.75,0.0,43,0.0,252.14,500.0
5481,201404,0,947.0,12,0.0,0.0,7.0,,1500.0,741.33,71.53,48,0.0,569.81,3500.0
5482,201412,0,245.0,12,0.0,0.0,0.0,,3000.0,,,58,0.0,,
5483,201409,1,49.0,12,0.0,0.0,0.0,,1000.0,,,54,0.0,,500.0
5484,201401,0,2654.0,12,17.0,7.0,12.0,354.0,1000.0,230.02,24.07,58,16.0,171.22,3000.0
5485,201404,0,1616.0,12,4.0,4.0,0.0,101.0,1500.0,,,22,1.0,,2500.0
5486,201403,1,338.0,12,0.0,0.0,0.0,,1000.0,,,71,0.0,,1000.0
5487,201411,1,907.0,12,0.0,0.0,6.0,,2500.0,1541.35,127.26,52,0.0,899.49,3000.0
5488,201406,1,542.0,12,0.0,0.0,0.0,,1000.0,,,33,0.0,0.0,1000.0
5489,201405,0,3301.0,10,26.0,6.0,12.0,1066.0,1000.0,779.67,0.0,34,4.0,132.1,1000.0
5490,201402,1,228.0,12,0.0,0.0,0.0,,500.0,,,52,0.0,,1000.0
5491,201405,0,459.0,12,0.0,0.0,0.0,,1255.0,,,35,0.0,,3255.0
5492,201407,1,562.0,12,0.0,0.0,0.0,,1000.0,,,46,0.0,,1000.0
5493,201401,1,1222.0,12,0.0,4.0,12.0,475.0,1500.0,894.93,65.2,39,0.0,410.2,3000.0
5494,201402,0,1199.0,12,0.0,3.0,11.0,355.0,800.0,893.94,84.39,34,0.0,274.45,2355.44
5495,201408,1,820.0,12,0.0,0.0,3.0,,1000.0,345.43,0.0,35,0.0,636.33,1000.0
5496,201403,0,1308.0,12,0.0,5.0,12.0,139.0,1000.0,724.62,54.75,42,0.0,479.54,1000.0
5497,201404,0,889.0,12,0.0,0.0,3.0,,1000.0,83.95,0.0,49,0.0,,2000.0
5498,201401,0,2578.0,12,29.0,7.0,12.0,309.0,600.0,,,42,5.0,137.06,1200.0
5499,201406,0,4861.0,12,48.0,0.0,0.0,,3000.0,,,55,26.0,,3000.0
5500,201409,0,2671.0,12,23.0,5.0,12.0,203.0,1865.45,589.5,16.34,42,17.0,795.28,
5501,201401,1,273.0,12,0.0,0.0,0.0,,700.0,,,23,0.0,,1400.0
5502,201401,0,1699.0,12,7.0,11.0,6.0,861.0,1200.0,296.93,0.0,34,1.0,93.12,3000.0
5503,201409,1,457.0,12,0.0,0.0,0.0,,1000.0,,,39,0.0,,
5504,201412,0,276.0,12,0.0,0.0,0.0,,1000.0,,,52,0.0,,
5505,201408,1,533.0,9,0.0,0.0,0.0,,350.0,,,46,0.0,,350.0
5506,201403,0,306.0,12,0.0,0.0,0.0,,500.0,,,59,0.0,,500.0
5507,201411,0,1987.0,10,7.0,0.0,0.0,,1000.0,,,62,2.0,,2800.0
5508,201407,1,1845.0,12,10.0,9.0,0.0,105.0,1000.0,,,36,3.0,,1000.0
5509,201401,0,1275.0,12,0.0,5.0,12.0,736.0,500.0,1017.18,104.43,36,0.0,788.78,1000.0
5510,201406,1,2743.0,12,15.0,5.0,0.0,274.0,3000.0,,,62,8.0,,10963.78
5511,201409,0,3726.0,5,33.0,7.0,11.0,329.0,2052.3,167.94,0.0,69,19.0,193.41,2000.0
5512,201406,1,266.0,12,0.0,0.0,0.0,,500.0,,,27,0.0,,500.0
5513,201407,0,4929.0,10,50.0,10.0,12.0,1275.0,3000.0,166.91,0.0,40,42.0,293.2,18766.02
5514,201406,0,399.0,3,0.0,0.0,0.0,,300.0,,,22,0.0,,300.0
5515,201411,0,626.0,12,0.0,0.0,0.0,,1000.0,225.61,81.63,64,0.0,201.51,
5516,201407,0,593.0,6,0.0,0.0,0.0,,1013.92,,,23,0.0,87.53,1495.89
5517,201401,0,1513.0,10,1.0,9.0,8.0,511.0,1213.65,836.62,0.0,53,1.0,480.82,3640.95
5518,201403,0,3037.0,10,33.0,6.0,12.0,119.0,1000.0,1046.86,109.3,75,4.0,539.97,1600.0
5519,201402,1,228.0,12,0.0,0.0,0.0,,898.24,,,37,0.0,,1796.48
5520,201408,0,981.0,4,0.0,0.0,8.0,,300.0,269.93,0.0,34,0.0,0.0,300.0
5521,201405,0,559.0,4,0.0,0.0,0.0,,300.0,,,22,0.0,,300.0
5522,201404,1,399.0,12,0.0,0.0,0.0,,1500.0,,,51,0.0,,1989.67
5523,201403,1,245.0,6,0.0,0.0,0.0,,500.0,,,50,0.0,,500.0
5524,201409,0,775.0,12,0.0,0.0,2.0,,1510.0,788.64,266.83,67,0.0,599.12,
5525,201407,0,957.0,10,0.0,0.0,7.0,,2973.13,862.98,0.0,51,0.0,611.08,5973.13
5526,201408,0,272.0,12,0.0,0.0,0.0,,500.0,,,34,0.0,,
5527,201411,0,425.0,12,0.0,0.0,0.0,,900.0,,,42,0.0,,800.0
5528,201410,1,493.0,8,0.0,0.0,0.0,,1500.0,,,28,0.0,,1687.11
5529,201412,1,259.0,12,0.0,0.0,0.0,,2475.49,,,46,0.0,,800.0
5530,201405,0,2745.0,12,40.0,12.0,12.0,635.0,1000.0,1278.68,233.08,47,2.0,578.56,1689.35
5531,201405,0,1264.0,12,0.0,5.0,2.0,676.0,2073.55,192.88,0.0,43,0.0,,4088.55
5532,201404,0,1841.0,12,12.0,7.0,12.0,156.0,2000.0,520.59,65.37,53,1.0,148.19,3000.0
5533,201405,0,249.0,12,0.0,0.0,0.0,,1082.41,,,44,0.0,,2082.41
5534,201412,0,1305.0,12,0.0,6.0,11.0,473.0,1500.0,663.71,210.67,43,0.0,314.09,5000.0
5535,201405,0,4914.0,12,97.0,6.0,12.0,677.0,3000.0,1551.7,390.14,47,17.0,1453.9,13301.38
5536,201406,0,897.0,10,0.0,0.0,6.0,,425.0,578.2,116.96,47,0.0,244.97,425.0
5537,201409,0,790.0,4,0.0,0.0,3.0,,300.0,345.75,0.0,43,0.0,470.79,
5538,201403,0,4808.0,12,85.0,12.0,12.0,1459.0,1700.0,1563.38,229.87,41,4.0,1311.46,2700.0
5539,201405,1,381.0,12,0.0,0.0,0.0,,1000.0,,,54,0.0,,1000.0
5540,201407,0,582.0,12,0.0,0.0,0.0,,2000.0,,,32,0.0,30.08,6759.7
5541,201409,0,313.0,12,0.0,0.0,0.0,,1000.0,,,44,0.0,,
5542,201401,0,941.0,3,0.0,0.0,7.0,,490.0,818.86,68.97,46,0.0,27.67,980.0
5543,201403,0,4433.0,12,51.0,5.0,12.0,303.0,500.0,1674.56,200.04,42,10.0,844.87,1100.0
5544,201406,1,818.0,12,0.0,0.0,3.0,,2397.97,149.98,0.0,38,0.0,187.53,2397.97
5545,201404,0,527.0,12,0.0,0.0,0.0,,1000.0,,,47,0.0,,1500.0
5546,201401,0,598.0,4,0.0,0.0,0.0,,500.0,,,27,0.0,32.7,1000.0
5547,201412,0,706.0,12,0.0,0.0,0.0,,1000.0,,,57,0.0,109.15,
5548,201402,1,623.0,12,0.0,0.0,0.0,,1355.39,,,36,0.0,93.71,2710.78
5549,201405,0,682.0,5,0.0,0.0,0.0,,370.0,,,47,0.0,95.98,370.0
5550,201410,0,3204.0,3,34.0,10.0,11.0,857.0,300.0,467.01,7.22,58,17.0,382.52,
5551,201405,0,4356.0,8,52.0,11.0,12.0,812.0,1101.13,600.3,87.67,47,15.0,345.0,2666.33
5552,201407,0,4261.0,12,13.0,4.0,12.0,552.0,2000.0,855.73,0.0,40,26.0,1247.94,3000.0
5553,201405,1,1035.0,10,0.0,0.0,10.0,,1500.0,528.76,0.0,45,0.0,253.64,4720.0
5554,201405,0,632.0,6,0.0,0.0,0.0,,400.0,,,46,0.0,240.14,400.0
5555,201401,1,802.0,12,0.0,0.0,3.0,,1500.0,588.54,171.06,73,0.0,522.96,3000.0
5556,201407,0,3347.0,12,5.0,0.0,1.0,,1000.0,215.96,0.0,36,6.0,225.71,1000.0
5557,201408,1,609.0,12,0.0,0.0,0.0,,1556.2,,,50,0.0,57.29,1556.2
5558,201410,0,1276.0,12,0.0,1.0,12.0,140.0,1500.0,306.9,0.0,72,0.0,198.15,3940.9
5559,201406,0,2104.0,12,19.0,12.0,12.0,776.0,1500.0,1103.83,93.03,67,2.0,776.0,2500.0
5560,201401,1,70.0,4,0.0,0.0,0.0,,277.37,,,21,0.0,,554.74
5561,201412,1,357.0,12,0.0,0.0,0.0,,1162.81,,,45,0.0,,500.0
5562,201409,0,236.0,12,0.0,0.0,0.0,,500.0,,,59,0.0,,
5563,201411,0,388.0,12,0.0,0.0,0.0,,600.0,,,49,0.0,,
5564,201406,0,395.0,12,0.0,0.0,0.0,,1500.0,,,62,0.0,,1500.0
5565,201404,0,4295.0,12,18.0,12.0,12.0,1068.0,1500.0,611.32,0.0,53,14.0,264.35,1500.0
5566,201406,0,993.0,12,0.0,0.0,9.0,,1000.0,2337.63,174.14,62,0.0,1454.18,1000.0
5567,201401,0,2026.0,12,10.0,1.0,4.0,,800.0,606.9,199.0,49,3.0,358.42,2600.0
5568,201403,0,1764.0,10,9.0,12.0,11.0,237.0,300.0,330.89,108.98,57,2.0,153.14,300.0
5569,201402,0,264.0,12,0.0,0.0,0.0,,696.08,,,47,0.0,,696.08
5570,201402,0,441.0,12,0.0,0.0,0.0,,1000.0,,,62,0.0,,4448.7
5571,201409,0,1639.0,6,6.0,7.0,12.0,428.0,500.0,431.88,0.0,40,1.0,131.51,
5572,201404,0,239.0,4,0.0,0.0,0.0,,1500.0,,,35,0.0,,2672.2
5573,201411,0,1772.0,12,8.0,8.0,12.0,180.0,500.0,100.18,20.21,65,2.0,76.88,2400.0
5574,201405,1,791.0,12,0.0,0.0,2.0,,1000.0,245.75,0.0,65,0.0,249.17,4800.0
5575,201404,0,622.0,12,0.0,0.0,0.0,,800.0,,,41,0.0,66.82,800.0
5576,201407,1,845.0,12,0.0,0.0,4.0,,1023.16,215.95,0.0,44,0.0,223.78,1323.16
5577,201408,1,4596.0,12,8.0,3.0,12.0,108.0,2566.96,714.05,70.37,51,31.0,316.8,5332.34
5578,201410,0,351.0,4,0.0,0.0,0.0,,400.0,,,47,0.0,,
5579,201412,0,4720.0,6,90.0,10.0,11.0,563.0,1000.0,1826.32,224.28,60,10.0,293.1,1000.0
5580,201411,1,877.0,12,0.0,0.0,4.0,,800.0,646.7,94.77,50,0.0,388.09,400.0
5581,201412,1,1235.0,12,0.0,3.0,12.0,668.0,1311.0,329.85,0.0,46,0.0,256.99,1200.0
5582,201406,0,863.0,12,0.0,0.0,7.0,,1000.0,148.49,35.93,50,0.0,165.64,3800.0
5583,201405,0,390.0,4,0.0,0.0,0.0,,400.0,,,47,0.0,,400.0
5584,201403,0,4537.0,6,42.0,0.0,0.0,,500.0,,,54,12.0,,1750.0
5585,201403,0,150.0,12,0.0,0.0,0.0,,328.0,,,60,0.0,,328.0
5586,201403,1,462.0,12,0.0,0.0,0.0,,1000.0,,,41,0.0,,1000.0
5587,201409,0,221.0,3,0.0,0.0,0.0,,250.0,,,57,0.0,,
5588,201403,0,2638.0,10,9.0,4.0,7.0,,250.0,340.49,0.0,54,4.0,153.32,250.0
5589,201410,0,1126.0,12,0.0,0.0,11.0,103.0,1216.0,287.96,42.7,57,0.0,86.87,
5590,201406,0,321.0,12,0.0,0.0,0.0,,2050.0,,,47,0.0,,2050.0
5591,201408,0,2028.0,6,16.0,7.0,3.0,149.0,500.0,335.91,0.0,46,3.0,316.8,500.0
5592,201408,0,423.0,5,0.0,0.0,0.0,,1000.0,,,35,0.0,,1000.0
5593,201405,0,355.0,12,0.0,0.0,0.0,,500.0,,,57,0.0,,500.0
5594,201404,0,461.0,6,0.0,0.0,0.0,,600.0,,,25,0.0,,1534.04
5595,201408,1,573.0,12,0.0,0.0,0.0,,1615.59,,,48,0.0,0.0,1615.59
5596,201406,0,2245.0,10,19.0,11.0,11.0,895.0,600.0,494.0,20.75,43,7.0,797.19,1750.0
5597,201408,0,237.0,12,0.0,0.0,0.0,,700.0,,,44,0.0,,700.0
5598,201405,0,1497.0,12,0.0,8.0,12.0,354.0,2000.0,1091.18,7.15,44,1.0,428.64,2149.94
5599,201405,0,285.0,12,0.0,0.0,0.0,,1320.61,,,59,0.0,,1320.61
5600,201409,0,481.0,6,0.0,0.0,0.0,,400.0,,,41,0.0,,
5601,201405,1,717.0,12,0.0,0.0,0.0,,1625.51,,,22,0.0,88.59,2225.51
5602,201404,0,128.0,12,0.0,0.0,0.0,,800.0,,,58,0.0,,800.0
5603,201409,0,3223.0,12,32.0,9.0,0.0,205.0,1300.0,245.36,91.41,34,13.0,275.23,2758.0
5604,201407,0,461.0,12,0.0,0.0,0.0,,1200.0,,,66,0.0,,1200.0
5605,201408,1,506.0,12,0.0,0.0,0.0,,2219.81,,,27,0.0,,2219.81
5606,201401,0,750.0,12,0.0,0.0,2.0,,1312.65,253.82,48.58,22,0.0,568.5,2625.3
5607,201412,1,1851.0,12,12.0,11.0,9.0,1368.0,1700.0,578.74,0.0,71,1.0,748.72,13232.0
5608,201403,0,4786.0,12,9.0,0.0,7.0,,1600.0,423.85,0.0,50,35.0,161.92,2060.0
5609,201401,0,738.0,12,0.0,0.0,1.0,,700.0,137.27,41.3,74,0.0,130.36,1900.0
5610,201407,0,2462.0,7,31.0,12.0,12.0,421.0,1000.0,138.93,0.0,26,1.0,163.08,4920.0
5611,201406,0,446.0,12,0.0,0.0,0.0,,500.0,,,52,0.0,,500.0
5612,201404,1,2074.0,12,5.0,1.0,11.0,82.0,3000.0,124.88,37.92,46,5.0,106.01,3000.0
5613,201403,1,350.0,12,0.0,0.0,0.0,,807.0,,,59,0.0,,807.0
5614,201407,1,529.0,5,0.0,0.0,0.0,,451.0,,,33,0.0,,451.0
5615,201406,1,3095.0,12,12.0,11.0,4.0,405.0,3000.0,305.93,0.0,46,5.0,383.78,3210.0
5616,201405,0,286.0,8,0.0,0.0,0.0,,1000.0,,,45,0.0,,1000.0
5617,201402,1,202.0,12,0.0,0.0,0.0,,1000.0,,,43,0.0,,2000.0
5618,201407,0,521.0,12,0.0,0.0,0.0,,1500.0,,,58,0.0,0.0,2318.09
5619,201410,0,2498.0,12,7.0,0.0,10.0,,700.0,599.16,193.34,63,5.0,87.97,200.0
5620,201406,0,1598.0,12,4.0,8.0,11.0,178.0,1000.0,423.1,77.32,46,1.0,215.71,1000.0
5621,201406,0,3191.0,8,25.0,0.0,0.0,,1000.0,,,47,15.0,,1000.0
5622,201404,1,1628.0,12,5.0,10.0,12.0,828.0,3000.0,494.83,0.0,45,1.0,341.71,6200.0
5623,201406,0,352.0,12,0.0,0.0,0.0,,800.0,,,57,0.0,,1600.0
5624,201404,0,464.0,12,0.0,0.0,0.0,,1000.0,,,48,0.0,,1000.0
5625,201404,0,2355.0,4,12.0,0.0,5.0,,200.0,238.52,0.0,40,3.0,401.35,200.0
5626,201405,1,477.0,12,0.0,0.0,0.0,,690.0,,,67,0.0,,690.0
5627,201410,0,2543.0,12,1.0,0.0,0.0,,1200.0,,,46,3.0,,1500.0
5628,201410,1,1292.0,12,0.0,7.0,9.0,390.0,1000.0,123.62,39.66,34,0.0,181.09,
5629,201412,0,385.0,12,0.0,0.0,0.0,,1500.0,,,51,0.0,,
5630,201405,0,2564.0,12,23.0,0.0,4.0,,1500.0,95.98,0.0,70,6.0,,6540.0
5631,201408,0,3537.0,12,56.0,12.0,12.0,399.0,800.0,410.18,44.37,62,9.0,260.61,1500.0
5632,201410,0,509.0,5,0.0,0.0,0.0,,793.32,,,35,0.0,,
5633,201403,0,1425.0,12,0.0,9.0,12.0,827.0,800.0,1081.3,217.6,35,0.0,166.4,800.0
5634,201408,0,173.0,10,0.0,0.0,0.0,,600.0,,,54,0.0,,600.0
5635,201408,1,4750.0,12,28.0,6.0,8.0,445.0,1000.0,143.95,0.0,50,25.0,130.0,1000.0
5636,201411,0,1624.0,12,4.0,5.0,0.0,,1000.0,,,44,1.0,,3000.0
5637,201408,1,829.0,12,0.0,0.0,6.0,,1000.0,586.84,200.22,58,0.0,540.2,7000.0
5638,201406,0,2059.0,12,11.0,0.0,0.0,,1032.06,,,49,1.0,,1032.06
5639,201409,1,5015.0,12,21.0,0.0,4.0,,1000.0,299.91,0.0,45,29.0,61.93,
5640,201405,0,500.0,12,0.0,0.0,0.0,,500.0,,,45,0.0,,500.0
5641,201409,0,1257.0,12,0.0,4.0,10.0,139.0,1432.06,373.99,0.0,24,0.0,0.0,994.96
5642,201409,0,192.0,12,0.0,0.0,0.0,,1742.22,,,46,0.0,,
5643,201409,1,1383.0,12,0.0,6.0,7.0,255.0,1262.19,133.93,0.0,58,0.0,,2850.0
5644,201407,0,638.0,6,0.0,0.0,0.0,,500.0,,,66,0.0,229.37,900.0
5645,201401,1,3976.0,12,26.0,0.0,0.0,,1500.0,,,41,6.0,,3300.0
5646,201412,0,,12,,,,,1500.0,,,45,,,1189.33
5647,201402,0,1875.0,12,12.0,11.0,12.0,446.0,1000.0,580.27,58.38,65,2.0,223.6,6000.0
5648,201404,0,2696.0,12,32.0,7.0,12.0,360.0,2000.0,524.09,0.0,54,9.0,525.0,2000.0
5649,201401,0,2161.0,9,16.0,10.0,3.0,443.0,2087.32,,,45,7.0,,8574.64
5650,201404,1,548.0,10,0.0,0.0,0.0,,1999.62,,,32,0.0,,1999.62
5651,201411,0,3583.0,12,52.0,1.0,11.0,165.0,1300.0,319.85,0.0,42,6.0,338.26,600.0
5652,201401,1,556.0,10,0.0,0.0,0.0,,1500.0,,,59,0.0,,3033.77
5653,201407,0,503.0,12,0.0,0.0,0.0,,900.0,,,56,0.0,,900.0
5654,201409,0,3731.0,7,54.0,5.0,0.0,311.0,600.0,,,42,13.0,,350.0
5655,201403,0,2627.0,12,27.0,10.0,12.0,542.0,1500.0,861.64,0.0,46,10.0,357.43,2500.0
5656,201405,0,315.0,12,0.0,0.0,0.0,,1500.0,,,54,0.0,,1500.0
5657,201402,0,826.0,6,0.0,0.0,3.0,,500.0,222.1,36.76,47,0.0,80.87,500.0
5658,201407,0,650.0,12,0.0,0.0,0.0,,1200.0,,,42,0.0,95.83,3700.0
5659,201401,0,816.0,12,0.0,0.0,3.0,,1000.0,84.59,0.0,22,0.0,256.1,1160.0
5660,201408,0,953.0,7,0.0,0.0,2.0,,300.0,111.04,36.06,76,0.0,58.6,900.0
5661,201405,1,665.0,12,0.0,0.0,0.0,,3000.0,,,43,0.0,328.61,4000.0
5662,201410,1,1413.0,12,0.0,7.0,12.0,287.0,1500.0,719.94,179.57,56,0.0,414.74,5084.06
5663,201406,0,3003.0,12,18.0,5.0,10.0,117.0,1900.0,886.01,92.12,54,6.0,646.5,2900.0
5664,201408,0,4416.0,10,35.0,0.0,0.0,,2000.0,,,43,8.0,,3000.0
5665,201404,0,358.0,12,0.0,0.0,0.0,,3000.0,,,53,0.0,,4000.0
5666,201412,1,820.0,12,0.0,0.0,4.0,,600.0,323.49,79.52,22,0.0,258.03,
5667,201412,0,3287.0,12,28.0,0.0,9.0,165.0,1000.0,431.53,136.64,35,7.0,241.94,995.9
5668,201404,0,709.0,12,0.0,0.0,1.0,,800.0,182.88,62.92,61,0.0,122.12,
5669,201404,0,311.0,12,0.0,2.0,0.0,,2000.0,,,45,0.0,,4312.8
5670,201404,0,534.0,12,0.0,0.0,0.0,,1000.0,,,42,0.0,,1000.0
5671,201404,0,1980.0,12,3.0,0.0,9.0,,300.0,1031.63,204.83,44,1.0,482.38,300.0
5672,201403,0,950.0,12,0.0,0.0,7.0,,2500.0,554.79,0.0,55,0.0,298.6,3389.16
5673,201403,1,549.0,4,0.0,0.0,0.0,,450.0,,,41,0.0,,450.0
5674,201404,0,1325.0,12,0.0,7.0,12.0,296.0,1200.0,523.03,131.32,51,0.0,639.73,2499.85
5675,201411,0,1992.0,4,13.0,5.0,12.0,488.0,600.0,711.61,171.76,54,5.0,629.57,2300.0
5676,201408,1,749.0,12,0.0,0.0,1.0,,2400.0,9.99,0.0,60,0.0,473.97,5661.6
5677,201402,0,424.0,12,0.0,0.0,0.0,,934.0,,,53,0.0,,1868.0
5678,201411,0,418.0,5,0.0,0.0,0.0,,500.0,,,22,0.0,,343.54
5679,201402,0,1062.0,12,0.0,0.0,11.0,301.0,600.0,357.84,101.98,39,0.0,272.15,1200.0
5680,201407,0,501.0,12,0.0,0.0,0.0,,1500.0,,,48,0.0,,1800.0
5681,201407,0,3244.0,12,16.0,0.0,7.0,,1000.0,199.4,41.49,58,8.0,174.56,2000.0
5682,201412,1,4357.0,12,18.0,6.0,12.0,251.0,2000.0,390.33,0.0,37,17.0,178.1,
5683,201406,0,1456.0,12,0.0,5.0,5.0,588.0,2000.0,187.04,51.1,22,0.0,,6200.0
5684,201404,0,961.0,10,0.0,0.0,7.0,,400.0,524.77,0.0,44,0.0,236.79,400.0
5685,201407,1,3151.0,12,37.0,9.0,8.0,356.0,2500.0,1141.62,0.0,48,18.0,500.71,12422.12
5686,201407,0,1060.0,12,0.0,0.0,10.0,,600.0,272.51,33.03,46,0.0,62.14,600.0
5687,201407,1,1221.0,12,0.0,3.0,9.0,299.0,1000.0,103.96,0.0,44,0.0,44.84,1000.0
5688,201411,0,1887.0,12,13.0,7.0,12.0,217.0,1000.0,405.8,0.0,57,1.0,231.33,
5689,201410,0,2375.0,10,14.0,0.0,12.0,89.0,1000.0,186.38,37.03,41,2.0,73.68,3000.0
5690,201403,0,487.0,12,0.0,0.0,0.0,,900.0,,,36,0.0,,900.0
5691,201410,0,3336.0,12,15.0,2.0,5.0,59.0,1100.0,,,74,2.0,,3125.94
5692,201412,1,532.0,6,0.0,0.0,0.0,,800.0,,,45,0.0,77.45,
5693,201406,0,1560.0,12,3.0,12.0,12.0,404.0,1985.5,631.71,208.35,55,1.0,467.92,9585.5
5694,201402,1,851.0,12,0.0,0.0,4.0,,1000.0,267.94,0.0,45,0.0,254.58,5200.0
5695,201406,1,1775.0,12,4.0,0.0,1.0,,1327.89,,,39,6.0,,1327.89
5696,201401,1,420.0,12,0.0,0.0,0.0,,1000.0,,,56,0.0,,2000.0
5697,201411,1,716.0,6,0.0,0.0,0.0,,600.0,,,21,0.0,411.45,36.0
5698,201406,0,191.0,12,0.0,0.0,0.0,,3000.0,,,58,0.0,,3000.0
5699,201401,0,4743.0,12,40.0,0.0,0.0,,300.0,,,45,16.0,,720.0
5700,201412,0,2000.0,12,17.0,12.0,10.0,104.0,1200.0,878.84,199.44,50,1.0,493.63,1000.0
5701,201407,0,4912.0,12,94.0,6.0,0.0,73.0,1500.0,,,73,10.0,,1500.0
5702,201407,1,325.0,12,0.0,0.0,0.0,,1000.0,,,23,0.0,,1000.0
5703,201408,1,613.0,10,0.0,0.0,0.0,,1060.0,,,46,0.0,71.58,1710.0
5704,201408,0,796.0,10,0.0,0.0,3.0,,1889.29,314.8,0.0,36,0.0,473.64,3269.95
5705,201404,0,736.0,12,0.0,0.0,0.0,,800.0,36.0,0.0,55,0.0,44.02,1600.0
5706,201407,1,3213.0,12,55.0,12.0,11.0,601.0,3000.0,753.73,0.0,54,3.0,903.94,12500.0
5707,201401,0,3490.0,12,30.0,6.0,6.0,104.0,800.0,,,75,4.0,,5032.38
5708,201402,0,888.0,12,0.0,0.0,5.0,,500.0,183.94,0.0,45,0.0,171.22,1374.32
5709,201406,0,1543.0,12,2.0,9.0,12.0,403.0,2450.0,370.86,0.0,43,1.0,21.4,
5710,201401,0,641.0,6,0.0,0.0,0.0,,1000.0,,,43,0.0,84.88,5100.0
5711,201402,0,1385.0,12,0.0,10.0,11.0,332.0,1728.93,546.84,0.0,42,0.0,330.49,6266.57
5712,201410,0,1347.0,12,0.0,7.0,12.0,369.0,1000.0,628.37,57.01,57,0.0,323.07,3000.0
5713,201402,1,2300.0,12,23.0,12.0,12.0,1885.0,2632.87,1792.44,319.12,64,4.0,1661.2,12669.62
5714,201405,0,996.0,8,0.0,0.0,8.0,,800.0,301.95,0.0,53,0.0,469.02,800.0
5715,201406,0,1593.0,12,4.0,10.0,12.0,569.0,650.0,495.48,124.07,51,1.0,470.43,650.0
5716,201405,0,1895.0,12,9.0,9.0,11.0,462.0,1500.0,291.9,0.0,44,4.0,140.88,1500.0
5717,201412,0,479.0,10,0.0,0.0,0.0,,1380.0,,,43,0.0,,370.0
5718,201403,0,1644.0,12,5.0,12.0,5.0,409.0,2000.0,35.98,0.0,50,1.0,,9070.0
5719,201401,0,3050.0,10,3.0,0.0,0.0,,800.0,,,51,5.0,,1600.0
5720,201404,0,229.0,3,0.0,0.0,0.0,,219.0,,,43,0.0,,219.0
5721,201402,0,1338.0,12,0.0,6.0,11.0,495.0,536.63,263.92,0.0,40,0.0,224.9,1073.26
5722,201405,0,1571.0,12,3.0,11.0,11.0,757.0,1171.63,916.18,250.97,51,1.0,630.0,1171.63
5723,201410,0,1065.0,12,0.0,0.0,12.0,,700.0,407.3,44.88,68,0.0,325.62,
5724,201401,0,1856.0,12,10.0,8.0,11.0,507.0,1000.0,294.61,72.67,49,4.0,242.0,4780.0
5725,201405,0,409.0,12,0.0,0.0,0.0,,862.0,,,41,0.0,,862.0
5726,201405,0,4335.0,12,53.0,6.0,2.0,69.0,1000.0,,,52,8.0,,3000.0
5727,201409,0,2855.0,3,18.0,5.0,12.0,248.0,300.0,409.95,0.0,39,7.0,245.63,
5728,201408,0,1086.0,12,0.0,0.0,12.0,365.0,1000.0,726.52,222.63,56,0.0,713.35,1000.0
5729,201410,0,1048.0,12,0.0,0.0,11.0,,1500.0,1065.72,0.0,51,0.0,106.82,3996.84
5730,201408,0,2196.0,12,23.0,2.0,0.0,165.0,1288.21,,,49,1.0,,3788.21
5731,201412,0,221.0,12,0.0,0.0,0.0,,1500.0,,,39,0.0,,
5732,201412,0,408.0,4,0.0,0.0,0.0,,150.0,,,22,0.0,,
5733,201402,0,3528.0,12,38.0,9.0,12.0,314.0,700.0,478.98,0.0,44,30.0,219.49,5200.0
5734,201406,1,949.0,12,0.0,0.0,3.0,,2000.0,656.89,149.72,43,0.0,317.28,5543.02
5735,201406,1,198.0,12,0.0,0.0,0.0,,300.0,,,43,0.0,,300.0
5736,201412,0,1499.0,5,0.0,11.0,9.0,662.0,200.0,333.88,0.0,41,1.0,119.02,
5737,201412,1,389.0,6,0.0,0.0,0.0,,1000.0,,,32,0.0,,
5738,201412,0,285.0,12,0.0,0.0,0.0,,700.0,,,74,0.0,,1357.08
5739,201401,1,743.0,12,0.0,0.0,1.0,,600.0,267.88,0.0,45,0.0,185.83,1200.0
5740,201402,0,286.0,12,0.0,0.0,0.0,,350.0,,,48,0.0,,2460.0
5741,201402,0,970.0,3,0.0,0.0,8.0,,150.0,286.46,81.75,50,0.0,33.78,300.0
5742,201407,0,1074.0,12,0.0,0.0,12.0,,1000.0,558.79,0.0,55,0.0,315.21,1000.0
5743,201407,0,1511.0,6,0.0,7.0,1.0,109.0,500.0,,,42,2.0,,500.0
5744,201409,0,1167.0,6,0.0,1.0,8.0,196.0,700.0,186.93,0.0,36,0.0,86.84,
5745,201411,0,3735.0,6,34.0,9.0,9.0,189.0,1000.0,417.86,0.0,49,14.0,,5600.0
5746,201402,1,631.0,9,0.0,0.0,0.0,,2159.42,,,69,0.0,65.11,4318.84
5747,201404,0,1005.0,10,0.0,0.0,9.0,,500.0,749.74,0.0,40,0.0,372.38,1100.0
5748,201412,1,432.0,3,0.0,0.0,0.0,,300.0,,,22,0.0,,
5749,201411,0,866.0,10,0.0,0.0,7.0,,1000.0,563.27,138.96,55,0.0,425.48,
5750,201407,1,4939.0,12,15.0,0.0,0.0,,1200.0,,,41,36.0,,2200.0
5751,201405,0,658.0,8,0.0,0.0,0.0,,800.0,,,21,0.0,97.85,2100.0
5752,201405,0,2343.0,12,13.0,8.0,8.0,200.0,1024.85,,,35,4.0,,1024.85
5753,201406,0,552.0,7,0.0,0.0,0.0,,600.0,,,50,0.0,,600.0
5754,201402,0,4197.0,7,75.0,9.0,12.0,353.0,200.0,101.2,37.25,51,5.0,106.02,400.0
5755,201408,1,252.0,12,0.0,0.0,0.0,,1628.77,,,34,0.0,,1628.77
5756,201403,0,917.0,12,0.0,0.0,6.0,,946.96,194.38,0.0,22,0.0,164.22,946.96
5757,201405,1,468.0,12,0.0,0.0,0.0,,1459.4,,,57,0.0,,2459.4
5758,201408,1,1538.0,12,2.0,4.0,4.0,43.0,1893.41,136.55,0.0,34,1.0,109.11,2031.37
5759,201409,0,838.0,4,0.0,0.0,5.0,,600.0,199.97,0.0,41,0.0,154.29,2600.0
5760,201409,1,460.0,6,0.0,0.0,0.0,,500.0,,,38,0.0,,500.0
5761,201401,0,738.0,12,0.0,0.0,1.0,,1007.88,187.11,0.0,42,0.0,314.5,2015.76
5762,201403,0,4544.0,12,78.0,11.0,10.0,398.0,1000.0,518.39,143.53,59,18.0,353.0,3187.33
5763,201410,1,386.0,12,0.0,0.0,0.0,,700.0,,,48,0.0,,1200.0
5764,201407,0,924.0,12,0.0,0.0,4.0,,1000.0,176.25,0.0,25,0.0,,1000.0
5765,201410,1,1333.0,12,0.0,5.0,6.0,323.0,1200.0,25.99,0.0,42,0.0,,2365.08
5766,201407,0,2033.0,12,1.0,0.0,0.0,,1350.0,,,74,2.0,140.38,1350.0
5767,201401,0,792.0,12,0.0,0.0,2.0,,1000.0,331.84,0.0,32,0.0,515.75,2000.0
5768,201402,0,1054.0,12,0.0,0.0,10.0,,600.0,403.47,24.51,49,0.0,200.99,1200.0
5769,201407,1,1259.0,12,0.0,5.0,2.0,278.0,1000.0,,,49,0.0,,1000.0
5770,201411,0,429.0,12,0.0,0.0,0.0,,1300.0,,,64,0.0,,2600.0
5771,201406,0,2315.0,6,24.0,12.0,12.0,861.0,350.0,,,45,4.0,459.48,650.0
5772,201403,0,2488.0,12,28.0,12.0,12.0,614.0,500.0,995.12,138.46,52,5.0,595.71,1800.0
5773,201401,0,3198.0,12,52.0,11.0,8.0,1139.0,2000.0,530.84,0.0,57,3.0,360.75,4000.0
5774,201408,0,730.0,12,0.0,0.0,0.0,,1000.0,129.97,0.0,55,0.0,319.57,1000.0
5775,201409,0,1002.0,12,0.0,0.0,8.0,,1000.0,826.95,0.0,53,0.0,593.25,
5776,201404,1,2617.0,12,17.0,0.0,9.0,498.0,2000.0,1153.75,328.87,45,3.0,475.1,2000.0
5777,201407,0,2611.0,3,6.0,0.0,0.0,,150.0,,,38,2.0,94.96,150.0
5778,201406,1,236.0,12,0.0,0.0,0.0,,1000.0,,,49,0.0,,1000.0
5779,201403,0,2461.0,12,32.0,12.0,12.0,1794.0,2000.0,3824.18,626.99,51,1.0,1688.37,2000.0
5780,201403,0,1156.0,12,0.0,1.0,10.0,387.0,2627.66,280.89,0.0,54,0.0,249.44,4472.08
5781,201408,0,1690.0,6,7.0,12.0,11.0,1620.0,600.0,1581.95,21.63,63,1.0,709.83,600.0
5782,201409,0,5083.0,12,63.0,3.0,1.0,,900.0,482.86,137.03,45,36.0,672.41,500.0
5783,201407,0,280.0,10,0.0,0.0,0.0,,600.0,,,46,0.0,,600.0
5784,201402,0,1085.0,12,0.0,0.0,12.0,222.0,800.0,416.66,68.76,63,0.0,366.56,1600.0
5785,201404,0,2836.0,10,34.0,11.0,12.0,927.0,200.0,719.16,157.45,43,9.0,200.96,2150.0
5786,201409,1,273.0,12,0.0,0.0,0.0,,500.0,,,21,0.0,,
5787,201407,1,2298.0,10,16.0,11.0,3.0,506.0,600.0,,,32,10.0,,2200.0
5788,201411,0,1845.0,12,4.0,0.0,0.0,,1500.0,,,51,1.0,,1460.0
5789,201403,0,4419.0,12,75.0,12.0,12.0,633.0,2900.69,1368.51,0.0,60,9.0,962.29,10900.69
5790,201407,0,1323.0,12,0.0,3.0,4.0,57.0,1500.0,135.95,0.0,53,0.0,165.02,1500.0
5791,201402,0,284.0,12,0.0,0.0,0.0,,1000.0,,,56,0.0,,2000.0
5792,201403,0,181.0,5,0.0,0.0,0.0,,300.0,,,47,0.0,,900.0
5793,201403,1,418.0,10,0.0,0.0,0.0,,1300.0,,,44,0.0,,1600.0
5794,201405,0,1704.0,12,6.0,4.0,0.0,135.0,600.0,,,39,2.0,,1600.0
5795,201401,0,2663.0,12,13.0,4.0,2.0,,1200.0,,,41,14.0,0.0,2400.0
5796,201403,0,640.0,12,0.0,0.0,0.0,,1502.18,,,70,0.0,54.9,1502.18
5797,201404,0,487.0,12,0.0,0.0,0.0,,2500.0,,,51,0.0,,3700.0
5798,201404,0,619.0,3,0.0,0.0,0.0,,400.0,,,53,0.0,126.89,723.97
5799,201407,0,801.0,12,0.0,0.0,3.0,,500.0,445.23,151.63,47,0.0,433.58,500.0
5800,201401,1,712.0,12,0.0,0.0,0.0,,1500.0,,,34,0.0,21.94,4400.0
5801,201409,0,454.0,3,0.0,0.0,0.0,,300.0,,,39,0.0,,
5802,201410,0,848.0,12,0.0,0.0,4.0,,2000.0,710.33,220.91,46,0.0,582.59,1700.0
5803,201406,0,392.0,12,0.0,0.0,0.0,,250.0,,,54,0.0,,250.0
5804,201401,0,435.0,10,0.0,0.0,0.0,,800.0,,,70,0.0,,2200.0
5805,201403,0,413.0,12,0.0,0.0,0.0,,1900.0,,,55,0.0,,1900.0
5806,201408,1,1319.0,12,0.0,5.0,9.0,371.0,1000.0,129.97,0.0,47,0.0,181.49,4124.44
5807,201407,0,,12,0.0,0.0,0.0,,1000.0,,,55,0.0,,1730.0
5808,201410,0,1288.0,12,0.0,5.0,12.0,710.0,1779.24,1125.33,148.39,55,0.0,664.5,
5809,201412,0,2738.0,12,17.0,0.0,0.0,,1000.0,,,63,4.0,,2339.58
5810,201403,1,282.0,12,0.0,0.0,0.0,,1500.0,,,47,0.0,,1500.0
5811,201410,0,2852.0,12,22.0,0.0,0.0,,1500.0,,,37,12.0,,
5812,201411,0,4041.0,12,5.0,2.0,8.0,193.0,2000.0,176.4,60.5,61,7.0,,7640.23
5813,201406,0,1504.0,5,0.0,7.0,11.0,370.0,700.0,629.53,117.77,44,1.0,462.88,2200.0
5814,201406,0,1528.0,12,0.0,6.0,4.0,516.0,1000.0,250.0,0.0,41,2.0,397.7,1000.0
5815,201407,0,1348.0,6,0.0,6.0,12.0,516.0,1000.0,307.89,0.0,62,0.0,298.36,8292.66
5816,201406,0,731.0,10,0.0,0.0,0.0,,1381.0,413.89,0.0,55,0.0,514.56,1381.0
5817,201411,0,1332.0,7,0.0,5.0,8.0,323.0,584.0,,,47,0.0,,
5818,201401,0,683.0,12,0.0,0.0,0.0,,1300.0,,,45,0.0,112.46,2600.0
5819,201401,0,2003.0,12,17.0,12.0,12.0,1045.0,2000.0,1152.12,157.33,45,1.0,728.56,10000.0
5820,201409,0,1350.0,12,0.0,8.0,6.0,336.0,1059.86,345.9,0.0,41,0.0,711.54,
5821,201411,1,1006.0,12,0.0,0.0,12.0,103.0,2000.0,249.22,46.93,56,0.0,371.0,
5822,201401,0,188.0,7,0.0,0.0,0.0,,600.0,,,72,0.0,,1200.0
5823,201408,1,260.0,12,0.0,0.0,0.0,,980.0,,,42,0.0,,980.0
5824,201410,0,531.0,12,0.0,0.0,0.0,,1500.0,,,55,0.0,,
5825,201410,0,4843.0,12,86.0,9.0,11.0,356.0,1800.0,556.07,61.95,48,18.0,467.19,7000.0
5826,201402,0,4280.0,12,58.0,12.0,12.0,370.0,500.0,1488.5,377.9,60,14.0,69.66,1000.0
5827,201410,1,732.0,12,0.0,0.0,0.0,,1500.0,212.34,0.0,35,0.0,429.53,
5828,201402,0,258.0,12,0.0,0.0,0.0,,650.0,,,21,0.0,,1300.0
5829,201403,1,459.0,12,0.0,0.0,0.0,,726.42,,,31,0.0,,726.42
5830,201409,0,4989.0,12,90.0,7.0,0.0,149.0,400.0,,,41,17.0,,2000.0
5831,201404,1,771.0,12,0.0,0.0,1.0,,2000.0,27.0,0.0,40,0.0,173.52,2000.0
5832,201406,1,317.0,12,0.0,0.0,0.0,,1000.0,,,43,0.0,,1026.0
5833,201401,1,268.0,12,0.0,0.0,0.0,,1500.0,,,76,0.0,,6195.6
5834,201412,0,667.0,12,0.0,0.0,0.0,,1500.0,,,46,0.0,157.74,2000.0
5835,201406,0,304.0,12,0.0,0.0,0.0,,1500.0,,,67,0.0,,1900.0
5836,201412,0,791.0,5,0.0,0.0,2.0,,779.8,571.12,193.24,22,0.0,229.93,
5837,201401,1,407.0,12,0.0,0.0,0.0,,1300.0,,,38,0.0,,2600.0
5838,201409,0,548.0,5,0.0,0.0,0.0,,200.0,,,37,0.0,,500.0
5839,201411,0,442.0,12,0.0,0.0,0.0,,2000.0,,,68,0.0,,
5840,201404,0,,12,,,,,600.0,,,47,,,600.0
5841,201403,0,786.0,12,0.0,0.0,1.0,,840.16,105.97,0.0,33,0.0,223.87,840.16
5842,201406,0,766.0,12,0.0,0.0,4.0,,2624.25,179.94,0.0,35,0.0,354.59,5624.25
5843,201405,0,241.0,12,0.0,0.0,0.0,,1000.0,,,44,0.0,,1000.0
5844,201409,1,161.0,12,0.0,0.0,0.0,,1000.0,,,56,0.0,,
5845,201412,0,1140.0,12,0.0,0.0,8.0,35.0,2000.0,,,42,0.0,,3000.0
5846,201404,1,1715.0,12,8.0,12.0,12.0,577.0,600.0,235.75,75.79,60,1.0,202.52,600.0
5847,201407,0,1625.0,12,2.0,7.0,12.0,561.0,1000.0,541.76,0.0,35,3.0,596.37,3280.0
5848,201406,1,351.0,12,0.0,0.0,0.0,,1500.0,,,43,0.0,,1500.0
5849,201409,0,3532.0,10,50.0,10.0,11.0,574.0,2500.0,518.56,122.74,69,13.0,504.82,8400.0
5850,201411,0,2822.0,12,24.0,4.0,8.0,185.0,1300.0,518.7,80.84,41,4.0,313.11,2000.0
5851,201411,0,556.0,6,0.0,0.0,0.0,,1000.0,,,55,0.0,,
5852,201403,0,1414.0,10,0.0,3.0,7.0,41.0,2000.0,319.95,0.0,60,0.0,0.0,2000.0
5853,201403,0,829.0,12,0.0,0.0,3.0,,2000.0,27.0,0.0,63,0.0,16.35,3470.0
5854,201402,0,656.0,12,0.0,0.0,0.0,,2900.69,,,62,0.0,56.88,15202.07
5855,201401,1,4431.0,12,7.0,0.0,0.0,,1986.5,,,33,16.0,,6273.0
5856,201408,0,521.0,12,0.0,0.0,0.0,,1000.0,,,49,0.0,0.0,500.0
5857,201412,1,3362.0,12,46.0,11.0,12.0,437.0,1600.0,1136.5,237.88,65,16.0,844.63,3000.0
5858,201404,0,1489.0,12,0.0,10.0,11.0,721.0,1000.0,458.68,86.83,75,1.0,379.38,4560.0
5859,201408,0,594.0,12,0.0,0.0,0.0,,1500.0,,,42,0.0,0.0,1500.0
5860,201407,0,933.0,12,0.0,0.0,7.0,,2200.0,683.27,201.41,55,0.0,384.44,3700.0
5861,201408,0,762.0,12,0.0,0.0,1.0,,800.0,140.98,0.0,36,0.0,504.88,800.0
5862,201404,1,2152.0,12,18.0,2.0,0.0,,2500.0,,,34,4.0,,2500.0
5863,201412,0,1497.0,8,3.0,11.0,12.0,121.0,500.0,151.97,0.0,42,1.0,27.36,
5864,201411,0,4680.0,12,26.0,3.0,0.0,,1191.99,,,31,28.0,,1200.0
5865,201406,0,1288.0,7,0.0,6.0,8.0,561.0,300.0,85.97,0.0,41,0.0,32.82,5239.98
5866,201407,0,767.0,12,0.0,0.0,2.0,,800.0,620.24,220.52,33,0.0,545.57,800.0
5867,201404,0,3056.0,10,43.0,4.0,12.0,342.0,1000.0,218.91,0.0,55,5.0,,1500.0
5868,201401,1,513.0,12,0.0,0.0,0.0,,1000.0,,,42,0.0,,2000.0
5869,201408,0,1383.0,12,0.0,7.0,12.0,893.0,2000.0,733.77,168.97,42,0.0,412.68,4800.0
5870,201408,0,893.0,10,0.0,0.0,6.0,,1200.0,126.56,40.6,33,0.0,146.57,3700.0
5871,201406,0,1044.0,12,0.0,0.0,7.0,98.0,200.0,,,48,0.0,66.07,1100.0
5872,201411,0,2829.0,10,29.0,6.0,12.0,497.0,1300.0,513.41,0.0,54,13.0,546.31,
5873,201407,1,557.0,12,0.0,0.0,0.0,,1600.0,,,52,0.0,0.0,3000.0
5874,201409,1,353.0,12,0.0,0.0,0.0,,1500.0,,,56,0.0,,
5875,201403,0,404.0,12,0.0,0.0,0.0,,1742.22,,,32,0.0,,1742.22
5876,201404,0,2741.0,8,18.0,0.0,2.0,,1000.0,661.75,0.0,34,7.0,697.88,1000.0
5877,201410,0,375.0,12,0.0,0.0,0.0,,600.0,,,47,0.0,,
5878,201409,0,1523.0,12,1.0,11.0,12.0,656.0,696.0,409.85,0.0,54,1.0,301.04,
5879,201405,0,219.0,12,0.0,0.0,0.0,,600.0,,,45,0.0,,600.0
5880,201407,0,472.0,12,0.0,0.0,0.0,,1700.0,,,62,0.0,,1700.0
5881,201404,1,3145.0,12,34.0,0.0,0.0,,1500.0,,,62,11.0,,2500.0
5882,201401,1,2696.0,5,6.0,0.0,0.0,,1500.0,,,31,5.0,0.0,4886.74
5883,201402,1,4822.0,12,66.0,10.0,12.0,407.0,1000.0,363.83,63.47,54,44.0,281.34,3000.0
5884,201410,0,4612.0,10,6.0,0.0,0.0,,1000.0,,,62,1.0,,
5885,201407,0,592.0,12,0.0,0.0,0.0,,1000.0,,,66,0.0,0.0,1000.0
5886,201401,0,4753.0,10,37.0,6.0,12.0,405.0,1000.0,818.79,0.0,38,15.0,604.63,2000.0
5887,201403,0,2562.0,8,15.0,10.0,8.0,165.0,800.0,121.94,0.0,32,3.0,178.47,1500.0
5888,201407,0,1477.0,12,0.0,10.0,0.0,422.0,2124.3,,,40,1.0,,6724.3
5889,201408,0,1018.0,6,0.0,0.0,12.0,291.0,300.0,705.78,0.0,41,0.0,643.14,300.0
5890,201402,0,3063.0,12,26.0,0.0,0.0,,2000.0,,,58,24.0,109.37,4000.0
5891,201412,1,525.0,12,0.0,0.0,0.0,,536.0,,,22,0.0,,
5892,201404,1,679.0,12,0.0,0.0,0.0,,1290.0,,,54,0.0,102.73,2249.14
5893,201407,0,4580.0,12,4.0,0.0,1.0,,1000.0,,,43,30.0,,2000.0
5894,201406,1,190.0,12,0.0,0.0,0.0,,1960.42,,,37,0.0,,1960.42
5895,201402,1,606.0,12,0.0,0.0,0.0,,578.58,,,19,0.0,107.95,1157.16
5896,201412,0,1414.0,12,0.0,10.0,12.0,540.0,2000.0,641.77,0.0,51,0.0,331.35,
5897,201405,1,3451.0,12,10.0,0.0,1.0,,1500.0,,,50,2.0,,1500.0
5898,201408,0,205.0,12,0.0,0.0,0.0,,713.89,,,70,0.0,,2645.77
5899,201405,1,848.0,12,0.0,0.0,4.0,,2000.0,363.51,56.61,36,0.0,314.79,3900.0
5900,201404,0,1266.0,12,0.0,5.0,3.0,118.0,2000.0,,,49,0.0,,4233.12
5901,201406,0,2242.0,12,12.0,0.0,0.0,,870.67,,,39,4.0,,870.67
5902,201409,0,3185.0,12,52.0,9.0,12.0,908.0,3000.0,1380.03,33.32,65,5.0,556.99,3500.0
5903,201401,0,2722.0,5,28.0,8.0,12.0,166.0,300.0,131.86,16.88,43,14.0,164.5,1400.0
5904,201402,0,763.0,12,0.0,0.0,1.0,,900.0,69.98,0.0,48,0.0,156.56,3600.0
5905,201408,0,513.0,12,0.0,0.0,0.0,,1808.1,,,32,0.0,,1808.1
5906,201410,0,452.0,4,0.0,0.0,0.0,,300.0,,,34,0.0,,
5907,201401,0,628.0,12,0.0,0.0,0.0,,857.0,,,39,0.0,70.0,2164.0
5908,201409,0,1590.0,3,3.0,5.0,8.0,260.0,200.0,291.69,0.0,28,1.0,0.0,
5909,201406,0,617.0,12,0.0,0.0,0.0,,2141.36,,,56,0.0,0.0,2741.36
5910,201407,0,604.0,3,0.0,0.0,0.0,,1000.0,,,62,0.0,63.08,1700.0
5911,201404,0,3753.0,4,1.0,0.0,0.0,,300.0,,,55,6.0,,300.0
5912,201402,1,443.0,12,0.0,0.0,0.0,,2900.69,,,60,0.0,,6401.38
5913,201410,1,686.0,12,0.0,0.0,0.0,,1004.64,,,44,0.0,240.0,800.0
5914,201401,1,236.0,12,0.0,0.0,0.0,,1381.26,,,73,0.0,,2762.52
5915,201408,0,527.0,12,0.0,0.0,0.0,,3000.0,,,65,0.0,,4200.0
5916,201404,1,664.0,6,0.0,0.0,0.0,,400.0,216.65,70.45,23,0.0,205.26,400.0
5917,201407,1,266.0,12,0.0,0.0,0.0,,900.0,,,61,0.0,,900.0
5918,201404,0,1448.0,12,0.0,10.0,12.0,525.0,1000.0,587.24,103.48,50,0.0,360.38,1000.0
5919,201404,0,3344.0,8,34.0,7.0,11.0,,600.0,,,72,7.0,50.57,1903.9
5920,201409,0,4259.0,12,80.0,8.0,12.0,1562.0,1000.0,518.84,0.0,59,10.0,83.27,2000.0
5921,201404,0,4932.0,12,71.0,12.0,4.0,681.0,1843.39,47.97,0.0,44,20.0,,2282.39
5922,201402,0,1138.0,12,0.0,0.0,12.0,161.0,1331.0,644.62,70.85,46,0.0,337.75,2662.0
5923,201402,1,2551.0,10,19.0,5.0,12.0,392.0,800.0,716.9,0.0,32,10.0,301.0,1600.0
5924,201411,0,166.0,12,0.0,0.0,0.0,,1690.0,,,53,0.0,,
5925,201403,0,1432.0,12,0.0,9.0,12.0,156.0,2000.0,782.31,95.96,31,0.0,406.73,3520.0
5926,201401,0,2659.0,12,14.0,0.0,5.0,,500.0,488.81,0.0,30,6.0,98.89,1000.0
5927,201401,1,592.0,12,0.0,0.0,0.0,,400.0,,,36,0.0,0.0,800.0
5928,201402,0,710.0,12,0.0,0.0,0.0,,1000.0,612.88,230.97,58,0.0,470.65,2000.0
5929,201403,0,2991.0,12,34.0,0.0,0.0,,300.0,,,55,7.0,,500.0
5930,201401,0,4104.0,12,58.0,11.0,11.0,1278.0,900.0,1196.19,203.21,55,15.0,173.82,2300.0
5931,201410,0,3131.0,5,13.0,0.0,0.0,,500.0,,,33,4.0,144.41,650.0
5932,201404,0,606.0,12,0.0,0.0,0.0,,650.0,,,48,0.0,100.65,650.0
5933,201405,0,303.0,12,0.0,0.0,0.0,,1300.0,,,62,0.0,,2300.0
5934,201405,1,167.0,12,0.0,0.0,0.0,,859.74,,,65,0.0,,859.74
5935,201408,1,3423.0,12,24.0,5.0,12.0,863.0,1000.0,1219.54,0.0,33,26.0,372.33,1000.0
5936,201406,1,344.0,12,0.0,0.0,0.0,,1250.99,,,49,0.0,,3250.99
5937,201405,1,295.0,12,0.0,0.0,0.0,,1312.62,,,44,0.0,,1312.62
5938,201408,0,976.0,3,0.0,0.0,3.0,,700.0,98.96,0.0,33,0.0,,2493.66
5939,201409,1,2413.0,12,26.0,12.0,12.0,1659.0,1900.0,2126.88,666.87,54,4.0,1153.71,6426.88
5940,201412,1,,12,0.0,0.0,0.0,,1285.34,,,42,0.0,,1042.2
5941,201401,0,1045.0,12,0.0,0.0,11.0,350.0,1278.14,433.48,99.68,71,0.0,442.64,5456.28
5942,201410,1,407.0,5,0.0,0.0,0.0,,1000.0,,,45,0.0,,
5943,201404,0,332.0,12,0.0,0.0,0.0,,992.0,,,52,0.0,,992.0
5944,201405,0,274.0,12,0.0,0.0,0.0,,250.0,,,18,0.0,,250.0
5945,201402,0,219.0,12,0.0,0.0,0.0,,677.0,,,54,0.0,,1354.0
5946,201407,0,1428.0,12,0.0,10.0,12.0,1325.0,1000.0,1016.6,0.0,63,0.0,933.54,7400.0
5947,201411,0,1667.0,6,3.0,0.0,0.0,,1000.0,,,61,2.0,,1500.0
5948,201410,1,1232.0,12,0.0,2.0,3.0,241.0,1838.34,303.79,59.61,46,0.0,185.82,
5949,201412,0,728.0,12,0.0,0.0,0.0,,1000.0,230.36,0.0,45,0.0,346.16,
5950,201412,1,3809.0,12,54.0,10.0,7.0,954.0,3000.0,235.93,0.0,49,7.0,,13620.0
5951,201408,1,4714.0,12,11.0,0.0,4.0,,1000.0,267.93,0.0,33,42.0,340.21,1000.0
5952,201404,0,2034.0,12,18.0,11.0,11.0,1029.0,1000.0,389.91,0.0,58,1.0,489.47,2039.99
5953,201411,1,1181.0,12,0.0,2.0,12.0,215.0,240.0,193.44,0.0,38,0.0,127.68,
5954,201410,0,3627.0,12,68.0,12.0,12.0,991.0,1640.0,653.86,234.59,73,4.0,395.03,2127.94
5955,201405,0,4555.0,10,42.0,3.0,11.0,77.0,570.0,410.84,0.0,44,44.0,112.57,570.0
5956,201404,0,251.0,12,0.0,0.0,0.0,,1409.79,,,52,0.0,,1409.79
5957,201405,0,404.0,6,0.0,0.0,0.0,,570.0,,,46,0.0,,570.0
5958,201407,0,707.0,4,0.0,0.0,0.0,,200.0,,,46,0.0,291.79,200.0
5959,201407,0,866.0,12,0.0,0.0,5.0,,1500.0,390.08,99.72,51,0.0,323.3,2700.0
5960,201409,0,206.0,5,0.0,0.0,0.0,,571.37,,,58,0.0,,
5961,201407,0,617.0,5,0.0,0.0,0.0,,400.0,,,48,0.0,53.36,1200.0
5962,201402,1,423.0,12,0.0,0.0,0.0,,1000.0,,,41,0.0,,2000.0
5963,201404,0,723.0,12,0.0,0.0,0.0,,981.95,197.93,0.0,42,0.0,734.16,981.95
5964,201404,0,685.0,12,0.0,0.0,0.0,,2000.0,,,38,0.0,126.07,2000.0
5965,201401,0,825.0,12,0.0,0.0,5.0,,1000.0,432.32,135.42,36,0.0,440.79,3256.09
5966,201403,0,2051.0,12,14.0,12.0,12.0,433.0,2000.0,247.89,0.0,54,5.0,406.41,4000.0
5967,201411,0,415.0,12,0.0,0.0,0.0,,2000.0,,,39,0.0,,
5968,201401,1,401.0,10,0.0,0.0,0.0,,800.0,,,35,0.0,,800.0
5969,201404,0,2773.0,10,21.0,3.0,0.0,127.0,1634.15,,,41,6.0,,2962.11
5970,201411,0,540.0,12,0.0,0.0,0.0,,1000.0,,,63,0.0,,
5971,201402,0,235.0,10,0.0,0.0,0.0,,2232.92,,,48,0.0,,
5972,201409,0,2551.0,12,28.0,11.0,11.0,328.0,1500.0,571.66,0.0,46,9.0,373.59,
5973,201405,0,374.0,12,0.0,0.0,0.0,,500.0,,,45,0.0,,500.0
5974,201410,1,259.0,5,0.0,0.0,0.0,,500.0,,,36,0.0,,
5975,201401,0,410.0,12,0.0,0.0,0.0,,1300.0,,,38,0.0,,2600.0
5976,201412,0,905.0,6,0.0,0.0,6.0,,300.0,230.16,78.19,69,0.0,141.26,300.0
5977,201408,0,337.0,12,0.0,0.0,0.0,,2500.0,,,77,0.0,,6900.0
5978,201411,1,322.0,12,0.0,0.0,0.0,,1362.81,,,22,0.0,,
5979,201408,1,447.0,12,0.0,0.0,0.0,,1263.62,,,55,0.0,,2345.58
5980,201409,0,2714.0,8,34.0,8.0,12.0,127.0,800.0,594.32,142.44,66,6.0,345.8,1155.22
5981,201411,1,543.0,12,0.0,0.0,0.0,,2840.41,,,49,0.0,,2100.0
5982,201410,0,2543.0,12,15.0,10.0,0.0,146.0,2761.87,,,41,6.0,48.99,7941.0
5983,201408,0,2739.0,12,41.0,12.0,12.0,880.0,1500.0,1416.51,380.92,69,1.0,1221.31,1800.0
5984,201410,0,1788.0,12,10.0,8.0,12.0,275.0,2000.0,690.21,0.0,51,1.0,400.46,600.0
5985,201408,0,3331.0,12,57.0,12.0,12.0,749.0,1000.0,560.92,26.15,54,7.0,472.5,6819.99
5986,201412,0,2916.0,5,4.0,0.0,0.0,,800.0,,,41,4.0,,500.0
5987,201406,0,4318.0,12,27.0,0.0,8.0,59.0,1500.0,210.95,0.0,52,21.0,,3750.0
5988,201403,0,3161.0,12,51.0,11.0,12.0,693.0,1942.0,371.84,0.0,49,6.0,499.34,4562.0
5989,201408,0,5053.0,12,35.0,0.0,4.0,,1000.0,1986.23,513.07,56,45.0,820.53,2400.0
5990,201403,0,2579.0,12,16.0,3.0,12.0,257.0,1000.0,532.79,0.0,59,12.0,286.32,2000.0
5991,201403,1,803.0,12,0.0,0.0,3.0,,1500.0,326.54,89.64,41,0.0,184.46,2700.0
5992,201403,1,2090.0,12,17.0,5.0,12.0,,350.0,1231.41,289.76,45,4.0,735.67,350.0
5993,201406,0,2248.0,10,21.0,6.0,9.0,1128.0,2000.0,309.94,0.0,31,2.0,148.46,2000.0
5994,201404,0,674.0,12,0.0,0.0,0.0,,500.0,,,38,0.0,258.29,500.0
5995,201410,0,1852.0,12,3.0,8.0,3.0,,2000.0,258.75,76.32,55,2.0,352.82,1000.0
5996,201408,0,2654.0,12,14.0,3.0,6.0,47.0,1500.0,267.82,71.87,38,2.0,195.96,3500.0
5997,201403,1,197.0,10,0.0,0.0,0.0,,1000.0,,,18,0.0,,2978.91
5998,201408,1,985.0,12,0.0,0.0,9.0,,1189.78,964.86,278.67,44,0.0,268.51,4410.38
5999,201405,0,634.0,3,0.0,0.0,0.0,,500.0,,,40,0.0,86.41,500.0
6000,201409,0,3379.0,12,60.0,12.0,9.0,208.0,800.0,733.81,202.97,54,3.0,515.32,
6001,201401,0,897.0,12,0.0,0.0,6.0,,1000.0,186.55,61.5,57,0.0,57.2,1300.0
6002,201405,1,1098.0,12,0.0,0.0,12.0,190.0,700.0,635.94,113.62,40,0.0,412.19,700.0
6003,201410,1,355.0,12,0.0,0.0,0.0,,1000.0,,,57,0.0,35.96,1059.96
6004,201405,0,2074.0,5,19.0,12.0,12.0,827.0,460.0,474.26,0.0,46,1.0,657.32,460.0
6005,201410,1,486.0,12,0.0,0.0,0.0,,2493.0,,,38,0.0,,939.2
6006,201402,1,452.0,12,0.0,0.0,0.0,,876.59,,,39,0.0,,1753.18
6007,201410,1,5041.0,4,35.0,11.0,12.0,764.0,500.0,534.82,0.0,43,38.0,194.58,
6008,201410,0,293.0,4,0.0,0.0,0.0,,500.0,,,40,0.0,,
6009,201401,0,1958.0,10,8.0,0.0,8.0,92.0,1000.0,224.02,60.65,62,2.0,166.32,4500.0
6010,201410,1,2.0,12,0.0,0.0,0.0,,1000.0,,,46,0.0,,
6011,201402,1,2171.0,12,9.0,0.0,6.0,,1095.44,451.85,0.0,45,3.0,240.94,2190.88
6012,201411,1,1010.0,12,0.0,0.0,12.0,122.0,1200.0,298.62,74.72,45,0.0,247.19,500.0
6013,201401,0,435.0,6,0.0,0.0,0.0,,600.0,,,31,0.0,,1200.0
6014,201402,0,980.0,4,0.0,0.0,8.0,,600.0,327.77,43.11,58,0.0,116.55,2200.0
6015,201405,0,630.0,5,0.0,0.0,0.0,,500.0,,,32,0.0,122.62,500.0
6016,201407,0,1191.0,6,0.0,2.0,12.0,381.0,500.0,743.41,120.8,34,0.0,255.04,1500.0
6017,201410,0,783.0,3,0.0,0.0,2.0,,300.0,251.94,0.0,53,0.0,465.5,
6018,201401,0,489.0,12,0.0,0.0,0.0,,700.0,,,54,0.0,,1400.0
6019,201410,0,202.0,12,0.0,0.0,0.0,,1000.0,,,52,0.0,,
6020,201407,0,419.0,12,0.0,0.0,0.0,,1943.0,,,60,0.0,,2843.0
6021,201401,1,2560.0,12,31.0,9.0,12.0,75.0,1488.21,632.33,0.0,44,5.0,352.0,2976.42
6022,201404,1,928.0,5,0.0,0.0,8.0,,200.0,288.06,0.0,30,0.0,234.84,200.0
6023,201409,1,359.0,12,0.0,0.0,0.0,,400.0,,,36,0.0,,
6024,201407,0,176.0,8,0.0,0.0,0.0,,500.0,,,40,0.0,,500.0
6025,201402,0,2447.0,12,8.0,0.0,0.0,,1000.0,,,58,6.0,,3010.98
6026,201409,1,4905.0,12,5.0,0.0,0.0,,2000.0,,,76,51.0,347.76,1000.0
6027,201402,0,831.0,3,0.0,0.0,4.0,,300.0,527.05,0.0,33,0.0,498.3,600.0
6028,201404,0,231.0,12,0.0,0.0,0.0,,2000.0,,,41,0.0,,2000.0
6029,201405,1,691.0,12,0.0,0.0,0.0,,1064.31,,,32,0.0,246.66,2064.31
6030,201402,0,489.0,8,0.0,0.0,0.0,,1000.0,,,35,0.0,,2000.0
6031,201407,0,964.0,4,0.0,0.0,7.0,,500.0,705.42,36.02,40,0.0,546.0,1399.32
6032,201406,0,407.0,5,0.0,0.0,0.0,,250.0,,,55,0.0,,250.0
6033,201403,0,1896.0,8,12.0,11.0,4.0,190.0,400.0,344.54,104.62,62,2.0,326.84,1200.0
6034,201410,0,1725.0,10,8.0,11.0,12.0,686.0,1020.18,409.95,0.0,42,1.0,577.29,
6035,201402,0,1224.0,12,0.0,2.0,10.0,252.0,902.74,636.66,130.25,43,0.0,352.99,1805.48
6036,201410,0,2895.0,10,21.0,8.0,3.0,,1000.0,109.97,0.0,43,10.0,75.41,
6037,201405,0,1240.0,12,0.0,2.0,12.0,105.0,300.0,347.68,2.8,60,0.0,81.02,300.0
6038,201410,0,4781.0,12,85.0,11.0,8.0,672.0,800.0,283.89,0.0,63,24.0,191.34,
6039,201411,0,438.0,6,0.0,0.0,0.0,,600.0,,,33,0.0,,82.1
6040,201404,0,2658.0,8,34.0,8.0,11.0,415.0,1000.0,139.95,0.0,51,3.0,101.69,4300.0
6041,201404,0,1367.0,12,0.0,6.0,8.0,369.0,2000.0,59.98,0.0,35,0.0,,2000.0
6042,201401,1,935.0,12,0.0,0.0,5.0,,2000.0,519.03,176.14,40,0.0,270.56,5250.0
6043,201406,0,1196.0,10,0.0,3.0,11.0,234.0,1000.0,984.85,0.0,57,0.0,701.63,9200.0
6044,201403,0,662.0,12,0.0,0.0,0.0,,2000.4,,,61,0.0,207.41,4000.8
6045,201411,0,4718.0,8,86.0,12.0,11.0,1481.0,600.0,1610.16,195.7,40,8.0,864.19,
6046,201404,1,591.0,12,0.0,0.0,0.0,,1058.05,,,43,0.0,62.1,1058.05
6047,201409,0,2546.0,12,3.0,0.0,0.0,,600.0,,,43,1.0,,250.0
6048,201409,0,4979.0,12,111.0,12.0,11.0,1419.0,1000.0,2290.33,232.25,54,5.0,1389.03,
6049,201407,0,3531.0,12,6.0,0.0,7.0,,2479.78,660.52,101.57,44,3.0,410.91,9779.78
6050,201404,0,4471.0,12,50.0,7.0,12.0,687.0,2000.0,238.36,58.44,43,20.0,39.58,3450.0
6051,201412,0,376.0,12,0.0,0.0,0.0,,1000.0,,,36,0.0,,210.0
6052,201401,0,747.0,12,0.0,0.0,1.0,,599.57,346.86,112.0,52,0.0,110.92,1199.14
6053,201408,0,1960.0,12,15.0,11.0,11.0,258.0,800.0,330.33,102.85,75,1.0,236.62,3043.4
6054,201411,0,783.0,12,0.0,0.0,2.0,,2000.0,179.99,0.0,59,0.0,131.3,2000.0
6055,201402,1,859.0,12,0.0,0.0,4.0,,1000.0,121.96,0.0,55,0.0,283.62,2898.52
6056,201401,0,760.0,12,0.0,0.0,2.0,,800.0,287.1,69.78,55,0.0,245.48,1600.0
6057,201401,0,766.0,12,0.0,0.0,2.0,,1500.0,86.36,0.0,52,0.0,273.74,4000.0
6058,201404,1,262.0,12,0.0,0.0,0.0,,1000.0,,,67,0.0,,1400.0
6059,201403,0,2270.0,12,24.0,12.0,12.0,656.0,1000.0,421.81,93.93,44,3.0,565.13,1000.0
6060,201407,0,4373.0,5,8.0,0.0,6.0,,800.0,309.92,0.0,42,6.0,165.18,2200.0
6061,201409,0,3567.0,10,45.0,0.0,8.0,,1000.0,701.66,35.82,62,7.0,778.94,2200.0
6062,201410,1,822.0,12,0.0,0.0,3.0,,2000.0,1077.15,298.65,64,0.0,672.55,4320.0
6063,201403,1,373.0,12,0.0,0.0,0.0,,1000.0,,,19,0.0,,1692.91
6064,201411,0,855.0,3,0.0,0.0,4.0,,300.0,145.96,0.0,42,0.0,65.78,
6065,201408,1,1894.0,6,7.0,2.0,1.0,208.0,601.0,,,39,5.0,,601.0
6066,201409,0,336.0,6,0.0,0.0,0.0,,3000.0,,,46,0.0,,700.0
6067,201408,0,1602.0,7,4.0,11.0,9.0,334.0,900.0,477.63,91.7,35,1.0,332.0,5134.74
6068,201407,0,2779.0,3,6.0,0.0,7.0,,300.0,491.64,109.8,31,12.0,701.4,300.0
6069,201410,0,2030.0,12,18.0,10.0,11.0,499.0,1000.0,518.3,66.12,60,1.0,633.74,8238.0
6070,201401,0,599.0,12,0.0,0.0,1.0,,1210.0,,,49,0.0,78.46,4277.22
6071,201405,0,,12,0.0,0.0,0.0,,800.0,,,51,0.0,15.69,4039.5
6072,201412,1,712.0,5,0.0,0.0,0.0,,500.0,,,41,0.0,331.86,
6073,201405,0,1488.0,12,0.0,12.0,12.0,1209.0,2500.0,672.67,0.0,57,1.0,374.34,2500.0
6074,201403,0,3050.0,12,47.0,12.0,11.0,703.0,2000.0,541.87,80.48,39,5.0,324.97,7200.0
6075,201406,0,2202.0,4,9.0,0.0,0.0,,958.83,,,45,5.0,157.96,958.83
6076,201408,1,4338.0,12,8.0,0.0,0.0,,500.0,,,67,5.0,,1000.0
6077,201403,0,1783.0,5,9.0,12.0,12.0,371.0,500.0,571.9,201.44,41,2.0,360.93,500.0
6078,201406,0,547.0,12,0.0,0.0,0.0,,400.0,,,30,0.0,15.69,400.0
6079,201412,0,328.0,3,0.0,0.0,0.0,,400.0,,,37,0.0,,
6080,201402,0,2510.0,12,23.0,7.0,7.0,29.0,1000.0,240.8,75.89,67,4.0,126.76,2000.0
6081,201408,0,1704.0,5,5.0,6.0,6.0,226.0,500.0,378.21,117.31,46,3.0,188.54,1391.36
6082,201406,0,1916.0,12,7.0,0.0,0.0,,1000.0,,,70,9.0,,2012.85
6083,201402,1,1215.0,12,0.0,3.0,11.0,552.0,2296.83,440.78,0.0,63,0.0,,9793.66
6084,201407,0,717.0,12,0.0,0.0,0.0,,900.0,,,56,0.0,137.49,900.0
6085,201409,1,755.0,12,0.0,0.0,1.0,,1200.0,237.19,0.0,47,0.0,546.01,800.0
6086,201407,0,297.0,12,0.0,0.0,0.0,,1000.0,,,66,0.0,,1000.0
6087,201402,0,2420.0,12,25.0,10.0,3.0,175.0,700.0,,,57,4.0,,1400.0
6088,201402,0,1510.0,12,2.0,6.0,5.0,41.0,1000.0,89.97,0.0,52,1.0,63.9,3000.0
6089,201403,0,697.0,8,0.0,0.0,0.0,,600.0,,,62,0.0,36.88,2600.0
6090,201401,0,3963.0,12,8.0,0.0,0.0,,1900.0,,,57,10.0,0.0,3800.0
6091,201403,0,4116.0,12,52.0,0.0,0.0,,1000.0,,,48,9.0,,1000.0
6092,201405,0,390.0,12,0.0,0.0,0.0,,500.0,,,67,0.0,,500.0
6093,201407,0,950.0,12,0.0,0.0,7.0,,1000.0,509.97,163.19,55,0.0,442.7,1000.0
6094,201406,0,255.0,12,0.0,0.0,0.0,,1000.0,,,42,0.0,,1150.0
6095,201408,0,859.0,10,0.0,0.0,11.0,,1000.0,405.26,59.35,58,0.0,466.18,1000.0
6096,201405,0,3216.0,6,50.0,10.0,12.0,746.0,300.0,1165.11,425.59,61,2.0,622.32,1300.0
6097,201403,0,639.0,5,0.0,0.0,0.0,,300.0,,,21,0.0,84.85,300.0
6098,201410,0,4811.0,12,38.0,0.0,10.0,73.0,800.0,554.54,183.89,74,26.0,237.13,5200.0
6099,201411,1,231.0,5,0.0,0.0,0.0,,600.0,,,36,0.0,,
6100,201403,0,2411.0,12,29.0,5.0,11.0,558.0,2000.0,1199.61,303.76,68,2.0,175.32,12000.0
6101,201411,0,1851.0,5,7.0,0.0,4.0,,1000.0,463.86,0.0,56,6.0,1010.0,2000.0
6102,201401,0,370.0,10,0.0,0.0,0.0,,500.0,,,33,0.0,,1000.0
6103,201411,0,101.0,6,0.0,0.0,0.0,,400.0,,,52,0.0,,
6104,201411,0,1575.0,4,2.0,8.0,12.0,234.0,300.0,522.74,166.86,35,2.0,382.08,3072.84
6105,201401,0,1679.0,12,5.0,0.0,10.0,98.0,1500.0,249.9,0.0,54,2.0,133.76,3600.0
6106,201408,0,489.0,6,0.0,0.0,0.0,,800.0,,,41,0.0,,800.0
6107,201410,0,227.0,7,0.0,0.0,0.0,,300.0,,,64,0.0,,
6108,201412,0,1037.0,12,0.0,0.0,6.0,,3000.0,1089.85,249.91,48,0.0,329.0,2168.76
6109,201401,0,1183.0,12,0.0,2.0,12.0,398.0,1000.0,564.54,186.22,59,0.0,508.0,2000.0
6110,201401,0,190.0,12,0.0,0.0,0.0,,1000.0,,,43,0.0,,2000.0
6111,201405,0,873.0,10,0.0,0.0,5.0,,500.0,291.32,0.0,20,0.0,237.05,
6112,201401,1,1029.0,12,0.0,0.0,9.0,262.0,1300.0,,,51,0.0,31.75,4074.39
6113,201406,0,488.0,8,0.0,0.0,0.0,,600.0,,,39,0.0,,600.0
6114,201410,0,4299.0,9,14.0,0.0,7.0,,500.0,253.8,44.83,64,15.0,92.92,1600.0
6115,201407,1,829.0,12,0.0,0.0,6.0,,985.51,175.06,0.0,42,0.0,114.83,3385.51
6116,201411,1,322.0,12,0.0,0.0,0.0,,1200.0,,,39,0.0,,
6117,201402,0,3150.0,12,35.0,9.0,10.0,255.0,2000.0,209.76,67.81,28,7.0,150.85,4000.0
6118,201409,1,374.0,12,0.0,0.0,0.0,,700.0,,,32,0.0,,871.96
6119,201408,0,313.0,7,0.0,0.0,0.0,,536.0,,,61,0.0,,536.0
6120,201408,0,240.0,12,0.0,0.0,0.0,,900.0,,,28,0.0,,1129.97
6121,201407,1,207.0,12,0.0,0.0,0.0,,2000.0,,,31,0.0,,2000.0
6122,201412,0,196.0,12,0.0,0.0,0.0,,800.0,,,64,0.0,,
6123,201405,1,3613.0,12,5.0,0.0,0.0,,1000.0,,,39,11.0,,1000.0
6124,201405,0,4815.0,10,70.0,11.0,10.0,691.0,1000.0,441.92,114.05,75,13.0,482.58,3800.0
6125,201405,1,1077.0,12,0.0,0.0,11.0,,1000.0,798.66,0.0,52,0.0,361.75,5400.0
6126,201409,1,231.0,12,0.0,0.0,0.0,,800.0,,,48,0.0,,
6127,201405,0,223.0,5,0.0,0.0,0.0,,500.0,,,35,0.0,,500.0
6128,201402,1,962.0,12,0.0,0.0,5.0,,1000.0,229.92,0.0,71,0.0,38.0,2958.81
6129,201402,0,356.0,12,0.0,0.0,0.0,,500.0,,,39,0.0,,1000.0
6130,201412,1,955.0,8,0.0,0.0,7.0,,500.0,303.9,0.0,52,0.0,261.61,
6131,201403,0,3642.0,12,17.0,2.0,1.0,,2000.0,,,57,8.0,,7000.0
6132,201406,0,532.0,12,0.0,0.0,0.0,,1000.0,,,69,0.0,,1700.0
6133,201412,0,1373.0,9,0.0,7.0,0.0,228.0,1000.0,,,36,0.0,,500.0
6134,201407,0,1694.0,12,7.0,12.0,12.0,1572.0,2500.0,2164.47,0.0,41,1.0,930.14,6100.0
6135,201407,0,526.0,12,0.0,0.0,0.0,,1000.0,,,31,0.0,,1000.0
6136,201401,0,1019.0,12,0.0,0.0,10.0,,857.0,536.38,114.6,48,0.0,353.34,2314.0
6137,201401,0,600.0,12,0.0,0.0,0.0,,1500.0,,,39,0.0,0.0,3500.0
6138,201403,0,1627.0,6,3.0,3.0,5.0,,350.0,109.96,0.0,52,2.0,30.58,350.0
6139,201406,0,318.0,12,0.0,0.0,0.0,,860.0,,,56,0.0,,860.0
6140,201407,0,2721.0,12,41.0,12.0,12.0,2313.0,1400.0,1220.88,233.23,68,1.0,1442.21,1400.0
6141,201401,0,2534.0,10,25.0,0.0,0.0,,1000.0,,,38,5.0,113.9,2000.0
6142,201405,1,2536.0,10,28.0,8.0,12.0,386.0,650.0,846.16,267.34,39,6.0,1117.02,1950.0
6143,201412,0,787.0,6,0.0,0.0,2.0,,400.0,312.92,82.0,28,0.0,467.11,450.0
6144,201410,0,1472.0,12,1.0,12.0,11.0,438.0,500.0,458.57,153.67,65,2.0,399.2,
6145,201405,0,2751.0,12,42.0,10.0,12.0,1124.0,1500.0,477.66,0.0,38,1.0,866.0,3376.47
6146,201403,0,1960.0,12,14.0,4.0,11.0,314.0,600.0,443.91,73.98,57,3.0,397.91,1100.0
6147,201407,0,580.0,12,0.0,0.0,0.0,,1315.33,,,19,0.0,0.0,1315.33
6148,201401,0,1399.0,12,0.0,10.0,11.0,929.0,800.0,211.0,0.0,29,0.0,195.57,2400.0
6149,201409,1,496.0,12,0.0,0.0,0.0,,1000.0,,,50,0.0,,1850.0
6150,201404,0,1039.0,6,0.0,0.0,10.0,,500.0,751.14,0.0,56,0.0,244.65,500.0
6151,201409,1,184.0,12,0.0,0.0,0.0,,1000.0,,,47,0.0,,
6152,201411,1,2283.0,12,15.0,8.0,5.0,277.0,2700.0,70.0,0.0,68,9.0,,4000.0
6153,201412,1,3633.0,12,57.0,9.0,12.0,917.0,2200.0,1275.47,0.0,65,10.0,499.88,
6154,201412,0,2518.0,12,25.0,0.0,12.0,164.0,1000.0,562.87,166.94,74,7.0,138.66,
6155,201403,0,1196.0,12,0.0,2.0,12.0,495.0,2000.0,862.24,180.8,45,0.0,430.54,3860.0
6156,201411,0,433.0,6,0.0,0.0,0.0,,1000.0,,,55,0.0,,
6157,201408,0,1385.0,12,0.0,9.0,0.0,,700.0,,,44,0.0,,9328.74
6158,201406,0,299.0,12,0.0,0.0,0.0,,1000.0,,,41,0.0,,1000.0
6159,201404,1,831.0,12,0.0,0.0,4.0,,1500.0,646.75,114.86,41,0.0,252.08,5132.96
6160,201402,0,426.0,12,0.0,0.0,0.0,,1200.0,,,32,0.0,,3493.0
6161,201403,1,726.0,12,0.0,0.0,0.0,,2000.0,125.75,0.0,48,0.0,291.51,3000.0
6162,201404,0,4926.0,5,40.0,5.0,3.0,109.0,500.0,61.97,0.0,53,25.0,,10915.83
6163,201406,0,1026.0,12,0.0,0.0,4.0,,1500.0,257.88,73.52,55,0.0,,4430.66
6164,201409,0,1511.0,10,1.0,4.0,6.0,36.0,1400.0,239.94,0.0,54,1.0,,3640.0
6165,201403,0,558.0,12,0.0,0.0,0.0,,1000.0,,,54,0.0,,1000.0
6166,201402,0,2536.0,12,16.0,5.0,2.0,,689.0,45.98,0.0,45,3.0,,1378.0
6167,201412,0,5075.0,12,39.0,10.0,9.0,101.0,1300.0,119.97,0.0,69,34.0,181.62,4500.0
6168,201403,0,4149.0,12,11.0,0.0,2.0,,600.0,247.31,87.34,67,10.0,254.93,2100.0
6169,201410,0,294.0,12,0.0,0.0,0.0,,2200.0,,,73,0.0,,
6170,201403,0,425.0,8,0.0,0.0,0.0,,1000.0,,,65,0.0,,1000.0
6171,201403,0,3329.0,12,41.0,9.0,12.0,98.0,1100.0,533.62,127.78,48,19.0,76.66,5008.26
6172,201403,0,1617.0,12,5.0,9.0,0.0,1165.0,1300.0,,,71,1.0,,2300.0
6173,201408,0,1901.0,3,13.0,12.0,12.0,592.0,300.0,734.89,0.0,63,1.0,470.18,6856.4
6174,201402,1,935.0,12,0.0,0.0,7.0,,800.0,470.27,93.44,41,0.0,240.02,1680.97
6175,201407,1,498.0,12,0.0,0.0,0.0,,1397.26,,,19,0.0,0.0,1397.26
6176,201410,0,620.0,10,0.0,0.0,0.0,,600.0,,,40,0.0,43.21,
6177,201406,0,1672.0,12,5.0,9.0,2.0,257.0,1000.0,104.72,34.74,54,1.0,,2737.18
6178,201411,1,730.0,12,0.0,0.0,0.0,,500.0,16.18,0.0,63,0.0,82.27,1100.0
6179,201408,0,1202.0,12,0.0,3.0,4.0,229.0,3000.0,,,74,0.0,,13000.0
6180,201404,0,832.0,5,0.0,0.0,4.0,,300.0,236.23,69.28,70,0.0,256.14,800.0
6181,201401,0,3330.0,12,40.0,8.0,10.0,580.0,2161.0,330.58,0.0,40,4.0,786.13,4822.0
6182,201406,0,4906.0,12,63.0,9.0,12.0,723.0,1900.0,424.84,0.0,55,35.0,355.0,2900.0
6183,201409,0,980.0,12,0.0,0.0,8.0,,1500.0,572.98,55.53,61,0.0,70.43,4000.0
6184,201404,0,1628.0,6,5.0,6.0,9.0,274.0,500.0,,,55,1.0,60.94,2988.52
6185,201409,0,1533.0,6,2.0,12.0,11.0,233.0,500.0,468.64,45.18,49,1.0,275.63,
6186,201412,0,837.0,12,0.0,0.0,4.0,,1300.0,748.07,230.58,39,0.0,472.17,3479.0
6187,201412,0,620.0,12,0.0,0.0,0.0,,1600.0,,,41,0.0,33.9,1000.0
6188,201412,0,1262.0,12,0.0,3.0,12.0,423.0,1200.0,475.4,0.0,37,0.0,381.02,3000.0
6189,201411,0,320.0,12,0.0,0.0,0.0,,300.0,,,19,0.0,,
6190,201409,1,270.0,6,0.0,0.0,0.0,,500.0,,,46,0.0,,
6191,201408,1,421.0,12,0.0,0.0,0.0,,1912.43,,,33,0.0,,500.0
6192,201412,1,1088.0,4,0.0,0.0,11.0,64.0,300.0,288.89,0.0,26,0.0,24.43,
6193,201401,0,1584.0,12,3.0,8.0,12.0,345.0,2000.0,568.62,28.92,55,1.0,305.34,4000.0
6194,201404,0,4102.0,12,7.0,0.0,0.0,,500.0,,,35,8.0,,500.0
6195,201409,0,1116.0,5,0.0,3.0,10.0,167.0,1615.48,285.34,0.0,42,0.0,268.05,2290.0
6196,201410,0,3203.0,12,55.0,9.0,12.0,1721.0,1500.0,1056.78,46.17,46,3.0,1600.0,
6197,201404,1,513.0,12,0.0,0.0,0.0,,807.0,,,50,0.0,,807.0
6198,201408,0,4957.0,12,109.0,12.0,12.0,3068.0,500.0,3088.91,78.0,45,3.0,1915.01,500.0
6199,201405,0,419.0,12,0.0,0.0,0.0,,1600.0,,,69,0.0,,2600.0
6200,201408,1,210.0,12,0.0,0.0,0.0,,1848.16,,,30,0.0,,2098.16
6201,201407,1,1032.0,12,0.0,0.0,9.0,,2066.94,190.49,0.0,51,0.0,55.51,2066.94
6202,201406,0,1967.0,12,15.0,11.0,12.0,181.0,1000.0,270.88,0.0,61,2.0,333.63,1000.0
6203,201401,1,222.0,11,0.0,0.0,0.0,,716.32,,,66,0.0,,1432.64
6204,201407,0,627.0,10,0.0,0.0,0.0,,1274.75,,,32,0.0,0.0,1274.75
6205,201409,0,661.0,7,0.0,0.0,0.0,,1000.0,,,30,0.0,292.99,900.0
6206,201409,0,872.0,6,0.0,0.0,5.0,,400.0,94.1,0.0,49,0.0,36.81,
6207,201409,1,1280.0,12,0.0,5.0,10.0,651.0,1274.79,275.9,0.0,29,0.0,,
6208,201406,1,521.0,10,0.0,0.0,0.0,,802.7,,,37,0.0,,802.7
6209,201405,1,199.0,12,0.0,0.0,0.0,,1445.11,,,30,0.0,,1445.11
6210,201408,0,2981.0,6,38.0,9.0,12.0,254.0,1500.0,525.84,0.0,36,9.0,36.24,2500.0
6211,201411,0,1923.0,12,16.0,10.0,12.0,459.0,1750.0,195.92,0.0,59,2.0,238.95,2000.0
6212,201408,0,1707.0,12,5.0,8.0,12.0,219.0,1000.0,876.66,0.0,72,2.0,501.89,2600.0
6213,201408,0,239.0,12,0.0,0.0,0.0,,2000.0,,,32,0.0,,3001.81
6214,201406,0,837.0,12,0.0,0.0,4.0,,300.0,353.81,58.9,54,0.0,326.81,300.0
6215,201412,1,467.0,9,0.0,0.0,0.0,,900.0,,,33,0.0,,800.0
6216,201403,0,2072.0,12,16.0,5.0,12.0,281.0,1000.0,807.81,0.0,42,3.0,185.22,2200.0
6217,201402,0,2811.0,12,30.0,7.0,8.0,401.0,1000.0,191.93,0.0,48,12.0,,3400.0
6218,201408,0,351.0,12,0.0,0.0,0.0,,1000.0,,,67,0.0,,1000.0
6219,201401,0,2034.0,12,18.0,11.0,12.0,495.0,2500.0,330.0,0.0,24,1.0,454.2,6898.01
6220,201409,0,942.0,12,0.0,0.0,3.0,,1000.0,49.99,0.0,65,0.0,,299.5
6221,201408,0,713.0,12,0.0,0.0,0.0,,1350.0,,,72,0.0,69.34,2750.0
6222,201410,0,255.0,5,0.0,0.0,0.0,,200.0,,,65,0.0,,
6223,201403,0,-47.0,12,0.0,0.0,0.0,,500.0,,,30,0.0,0.0,500.0
6224,201406,0,811.0,10,0.0,0.0,3.0,,500.0,251.92,0.0,32,0.0,311.13,1100.0
6225,201404,0,1827.0,12,3.0,9.0,5.0,726.0,1100.0,,,64,4.0,143.84,5180.51
6226,201411,0,1195.0,12,0.0,1.0,10.0,173.0,1000.0,119.97,0.0,54,0.0,200.95,400.0
6227,201403,0,241.0,12,0.0,0.0,0.0,,400.0,,,27,0.0,,400.0
6228,201411,1,5190.0,12,93.0,5.0,3.0,476.0,700.0,183.95,0.0,45,16.0,221.77,
6229,201410,0,801.0,10,0.0,0.0,2.0,,500.0,98.94,24.99,32,0.0,37.74,
6230,201403,0,2128.0,10,14.0,0.0,0.0,,700.0,,,71,1.0,,700.0
6231,201409,0,771.0,12,0.0,0.0,2.0,,1000.0,137.92,0.0,54,0.0,594.31,
6232,201410,0,890.0,5,0.0,0.0,5.0,,2000.0,249.96,0.0,69,0.0,86.91,4500.0
6233,201407,1,1953.0,10,9.0,12.0,12.0,363.0,500.0,868.65,0.0,27,3.0,374.67,903.49
6234,201410,0,596.0,9,0.0,0.0,0.0,,380.0,,,49,0.0,92.48,370.0
6235,201404,1,852.0,12,0.0,0.0,4.0,,2000.0,354.83,82.93,30,0.0,350.31,2000.0
6236,201408,1,602.0,12,0.0,0.0,0.0,,961.71,,,31,0.0,107.67,961.71
6237,201406,1,3162.0,12,44.0,12.0,4.0,1843.0,2500.0,757.33,263.48,50,8.0,195.48,2500.0
6238,201412,1,1065.0,12,0.0,0.0,11.0,212.0,2000.0,501.56,158.25,52,0.0,608.86,5899.22
6239,201404,0,3207.0,12,24.0,0.0,8.0,,700.0,198.53,46.97,55,9.0,15.27,1600.0
6240,201412,0,301.0,3,0.0,0.0,0.0,,150.0,,,35,0.0,,232.81
6241,201408,0,2909.0,12,14.0,6.0,11.0,406.0,985.51,472.73,0.0,30,3.0,199.85,6085.67
6242,201404,0,1505.0,3,1.0,12.0,12.0,687.0,400.0,217.94,0.0,59,1.0,179.17,400.0
6243,201410,0,2703.0,10,31.0,9.0,12.0,1198.0,500.0,1117.73,0.0,46,10.0,737.88,
6244,201405,1,681.0,12,0.0,0.0,0.0,,1500.0,,,29,0.0,68.88,4487.92
6245,201411,0,4871.0,12,109.0,11.0,12.0,1050.0,1500.0,1676.37,0.0,44,4.0,688.79,
6246,201410,0,1409.0,12,0.0,11.0,12.0,873.0,500.0,848.66,170.85,45,1.0,248.97,
6247,201406,0,3129.0,12,47.0,12.0,8.0,515.0,1000.0,644.63,206.8,65,7.0,389.5,1000.0
6248,201405,0,723.0,12,0.0,0.0,0.0,,923.78,152.97,0.0,31,0.0,220.66,923.78
6249,201411,0,1382.0,12,0.0,9.0,12.0,461.0,3000.0,662.53,195.63,69,0.0,332.06,6000.0
6250,201409,1,2820.0,12,33.0,11.0,11.0,706.0,2000.0,908.79,247.01,45,3.0,280.34,937.58
6251,201409,0,991.0,10,0.0,0.0,8.0,,700.0,706.88,0.0,50,0.0,,500.0
6252,201404,1,335.0,6,0.0,0.0,5.0,,1000.0,,,38,0.0,,1814.78
6253,201403,0,3070.0,10,47.0,8.0,5.0,,1200.0,437.22,141.34,36,4.0,,1200.0
6254,201408,1,2150.0,12,19.0,6.0,4.0,221.0,1360.64,244.4,84.44,56,2.0,119.68,9437.39
6255,201404,0,295.0,12,0.0,0.0,0.0,,400.0,,,72,0.0,,400.0
6256,201401,0,479.0,12,0.0,0.0,0.0,,425.96,,,40,0.0,,851.92
6257,201408,1,996.0,12,0.0,0.0,9.0,227.0,986.01,89.95,0.0,41,0.0,403.47,3361.89
6258,201410,0,1360.0,12,0.0,4.0,12.0,661.0,400.0,899.6,271.8,63,0.0,100.0,1400.0
6259,201401,1,4018.0,12,13.0,1.0,0.0,,1000.0,,,53,18.0,,2400.0
6260,201404,0,3723.0,12,16.0,0.0,1.0,,3000.0,704.67,194.82,42,8.0,340.44,4600.0
6261,201402,0,184.0,12,0.0,0.0,0.0,,1560.0,,,30,0.0,,5551.04
6262,201409,0,198.0,12,0.0,0.0,0.0,,1000.0,,,40,0.0,,
6263,201403,0,1168.0,12,0.0,1.0,11.0,374.0,800.0,625.32,153.92,41,0.0,,2272.58
6264,201405,1,2005.0,12,15.0,8.0,11.0,529.0,1500.0,311.89,0.0,68,4.0,195.0,2410.0
6265,201405,0,715.0,12,0.0,0.0,0.0,,1140.41,612.58,124.65,28,0.0,517.46,1140.41
6266,201409,0,1541.0,12,2.0,12.0,12.0,871.0,1000.0,2353.17,0.0,45,1.0,1202.29,
6267,201407,0,1244.0,12,0.0,3.0,4.0,141.0,1000.0,149.98,0.0,53,0.0,232.27,1000.0
6268,201401,1,783.0,8,0.0,0.0,2.0,,400.0,222.9,0.0,55,0.0,327.65,800.0
6269,201412,0,238.0,6,0.0,0.0,0.0,,1000.0,,,57,0.0,,
6270,201411,0,770.0,6,0.0,0.0,1.0,,1000.0,660.6,188.72,52,0.0,272.96,
6271,201409,0,3256.0,12,50.0,12.0,12.0,335.0,2000.0,459.46,0.0,45,9.0,432.0,
6272,201407,0,2884.0,12,44.0,9.0,12.0,976.0,300.0,1096.17,68.46,27,2.0,260.0,300.0
6273,201408,0,1857.0,12,6.0,6.0,11.0,316.0,1500.0,696.74,44.24,64,8.0,265.0,5600.0
6274,201402,1,321.0,12,0.0,0.0,0.0,,2000.0,,,40,0.0,,4000.0
6275,201402,0,2155.0,6,13.0,11.0,10.0,1594.0,600.0,1214.23,0.0,26,2.0,332.27,730.0
6276,201412,0,72.0,12,0.0,0.0,0.0,,1000.0,,,27,0.0,,
6277,201401,1,320.0,12,0.0,0.0,0.0,,1380.67,,,30,0.0,,2761.34
6278,201406,0,3434.0,12,20.0,0.0,9.0,,2100.0,504.56,0.0,46,20.0,296.95,5500.0
6279,201407,0,1009.0,12,0.0,0.0,9.0,,3000.0,116.92,0.0,49,0.0,53.94,3000.0
6280,201405,0,2460.0,10,24.0,8.0,12.0,625.0,931.92,841.74,0.0,53,6.0,2026.19,931.92
6281,201406,1,882.0,12,0.0,0.0,5.0,,893.63,314.96,0.0,46,0.0,337.85,893.63
6282,201412,1,1599.0,10,4.0,5.0,12.0,559.0,1000.0,519.81,0.0,23,1.0,481.13,
6283,201411,0,2010.0,12,18.0,12.0,5.0,688.0,1000.0,574.83,0.0,46,1.0,,2800.0
6284,201406,1,446.0,12,0.0,0.0,0.0,,3000.0,,,59,0.0,,5000.0
6285,201406,1,1051.0,12,0.0,0.0,10.0,,958.42,588.92,0.0,33,0.0,575.12,958.42
6286,201407,0,3114.0,10,52.0,12.0,11.0,1236.0,1000.0,1037.67,0.0,47,3.0,581.3,1500.0
6287,201405,0,2566.0,12,19.0,9.0,11.0,725.0,1500.0,1117.61,0.0,58,6.0,488.61,1500.0
6288,201411,0,4405.0,12,30.0,8.0,12.0,326.0,1000.0,451.92,138.1,68,12.0,338.53,3600.0
6289,201412,0,165.0,12,0.0,0.0,0.0,,2000.0,,,45,0.0,,
6290,201412,0,3607.0,12,51.0,11.0,12.0,312.0,2209.0,2350.56,645.93,58,7.0,1605.04,10000.0
6291,201401,0,2090.0,3,16.0,8.0,8.0,107.0,400.0,189.93,0.0,29,2.0,98.74,3567.98
6292,201408,0,1172.0,12,0.0,2.0,12.0,594.0,2000.0,1417.68,0.0,44,0.0,603.54,9000.0
6293,201409,0,3416.0,12,35.0,0.0,0.0,,1948.83,,,46,17.0,49.09,
6294,201404,0,2933.0,6,19.0,11.0,11.0,491.0,600.0,234.33,0.0,30,7.0,264.9,600.0
6295,201408,0,476.0,6,0.0,0.0,0.0,,400.0,,,31,0.0,,400.0
6296,201406,1,2512.0,12,16.0,10.0,12.0,934.0,1733.0,868.62,226.37,60,18.0,577.64,6173.69
6297,201405,1,332.0,12,0.0,0.0,0.0,,1000.0,,,57,0.0,,1000.0
6298,201411,0,2648.0,12,30.0,11.0,12.0,410.0,1000.0,1095.58,388.69,45,9.0,933.93,4400.0
6299,201403,0,934.0,12,0.0,0.0,7.0,,500.0,215.19,0.0,39,0.0,59.8,500.0
6300,201411,0,3379.0,12,57.0,12.0,12.0,2022.0,1000.0,1268.58,0.0,63,6.0,698.68,
6301,201402,0,2992.0,12,34.0,11.0,1.0,624.0,2500.0,,,62,14.0,316.07,2500.0
6302,201401,1,1378.0,12,0.0,8.0,12.0,847.0,944.96,629.87,0.0,39,0.0,88.21,1889.92
6303,201407,0,517.0,12,0.0,0.0,0.0,,1000.0,,,70,0.0,,1000.0
6304,201411,0,1155.0,10,0.0,1.0,12.0,286.0,500.0,785.68,256.89,26,0.0,230.33,500.0
6305,201408,0,2739.0,12,33.0,8.0,10.0,336.0,1000.0,149.96,0.0,44,4.0,61.46,2000.0
6306,201410,0,883.0,12,0.0,0.0,5.0,,1350.0,481.6,156.68,58,0.0,212.25,2600.0
6307,201406,1,1380.0,12,1.0,10.0,12.0,212.0,500.0,1075.19,304.73,31,1.0,608.05,500.0
6308,201403,1,567.0,12,0.0,0.0,0.0,,2249.3,,,48,0.0,0.0,2249.3
6309,201404,0,686.0,12,0.0,0.0,0.0,,1000.0,,,51,0.0,157.82,1600.0
6310,201412,0,818.0,12,0.0,0.0,3.0,,1000.0,776.15,70.6,56,0.0,632.56,2000.0
6311,201410,0,2055.0,12,22.0,6.0,9.0,124.0,1000.0,400.16,122.22,43,1.0,327.3,1200.0
6312,201412,0,1119.0,12,0.0,0.0,12.0,277.0,2000.0,908.7,0.0,50,0.0,480.0,10700.0
6313,201404,0,267.0,12,0.0,0.0,0.0,,465.25,,,28,0.0,,465.25
6314,201410,0,1634.0,9,5.0,12.0,11.0,668.0,2000.0,675.82,0.0,65,1.0,617.17,
6315,201411,1,3786.0,12,3.0,0.0,0.0,,2000.0,,,36,2.0,,600.0
6316,201411,0,5045.0,12,72.0,0.0,7.0,,1500.0,313.91,0.0,48,17.0,227.63,3138.0
6317,201406,1,377.0,6,0.0,0.0,0.0,,500.0,,,42,0.0,,900.0
6318,201406,0,474.0,12,0.0,0.0,0.0,,1500.0,,,53,0.0,,2000.0
6319,201412,0,742.0,12,0.0,0.0,1.0,,1200.0,203.36,0.0,62,0.0,296.02,1000.0
6320,201408,1,490.0,12,0.0,0.0,0.0,,1000.0,,,61,0.0,0.0,2000.0
6321,201402,0,4778.0,12,93.0,9.0,11.0,419.0,1152.22,1446.37,0.0,63,11.0,1028.28,2304.44
6322,201411,0,3635.0,4,6.0,0.0,0.0,,500.0,,,62,10.0,,
6323,201406,0,664.0,12,0.0,0.0,0.0,,1000.0,,,28,0.0,88.98,1000.0
6324,201402,0,4523.0,12,70.0,3.0,5.0,,1500.0,734.62,248.8,61,27.0,444.57,1500.0
6325,201404,0,2600.0,12,12.0,1.0,0.0,,1500.0,,,60,6.0,,3100.0
6326,201411,0,4041.0,3,66.0,8.0,12.0,463.0,200.0,540.83,0.0,57,20.0,564.0,
6327,201403,0,3000.0,12,8.0,0.0,7.0,,1232.03,274.04,66.18,38,4.0,0.0,1232.03
6328,201410,0,1581.0,12,3.0,9.0,9.0,432.0,1325.67,394.97,0.0,50,1.0,123.0,2000.0
6329,201410,1,3258.0,6,28.0,1.0,0.0,,400.0,,,37,11.0,84.63,
6330,201404,0,302.0,7,0.0,0.0,0.0,,400.0,,,54,0.0,,400.0
6331,201410,0,2609.0,10,19.0,5.0,12.0,199.0,1000.0,472.64,0.0,67,12.0,216.92,
6332,201404,0,199.0,10,0.0,0.0,0.0,,500.0,,,43,0.0,,500.0
6333,201402,0,352.0,12,0.0,0.0,0.0,,801.03,,,28,0.0,,1602.06
6334,201409,0,1694.0,6,2.0,4.0,11.0,300.0,1000.0,455.87,0.0,31,1.0,349.74,500.0
6335,201411,0,1458.0,12,0.0,3.0,10.0,,1000.0,479.8,0.0,49,1.0,,200.0
6336,201409,0,1734.0,6,7.0,11.0,11.0,905.0,1000.0,999.63,0.0,52,2.0,298.94,
6337,201410,0,2571.0,10,10.0,4.0,4.0,95.0,1500.0,,,52,3.0,90.73,5700.0
6338,201407,0,497.0,12,0.0,0.0,0.0,,944.5,,,32,0.0,,944.5
6339,201401,0,4314.0,12,10.0,11.0,12.0,603.0,1000.0,517.85,0.0,42,11.0,317.18,2000.0
6340,201411,0,3274.0,12,42.0,0.0,11.0,,1500.0,189.96,0.0,46,6.0,87.75,2000.0
6341,201412,0,4841.0,10,108.0,12.0,12.0,1592.0,1350.0,1640.89,71.33,45,3.0,1176.7,
6342,201409,1,343.0,12,0.0,0.0,0.0,,2359.9,,,52,0.0,,4342.84
6343,201403,1,674.0,12,0.0,0.0,0.0,,1197.92,,,57,0.0,331.72,1197.92
6344,201411,0,5113.0,8,100.0,1.0,1.0,,2000.0,,,56,11.0,,1200.0
6345,201403,0,850.0,12,0.0,0.0,4.0,,2000.0,432.89,0.0,54,0.0,390.97,8000.0
6346,201412,0,244.0,12,0.0,0.0,0.0,,1000.0,,,46,0.0,,
6347,201407,0,2180.0,6,22.0,11.0,12.0,736.0,500.0,1549.47,432.01,52,2.0,826.67,8600.0
6348,201408,1,396.0,12,0.0,0.0,0.0,,500.0,,,39,0.0,,500.0
6349,201404,0,282.0,12,0.0,0.0,0.0,,1000.0,,,19,0.0,,1508.86
6350,201412,1,1545.0,12,3.0,6.0,11.0,385.0,2000.0,,,28,1.0,221.38,311.9
6351,201405,0,2022.0,12,13.0,9.0,10.0,416.0,1000.0,1018.56,164.35,51,6.0,423.09,1000.0
6352,201411,0,352.0,12,0.0,0.0,0.0,,1260.34,,,25,0.0,,
6353,201410,1,690.0,12,0.0,0.0,0.0,,1500.0,,,56,0.0,206.11,
6354,201404,0,1974.0,12,5.0,9.0,1.0,201.0,2000.0,,,44,2.0,28.98,2263.85
6355,201408,0,193.0,12,0.0,0.0,0.0,,2000.0,,,53,0.0,,4069.08
6356,201401,1,449.0,5,0.0,0.0,0.0,,468.0,,,24,0.0,,936.0
6357,201402,0,2849.0,12,16.0,0.0,9.0,,1000.0,534.97,0.0,55,3.0,218.79,6039.99
6358,201406,0,549.0,12,0.0,0.0,0.0,,1000.0,,,45,0.0,,1813.59
6359,201412,0,3887.0,12,50.0,11.0,12.0,850.0,1920.39,2088.91,531.33,40,15.0,1297.41,
6360,201407,0,2691.0,5,39.0,12.0,12.0,424.0,200.0,325.05,19.16,50,1.0,321.45,200.0
6361,201405,0,321.0,10,0.0,0.0,0.0,,399.0,,,38,0.0,,2241.84
6362,201409,0,505.0,4,0.0,0.0,0.0,,1000.0,,,41,0.0,,200.0
6363,201409,0,2487.0,10,18.0,7.0,10.0,637.0,1000.0,678.08,195.41,51,15.0,236.69,4728.67
6364,201411,1,256.0,12,0.0,0.0,0.0,,1000.0,,,48,0.0,,
6365,201411,1,5064.0,12,79.0,11.0,12.0,369.0,2000.0,729.72,239.55,62,14.0,230.0,
6366,201402,0,2567.0,12,22.0,1.0,3.0,,1500.0,365.94,0.0,34,5.0,420.44,7800.0
6367,201407,1,218.0,12,0.0,0.0,0.0,,1000.0,,,39,0.0,,1000.0
6368,201410,0,335.0,12,0.0,0.0,0.0,,1800.0,,,70,0.0,,2000.0
6369,201403,0,1513.0,3,1.0,8.0,10.0,287.0,400.0,436.81,0.0,39,1.0,248.03,1800.0
6370,201410,0,3169.0,4,3.0,0.0,0.0,,400.0,,,38,6.0,,
6371,201412,0,533.0,12,0.0,0.0,0.0,,1000.0,,,64,0.0,,8154.53
6372,201411,0,4927.0,12,77.0,9.0,12.0,1083.0,1000.0,1084.25,159.68,58,33.0,553.0,3000.0
6373,201403,0,819.0,12,0.0,0.0,3.0,,800.0,439.71,100.85,41,0.0,318.69,800.0
6374,201406,0,1092.0,12,0.0,0.0,11.0,259.0,500.0,550.41,197.54,57,0.0,362.42,1473.02
6375,201404,0,924.0,12,0.0,0.0,7.0,,1500.0,528.18,185.0,40,0.0,377.14,1500.0
6376,201402,1,1535.0,12,2.0,7.0,11.0,238.0,1500.0,404.76,135.88,38,1.0,246.91,4000.0
6377,201401,1,400.0,12,0.0,0.0,0.0,,1000.0,,,51,0.0,,3000.0
6378,201410,0,507.0,3,0.0,0.0,0.0,,1346.99,,,48,0.0,,1500.0
6379,201406,0,1442.0,6,0.0,7.0,0.0,31.0,400.0,,,69,0.0,,3875.44
6380,201407,0,522.0,12,0.0,0.0,0.0,,2000.0,,,57,0.0,,4000.0
6381,201401,0,319.0,12,0.0,0.0,0.0,,800.0,,,55,0.0,,800.0
6382,201404,0,1199.0,6,0.0,2.0,6.0,333.0,1000.0,,,46,0.0,0.0,1000.0
6383,201412,0,175.0,6,0.0,0.0,0.0,,500.0,,,67,0.0,,
6384,201410,1,885.0,3,0.0,0.0,4.0,,1000.0,753.31,184.17,63,0.0,895.89,
6385,201406,0,759.0,5,0.0,0.0,0.0,,600.0,89.99,0.0,64,0.0,184.87,600.0
6386,201411,0,668.0,12,0.0,0.0,0.0,,1000.0,,,68,0.0,108.24,6000.0
6387,201402,1,615.0,12,0.0,0.0,0.0,,2627.0,,,49,0.0,70.39,6284.81
6388,201411,0,3491.0,10,40.0,7.0,6.0,629.0,1000.0,429.89,0.0,41,10.0,811.18,468.65
6389,201409,0,140.0,12,0.0,0.0,0.0,,2000.0,,,35,0.0,,
6390,201407,1,1372.0,12,0.0,4.0,6.0,461.0,1756.36,176.54,0.0,43,0.0,158.71,2928.25
6391,201409,0,824.0,12,0.0,0.0,3.0,,3000.0,58.49,0.0,76,0.0,,5392.12
6392,201402,0,1061.0,8,0.0,0.0,9.0,113.0,1000.0,181.93,0.0,43,0.0,44.04,2500.0
6393,201402,0,1597.0,12,1.0,0.0,0.0,,1000.0,,,36,2.0,,2500.0
6394,201407,0,2707.0,12,35.0,7.0,12.0,1458.0,2000.0,1035.85,0.0,51,4.0,685.23,3000.0
6395,201411,0,1005.0,12,0.0,0.0,9.0,,2000.0,1209.01,149.75,55,0.0,786.16,2280.0
6396,201402,0,3517.0,3,8.0,0.0,9.0,75.0,200.0,103.95,33.79,32,4.0,91.41,400.0
6397,201405,1,619.0,12,0.0,0.0,0.0,,1000.0,,,36,0.0,125.04,2026.89
6398,201412,0,276.0,12,0.0,0.0,0.0,,2193.23,,,31,0.0,,
6399,201411,0,2149.0,7,14.0,0.0,1.0,,1200.0,,,54,6.0,0.0,
6400,201410,0,1446.0,3,0.0,10.0,6.0,189.0,298.72,225.26,70.29,31,0.0,101.0,
6401,201402,0,516.0,12,0.0,0.0,0.0,,1000.0,,,40,0.0,,2000.0
6402,201404,0,228.0,12,0.0,0.0,0.0,,450.0,,,52,0.0,,450.0
6403,201407,1,490.0,12,0.0,0.0,0.0,,1500.0,,,41,0.0,,1500.0
6404,201410,0,340.0,3,0.0,0.0,0.0,,300.0,,,31,0.0,,
6405,201412,0,552.0,12,0.0,0.0,0.0,,1000.0,,,67,0.0,,1000.0
6406,201407,0,2605.0,12,1.0,7.0,9.0,101.0,1200.0,208.25,64.34,55,1.0,,2200.0
6407,201410,1,435.0,12,0.0,0.0,0.0,,979.34,,,36,0.0,,
6408,201408,0,837.0,12,0.0,0.0,4.0,,500.0,398.97,0.0,30,0.0,328.36,759.2
6409,201406,0,4838.0,12,97.0,7.0,12.0,509.0,714.0,1109.92,318.56,56,15.0,636.55,2014.0
6410,201412,0,568.0,5,0.0,0.0,0.0,,389.0,,,31,0.0,62.55,
6411,201402,1,410.0,12,0.0,0.0,0.0,,612.3,,,61,0.0,,1224.6
6412,201401,0,351.0,3,0.0,0.0,0.0,,235.2,,,30,0.0,,470.4
6413,201402,0,1762.0,12,7.0,10.0,12.0,445.0,400.0,1094.41,0.0,52,3.0,310.97,800.0
6414,201401,1,1540.0,12,2.0,7.0,9.0,172.0,2900.69,413.59,113.24,54,1.0,372.22,10262.38
6415,201405,0,1233.0,12,0.0,3.0,12.0,349.0,1800.0,648.85,171.02,38,0.0,100.0,4876.68
6416,201405,0,679.0,10,0.0,0.0,0.0,,800.0,,,30,0.0,213.46,1800.0
6417,201401,0,1521.0,12,0.0,11.0,12.0,506.0,1000.0,487.45,24.08,64,2.0,252.55,2000.0
6418,201409,0,2684.0,12,37.0,12.0,12.0,898.0,935.0,1160.33,136.86,70,4.0,1091.0,3000.0
6419,201404,0,1047.0,10,0.0,0.0,10.0,,1000.0,946.41,23.84,40,0.0,370.88,1321.64
6420,201407,1,2484.0,12,22.0,8.0,3.0,,1000.0,,,40,3.0,,3000.0
6421,201406,0,2309.0,10,28.0,12.0,12.0,2185.0,800.0,887.99,256.17,64,1.0,220.0,2600.0
6422,201404,0,764.0,12,0.0,0.0,6.0,,1000.0,293.28,101.35,53,0.0,203.59,
6423,201401,0,1992.0,4,16.0,9.0,12.0,1004.0,400.0,424.87,0.0,29,2.0,590.93,4620.0
6424,201407,1,251.0,12,0.0,0.0,0.0,,898.59,,,37,0.0,,1904.87
6425,201412,0,2786.0,10,17.0,0.0,0.0,,1500.0,185.91,0.0,46,8.0,229.47,3700.0
6426,201408,0,1115.0,5,0.0,0.0,8.0,48.0,500.0,266.28,0.0,48,0.0,235.34,1200.0
6427,201408,0,743.0,12,0.0,0.0,1.0,,1500.0,329.91,0.0,74,0.0,239.49,3500.0
6428,201402,0,2290.0,12,6.0,0.0,3.0,,2000.0,105.96,0.0,51,2.0,73.62,6216.25
6429,201404,0,203.0,12,0.0,0.0,0.0,,1000.0,,,58,0.0,,1000.0
6430,201409,0,1564.0,12,4.0,12.0,12.0,304.0,1461.45,456.68,121.2,33,1.0,408.98,3050.0
6431,201404,0,2047.0,12,12.0,9.0,12.0,459.0,1000.0,463.78,0.0,42,3.0,146.49,2000.0
6432,201408,1,184.0,12,0.0,0.0,0.0,,800.0,,,64,0.0,,
6433,201412,0,847.0,12,0.0,0.0,4.0,,3000.0,551.58,78.86,71,0.0,628.84,6900.0
6434,201405,0,737.0,10,0.0,0.0,0.0,,2000.0,445.89,0.0,61,0.0,483.59,2000.0
6435,201407,0,931.0,12,0.0,0.0,6.0,,1297.0,378.1,0.0,56,0.0,197.74,2797.0
6436,201404,0,1351.0,12,0.0,6.0,8.0,503.0,600.0,,,29,0.0,,3235.3
6437,201404,0,846.0,5,0.0,0.0,4.0,,500.0,461.27,0.0,44,0.0,149.31,1110.0
6438,201411,0,2113.0,8,20.0,10.0,12.0,737.0,1155.79,1063.57,0.0,30,6.0,608.42,
6439,201404,0,590.0,12,0.0,0.0,0.0,,1000.0,,,41,0.0,331.14,1000.0
6440,201402,0,419.0,12,0.0,0.0,0.0,,600.0,,,40,0.0,,1200.0
6441,201404,0,2514.0,12,28.0,11.0,12.0,751.0,1500.0,935.95,222.18,68,3.0,785.0,3500.0
6442,201412,0,3310.0,12,29.0,12.0,7.0,343.0,2474.87,79.98,0.0,45,31.0,,3941.96
6443,201407,0,679.0,12,0.0,0.0,0.0,,400.0,,,37,0.0,107.83,700.0
6444,201409,0,2474.0,12,22.0,5.0,11.0,,1500.0,702.78,0.0,59,5.0,435.07,1600.0
6445,201403,1,637.0,6,0.0,0.0,0.0,,328.0,,,37,0.0,70.4,328.0
6446,201406,0,3881.0,12,40.0,2.0,1.0,227.0,1000.0,,,44,10.0,,6782.68
6447,201402,0,1541.0,12,2.0,12.0,12.0,461.0,1461.73,694.02,99.94,46,1.0,507.74,2923.46
6448,201402,0,1442.0,12,0.0,10.0,12.0,356.0,1300.0,695.31,235.42,56,0.0,400.8,4300.0
6449,201411,1,378.0,12,0.0,0.0,0.0,,1000.0,,,68,0.0,,
6450,201405,0,4342.0,12,76.0,11.0,6.0,628.0,1000.0,540.77,0.0,39,12.0,293.0,2000.0
6451,201409,1,2411.0,12,25.0,11.0,12.0,666.0,1000.0,322.53,64.09,60,3.0,164.06,1200.0
6452,201412,0,208.0,12,0.0,0.0,0.0,,800.0,,,50,0.0,,
6453,201404,0,3036.0,3,32.0,5.0,12.0,121.0,200.0,1282.55,0.0,49,15.0,950.0,200.0
6454,201405,0,980.0,12,0.0,0.0,8.0,,1664.17,668.93,168.76,36,0.0,344.84,1664.17
6455,201407,0,770.0,12,0.0,0.0,2.0,,1500.0,283.64,93.7,71,0.0,288.03,2800.0
6456,201402,0,254.0,3,0.0,0.0,0.0,,230.0,,,28,0.0,,460.0
6457,201408,0,2938.0,12,45.0,12.0,11.0,328.0,700.0,383.75,118.34,59,4.0,234.5,1400.0
6458,201409,0,1128.0,10,0.0,3.0,12.0,278.0,500.0,367.9,0.0,67,0.0,,
6459,201410,0,3414.0,6,40.0,5.0,7.0,215.0,1400.0,421.91,0.0,68,4.0,471.24,6400.0
6460,201409,0,490.0,6,0.0,0.0,0.0,,300.0,,,56,0.0,,
6461,201406,0,3058.0,12,2.0,0.0,0.0,,1303.64,,,43,6.0,,1303.64
6462,201403,1,359.0,12,0.0,0.0,0.0,,500.0,,,34,0.0,,500.0
6463,201411,0,1805.0,12,7.0,3.0,0.0,,2000.0,,,58,3.0,,4000.0
6464,201412,1,405.0,12,0.0,0.0,0.0,,1500.0,,,37,0.0,,
6465,201401,0,1506.0,12,0.0,12.0,12.0,467.0,1600.0,664.96,61.28,54,1.0,401.54,9313.9
6466,201403,1,815.0,10,0.0,0.0,4.0,,700.0,375.92,121.01,40,0.0,330.31,1649.14
6467,201404,0,2314.0,12,21.0,7.0,12.0,629.0,2000.0,631.92,118.09,41,7.0,849.84,3642.62
6468,201407,1,130.0,12,0.0,0.0,0.0,,1065.02,,,51,0.0,,1065.02
6469,201401,1,3745.0,12,8.0,12.0,12.0,482.0,2900.69,372.93,0.0,32,24.0,283.0,9717.38
6470,201404,0,867.0,12,0.0,0.0,4.0,,1700.0,550.53,0.0,68,0.0,537.7,4552.18
6471,201407,0,2419.0,12,17.0,0.0,0.0,,1000.0,324.64,118.69,45,10.0,99.51,3000.0
6472,201406,1,1267.0,12,0.0,2.0,12.0,470.0,700.0,292.19,105.24,49,0.0,208.26,2400.0
6473,201403,0,571.0,10,0.0,0.0,0.0,,1200.0,,,39,0.0,0.0,1200.0
6474,201407,0,4927.0,12,76.0,12.0,11.0,1447.0,1000.0,495.85,0.0,50,26.0,363.25,1000.0
6475,201410,1,1644.0,10,5.0,12.0,9.0,517.0,1000.0,186.35,0.0,39,1.0,165.95,
6476,201410,1,320.0,12,0.0,0.0,0.0,,350.0,,,55,0.0,,
6477,201402,0,3773.0,12,63.0,10.0,12.0,1362.0,1426.68,1841.55,0.0,49,14.0,1171.74,2853.36
6478,201402,0,322.0,12,0.0,0.0,0.0,,1000.0,,,37,0.0,,2000.0
6479,201402,1,455.0,12,0.0,0.0,0.0,,887.58,,,47,0.0,,1775.16
6480,201402,0,600.0,12,0.0,0.0,0.0,,1000.0,,,78,0.0,16.94,2000.0
6481,201405,0,4552.0,12,72.0,8.0,12.0,197.0,1200.0,397.87,0.0,42,18.0,217.61,2866.72
6482,201402,1,562.0,5,0.0,0.0,0.0,,300.0,,,32,0.0,,600.0
6483,201405,0,1634.0,12,6.0,11.0,12.0,988.0,1841.62,971.07,0.0,37,1.0,368.0,6221.46
6484,201410,0,4730.0,12,7.0,0.0,4.0,,1344.32,359.91,0.0,43,14.0,294.51,
6485,201412,1,340.0,12,0.0,0.0,0.0,,550.0,,,35,0.0,,
6486,201410,1,2229.0,12,6.0,5.0,1.0,500.0,2000.0,,,38,2.0,,1000.0
6487,201405,1,516.0,12,0.0,0.0,0.0,,1000.0,,,30,0.0,,2341.68
6488,201409,1,712.0,12,0.0,0.0,0.0,,1500.0,,,55,0.0,310.8,
6489,201410,0,302.0,5,0.0,0.0,0.0,,200.0,,,28,0.0,,
6490,201401,0,2580.0,12,28.0,11.0,3.0,378.0,1000.0,61.97,0.0,64,9.0,93.01,2900.0
6491,201408,0,3481.0,10,1.0,0.0,8.0,59.0,600.0,,,68,1.0,40.7,3650.0
6492,201411,0,1817.0,12,11.0,12.0,12.0,802.0,2000.0,1212.86,306.28,63,1.0,656.17,4500.0
6493,201407,0,1318.0,12,0.0,5.0,6.0,240.0,2700.0,,,54,0.0,,20273.54
6494,201403,1,3852.0,12,54.0,6.0,5.0,75.0,1000.0,,,57,12.0,,4700.0
6495,201406,1,466.0,12,0.0,0.0,0.0,,2470.0,,,57,0.0,,7452.33
6496,201409,0,3966.0,6,52.0,2.0,12.0,781.0,1366.0,1438.63,0.0,35,12.0,504.6,1676.0
6497,201411,1,1179.0,12,0.0,2.0,12.0,194.0,2000.0,433.8,43.32,51,0.0,41.64,7200.0
6498,201408,0,3504.0,12,16.0,0.0,1.0,,1400.0,39.99,0.0,62,16.0,118.11,1400.0
6499,201411,0,2018.0,3,14.0,10.0,12.0,151.0,500.0,49.98,0.0,51,5.0,180.78,1000.0
6500,201402,1,3154.0,9,4.0,0.0,0.0,,1000.0,,,31,4.0,,2000.0
6501,201408,0,1073.0,8,0.0,0.0,12.0,,1000.0,981.81,0.0,46,0.0,597.49,1000.0
6502,201404,0,429.0,3,0.0,0.0,0.0,,200.0,,,48,0.0,,200.0
6503,201403,0,3375.0,12,5.0,0.0,0.0,,1500.0,,,66,6.0,72.97,2350.0
6504,201407,0,431.0,5,0.0,0.0,0.0,,1200.0,,,70,0.0,,2200.0
6505,201404,0,973.0,12,0.0,0.0,8.0,,600.0,336.34,36.14,57,0.0,412.19,600.0
6506,201401,0,2675.0,12,36.0,9.0,12.0,976.0,2400.0,801.63,125.94,50,5.0,795.0,7800.0
6507,201401,0,2952.0,12,27.0,10.0,12.0,183.0,1000.0,721.16,74.49,27,11.0,393.5,2000.0
6508,201412,0,3797.0,12,55.0,5.0,0.0,377.0,1000.0,,,64,21.0,,500.0
6509,201408,1,342.0,12,0.0,0.0,0.0,,700.0,,,33,0.0,,1700.0
6510,201409,1,1236.0,12,0.0,4.0,12.0,393.0,1000.0,200.62,60.66,64,0.0,125.0,500.0
6511,201405,1,967.0,12,0.0,0.0,8.0,,1500.0,413.33,113.66,45,0.0,267.03,2000.0
6512,201401,0,2237.0,12,18.0,9.0,9.0,767.0,986.22,147.95,0.0,73,6.0,94.03,1972.44
6513,201409,0,1763.0,10,8.0,1.0,0.0,,3000.0,551.53,191.65,71,2.0,444.43,
6514,201408,0,1425.0,12,0.0,7.0,10.0,627.0,1000.0,688.95,189.01,31,0.0,447.83,1000.0
6515,201401,0,197.0,12,0.0,0.0,0.0,,1000.0,,,38,0.0,,2000.0
6516,201411,0,3810.0,12,60.0,9.0,0.0,,1000.0,,,38,18.0,,
6517,201409,1,2616.0,8,24.0,4.0,2.0,95.0,700.0,,,37,5.0,,4400.0
6518,201405,1,687.0,12,0.0,0.0,0.0,,900.0,,,29,0.0,236.66,900.0
6519,201408,0,1241.0,4,0.0,4.0,12.0,327.0,350.0,292.85,0.0,43,0.0,116.63,350.0
6520,201411,1,274.0,8,0.0,0.0,0.0,,200.0,,,37,0.0,,
6521,201411,0,254.0,12,0.0,0.0,0.0,,600.0,,,48,0.0,,
6522,201412,0,3648.0,5,68.0,12.0,11.0,906.0,300.0,858.64,62.84,63,5.0,629.56,
6523,201409,0,1792.0,8,9.0,0.0,0.0,,250.0,,,53,1.0,,
6524,201412,0,357.0,12,0.0,0.0,0.0,,1006.59,,,55,0.0,,
6525,201403,0,177.0,12,0.0,0.0,0.0,,1400.0,,,52,9.0,,2577.72
6526,201409,1,558.0,12,0.0,0.0,0.0,,3000.0,,,66,0.0,,
6527,201401,1,258.0,12,0.0,0.0,0.0,,936.89,,,43,0.0,,1873.78
6528,201405,0,207.0,9,0.0,0.0,0.0,,500.0,,,55,0.0,,500.0
6529,201401,0,763.0,12,0.0,0.0,1.0,,2000.0,205.94,0.0,40,0.0,261.16,4000.0
6530,201405,0,701.0,12,0.0,0.0,0.0,,700.0,,,50,0.0,125.38,700.0
6531,201406,0,1038.0,8,0.0,0.0,12.0,,400.0,822.2,139.84,57,0.0,279.23,2900.0
6532,201411,1,1857.0,6,12.0,12.0,12.0,774.0,1000.0,780.68,37.86,38,1.0,401.61,3500.0
6533,201411,1,513.0,12,0.0,0.0,0.0,,800.0,,,32,0.0,,
6534,201405,0,233.0,12,0.0,0.0,0.0,,1500.0,,,42,0.0,,3300.0
6535,201403,0,517.0,12,0.0,0.0,0.0,,642.77,,,50,0.0,,642.77
6536,201406,0,3303.0,12,43.0,8.0,12.0,716.0,1500.0,340.87,0.0,56,17.0,134.63,1500.0
6537,201410,1,498.0,12,0.0,0.0,0.0,,1500.0,,,60,0.0,0.0,3347.87
6538,201401,0,2330.0,12,12.0,0.0,0.0,,500.0,,,57,11.0,,1000.0
6539,201406,1,528.0,12,0.0,0.0,0.0,,1500.0,,,29,0.0,,1500.0
6540,201404,0,1250.0,12,0.0,4.0,2.0,452.0,1800.0,,,58,0.0,,2800.0
6541,201403,0,978.0,12,0.0,0.0,7.0,,3000.0,1294.15,0.0,33,0.0,,3160.0
6542,201405,0,1030.0,9,0.0,0.0,7.0,,800.0,988.55,212.65,36,0.0,244.32,800.0
6543,201410,0,379.0,12,0.0,0.0,0.0,,900.0,,,29,0.0,,2000.0
6544,201407,1,1136.0,12,0.0,0.0,12.0,318.0,950.0,430.92,0.0,31,0.0,194.99,3409.07
6545,201406,0,4925.0,5,66.0,10.0,12.0,673.0,400.0,466.51,0.0,45,21.0,165.52,600.0
6546,201406,1,3803.0,12,21.0,4.0,5.0,128.0,1400.0,,,32,5.0,,1400.0
6547,201410,1,3270.0,12,30.0,9.0,12.0,1047.0,2000.0,1340.39,156.85,45,14.0,705.68,500.0
6548,201403,0,4865.0,12,104.0,12.0,12.0,594.0,2000.0,469.29,125.07,53,4.0,388.93,3000.0
6549,201402,1,233.0,3,0.0,0.0,0.0,,278.16,,,32,0.0,,278.16
6550,201402,0,424.0,12,0.0,0.0,0.0,,1000.0,,,54,0.0,,2470.0
6551,201404,1,650.0,10,0.0,0.0,0.0,,2000.0,,,35,0.0,281.79,3365.71
6552,201406,0,2231.0,12,15.0,8.0,12.0,286.0,800.0,388.73,83.8,54,6.0,456.15,800.0
6553,201412,0,4415.0,5,66.0,12.0,12.0,670.0,1000.0,2014.43,27.93,52,21.0,1065.12,3800.0
6554,201409,1,295.0,8,0.0,0.0,0.0,,300.0,,,39,0.0,,
6555,201409,0,1650.0,6,4.0,6.0,7.0,60.0,200.0,188.9,0.0,65,2.0,210.0,
6556,201403,1,294.0,12,0.0,0.0,0.0,,1107.03,,,35,0.0,,1107.03
6557,201408,0,416.0,3,0.0,0.0,0.0,,250.0,,,68,0.0,,
6558,201409,1,1370.0,12,0.0,3.0,11.0,482.0,1508.43,398.89,0.0,24,0.0,445.13,200.0
6559,201403,0,522.0,12,0.0,0.0,0.0,,1000.0,,,49,0.0,,1000.0
6560,201401,0,753.0,4,0.0,0.0,1.0,,1100.0,73.09,0.0,50,0.0,100.58,2200.0
6561,201406,0,2492.0,12,17.0,0.0,0.0,,1906.4,,,64,3.0,,3506.4
6562,201407,1,1411.0,12,0.0,4.0,0.0,,1441.22,,,25,0.0,,2636.42
6563,201407,0,,3,0.0,0.0,0.0,,534.37,,,26,0.0,,1334.37
6564,201403,1,660.0,12,0.0,0.0,0.0,,818.25,,,27,0.0,250.13,818.25
6565,201407,0,742.0,5,0.0,0.0,0.0,,700.0,119.97,0.0,26,0.0,137.39,700.0
6566,201407,1,418.0,12,0.0,0.0,0.0,,1309.79,,,50,0.0,,1309.79
6567,201405,0,251.0,12,0.0,0.0,0.0,,500.0,,,49,0.0,,500.0
6568,201411,0,1030.0,3,0.0,0.0,10.0,,200.0,616.53,0.0,55,0.0,532.84,
6569,201411,1,503.0,12,0.0,0.0,0.0,,1500.0,,,43,0.0,,
6570,201406,0,892.0,10,0.0,0.0,6.0,,700.0,350.08,124.03,26,0.0,211.13,700.0
6571,201403,1,1104.0,12,0.0,1.0,12.0,174.0,1000.0,596.43,0.0,47,0.0,116.28,2267.32
6572,201405,1,604.0,12,0.0,0.0,0.0,,1500.0,,,29,0.0,51.16,1500.0
6573,201407,0,515.0,4,0.0,0.0,0.0,,500.0,,,48,0.0,,500.0
6574,201404,0,473.0,10,0.0,0.0,0.0,,500.0,,,50,0.0,,1100.0
6575,201406,1,1128.0,12,0.0,0.0,12.0,342.0,3000.0,664.79,0.0,23,0.0,199.52,3200.0
6576,201409,1,3344.0,12,17.0,0.0,1.0,,800.0,,,44,10.0,0.0,
6577,201407,1,1238.0,10,0.0,4.0,3.0,145.0,300.0,,,44,0.0,0.0,300.0
6578,201401,0,4024.0,12,20.0,0.0,5.0,,1665.87,281.0,49.37,60,37.0,384.12,3831.74
6579,201412,1,872.0,12,0.0,0.0,5.0,,3000.0,4175.26,760.09,64,0.0,601.09,4800.0
6580,201408,1,268.0,12,0.0,0.0,0.0,,909.95,,,29,0.0,,
6581,201402,0,362.0,12,0.0,0.0,0.0,,1707.79,,,57,0.0,,3415.58
6582,201412,0,2974.0,12,9.0,3.0,8.0,269.0,1000.0,,,63,25.0,,700.0
6583,201409,0,773.0,12,0.0,0.0,1.0,,1000.0,194.91,0.0,27,0.0,233.4,1500.0
6584,201405,1,4002.0,12,11.0,0.0,1.0,,2000.0,228.76,68.83,63,10.0,264.33,7000.0
6585,201405,0,496.0,12,0.0,0.0,0.0,,2300.0,,,61,0.0,,3300.0
6586,201409,0,2496.0,3,22.0,11.0,10.0,1292.0,400.0,506.48,0.0,38,5.0,587.78,
6587,201405,0,4317.0,12,44.0,2.0,0.0,,1500.0,,,51,13.0,,3000.0
6588,201401,0,2198.0,12,20.0,12.0,11.0,598.0,1500.0,1072.15,0.0,68,2.0,495.36,6000.0
6589,201407,0,417.0,7,0.0,0.0,0.0,,1074.44,,,35,0.0,,1074.44
6590,201402,0,993.0,12,0.0,0.0,8.0,,250.0,549.01,20.01,41,0.0,237.34,500.0
6591,201406,0,3471.0,10,10.0,0.0,12.0,384.0,2000.0,319.89,0.0,57,7.0,212.69,2000.0
6592,201408,0,1483.0,12,0.0,12.0,12.0,,1000.0,209.95,0.0,60,1.0,231.51,1000.0
6593,201404,1,,12,,,,,879.88,,,46,,,3020.54
6594,201404,0,399.0,12,0.0,0.0,0.0,,1743.87,,,38,0.0,,1743.87
6595,201410,0,3679.0,5,44.0,8.0,10.0,329.0,500.0,171.93,0.0,59,6.0,305.49,
6596,201402,0,216.0,6,0.0,0.0,0.0,,500.0,,,54,0.0,,1000.0
6597,201405,1,173.0,12,0.0,0.0,0.0,,1500.0,,,26,0.0,,1500.0
6598,201406,0,1974.0,6,11.0,8.0,11.0,574.0,500.0,682.6,0.0,46,5.0,518.14,1300.0
6599,201407,1,589.0,12,0.0,0.0,0.0,,891.7,,,28,0.0,0.0,1891.7
6600,201412,0,4747.0,12,58.0,6.0,12.0,683.0,1500.0,470.75,110.88,69,22.0,396.71,19220.52
6601,201405,0,177.0,10,0.0,0.0,0.0,,800.0,,,59,0.0,,800.0
6602,201407,0,1158.0,4,0.0,1.0,12.0,313.0,400.0,189.94,0.0,38,0.0,377.76,2942.88
6603,201408,0,1427.0,12,0.0,10.0,11.0,557.0,2900.0,809.07,76.49,50,0.0,402.09,5900.0
6604,201411,1,232.0,10,0.0,0.0,0.0,,500.0,,,37,0.0,,
6605,201404,0,165.0,12,0.0,0.0,0.0,,500.0,,,56,0.0,,500.0
6606,201407,0,298.0,12,0.0,0.0,0.0,,800.0,,,32,0.0,,800.0
6607,201403,1,288.0,12,0.0,0.0,0.0,,1500.0,,,48,0.0,,3500.0
6608,201409,0,759.0,8,0.0,0.0,1.0,,852.63,281.88,0.0,42,0.0,464.18,
6609,201411,0,2417.0,6,22.0,12.0,12.0,355.0,500.0,583.35,45.5,63,4.0,151.88,500.0
6610,201407,0,630.0,8,0.0,0.0,0.0,,1200.0,,,30,0.0,103.55,4800.0
6611,201404,0,223.0,12,0.0,0.0,0.0,,1000.0,,,63,0.0,,1000.0
6612,201404,1,2351.0,12,11.0,8.0,2.0,574.0,2500.0,,,59,3.0,,2500.0
6613,201405,1,548.0,12,0.0,0.0,0.0,,2408.88,,,48,0.0,,2408.88
6614,201406,0,1589.0,12,4.0,10.0,12.0,338.0,1000.0,852.14,245.35,69,1.0,258.53,2650.0
6615,201401,1,157.0,12,0.0,0.0,0.0,,1300.0,,,31,0.0,,3100.0
6616,201403,0,1148.0,12,0.0,1.0,8.0,183.0,1500.0,839.66,0.0,28,0.0,475.52,2200.0
6617,201401,0,607.0,12,0.0,0.0,0.0,,1000.0,,,48,0.0,46.76,2000.0
6618,201407,0,2825.0,12,31.0,7.0,12.0,89.0,300.0,279.5,36.58,52,14.0,398.34,700.0
6619,201411,0,894.0,12,0.0,0.0,5.0,,2000.0,778.5,0.0,37,0.0,713.67,4000.0
6620,201410,0,224.0,12,0.0,0.0,0.0,,1000.0,,,33,0.0,,
6621,201410,0,3405.0,12,11.0,0.0,6.0,,3000.0,621.85,168.09,68,2.0,,13500.0
6622,201405,1,606.0,12,0.0,0.0,0.0,,1016.3,,,24,0.0,45.89,1444.22
6623,201407,0,2446.0,12,22.0,0.0,9.0,,2000.0,656.27,0.0,64,6.0,496.06,2000.0
6624,201407,0,946.0,10,0.0,0.0,8.0,,1000.0,280.58,74.03,45,0.0,247.11,1000.0
6625,201412,0,293.0,6,0.0,0.0,0.0,,800.0,,,42,0.0,,
6626,201401,0,1423.0,3,0.0,6.0,6.0,,300.0,479.78,0.0,31,0.0,127.8,600.0
6627,201407,0,365.0,8,0.0,0.0,0.0,,600.0,,,38,0.0,,600.0
6628,201407,0,2070.0,12,10.0,4.0,4.0,245.0,700.0,207.76,67.78,46,7.0,210.98,700.0
6629,201408,0,890.0,6,0.0,0.0,7.0,,633.0,590.33,115.74,55,0.0,415.14,1133.0
6630,201406,0,2383.0,12,28.0,9.0,12.0,227.0,2000.0,518.7,0.0,50,2.0,68.68,8688.7
6631,201405,0,1693.0,12,6.0,5.0,8.0,1141.0,1310.0,273.87,0.0,47,1.0,121.74,1726.91
6632,201403,0,2692.0,12,30.0,9.0,10.0,1504.0,2000.0,259.91,0.0,55,7.0,237.26,6075.8
6633,201406,0,2343.0,3,23.0,11.0,12.0,1342.0,500.0,991.59,0.0,48,7.0,727.93,500.0
6634,201408,1,595.0,12,0.0,0.0,0.0,,1000.0,,,41,0.0,64.49,3000.0
6635,201406,0,2740.0,10,41.0,12.0,12.0,603.0,2438.52,427.88,81.96,47,1.0,492.93,3238.52
6636,201404,0,1161.0,3,0.0,1.0,12.0,223.0,200.0,785.58,0.0,49,0.0,138.0,200.0
6637,201407,0,1314.0,12,0.0,6.0,0.0,319.0,1000.0,,,48,0.0,,2000.0
6638,201404,0,466.0,12,0.0,0.0,0.0,,2000.0,,,53,0.0,,2000.0
6639,201401,0,300.0,12,0.0,0.0,0.0,,776.31,,,56,0.0,,1552.62
6640,201411,0,332.0,6,0.0,0.0,0.0,,300.0,,,61,0.0,,
6641,201407,1,3593.0,12,19.0,0.0,0.0,,3000.0,,,57,16.0,0.0,17643.12
6642,201402,0,1311.0,12,0.0,8.0,7.0,345.0,1000.0,769.44,271.56,51,0.0,217.98,4420.0
6643,201407,0,281.0,12,0.0,0.0,0.0,,1000.0,,,56,0.0,,1000.0
6644,201408,1,217.0,12,0.0,0.0,0.0,,1350.0,,,49,0.0,,1350.0
6645,201401,0,184.0,12,0.0,0.0,0.0,,1200.0,,,58,0.0,,2400.0
6646,201408,0,544.0,5,0.0,0.0,0.0,,500.0,,,39,0.0,,900.0
6647,201408,0,3311.0,10,45.0,9.0,12.0,815.0,1000.0,816.36,179.91,60,7.0,726.56,1000.0
6648,201409,0,2274.0,3,21.0,11.0,11.0,952.0,400.0,939.57,70.68,25,3.0,305.34,1500.0
6649,201404,0,2729.0,12,27.0,9.0,12.0,1397.0,2300.0,897.64,0.0,47,9.0,586.34,13009.47
6650,201408,0,1890.0,12,12.0,6.0,0.0,405.0,1000.0,,,24,3.0,,1000.0
6651,201404,0,1966.0,12,15.0,6.0,8.0,188.0,600.0,236.45,0.0,65,2.0,261.64,2180.0
6652,201405,0,560.0,12,0.0,0.0,0.0,,1145.55,,,55,0.0,,1145.55
6653,201404,0,1239.0,12,0.0,4.0,11.0,285.0,1000.0,801.34,0.0,27,0.0,340.17,6756.84
6654,201401,1,240.0,12,1.0,0.0,0.0,,1000.0,,,33,6.0,,2000.0
6655,201411,0,2344.0,4,19.0,5.0,12.0,107.0,700.0,1318.19,83.55,24,6.0,969.87,1920.0
6656,201411,0,491.0,6,0.0,0.0,0.0,,1000.0,,,35,25.0,,
6657,201403,0,,12,,,,,800.0,,,32,,,2106.86
6658,201404,1,336.0,12,0.0,0.0,0.0,,1000.0,,,60,0.0,,1000.0
6659,201405,0,1293.0,12,0.0,3.0,12.0,575.0,1000.0,789.37,124.84,47,0.0,594.66,1000.0
6660,201406,0,,12,,,,,746.0,,,43,,,2200.94
6661,201405,0,274.0,8,0.0,0.0,0.0,,700.0,,,63,0.0,,700.0
6662,201407,1,1205.0,12,0.0,3.0,3.0,411.0,961.18,144.79,0.0,37,0.0,,1761.18
6663,201405,0,1755.0,12,8.0,7.0,10.0,570.0,1200.0,987.77,0.0,43,2.0,243.03,1200.0
6664,201406,0,406.0,8,0.0,0.0,0.0,,500.0,,,65,0.0,,2846.83
6665,201408,1,1800.0,12,4.0,8.0,12.0,393.0,1200.0,338.13,39.9,35,5.0,,1200.0
6666,201402,0,591.0,12,0.0,0.0,0.0,,1000.0,,,54,0.0,0.0,1000.0
6667,201405,0,1449.0,12,0.0,2.0,0.0,,1000.0,,,54,0.0,,1700.0
6668,201402,0,2073.0,12,13.0,4.0,6.0,276.0,572.15,446.95,152.06,35,8.0,289.71,1144.3
6669,201412,0,3282.0,6,28.0,7.0,8.0,,500.0,58.78,0.0,64,21.0,88.78,
6670,201407,1,434.0,12,0.0,0.0,0.0,,1845.29,,,46,0.0,,1845.29
6671,201404,0,1859.0,3,7.0,2.0,11.0,,300.0,629.82,0.0,39,7.0,424.31,300.0
6672,201408,1,1086.0,12,0.0,0.0,11.0,219.0,2000.0,62.96,0.0,45,0.0,144.07,2500.0
6673,201412,1,2649.0,12,19.0,4.0,10.0,385.0,2456.16,966.14,54.5,50,9.0,804.13,2000.0
6674,201409,1,763.0,12,0.0,0.0,1.0,,1000.0,296.01,71.05,74,0.0,181.51,4000.0
6675,201412,0,2989.0,12,35.0,11.0,6.0,577.0,2000.0,95.95,0.0,50,21.0,128.61,6000.0
6676,201412,0,2525.0,12,8.0,0.0,0.0,,2497.5,328.16,108.21,52,2.0,285.14,3000.0
6677,201411,0,754.0,12,0.0,0.0,1.0,,2079.85,147.02,0.0,38,0.0,305.22,2000.0
6678,201411,1,4906.0,12,48.0,7.0,8.0,208.0,1076.72,225.88,0.0,78,43.0,151.41,
6679,201409,0,2263.0,7,8.0,2.0,0.0,39.0,1000.0,,,63,2.0,,
6680,201405,1,295.0,12,0.0,0.0,0.0,,1500.0,,,50,0.0,,1500.0
6681,201408,0,3259.0,12,19.0,0.0,0.0,,1000.0,,,57,3.0,,3000.0
6682,201410,0,1848.0,12,11.0,12.0,12.0,374.0,1100.0,572.02,88.7,43,2.0,733.0,2500.0
6683,201409,0,3709.0,12,32.0,11.0,12.0,557.0,1500.0,1455.44,458.77,52,32.0,902.0,3400.0
6684,201405,0,1990.0,10,14.0,8.0,0.0,,800.0,,,59,2.0,74.1,800.0
6685,201412,0,2631.0,12,12.0,4.0,12.0,302.0,1500.0,371.93,109.02,35,6.0,138.3,1177.22
6686,201408,0,530.0,12,0.0,0.0,0.0,,900.0,,,36,0.0,,900.0
6687,201403,0,539.0,4,0.0,0.0,0.0,,978.4,,,47,0.0,,1189.4
6688,201402,0,1516.0,12,1.0,9.0,6.0,136.0,1200.0,107.65,0.0,46,2.0,31.93,2400.0
6689,201408,1,2177.0,12,18.0,10.0,11.0,202.0,2500.0,315.88,89.97,64,6.0,270.86,13000.0
6690,201404,0,825.0,5,0.0,0.0,3.0,,350.0,253.91,0.0,25,0.0,220.0,350.0
6691,201405,0,679.0,12,0.0,0.0,0.0,,1223.83,,,56,0.0,183.85,3352.33
6692,201402,0,878.0,12,0.0,0.0,5.0,,1382.94,385.76,142.72,56,0.0,223.76,2765.88
6693,201406,0,2674.0,7,3.0,0.0,0.0,,600.0,,,30,4.0,,1300.0
6694,201401,1,2961.0,12,38.0,10.0,9.0,385.0,1983.08,,,47,9.0,,7006.8
6695,201411,1,2372.0,10,15.0,8.0,12.0,100.0,1000.0,547.85,157.87,44,6.0,304.96,
6696,201404,0,333.0,3,0.0,0.0,0.0,,370.0,,,25,0.0,,370.0
6697,201406,1,571.0,12,0.0,0.0,0.0,,1500.0,,,35,0.0,0.0,2538.74
6698,201402,0,2449.0,12,30.0,0.0,1.0,,850.0,121.92,0.0,28,2.0,129.62,1800.0
6699,201407,1,556.0,9,0.0,0.0,0.0,,3000.0,,,34,0.0,,3000.0
6700,201406,0,2122.0,3,15.0,10.0,9.0,277.0,150.0,310.43,74.94,49,4.0,265.42,150.0
6701,201406,0,2754.0,12,29.0,4.0,12.0,258.0,700.0,827.56,0.0,35,12.0,619.0,700.0
6702,201408,1,987.0,12,0.0,0.0,9.0,,3000.0,378.0,120.89,54,0.0,295.54,5500.0
6703,201410,0,715.0,12,0.0,0.0,0.0,,800.0,,,51,0.0,469.65,563.04
6704,201402,0,3626.0,12,18.0,0.0,0.0,,500.0,,,71,10.0,,1000.0
6705,201410,0,1955.0,12,6.0,5.0,2.0,,2600.0,91.95,0.0,71,4.0,195.26,5500.0
6706,201406,1,904.0,12,0.0,0.0,7.0,,1300.0,863.04,190.94,60,0.0,517.76,6800.0
6707,201411,0,1784.0,12,10.0,1.0,0.0,,650.0,,,59,1.0,,
6708,201412,0,2036.0,5,10.0,8.0,9.0,592.0,1000.0,796.72,278.87,34,3.0,668.35,
6709,201407,0,1082.0,12,0.0,0.0,11.0,273.0,3000.0,524.02,168.14,43,0.0,263.21,6835.26
6710,201401,0,430.0,5,0.0,0.0,0.0,,499.79,,,42,0.0,,999.58
6711,201402,0,1160.0,12,0.0,1.0,9.0,258.0,700.0,728.17,139.22,45,0.0,324.81,1400.0
6712,201408,1,1854.0,12,7.0,9.0,9.0,440.0,2000.0,79.97,0.0,49,6.0,155.14,2000.0
6713,201408,0,2375.0,12,15.0,7.0,0.0,174.0,800.0,,,63,1.0,,2900.0
6714,201407,1,3918.0,10,66.0,12.0,12.0,618.0,3000.0,577.81,170.94,66,6.0,130.67,3500.0
6715,201405,0,465.0,12,0.0,0.0,0.0,,1000.0,,,35,0.0,,1000.0
6716,201402,1,336.0,12,0.0,0.0,0.0,,1500.0,,,26,0.0,,3000.0
6717,201407,1,788.0,12,0.0,0.0,2.0,,2096.72,461.77,0.0,39,0.0,259.54,2096.72
6718,201402,0,511.0,12,0.0,0.0,0.0,,1700.0,,,64,0.0,,3400.0
6719,201404,1,620.0,12,0.0,0.0,0.0,,1191.94,,,48,0.0,72.03,1191.94
6720,201406,0,868.0,10,0.0,0.0,5.0,,813.35,433.65,141.73,50,0.0,464.68,813.35
6721,201412,0,1022.0,12,0.0,0.0,10.0,204.0,1900.0,324.87,0.0,59,0.0,335.0,
6722,201408,0,701.0,12,0.0,0.0,0.0,,600.0,875.68,317.78,38,0.0,650.3,1900.0
6723,201404,0,2460.0,12,29.0,11.0,11.0,307.0,2000.0,583.87,183.97,57,2.0,298.03,3000.0
6724,201407,1,523.0,10,0.0,0.0,0.0,,500.0,,,38,0.0,,500.0
6725,201406,0,402.0,12,0.0,0.0,0.0,,807.0,,,58,0.0,,807.0
6726,201401,0,1037.0,12,0.0,0.0,11.0,233.0,1200.0,676.79,224.91,25,0.0,270.27,2400.0
6727,201410,0,375.0,6,0.0,0.0,0.0,,800.0,,,25,0.0,,300.0
6728,201401,1,383.0,12,0.0,0.0,0.0,,2627.66,,,48,0.0,,5255.32
6729,201407,0,2191.0,12,10.0,7.0,10.0,323.0,1000.0,552.93,0.0,49,4.0,421.13,1000.0
6730,201409,1,419.0,12,0.0,0.0,0.0,,3000.0,,,62,0.0,,
6731,201405,0,225.0,12,0.0,0.0,0.0,,1000.0,,,51,0.0,,1000.0
6732,201411,0,499.0,3,0.0,0.0,0.0,,200.0,,,25,0.0,,200.0
6733,201401,0,344.0,12,0.0,0.0,0.0,,1500.0,,,56,0.0,,3700.0
6734,201412,1,1259.0,12,0.0,4.0,12.0,425.0,2703.39,1035.83,0.0,42,0.0,258.86,
6735,201405,1,555.0,12,0.0,0.0,0.0,,2000.0,,,52,0.0,0.0,3000.0
6736,201403,0,613.0,12,0.0,0.0,0.0,,500.0,,,58,0.0,38.49,1500.0
6737,201405,0,228.0,12,0.0,0.0,0.0,,651.4,,,55,0.0,,651.4
6738,201403,0,2832.0,10,18.0,8.0,12.0,253.0,2000.0,170.08,42.27,67,5.0,53.97,2000.0
6739,201409,0,,12,,,,,1300.0,,,59,,,1100.0
6740,201408,0,2128.0,12,12.0,8.0,10.0,313.0,1200.0,164.95,0.0,40,3.0,64.97,3200.0
6741,201408,0,793.0,12,0.0,0.0,2.0,,700.0,460.75,69.94,27,0.0,374.03,600.0
6742,201406,0,668.0,12,0.0,0.0,0.0,,1500.0,385.76,138.32,56,0.0,241.65,1500.0
6743,201401,1,846.0,12,0.0,0.0,4.0,,700.0,345.45,122.56,47,0.0,249.75,1400.0
6744,201401,1,16.0,12,0.0,0.0,0.0,,1500.0,,,52,0.0,,5708.96
6745,201408,0,380.0,12,0.0,0.0,0.0,,600.0,,,45,0.0,,600.0
6746,201407,0,669.0,12,0.0,0.0,0.0,,1000.0,,,74,0.0,107.58,1000.0
6747,201404,0,1317.0,12,0.0,7.0,0.0,300.0,2500.0,,,76,0.0,437.52,7119.09
6748,201405,0,178.0,12,0.0,0.0,0.0,,1000.0,,,57,0.0,,1000.0
6749,201405,0,1191.0,12,0.0,2.0,12.0,390.0,1000.0,585.77,0.0,54,0.0,111.08,1000.0
6750,201401,1,433.0,10,0.0,0.0,0.0,,700.0,,,55,0.0,,1400.0
6751,201406,0,628.0,12,0.0,0.0,0.0,,1380.0,,,46,0.0,167.46,1380.0
6752,201409,1,636.0,10,0.0,0.0,0.0,,1000.0,,,52,0.0,160.0,600.0
6753,201404,0,182.0,8,0.0,0.0,0.0,,508.6,,,42,0.0,,508.6
6754,201411,0,412.0,4,0.0,0.0,0.0,,600.0,,,49,0.0,,
6755,201402,1,599.0,12,0.0,0.0,0.0,,1332.34,,,31,0.0,69.27,3366.69
6756,201411,0,2634.0,5,31.0,9.0,12.0,279.0,1050.0,1879.03,340.61,61,8.0,694.19,726.0
6757,201403,1,834.0,12,0.0,0.0,3.0,,1945.78,338.9,0.0,27,0.0,343.72,1945.78
6758,201407,1,688.0,12,0.0,0.0,0.0,,2038.63,,,48,0.0,294.2,2038.63
6759,201408,1,987.0,12,0.0,0.0,9.0,,900.0,257.99,32.02,38,0.0,177.13,900.0
6760,201406,1,227.0,12,0.0,0.0,0.0,,1824.87,,,36,0.0,,1824.87
6761,201405,0,1731.0,12,10.0,6.0,0.0,341.0,1273.58,,,26,0.0,,1973.58
6762,201409,0,4933.0,12,70.0,0.0,4.0,,2000.0,201.11,61.13,59,12.0,191.54,2000.0
6763,201407,0,924.0,6,0.0,0.0,7.0,,700.0,454.68,143.57,46,0.0,260.1,700.0
6764,201403,1,1827.0,12,7.0,0.0,8.0,,1939.32,726.84,0.0,27,2.0,311.01,4595.48
6765,201409,1,511.0,12,0.0,0.0,0.0,,600.0,,,26,0.0,,369.35
6766,201410,0,495.0,12,0.0,0.0,0.0,,1000.0,,,42,0.0,,631.4
6767,201408,1,1143.0,12,0.0,1.0,8.0,221.0,2000.0,425.88,144.88,42,0.0,591.67,3059.18
6768,201408,1,379.0,12,0.0,0.0,0.0,,1000.0,,,43,0.0,,1000.0
6769,201406,0,2299.0,8,20.0,11.0,12.0,472.0,700.0,377.04,125.13,66,3.0,325.83,1200.0
6770,201406,0,314.0,12,0.0,0.0,0.0,,1000.0,,,61,0.0,,1000.0
6771,201410,1,1790.0,12,1.0,7.0,6.0,99.0,2000.0,82.97,0.0,51,1.0,67.91,
6772,201410,0,4912.0,12,86.0,0.0,0.0,,1000.0,,,64,8.0,,5000.0
6773,201404,1,1964.0,12,11.0,10.0,6.0,183.0,3000.0,,,67,4.0,89.27,14998.24
6774,201401,0,2408.0,12,20.0,0.0,8.0,,2900.0,,,52,7.0,,5800.0
6775,201404,0,981.0,12,0.0,0.0,10.0,,2000.0,706.72,233.46,47,0.0,,3671.9
6776,201403,0,2891.0,5,25.0,6.0,0.0,147.0,300.0,39.99,0.0,63,12.0,74.71,300.0
6777,201409,1,762.0,4,0.0,0.0,2.0,,200.0,456.31,0.0,31,0.0,706.46,
6778,201411,0,390.0,10,0.0,0.0,0.0,,696.0,,,48,0.0,,
6779,201403,1,1571.0,12,3.0,11.0,12.0,310.0,2000.0,513.82,0.0,49,1.0,521.78,2000.0
6780,201412,1,713.0,12,0.0,0.0,0.0,,1000.0,187.6,59.87,28,0.0,172.47,982.33
6781,201406,0,164.0,12,0.0,0.0,0.0,,348.0,,,52,0.0,,348.0
6782,201403,1,1925.0,10,6.0,6.0,12.0,539.0,1500.0,654.74,71.56,48,3.0,362.34,1500.0
6783,201403,0,1498.0,8,1.0,9.0,7.0,365.0,150.0,39.99,0.0,24,1.0,233.87,550.0
6784,201408,0,1315.0,12,0.0,6.0,12.0,192.0,1000.0,615.76,124.11,55,0.0,376.0,3890.0
6785,201406,0,654.0,12,0.0,0.0,0.0,,300.0,269.43,87.66,58,0.0,140.16,300.0
6786,201411,1,4699.0,10,11.0,4.0,12.0,346.0,600.0,,,39,30.0,95.0,
6787,201402,0,1062.0,12,0.0,0.0,12.0,212.0,2000.0,370.88,133.0,51,0.0,349.5,4000.0
6788,201402,1,267.0,4,0.0,0.0,0.0,,460.0,,,52,0.0,,920.0
6789,201406,0,4568.0,4,85.0,11.0,12.0,1789.0,500.0,1164.35,0.0,52,18.0,875.0,1100.0
6790,201408,0,205.0,3,0.0,0.0,0.0,,230.0,,,40,0.0,,230.0
6791,201401,1,1503.0,12,1.0,10.0,10.0,514.0,1500.0,174.9,0.0,47,1.0,206.92,3390.2
6792,201402,0,4159.0,12,60.0,5.0,0.0,204.0,2000.0,,,64,17.0,38.0,4850.0
6793,201407,1,634.0,12,0.0,0.0,0.0,,1500.0,536.06,184.79,47,0.0,254.16,3598.52
6794,201408,0,675.0,12,0.0,0.0,0.0,,450.0,,,60,0.0,230.0,1050.0
6795,201409,0,5033.0,12,107.0,11.0,12.0,3332.0,2500.0,2430.28,0.0,59,10.0,1568.64,3093.74
6796,201410,0,2220.0,12,20.0,7.0,8.0,224.0,1500.0,89.93,0.0,50,5.0,31.06,1311.62
6797,201408,0,867.0,12,0.0,0.0,1.0,,800.0,152.98,0.0,26,0.0,65.02,5200.0
6798,201409,0,384.0,12,0.0,0.0,0.0,,1500.0,,,58,0.0,,
6799,201401,1,1169.0,12,0.0,1.0,0.0,33.0,1000.0,,,60,0.0,65.82,2863.86
6800,201405,1,193.0,12,0.0,0.0,0.0,,720.0,,,51,0.0,,720.0
6801,201401,0,201.0,10,0.0,0.0,0.0,,800.0,,,23,0.0,,1600.0
6802,201410,0,2850.0,9,27.0,8.0,12.0,250.0,500.0,928.64,120.88,46,19.0,480.04,
6803,201411,0,1588.0,12,4.0,6.0,0.0,234.0,879.23,,,43,1.0,,1839.28
6804,201405,0,882.0,12,0.0,0.0,5.0,,795.32,545.03,43.69,43,0.0,663.45,795.32
6805,201405,0,687.0,12,0.0,0.0,0.0,,1000.0,,,68,0.0,95.96,1500.0
6806,201405,0,343.0,12,0.0,0.0,0.0,,1000.0,,,56,0.0,,1000.0
6807,201406,0,2105.0,8,21.0,10.0,12.0,542.0,600.0,564.79,0.0,69,1.0,537.92,600.0
6808,201410,1,377.0,10,0.0,0.0,0.0,,250.0,,,42,0.0,,
6809,201411,0,583.0,12,0.0,0.0,0.0,,3000.0,,,60,0.0,26.97,4518.0
6810,201403,0,237.0,12,0.0,0.0,0.0,,2000.0,,,66,0.0,,2422.16
6811,201407,0,2053.0,6,14.0,12.0,12.0,530.0,1000.0,320.85,0.0,57,5.0,195.04,5056.51
6812,201407,1,288.0,5,0.0,0.0,0.0,,500.0,,,36,0.0,,500.0
6813,201412,0,529.0,6,0.0,0.0,0.0,,1535.08,,,50,0.0,,1000.0
6814,201405,0,1004.0,12,0.0,0.0,9.0,,1000.0,659.43,46.66,65,0.0,,2000.0
6815,201404,0,2878.0,12,12.0,3.0,2.0,288.0,3000.0,,,47,2.0,,7000.0
6816,201409,0,2561.0,3,13.0,0.0,0.0,,350.0,,,26,4.0,,400.0
6817,201401,0,2598.0,12,19.0,5.0,12.0,191.0,380.0,956.36,266.67,69,19.0,122.15,760.0
6818,201401,1,436.0,10,0.0,0.0,0.0,,600.0,,,37,0.0,,1650.0
6819,201402,0,1198.0,12,0.0,3.0,12.0,509.0,900.0,845.27,0.0,63,0.0,723.44,2800.0
6820,201401,0,548.0,6,0.0,0.0,0.0,,500.0,,,24,0.0,,1700.0
6821,201407,1,496.0,12,0.0,0.0,0.0,,1226.0,,,60,0.0,0.0,1226.0
6822,201408,1,238.0,12,0.0,0.0,0.0,,2000.0,,,49,0.0,,2000.0
6823,201411,0,730.0,12,0.0,0.0,0.0,,1400.0,135.93,0.0,48,0.0,312.94,1000.0
6824,201404,1,1153.0,8,0.0,2.0,11.0,313.0,1000.0,489.86,0.0,40,0.0,456.63,1000.0
6825,201411,1,970.0,12,0.0,0.0,11.0,,1966.92,283.27,63.88,24,0.0,162.84,
6826,201403,0,1626.0,12,1.0,8.0,2.0,201.0,1000.0,49.99,0.0,23,2.0,,1627.84
6827,201408,1,726.0,12,0.0,0.0,3.0,,950.0,628.72,238.72,23,0.0,678.3,950.0
6828,201406,0,1369.0,12,0.0,7.0,12.0,408.0,1000.0,39.99,0.0,54,0.0,238.09,9414.4
6829,201410,1,293.0,12,0.0,0.0,0.0,,1000.0,,,67,0.0,,54.97
6830,201411,0,1189.0,3,0.0,1.0,0.0,8.0,200.0,,,48,0.0,,3840.0
6831,201407,0,2143.0,12,10.0,0.0,0.0,,1000.0,,,50,2.0,,1600.0
6832,201411,0,1007.0,3,0.0,0.0,6.0,,600.0,113.95,0.0,42,0.0,,2000.0
6833,201401,0,1890.0,12,6.0,8.0,12.0,242.0,1000.0,266.44,78.86,57,7.0,141.78,2700.0
6834,201404,0,1665.0,12,4.0,0.0,2.0,,1000.0,,,58,1.0,,4713.3
6835,201409,1,960.0,12,0.0,0.0,5.0,,1000.0,62.99,0.0,73,0.0,,2000.0
6836,201412,1,1353.0,8,0.0,6.0,11.0,342.0,600.0,377.86,0.0,28,0.0,315.03,
6837,201408,0,1251.0,12,0.0,4.0,7.0,196.0,536.0,258.3,80.36,60,0.0,125.79,536.0
6838,201403,1,317.0,12,0.0,0.0,0.0,,1139.88,,,46,0.0,,1139.88
6839,201409,1,773.0,12,0.0,0.0,1.0,,1000.0,34.0,0.0,52,0.0,125.79,1000.0
6840,201408,0,2200.0,12,16.0,4.0,12.0,577.0,2914.82,435.39,27.55,66,8.0,642.33,8914.82
6841,201408,0,2193.0,12,11.0,7.0,6.0,,1400.0,15.99,0.0,72,9.0,198.39,2400.0
6842,201411,0,564.0,10,0.0,0.0,0.0,,1000.0,,,55,0.0,0.0,1000.0
6843,201410,0,2518.0,6,30.0,10.0,11.0,643.0,500.0,179.91,0.0,25,4.0,30.6,
6844,201404,0,387.0,8,0.0,0.0,0.0,,200.0,,,41,0.0,,200.0
6845,201405,1,264.0,12,0.0,0.0,0.0,,700.0,,,54,0.0,,1300.0
6846,201407,1,778.0,12,0.0,0.0,2.0,,1341.29,102.77,0.0,52,0.0,186.93,1341.29
6847,201403,1,469.0,12,0.0,0.0,0.0,,400.0,,,26,0.0,,400.0
6848,201406,0,594.0,12,0.0,0.0,0.0,,915.0,,,61,0.0,46.15,915.0
6849,201401,0,316.0,12,0.0,0.0,0.0,,771.44,,,44,0.0,,1542.88
6850,201406,1,1288.0,12,0.0,5.0,11.0,383.0,1600.0,1252.1,255.08,72,0.0,405.66,2400.0
6851,201409,0,619.0,5,0.0,0.0,0.0,,1500.0,,,64,0.0,0.0,1000.0
6852,201404,0,1689.0,12,7.0,6.0,6.0,35.0,1500.0,354.89,0.0,72,1.0,39.26,2500.0
6853,201411,0,609.0,10,0.0,0.0,0.0,,300.0,,,42,0.0,227.86,
6854,201405,0,243.0,12,0.0,0.0,0.0,,500.0,,,57,0.0,,2069.62
6855,201411,0,448.0,12,0.0,0.0,0.0,,1000.0,,,54,0.0,,
6856,201412,0,374.0,12,0.0,0.0,0.0,,2000.0,,,61,0.0,,2600.0
6857,201406,0,883.0,12,0.0,0.0,5.0,,1192.0,231.9,0.0,24,0.0,44.63,1192.0
6858,201403,1,1788.0,12,8.0,0.0,8.0,,1500.0,377.89,0.0,62,1.0,132.43,4399.54
6859,201401,0,718.0,12,0.0,0.0,0.0,,600.0,,,21,0.0,143.51,1200.0
6860,201409,0,1774.0,12,10.0,12.0,3.0,517.0,2141.62,,,23,1.0,111.17,3700.0
6861,201410,0,1336.0,6,0.0,7.0,7.0,285.0,600.0,99.98,0.0,69,0.0,156.45,1500.0
6862,201404,0,279.0,12,0.0,0.0,0.0,,1066.36,,,47,0.0,,1066.36
6863,201408,0,129.0,12,0.0,0.0,0.0,,1476.26,,,41,0.0,,1976.26
6864,201407,1,199.0,12,0.0,0.0,0.0,,1000.0,,,26,0.0,,1000.0
6865,201403,0,4706.0,12,29.0,3.0,1.0,35.0,3000.0,30.59,0.0,59,14.0,42.32,11315.84
6866,201406,0,823.0,12,0.0,0.0,3.0,,910.0,520.24,142.34,64,0.0,392.58,910.0
6867,201408,0,4372.0,3,53.0,0.0,0.0,,200.0,,,31,10.0,,
6868,201411,0,1720.0,3,7.0,9.0,10.0,677.0,500.0,253.91,0.0,43,1.0,145.99,
6869,201404,0,623.0,12,0.0,0.0,0.0,,1000.0,,,42,0.0,131.69,1800.0
6870,201409,0,3052.0,5,17.0,0.0,0.0,,1000.0,,,49,7.0,,500.0
6871,201404,0,714.0,12,0.0,0.0,3.0,,1000.0,,,55,0.0,240.43,3748.13
6872,201405,0,1241.0,6,0.0,3.0,10.0,341.0,500.0,228.16,78.19,39,0.0,,2100.0
6873,201410,0,313.0,12,0.0,0.0,0.0,,1000.0,,,44,0.0,,
6874,201406,0,344.0,12,0.0,0.0,0.0,,500.0,,,49,0.0,,500.0
6875,201412,0,383.0,12,0.0,0.0,0.0,,1000.0,,,48,0.0,,2388.4
6876,201403,0,372.0,10,0.0,0.0,0.0,,1736.76,,,52,0.0,,1736.76
6877,201410,0,350.0,12,0.0,0.0,0.0,,230.0,,,41,0.0,,400.0
6878,201412,1,871.0,12,0.0,0.0,5.0,,1000.0,181.8,0.0,71,0.0,270.94,2000.0
6879,201401,0,378.0,12,0.0,0.0,0.0,,400.0,,,53,0.0,,800.0
6880,201411,1,1260.0,12,0.0,2.0,11.0,178.0,1145.0,293.79,55.88,26,0.0,132.72,1966.04
6881,201405,0,605.0,6,0.0,0.0,0.0,,424.67,,,35,0.0,88.01,424.67
6882,201407,1,231.0,12,0.0,0.0,0.0,,1000.0,,,22,0.0,,1000.0
6883,201402,0,634.0,12,0.0,0.0,0.0,,2500.0,,,54,0.0,61.63,5000.0
6884,201408,0,4228.0,12,13.0,0.0,1.0,,1000.0,279.9,0.0,49,10.0,596.42,1000.0
6885,201402,0,4027.0,12,22.0,10.0,5.0,71.0,1000.0,101.93,0.0,56,15.0,44.66,2000.0
6886,201405,1,643.0,12,0.0,0.0,0.0,,1000.0,,,34,0.0,231.06,2502.88
6887,201408,1,655.0,12,0.0,0.0,0.0,,2470.0,,,54,0.0,249.78,5470.0
6888,201412,1,1419.0,12,0.0,6.0,0.0,37.0,700.0,,,62,0.0,,1500.0
6889,201410,0,276.0,5,0.0,0.0,0.0,,600.0,,,24,0.0,,
6890,201403,0,183.0,10,0.0,0.0,0.0,,900.0,,,63,0.0,,900.0
6891,201402,1,299.0,12,0.0,0.0,0.0,,1300.0,,,49,0.0,,2600.0
6892,201412,0,2883.0,12,38.0,11.0,12.0,429.0,1000.0,977.21,141.41,58,9.0,517.27,2303.4
6893,201405,0,1217.0,12,0.0,2.0,10.0,269.0,2017.02,456.48,148.31,54,0.0,61.21,2017.02
6894,201404,0,3831.0,12,51.0,6.0,8.0,,1000.0,1005.5,0.0,44,10.0,446.12,2000.0
6895,201407,1,338.0,12,0.0,0.0,0.0,,1000.0,,,61,0.0,,2000.0
6896,201409,0,3839.0,12,62.0,9.0,12.0,60.0,1000.0,399.1,62.24,48,6.0,190.0,
6897,201402,0,2618.0,12,9.0,4.0,0.0,59.0,1454.04,,,52,5.0,0.0,3558.08
6898,201412,1,324.0,8,0.0,0.0,0.0,,1500.0,,,44,0.0,,
6899,201410,0,1056.0,10,0.0,0.0,6.0,,200.0,238.9,0.0,56,0.0,187.31,1600.0
6900,201401,0,4604.0,12,59.0,0.0,0.0,,1000.0,325.99,98.07,49,7.0,174.07,2000.0
6901,201405,0,707.0,12,0.0,0.0,0.0,,883.01,,,56,0.0,27.54,1383.01
6902,201401,1,211.0,12,0.0,0.0,0.0,,558.58,,,21,0.0,,1117.16
6903,201401,0,583.0,12,0.0,0.0,0.0,,1700.0,,,42,0.0,0.0,4114.95
6904,201404,0,182.0,10,0.0,0.0,0.0,,500.0,,,39,0.0,,500.0
6905,201404,1,915.0,12,0.0,0.0,6.0,,2000.0,649.01,209.12,37,0.0,492.27,2000.0
6906,201405,1,4483.0,10,77.0,0.0,0.0,,1000.0,,,51,15.0,,1000.0
6907,201412,0,635.0,5,0.0,0.0,0.0,,350.0,,,25,0.0,33.23,
6908,201402,1,932.0,12,0.0,0.0,7.0,,300.0,172.38,26.01,45,0.0,96.71,1200.0
6909,201408,0,2207.0,3,9.0,0.0,8.0,143.0,300.0,149.95,0.0,55,12.0,0.0,800.0
6910,201411,1,498.0,12,0.0,0.0,0.0,,1000.0,,,47,0.0,,
6911,201408,1,451.0,12,0.0,0.0,0.0,,2000.0,,,43,0.0,,2587.81
6912,201404,0,402.0,12,0.0,0.0,0.0,,1000.0,,,56,0.0,,1000.0
6913,201410,0,367.0,12,0.0,0.0,0.0,,1454.92,,,23,0.0,,
6914,201411,0,503.0,6,0.0,0.0,0.0,,400.0,,,40,0.0,,200.0
6915,201404,0,375.0,12,0.0,0.0,0.0,,1800.0,,,46,0.0,,1800.0
6916,201412,0,4186.0,12,58.0,10.0,11.0,1322.0,1300.0,645.86,0.0,58,11.0,386.69,
6917,201409,0,1117.0,8,0.0,0.0,12.0,215.0,500.0,223.52,72.61,24,0.0,257.93,
6918,201404,0,1649.0,12,4.0,1.0,0.0,,800.0,,,76,2.0,,800.0
6919,201406,0,3956.0,12,71.0,7.0,9.0,308.0,1900.0,216.89,0.0,54,9.0,478.52,5700.0
6920,201404,0,2024.0,12,3.0,4.0,4.0,,1000.0,185.95,0.0,67,3.0,94.14,3200.0
6921,201405,1,157.0,12,0.0,0.0,0.0,,600.0,,,63,0.0,,600.0
6922,201404,0,1513.0,12,1.0,7.0,12.0,392.0,600.0,416.73,112.32,62,1.0,397.81,600.0
6923,201408,0,250.0,8,0.0,0.0,0.0,,340.0,,,54,0.0,,340.0
6924,201403,1,502.0,12,0.0,0.0,0.0,,1200.0,,,28,0.0,,1500.0
6925,201405,0,971.0,12,0.0,0.0,8.0,,1200.0,191.91,0.0,71,0.0,206.29,1200.0
6926,201406,0,2776.0,12,1.0,0.0,2.0,,3000.0,1148.48,400.72,60,0.0,902.46,20403.82
6927,201401,0,1797.0,12,3.0,3.0,10.0,158.0,2160.0,79.99,0.0,36,9.0,,4670.0
6928,201402,1,289.0,12,0.0,0.0,0.0,,2627.66,,,50,0.0,,11011.26
6929,201408,0,1898.0,12,14.0,10.0,10.0,235.0,1000.0,235.28,82.32,46,1.0,180.63,1000.0
6930,201411,0,797.0,5,0.0,0.0,2.0,,500.0,39.98,0.0,46,0.0,68.86,150.0
6931,201410,0,548.0,8,0.0,0.0,0.0,,600.0,,,26,0.0,,774.86
6932,201409,0,399.0,12,0.0,0.0,0.0,,500.0,,,54,0.0,,
6933,201411,0,3950.0,3,75.0,12.0,12.0,946.0,500.0,1401.78,159.29,49,7.0,1190.03,4771.25
6934,201403,1,481.0,12,0.0,0.0,0.0,,2627.0,,,55,0.0,,2627.0
6935,201402,1,578.0,6,0.0,0.0,0.0,,900.0,,,62,0.0,0.0,1800.0
6936,201405,0,263.0,12,0.0,0.0,0.0,,400.0,,,55,0.0,,400.0
6937,201407,1,228.0,12,0.0,0.0,0.0,,2000.0,,,45,0.0,,2000.0
6938,201412,1,700.0,12,0.0,0.0,0.0,,600.0,,,64,0.0,89.94,
6939,201410,1,406.0,12,0.0,0.0,0.0,,740.15,,,39,0.0,,1488.1
6940,201404,0,321.0,12,0.0,0.0,0.0,,400.0,,,33,0.0,,400.0
6941,201408,0,1342.0,6,0.0,6.0,12.0,523.0,400.0,584.77,168.91,53,0.0,414.64,400.0
6942,201408,0,397.0,4,0.0,0.0,0.0,,300.0,,,38,0.0,,300.0
6943,201403,0,1549.0,12,1.0,9.0,5.0,326.0,900.0,235.93,0.0,60,2.0,360.76,3508.81
6944,201411,0,191.0,12,0.0,0.0,0.0,,1000.0,,,68,0.0,,
6945,201412,1,541.0,12,0.0,0.0,0.0,,986.13,,,23,0.0,,170.0
6946,201409,1,505.0,12,0.0,0.0,0.0,,1997.1,,,39,0.0,0.0,
6947,201403,1,235.0,12,0.0,0.0,0.0,,800.0,,,59,0.0,,800.0
6948,201401,1,1857.0,12,11.0,10.0,12.0,383.0,1000.0,346.64,106.73,41,2.0,348.0,5579.97
6949,201412,1,441.0,12,0.0,0.0,0.0,,1500.0,,,64,0.0,,
6950,201410,0,523.0,10,0.0,0.0,0.0,,1000.0,,,48,0.0,0.0,
6951,201412,1,734.0,6,0.0,0.0,0.0,,500.0,402.88,0.0,56,0.0,594.87,
6952,201412,0,363.0,12,0.0,0.0,0.0,,1569.22,,,34,0.0,,
6953,201406,0,168.0,12,0.0,0.0,0.0,,1140.0,,,63,0.0,,1140.0
6954,201411,0,1109.0,4,0.0,0.0,11.0,132.0,500.0,214.02,43.1,56,0.0,,1260.0
6955,201402,1,2609.0,12,5.0,0.0,0.0,,2000.0,,,53,5.0,,5905.68
6956,201408,0,166.0,12,0.0,0.0,0.0,,1000.0,,,49,0.0,,1000.0
6957,201410,1,4335.0,10,58.0,0.0,4.0,,2000.0,84.98,0.0,40,8.0,,
6958,201402,0,1338.0,5,0.0,7.0,12.0,616.0,200.0,267.05,44.29,63,0.0,409.59,400.0
6959,201405,0,411.0,12,0.0,0.0,0.0,,400.0,,,19,0.0,,400.0
6960,201402,0,2536.0,12,24.0,11.0,12.0,993.0,1500.0,1090.66,264.88,62,12.0,1000.0,3000.0
6961,201407,1,198.0,12,0.0,0.0,0.0,,2000.0,,,56,0.0,,2000.0
6962,201407,0,217.0,10,0.0,0.0,0.0,,1000.0,,,67,0.0,,1000.0
6963,201410,0,499.0,12,0.0,0.0,0.0,,1000.0,,,48,0.0,,
6964,201412,0,221.0,8,0.0,0.0,0.0,,500.0,,,63,0.0,,
6965,201401,1,237.0,12,0.0,0.0,0.0,,300.0,,,20,0.0,,600.0
6966,201408,0,478.0,6,0.0,0.0,0.0,,2000.0,,,39,0.0,,2000.0
6967,201405,1,2609.0,5,12.0,4.0,11.0,770.0,500.0,632.7,0.0,43,29.0,520.2,500.0
6968,201409,0,869.0,3,0.0,0.0,7.0,,300.0,319.62,103.69,33,0.0,239.15,
6969,201404,0,213.0,12,0.0,0.0,0.0,,1382.94,,,48,0.0,,2202.94
6970,201408,0,566.0,12,0.0,0.0,0.0,,1500.0,,,50,0.0,,1500.0
6971,201404,0,2353.0,12,17.0,11.0,8.0,892.0,2000.0,429.91,0.0,57,5.0,424.83,13633.88
6972,201411,0,1086.0,12,0.0,0.0,12.0,197.0,1300.0,477.9,50.0,57,0.0,474.67,1792.88
6973,201412,0,407.0,12,0.0,0.0,0.0,,600.0,,,39,0.0,,
6974,201408,1,784.0,12,0.0,0.0,2.0,,1000.0,372.89,122.99,37,0.0,362.18,2000.0
6975,201401,0,752.0,12,0.0,0.0,1.0,,600.0,98.96,0.0,38,0.0,188.36,2200.0
6976,201407,0,3621.0,6,39.0,8.0,12.0,989.0,1000.0,239.93,0.0,55,27.0,236.5,12100.0
6977,201401,0,1584.0,12,2.0,11.0,12.0,359.0,1000.0,512.86,145.47,61,1.0,237.92,2000.0
6978,201409,0,414.0,12,0.0,0.0,0.0,,782.0,,,37,0.0,,500.0
6979,201402,0,1569.0,12,2.0,8.0,10.0,173.0,1000.0,361.87,0.0,72,1.0,222.31,2000.0
6980,201410,0,385.0,12,0.0,0.0,0.0,,1500.0,,,48,0.0,,
6981,201403,0,2991.0,12,22.0,0.0,1.0,,1700.0,162.64,56.67,68,10.0,73.36,4400.0
6982,201411,0,1813.0,12,7.0,0.0,8.0,,2000.0,127.44,47.46,41,1.0,108.33,
6983,201401,1,335.0,12,0.0,0.0,0.0,,2000.0,,,61,0.0,,4000.0
6984,201406,1,555.0,10,0.0,0.0,0.0,,600.0,,,48,0.0,,600.0
6985,201402,1,732.0,12,0.0,0.0,0.0,,800.0,81.95,0.0,51,0.0,105.05,2600.0
6986,201409,0,4531.0,12,94.0,11.0,12.0,1370.0,1430.0,1679.56,462.96,39,8.0,1665.02,12201.88
6987,201404,0,549.0,12,0.0,0.0,0.0,,1000.0,,,19,0.0,,1997.08
6988,201404,1,242.0,12,0.0,0.0,0.0,,725.8,,,31,0.0,,725.8
6989,201405,0,837.0,12,0.0,0.0,3.0,,1775.0,279.94,0.0,58,0.0,320.9,3137.65
6990,201406,1,983.0,12,0.0,0.0,9.0,192.0,450.0,361.39,0.0,42,0.0,360.18,1650.0
6991,201405,0,1612.0,12,4.0,3.0,0.0,105.0,900.0,,,54,1.0,,900.0
6992,201409,1,1154.0,12,0.0,1.0,1.0,40.0,3000.0,,,60,0.0,,2000.0
6993,201405,1,4213.0,12,17.0,0.0,0.0,,1500.0,108.32,38.35,58,8.0,164.21,2100.0
6994,201408,0,374.0,4,0.0,0.0,0.0,,200.0,,,48,0.0,,350.0
6995,201408,0,999.0,12,0.0,0.0,8.0,,1000.0,542.97,90.06,60,0.0,422.08,1790.96
6996,201404,1,667.0,12,0.0,0.0,0.0,,2350.0,,,32,0.0,94.33,3045.21
6997,201402,0,680.0,12,0.0,0.0,0.0,,600.0,257.12,81.18,58,0.0,163.85,1500.0
6998,201410,1,257.0,12,0.0,0.0,0.0,,800.0,,,59,0.0,,
6999,201405,0,98.0,3,0.0,0.0,0.0,,328.0,,,58,0.0,,328.0
7000,201402,0,4711.0,12,94.0,12.0,12.0,539.0,1400.0,1217.45,86.92,53,12.0,1077.0,4480.0
7001,201411,1,253.0,12,0.0,0.0,0.0,,829.72,,,37,0.0,,
7002,201407,0,3507.0,12,46.0,0.0,0.0,,2607.28,,,45,6.0,,2807.28
7003,201404,0,300.0,12,0.0,0.0,0.0,,700.0,,,57,0.0,,700.0
7004,201408,0,413.0,12,0.0,0.0,0.0,,1500.0,,,58,0.0,,1500.0
7005,201411,0,4803.0,8,10.0,8.0,10.0,175.0,200.0,99.95,0.0,34,21.0,201.29,4200.0
7006,201409,0,3601.0,3,10.0,0.0,0.0,,500.0,,,69,3.0,,
7007,201402,1,472.0,4,0.0,0.0,0.0,,500.0,,,40,0.0,,500.0
7008,201403,0,577.0,12,0.0,0.0,0.0,,1800.0,,,39,0.0,0.0,1800.0
7009,201409,0,184.0,12,0.0,0.0,0.0,,490.4,,,64,0.0,,
7010,201412,1,362.0,6,0.0,0.0,0.0,,500.0,,,51,0.0,,
7011,201404,0,971.0,10,0.0,0.0,10.0,,1300.0,1231.64,0.0,59,0.0,840.7,2700.0
7012,201410,0,713.0,3,0.0,0.0,1.0,,500.0,125.58,37.4,63,0.0,406.74,180.0
7013,201403,1,270.0,12,0.0,0.0,0.0,,2000.0,,,44,0.0,,3200.0
7014,201405,0,3192.0,12,4.0,0.0,0.0,,600.0,840.16,297.38,53,4.0,383.94,2000.0
7015,201403,0,4588.0,3,8.0,0.0,0.0,,150.0,,,37,13.0,,150.0
7016,201406,1,249.0,12,0.0,0.0,0.0,,2082.58,,,42,0.0,,2082.58
7017,201411,0,2641.0,12,26.0,12.0,11.0,488.0,2000.0,371.92,0.0,47,3.0,482.85,3400.0
7018,201409,0,3423.0,12,42.0,11.0,12.0,1533.0,1000.0,1503.66,32.43,48,15.0,524.68,1200.0
7019,201410,0,1247.0,12,0.0,4.0,12.0,376.0,1600.0,740.67,105.85,68,0.0,516.53,4740.0
7020,201401,1,330.0,10,0.0,0.0,0.0,,1187.0,,,39,0.0,,7203.07
7021,201401,1,164.0,12,0.0,0.0,0.0,,864.02,,,71,0.0,,1728.04
7022,201405,0,4866.0,3,53.0,2.0,12.0,335.0,523.25,1492.95,0.0,42,6.0,616.49,523.25
7023,201408,0,1763.0,10,10.0,12.0,11.0,1141.0,1700.0,1452.23,116.92,48,1.0,497.95,6400.0
7024,201411,0,1507.0,12,1.0,8.0,3.0,291.0,1652.18,,,66,1.0,,6500.0
7025,201402,1,292.0,12,0.0,0.0,0.0,,402.68,,,38,0.0,,805.36
7026,201406,0,668.0,3,0.0,0.0,2.0,,300.0,,,45,0.0,18.95,300.0
7027,201411,0,962.0,5,0.0,0.0,9.0,,500.0,871.86,207.92,49,0.0,294.09,
7028,201409,1,197.0,12,0.0,0.0,0.0,,700.0,,,35,0.0,,
7029,201404,1,4845.0,12,20.0,0.0,7.0,,2000.0,545.33,127.42,57,29.0,478.12,7400.0
7030,201407,0,3579.0,6,51.0,12.0,12.0,475.0,500.0,449.46,0.0,67,11.0,147.02,2500.0
7031,201406,0,978.0,12,0.0,0.0,12.0,192.0,1200.0,149.03,53.03,38,0.0,0.0,2200.0
7032,201408,0,3529.0,12,5.0,0.0,9.0,,2858.38,350.63,105.2,54,1.0,181.7,2000.0
7033,201409,0,350.0,12,0.0,0.0,0.0,,1000.0,,,69,0.0,,
7034,201404,0,1087.0,12,0.0,0.0,11.0,85.0,1000.0,260.83,0.0,63,0.0,,1500.0
7035,201408,1,248.0,12,0.0,0.0,0.0,,1083.64,,,46,0.0,,1605.48
7036,201410,0,1255.0,3,0.0,4.0,12.0,561.0,150.0,806.6,0.0,37,0.0,391.0,300.0
7037,201405,1,146.0,12,0.0,0.0,0.0,,432.45,,,19,0.0,,1714.23
7038,201404,0,202.0,12,0.0,0.0,0.0,,950.0,,,65,0.0,,950.0
7039,201411,0,2128.0,12,11.0,7.0,11.0,130.0,2000.0,377.33,111.47,62,2.0,127.48,1300.0
7040,201406,0,727.0,12,0.0,0.0,0.0,,1000.0,223.36,0.0,67,0.0,264.19,1000.0
7041,201405,0,3773.0,12,8.0,0.0,0.0,,2200.0,,,77,14.0,,3700.0
7042,201408,0,628.0,10,0.0,0.0,0.0,,2000.0,,,53,0.0,142.69,
7043,201405,0,1103.0,12,0.0,0.0,7.0,232.0,1925.7,438.8,0.0,39,0.0,,1925.7
7044,201409,1,861.0,12,0.0,0.0,4.0,,1000.0,518.29,134.85,59,0.0,303.33,3200.0
7045,201410,0,659.0,5,0.0,0.0,0.0,,700.0,,,20,0.0,141.13,
7046,201405,0,407.0,12,0.0,0.0,0.0,,600.0,,,38,0.0,,600.0
7047,201403,0,3393.0,12,32.0,4.0,11.0,187.0,2500.0,242.34,0.0,61,22.0,47.1,3700.0
7048,201412,0,642.0,12,0.0,0.0,0.0,,1000.0,,,56,0.0,75.99,400.0
7049,201410,0,1362.0,12,0.0,8.0,12.0,371.0,2000.0,728.2,122.43,67,0.0,208.14,5843.44
7050,201408,0,495.0,12,0.0,0.0,0.0,,700.0,,,47,0.0,,700.0
7051,201411,0,1830.0,12,9.0,6.0,8.0,,2000.0,782.7,149.9,39,2.0,655.19,1579.52
7052,201409,0,224.0,12,0.0,0.0,0.0,,200.0,,,46,0.0,,
7053,201412,0,931.0,12,0.0,0.0,7.0,,2000.0,1040.54,237.35,75,0.0,541.96,4900.0
7054,201404,0,346.0,4,0.0,0.0,0.0,,350.0,,,44,0.0,,350.0
7055,201411,1,1791.0,12,10.0,1.0,0.0,,2000.0,,,53,1.0,0.0,
7056,201405,1,243.0,12,0.0,0.0,0.0,,1000.0,,,37,0.0,,1000.0
7057,201401,0,2632.0,12,36.0,10.0,12.0,387.0,400.0,350.3,92.36,38,2.0,256.5,2000.0
7058,201404,0,3567.0,8,63.0,12.0,12.0,751.0,500.0,751.39,62.8,46,5.0,500.97,4200.0
7059,201409,0,1566.0,5,3.0,6.0,7.0,234.0,350.0,172.9,0.0,61,1.0,77.25,840.0
7060,201408,0,2425.0,12,30.0,10.0,12.0,1938.0,1600.0,1742.29,0.0,55,2.0,1109.43,2600.0
7061,201407,1,584.0,12,0.0,0.0,0.0,,2131.6,,,36,0.0,0.0,6131.6
7062,201401,0,4809.0,12,28.0,11.0,11.0,382.0,1250.0,428.85,0.0,50,10.0,228.33,2500.0
7063,201404,0,1070.0,10,0.0,0.0,8.0,,500.0,220.93,0.0,60,0.0,61.74,500.0
7064,201411,0,3999.0,12,73.0,8.0,12.0,1377.0,2000.0,1460.25,0.0,50,5.0,1161.37,5200.0
7065,201402,0,2448.0,12,28.0,0.0,0.0,,2000.0,,,74,3.0,,8000.0
7066,201402,1,638.0,12,0.0,0.0,0.0,,800.0,,,37,0.0,41.51,2300.0
7067,201403,1,213.0,12,0.0,0.0,0.0,,1254.0,,,43,0.0,,1254.0
7068,201401,0,1126.0,12,0.0,0.0,7.0,407.0,1000.0,268.1,64.65,39,0.0,,2053.94
7069,201404,0,2064.0,12,11.0,3.0,10.0,113.0,1000.0,,,39,6.0,85.95,1000.0
7070,201411,0,2085.0,8,17.0,10.0,12.0,573.0,1200.0,425.92,0.0,63,4.0,231.97,
7071,201402,0,129.0,3,0.0,0.0,0.0,,350.0,,,34,0.0,0.0,700.0
7072,201407,0,294.0,12,0.0,0.0,0.0,,787.54,,,19,0.0,,787.54
7073,201409,0,3192.0,8,19.0,0.0,0.0,,1000.0,,,47,10.0,,
7074,201405,0,382.0,6,0.0,0.0,0.0,,500.0,,,56,0.0,,500.0
7075,201407,0,4317.0,10,66.0,5.0,11.0,250.0,800.0,181.94,0.0,56,27.0,338.11,800.0
7076,201401,0,317.0,12,0.0,0.0,0.0,,1800.0,,,47,0.0,,4600.0
7077,201408,1,4555.0,10,13.0,0.0,0.0,,600.0,,,39,27.0,,600.0
7078,201411,1,440.0,12,0.0,0.0,0.0,,1000.0,,,57,0.0,,
7079,201411,1,257.0,12,0.0,0.0,0.0,,962.98,,,49,0.0,,
7080,201408,1,224.0,12,0.0,0.0,0.0,,933.0,,,38,0.0,,933.0
7081,201410,1,4056.0,12,58.0,6.0,10.0,25.0,1285.93,145.33,25.13,36,10.0,160.5,4250.0
7082,201410,0,770.0,10,0.0,0.0,1.0,,800.0,361.78,73.91,51,0.0,442.42,528.55
7083,201403,0,486.0,12,0.0,0.0,0.0,,640.0,,,54,0.0,,640.0
7084,201401,0,1065.0,12,0.0,0.0,11.0,,2000.0,813.72,154.38,45,0.0,466.0,5000.0
7085,201405,1,1763.0,12,10.0,10.0,9.0,160.0,2000.0,689.86,0.0,38,1.0,363.23,3630.04
7086,201410,0,1527.0,12,1.0,1.0,1.0,49.0,3000.0,196.8,70.84,59,1.0,179.62,
7087,201404,1,1570.0,12,3.0,4.0,0.0,112.0,2000.0,,,56,1.0,,2000.0
7088,201407,0,494.0,10,0.0,0.0,0.0,,1000.0,,,47,0.0,50.81,1000.0
7089,201409,0,528.0,3,0.0,0.0,0.0,,160.0,,,38,0.0,0.0,
7090,201404,0,4106.0,12,62.0,9.0,12.0,928.0,2227.06,515.84,0.0,38,12.0,,5527.06
7091,201405,0,740.0,12,0.0,0.0,0.0,,1000.0,127.94,0.0,36,0.0,255.64,1000.0
7092,201410,0,2061.0,9,22.0,0.0,0.0,,600.0,,,44,1.0,,3100.0
7093,201412,0,734.0,12,0.0,0.0,2.0,,800.0,258.21,0.0,54,0.0,345.38,
7094,201409,0,3061.0,12,27.0,0.0,0.0,,500.0,,,71,4.0,,
7095,201402,1,1309.0,5,0.0,6.0,11.0,488.0,570.0,553.73,0.0,42,0.0,640.0,1140.0
7096,201403,0,1613.0,3,3.0,8.0,12.0,363.0,150.0,195.92,0.0,37,2.0,365.0,4536.58
7097,201411,0,354.0,12,0.0,0.0,0.0,,1448.34,,,57,0.0,,
7098,201412,1,299.0,12,0.0,0.0,0.0,,1000.0,,,51,0.0,,500.0
7099,201402,1,3674.0,12,32.0,0.0,2.0,,820.0,,,73,9.0,,4012.69
7100,201402,0,2209.0,10,9.0,0.0,0.0,,2000.0,,,50,5.0,108.58,5000.0
7101,201412,0,1113.0,12,0.0,0.0,12.0,510.0,1400.0,1136.56,0.0,74,0.0,786.53,1875.78
7102,201408,0,1331.0,12,0.0,7.0,12.0,671.0,1100.0,444.74,110.86,65,0.0,604.08,6100.0
7103,201405,1,502.0,12,0.0,0.0,0.0,,500.0,,,38,0.0,,900.0
7104,201404,0,2303.0,12,26.0,7.0,4.0,387.0,2000.0,,,51,2.0,,3200.0
7105,201408,1,530.0,12,0.0,0.0,0.0,,1998.21,,,45,0.0,,
7106,201403,0,526.0,12,0.0,0.0,0.0,,1000.0,,,48,0.0,,1500.0
7107,201407,1,633.0,12,0.0,0.0,0.0,,1000.0,,,56,0.0,133.74,2000.0
7108,201409,1,1774.0,12,4.0,9.0,10.0,752.0,1381.26,149.26,0.0,37,2.0,105.65,4619.7
7109,201409,1,1012.0,12,0.0,0.0,5.0,,1832.94,434.77,136.12,37,0.0,285.91,
7110,201410,1,1033.0,10,0.0,0.0,9.0,,500.0,253.91,0.0,36,0.0,114.4,
7111,201407,0,4359.0,10,7.0,0.0,0.0,,500.0,,,46,16.0,,1100.0
7112,201401,0,2768.0,10,31.0,4.0,7.0,81.0,1000.0,67.99,0.0,35,11.0,106.98,2700.0
7113,201410,0,3106.0,12,14.0,6.0,12.0,535.0,2000.0,888.43,63.51,53,21.0,328.25,1500.0
7114,201405,0,532.0,4,0.0,0.0,0.0,,600.0,,,44,0.0,,600.0
7115,201409,1,2141.0,5,21.0,12.0,12.0,898.0,1203.35,783.08,0.0,36,1.0,586.94,
7116,201401,0,1285.0,12,0.0,5.0,11.0,485.0,1500.0,610.82,166.37,36,0.0,289.84,5634.36
7117,201403,0,1647.0,12,6.0,11.0,12.0,420.0,600.0,199.91,0.0,54,1.0,48.58,1800.0
7118,201406,0,4210.0,12,18.0,2.0,0.0,,1400.0,,,38,30.0,,1400.0
7119,201412,0,739.0,12,0.0,0.0,3.0,,1000.0,291.27,94.15,59,0.0,351.85,2400.0
7120,201408,0,469.0,12,0.0,0.0,0.0,,500.0,,,60,0.0,,
7121,201402,0,4497.0,12,6.0,0.0,1.0,,1000.0,165.96,0.0,53,6.0,209.18,2800.0
7122,201403,0,1190.0,12,0.0,3.0,8.0,186.0,1000.0,,,58,0.0,,5100.0
7123,201405,0,4871.0,12,56.0,7.0,12.0,224.0,1000.0,781.42,186.37,57,25.0,501.48,7149.95
7124,201401,1,403.0,12,0.0,0.0,0.0,,1190.0,,,69,0.0,,2380.0
7125,201404,0,364.0,6,0.0,0.0,0.0,,500.0,,,35,0.0,,500.0
7126,201403,0,961.0,12,0.0,0.0,7.0,,2000.0,239.63,0.0,57,0.0,237.97,2000.0
7127,201404,0,994.0,5,0.0,0.0,9.0,,500.0,439.83,0.0,49,0.0,149.73,500.0
7128,201406,0,874.0,12,0.0,0.0,7.0,,973.04,322.17,74.75,36,0.0,266.22,1734.59
7129,201401,0,799.0,12,0.0,0.0,2.0,,1409.59,390.82,51.94,47,0.0,404.26,2819.18
7130,201412,1,293.0,12,0.0,0.0,0.0,,3000.0,,,43,0.0,,300.0
7131,201401,0,2457.0,12,28.0,12.0,12.0,899.0,2000.0,2808.36,663.57,40,4.0,892.13,
7132,201410,0,1269.0,12,0.0,5.0,10.0,127.0,400.0,252.58,70.73,47,0.0,117.33,1200.0
7133,201408,0,2630.0,12,11.0,10.0,2.0,332.0,800.0,,,60,7.0,237.43,800.0
7134,201404,0,1570.0,12,3.0,6.0,3.0,489.0,300.0,,,54,1.0,,300.0
7135,201412,0,4496.0,12,18.0,0.0,0.0,,3000.0,,,50,8.0,,4973.3
7136,201401,1,681.0,4,0.0,0.0,1.0,,400.0,380.24,126.53,41,0.0,332.92,1783.02
7137,201403,0,2057.0,12,18.0,7.0,7.0,,1478.0,,,58,2.0,,1478.0
7138,201410,0,4651.0,12,53.0,1.0,6.0,,2000.0,145.96,0.0,63,20.0,23.17,5340.0
7139,201411,1,1166.0,12,0.0,1.0,12.0,283.0,1000.0,791.85,90.74,34,0.0,513.59,
7140,201401,0,1071.0,12,0.0,0.0,11.0,,1000.0,500.64,0.0,47,0.0,215.36,2000.0
7141,201407,0,354.0,12,0.0,0.0,0.0,,1350.0,,,50,0.0,,2450.0
7142,201405,0,430.0,12,0.0,0.0,0.0,,840.0,,,49,0.0,,840.0
7143,201401,0,585.0,12,0.0,0.0,0.0,,700.0,,,35,0.0,0.0,4898.98
7144,201401,0,1027.0,6,0.0,0.0,9.0,,250.0,704.46,0.0,47,0.0,405.01,850.0
7145,201401,0,3147.0,12,26.0,5.0,12.0,250.0,1000.0,710.82,0.0,39,22.0,454.12,2000.0
7146,201410,0,968.0,12,0.0,0.0,6.0,,800.0,219.95,0.0,60,0.0,170.21,2000.0
7147,201402,0,3414.0,12,56.0,12.0,12.0,1183.0,2900.69,1297.43,0.0,60,9.0,673.32,8801.38
7148,201406,0,1092.0,3,0.0,0.0,8.0,73.0,300.0,27.96,0.0,40,0.0,62.72,300.0
7149,201410,1,665.0,12,0.0,0.0,0.0,,1991.21,,,44,0.0,78.42,162.14
7150,201401,1,1133.0,12,0.0,0.0,12.0,172.0,2000.0,373.4,0.0,45,0.0,179.55,6060.0
7151,201410,1,748.0,12,0.0,0.0,0.0,,1000.0,129.54,0.0,64,0.0,220.19,
7152,201405,1,2460.0,12,1.0,0.0,9.0,,2090.78,480.8,0.0,37,5.0,395.72,2090.78
7153,201405,0,893.0,5,0.0,0.0,5.0,,500.0,168.05,0.0,56,0.0,294.23,500.0
7154,201402,0,424.0,12,0.0,0.0,0.0,,1181.74,,,65,0.0,,2363.48
7155,201406,0,2972.0,3,21.0,0.0,0.0,,1000.0,,,46,6.0,,2000.0
7156,201404,0,3047.0,12,12.0,0.0,3.0,,778.85,17.0,0.0,48,5.0,93.03,778.85
7157,201407,1,793.0,12,0.0,0.0,4.0,,1478.28,263.87,0.0,44,0.0,482.36,1478.28
7158,201405,0,509.0,12,0.0,0.0,0.0,,1355.47,,,52,0.0,,1355.47
7159,201408,0,405.0,6,0.0,0.0,0.0,,1000.0,,,44,0.0,,1150.0
7160,201408,0,518.0,12,0.0,0.0,0.0,,921.55,,,42,0.0,,
7161,201410,1,2450.0,12,4.0,1.0,10.0,196.0,2000.0,102.2,34.73,56,3.0,200.56,1549.98
7162,201409,0,366.0,12,0.0,0.0,0.0,,2500.0,,,44,0.0,,902.22
7163,201404,0,608.0,12,0.0,0.0,0.0,,1700.0,,,55,0.0,0.0,2700.0
7164,201405,0,856.0,12,0.0,0.0,5.0,,1000.0,418.95,0.0,53,0.0,306.4,2000.0
7165,201408,1,709.0,12,0.0,0.0,0.0,,2975.35,,,47,0.0,204.15,2975.35
7166,201405,0,2963.0,12,24.0,2.0,12.0,215.0,600.0,402.94,105.06,58,17.0,237.04,3300.0
7167,201401,1,1353.0,12,0.0,5.0,12.0,399.0,1310.0,768.81,154.02,43,0.0,268.64,3020.0
7168,201410,0,439.0,12,0.0,0.0,0.0,,800.0,,,45,0.0,,
7169,201411,0,3619.0,3,23.0,5.0,3.0,55.0,1000.0,55.96,0.0,53,6.0,145.51,
7170,201408,0,3079.0,10,9.0,11.0,11.0,349.0,1000.0,779.76,0.0,41,3.0,469.22,1800.0
7171,201407,1,957.0,12,0.0,0.0,8.0,,1742.34,18.0,0.0,46,0.0,27.5,1742.34
7172,201405,0,709.0,12,0.0,0.0,0.0,,1763.77,158.9,54.96,33,0.0,186.63,2397.13
7173,201404,0,3059.0,10,23.0,9.0,9.0,,500.0,365.97,0.0,60,8.0,120.35,500.0
7174,201405,1,340.0,12,0.0,0.0,3.0,,1638.93,,,46,0.0,0.0,1638.93
7175,201406,0,291.0,3,0.0,0.0,0.0,,300.0,,,37,0.0,,300.0
7176,201405,0,958.0,12,0.0,0.0,7.0,,2000.0,380.85,0.0,50,0.0,221.81,2000.0
7177,201404,0,304.0,12,0.0,0.0,0.0,,800.0,,,55,0.0,,800.0
7178,201407,0,1093.0,12,0.0,0.0,12.0,95.0,900.0,939.22,138.42,35,0.0,438.94,4300.0
7179,201411,1,2243.0,5,17.0,9.0,10.0,460.0,800.0,149.96,0.0,47,4.0,158.48,2000.0
7180,201405,0,593.0,12,0.0,0.0,0.0,,3000.0,,,55,0.0,156.64,3000.0
7181,201411,1,732.0,12,0.0,0.0,0.0,,3000.0,152.95,0.0,55,0.0,264.0,2495.84
7182,201407,0,1540.0,12,0.0,5.0,9.0,,667.08,347.52,117.59,48,2.0,154.64,1167.08
7183,201410,0,705.0,6,0.0,0.0,1.0,,400.0,,,48,0.0,386.07,600.0
7184,201403,1,2008.0,12,10.0,4.0,2.0,71.0,2759.03,,,35,6.0,0.0,2759.03
7185,201403,0,2585.0,6,33.0,7.0,0.0,120.0,200.0,,,42,4.0,,200.0
7186,201409,1,2507.0,12,15.0,7.0,0.0,755.0,1500.0,,,57,2.0,,3130.86
7187,201409,0,2375.0,12,16.0,11.0,11.0,507.0,2000.0,419.72,134.78,67,2.0,335.67,7200.0
7188,201406,1,1178.0,12,0.0,2.0,11.0,200.0,991.91,310.9,0.0,35,0.0,269.0,991.91
7189,201408,0,616.0,12,0.0,0.0,0.0,,500.0,,,43,0.0,121.95,
7190,201411,1,2823.0,12,19.0,2.0,12.0,41.0,1744.39,253.05,15.52,35,7.0,92.62,2000.0
7191,201401,1,1146.0,12,0.0,1.0,9.0,392.0,2000.0,263.3,0.0,59,0.0,366.75,4000.0
7192,201404,0,182.0,6,0.0,0.0,0.0,,500.0,,,35,0.0,,500.0
7193,201401,1,2178.0,12,19.0,7.0,12.0,778.0,1740.0,396.26,95.94,59,5.0,81.54,4480.0
7194,201402,1,2749.0,12,41.0,10.0,12.0,1589.0,1500.0,1709.2,176.34,41,4.0,757.26,3000.0
7195,201402,1,215.0,7,0.0,0.0,0.0,,500.0,,,55,0.0,,1000.0
7196,201401,1,237.0,12,0.0,0.0,0.0,,2000.0,,,51,0.0,,4000.0
7197,201410,0,329.0,3,0.0,0.0,0.0,,250.0,,,47,0.0,,
7198,201403,0,1973.0,6,11.0,0.0,7.0,,600.0,758.21,181.33,39,2.0,748.47,600.0
7199,201408,1,445.0,12,0.0,0.0,0.0,,1232.98,,,54,0.0,,4059.04
7200,201411,0,4272.0,12,77.0,0.0,0.0,,1000.0,,,50,7.0,,3000.0
7201,201408,0,2590.0,6,3.0,0.0,0.0,,600.0,,,41,3.0,,
7202,201406,0,1939.0,12,11.0,0.0,6.0,,1000.0,181.95,0.0,65,2.0,4.88,3460.0
7203,201407,0,3283.0,12,9.0,0.0,0.0,,1000.0,,,56,5.0,,1000.0
7204,201403,0,327.0,12,0.0,0.0,0.0,,1000.0,,,60,0.0,,2000.0
7205,201404,0,2679.0,12,18.0,9.0,5.0,275.0,1000.0,,,63,6.0,0.0,1855.88
7206,201404,1,2151.0,12,21.0,10.0,12.0,589.0,700.0,497.11,93.25,71,2.0,114.72,700.0
7207,201406,0,2183.0,12,13.0,9.0,11.0,895.0,3000.0,200.14,0.0,45,12.0,400.23,8728.08
7208,201410,1,741.0,12,0.0,0.0,1.0,,2508.32,334.46,0.0,33,0.0,697.32,
7209,201408,0,2280.0,3,9.0,3.0,7.0,,350.0,351.34,0.0,34,9.0,357.47,350.0
7210,201408,1,715.0,12,0.0,0.0,0.0,,2227.01,,,32,0.0,577.56,2227.01
7211,201410,0,2933.0,12,38.0,4.0,0.0,,300.0,,,46,8.0,,
7212,201405,0,3698.0,8,22.0,0.0,0.0,,500.0,,,54,21.0,,500.0
7213,201404,0,584.0,12,0.0,0.0,0.0,,1000.0,,,59,0.0,19.86,2000.0
7214,201409,0,192.0,12,0.0,0.0,0.0,,941.28,,,36,0.0,,
7215,201406,0,2330.0,5,22.0,12.0,12.0,1161.0,300.0,1596.24,0.0,52,6.0,1049.63,300.0
7216,201404,0,1908.0,12,14.0,7.0,10.0,113.0,1000.0,135.97,0.0,68,1.0,179.15,5074.96
7217,201404,0,3129.0,12,47.0,11.0,12.0,352.0,600.0,624.01,174.97,58,9.0,402.55,1200.0
7218,201411,1,3667.0,12,9.0,0.0,2.0,,2000.0,205.95,0.0,60,3.0,263.81,
7219,201412,1,572.0,12,0.0,0.0,0.0,,800.0,,,47,0.0,0.0,
7220,201410,0,667.0,12,0.0,0.0,0.0,,1074.44,,,43,0.0,176.53,
7221,201405,0,641.0,12,0.0,0.0,0.0,,1000.0,,,45,0.0,62.67,1000.0
7222,201404,1,783.0,12,0.0,0.0,2.0,,1589.86,81.58,0.0,50,0.0,281.55,1589.86
7223,201409,0,1060.0,10,0.0,0.0,11.0,,1500.0,431.55,89.64,39,0.0,399.91,2000.0
7224,201401,0,1479.0,12,1.0,11.0,1.0,334.0,1400.0,,,35,0.0,,1400.0
7225,201403,1,737.0,12,0.0,0.0,0.0,,2627.66,49.98,0.0,32,0.0,175.31,3476.91
7226,201408,0,1120.0,12,0.0,0.0,11.0,300.0,1100.0,237.09,0.0,31,0.0,310.89,1100.0
7227,201401,0,335.0,12,0.0,0.0,0.0,,800.0,,,56,0.0,,1800.0
7228,201408,0,3506.0,4,15.0,0.0,7.0,79.0,800.0,241.93,0.0,34,9.0,194.68,1300.0
7229,201405,0,2363.0,10,29.0,11.0,12.0,492.0,800.0,1239.9,177.84,51,1.0,621.31,1900.0
7230,201406,0,267.0,7,0.0,0.0,0.0,,837.39,,,53,0.0,,837.39
7231,201406,0,1878.0,3,11.0,8.0,0.0,243.0,500.0,,,38,2.0,,5020.0
7232,201404,0,2397.0,12,2.0,0.0,0.0,,260.0,,,47,2.0,,330.76
7233,201409,0,331.0,3,0.0,0.0,0.0,,200.0,,,34,0.0,,
7234,201409,0,1992.0,12,4.0,0.0,0.0,,1736.74,,,30,2.0,418.3,1600.0
7235,201408,0,262.0,12,0.0,0.0,0.0,,900.0,,,51,0.0,,900.0
7236,201404,0,608.0,12,0.0,0.0,0.0,,570.0,,,53,0.0,37.44,570.0
7237,201411,1,2591.0,12,35.0,12.0,12.0,738.0,1500.0,1134.31,37.77,40,2.0,716.3,1782.72
7238,201410,0,585.0,12,0.0,0.0,0.0,,800.0,,,42,0.0,74.05,450.0
7239,201407,1,1233.0,12,0.0,3.0,12.0,816.0,1400.0,1744.53,210.95,52,0.0,775.22,1400.0
7240,201407,0,720.0,12,0.0,0.0,1.0,,450.0,195.92,73.54,47,0.0,218.81,450.0
7241,201403,0,1449.0,12,0.0,8.0,12.0,327.0,2900.69,519.78,0.0,47,0.0,231.96,4100.69
7242,201402,1,746.0,10,0.0,0.0,0.0,,1000.0,53.99,0.0,35,0.0,284.86,2000.0
7243,201409,0,611.0,12,0.0,0.0,0.0,,1200.0,,,57,0.0,39.74,1000.0
7244,201411,0,849.0,12,0.0,0.0,4.0,,1230.0,775.35,252.44,51,0.0,697.92,2000.0
7245,201411,0,4568.0,12,70.0,10.0,5.0,,1300.0,293.9,0.0,60,30.0,325.6,
7246,201412,1,453.0,12,0.0,0.0,0.0,,1000.0,,,48,0.0,,601.8
7247,201408,0,1464.0,12,0.0,5.0,10.0,505.0,1000.0,418.95,126.05,39,1.0,77.06,
7248,201402,0,623.0,12,0.0,0.0,0.0,,2872.15,,,56,0.0,63.17,7744.3
7249,201402,0,787.0,5,0.0,0.0,2.0,,500.0,203.95,0.0,42,0.0,324.76,1000.0
7250,201407,1,523.0,10,0.0,0.0,0.0,,1600.0,,,65,0.0,,1600.0
7251,201404,0,513.0,12,0.0,0.0,0.0,,500.0,,,55,0.0,,500.0
7252,201405,0,343.0,12,0.0,0.0,0.0,,500.0,,,35,0.0,,500.0
7253,201406,0,1215.0,7,0.0,3.0,12.0,430.0,1000.0,535.83,0.0,38,0.0,,1339.0
7254,201409,0,2604.0,12,23.0,7.0,10.0,587.0,1000.0,915.81,273.91,45,14.0,503.13,
7255,201412,1,1140.0,6,0.0,1.0,11.0,98.0,1000.0,516.31,0.0,43,0.0,341.28,300.0
7256,201408,0,2438.0,9,13.0,11.0,12.0,1804.0,2000.0,2006.48,575.97,64,8.0,1378.36,3700.0
7257,201403,1,256.0,12,0.0,0.0,0.0,,600.0,,,44,0.0,,600.0
7258,201403,1,4077.0,12,7.0,0.0,0.0,,1200.0,,,44,5.0,,1200.0
7259,201407,1,340.0,12,0.0,0.0,0.0,,350.0,,,42,0.0,,350.0
7260,201411,0,333.0,4,0.0,0.0,0.0,,300.0,,,51,0.0,,
7261,201404,0,4146.0,10,54.0,12.0,12.0,528.0,1000.0,532.76,0.0,47,7.0,398.22,1000.0
7262,201403,1,249.0,10,0.0,0.0,0.0,,1214.61,,,36,0.0,,1214.61
7263,201409,0,3934.0,12,33.0,9.0,11.0,920.0,1975.77,1145.77,0.0,47,11.0,793.71,584.0
7264,201412,0,1159.0,12,0.0,1.0,4.0,39.0,1200.0,69.99,0.0,57,0.0,86.82,1300.0
7265,201408,1,617.0,12,0.0,0.0,0.0,,2254.31,,,51,0.0,53.29,2254.31
7266,201409,0,5011.0,12,63.0,12.0,9.0,757.0,3000.0,648.29,0.0,50,3.0,850.22,5171.92
7267,201410,0,3774.0,12,59.0,12.0,2.0,1165.0,2000.0,,,51,16.0,,3000.0
7268,201406,0,4687.0,5,14.0,11.0,12.0,306.0,400.0,479.03,67.14,50,33.0,284.65,1600.0
7269,201411,1,320.0,12,0.0,0.0,0.0,,2535.62,,,28,0.0,,290.95
7270,201404,1,343.0,12,0.0,0.0,0.0,,1000.0,,,32,0.0,,1000.0
7271,201401,1,484.0,12,0.0,0.0,0.0,,1100.0,,,56,0.0,,2200.0
7272,201405,1,427.0,12,0.0,0.0,0.0,,600.0,,,28,0.0,,600.0
7273,201407,1,2619.0,12,18.0,9.0,12.0,476.0,1500.0,444.84,87.85,56,3.0,246.0,5976.17
7274,201408,0,3684.0,12,21.0,0.0,1.0,,1007.55,,,69,9.0,,1007.55
7275,201412,1,269.0,12,0.0,0.0,0.0,,1000.0,,,54,0.0,,
7276,201402,1,377.0,12,0.0,0.0,0.0,,800.0,,,50,0.0,,1600.0
7277,201404,0,4376.0,12,8.0,0.0,0.0,,1000.0,,,55,20.0,,1000.0
7278,201406,0,743.0,6,0.0,0.0,1.0,,1500.0,170.89,0.0,57,0.0,445.9,5692.05
7279,201411,1,1046.0,10,0.0,0.0,11.0,159.0,1000.0,172.73,0.0,54,0.0,187.02,1600.0
7280,201404,0,469.0,4,0.0,0.0,0.0,,300.0,,,42,0.0,,300.0
7281,201409,0,1233.0,12,0.0,3.0,10.0,197.0,2451.65,445.74,81.85,39,0.0,27.93,5500.0
7282,201407,0,925.0,12,0.0,0.0,6.0,,2282.0,159.75,0.0,57,0.0,,4282.0
7283,201412,0,213.0,10,0.0,0.0,0.0,,1500.0,,,49,0.0,,
7284,201408,0,814.0,12,0.0,0.0,3.0,,883.38,249.94,0.0,35,0.0,182.58,883.38
7285,201404,0,310.0,10,0.0,0.0,0.0,,1000.0,,,50,0.0,,1600.0
7286,201403,0,3499.0,12,53.0,4.0,7.0,,1800.03,1287.54,409.79,67,9.0,730.63,1800.03
7287,201404,0,147.0,10,0.0,0.0,0.0,,300.0,,,39,0.0,,300.0
7288,201412,1,4715.0,12,4.0,0.0,0.0,,1500.0,,,35,43.0,201.66,
7289,201412,1,720.0,12,0.0,0.0,0.0,,2698.08,216.02,75.66,49,0.0,254.86,
7290,201401,1,850.0,12,0.0,0.0,4.0,,700.0,350.79,88.85,42,0.0,225.59,1700.0
7291,201405,0,821.0,12,0.0,0.0,3.0,,1500.0,475.75,0.0,62,0.0,668.14,1500.0
7292,201409,0,1340.0,10,0.0,5.0,7.0,253.0,1500.0,167.91,0.0,41,0.0,,1000.0
7293,201407,0,1297.0,5,0.0,3.0,12.0,301.0,500.0,481.12,100.34,53,0.0,424.4,1434.38
7294,201412,0,708.0,12,0.0,0.0,0.0,,1550.0,,,48,0.0,76.33,509.0
7295,201402,0,4650.0,12,12.0,0.0,0.0,,1800.0,,,42,9.0,,3600.0
7296,201411,1,300.0,12,0.0,0.0,0.0,,3000.0,,,60,0.0,,
7297,201404,0,3618.0,12,54.0,7.0,12.0,610.0,1000.0,329.91,0.0,54,13.0,206.12,2400.0
7298,201402,0,2656.0,12,11.0,0.0,6.0,102.0,2000.0,,,43,4.0,,5200.0
7299,201410,0,1674.0,12,5.0,12.0,8.0,681.0,1140.0,496.75,0.0,42,3.0,527.65,
7300,201410,0,267.0,12,0.0,0.0,0.0,,1000.0,,,42,0.0,,250.0
7301,201403,0,3307.0,12,38.0,9.0,4.0,261.0,1000.0,352.73,36.84,61,16.0,360.0,1000.0
7302,201408,0,1403.0,12,0.0,9.0,12.0,423.0,1100.0,970.63,0.0,62,0.0,331.0,2055.25
7303,201404,0,283.0,8,0.0,0.0,0.0,,1000.0,,,46,0.0,,2200.0
7304,201406,0,512.0,12,0.0,0.0,0.0,,3000.0,,,52,0.0,,3000.0
7305,201403,0,819.0,12,0.0,0.0,3.0,,500.0,612.11,210.75,44,0.0,313.0,1000.0
7306,201410,0,1775.0,4,7.0,7.0,11.0,521.0,300.0,705.08,78.81,60,3.0,515.37,
7307,201403,0,3448.0,12,26.0,0.0,0.0,,1000.0,,,44,13.0,154.24,1000.0
7308,201402,0,4796.0,12,58.0,2.0,0.0,,800.0,,,70,26.0,,1600.0
7309,201405,1,429.0,12,0.0,0.0,0.0,,772.49,,,54,0.0,,772.49
7310,201412,0,1686.0,12,7.0,7.0,12.0,237.0,800.0,,,70,1.0,0.0,3960.0
7311,201411,1,294.0,12,0.0,0.0,0.0,,3000.0,,,43,0.0,,293.18
7312,201412,0,3185.0,6,29.0,6.0,11.0,272.0,500.0,135.46,0.0,42,6.0,195.73,1600.0
7313,201405,0,4945.0,6,39.0,9.0,10.0,202.0,300.0,169.94,0.0,40,11.0,112.57,300.0
7314,201401,0,231.0,12,0.0,0.0,0.0,,800.0,,,64,0.0,,1600.0
7315,201409,1,525.0,12,0.0,0.0,3.0,,815.32,,,43,0.0,,
7316,201410,1,314.0,8,0.0,0.0,0.0,,1000.0,,,58,0.0,,
7317,201407,0,1241.0,12,0.0,2.0,11.0,284.0,1000.0,223.05,0.0,25,0.0,310.82,1900.0
7318,201401,1,927.0,12,0.0,0.0,9.0,,1300.0,547.34,171.97,33,0.0,124.92,3311.07
7319,201404,1,3090.0,12,51.0,9.0,12.0,1803.0,1821.85,69.99,0.0,49,3.0,1190.59,1821.85
7320,201407,0,4474.0,12,8.0,0.0,0.0,,1000.0,445.76,159.83,34,1.0,169.71,1000.0
7321,201409,1,3600.0,12,62.0,9.0,12.0,909.0,3000.0,1659.29,360.74,53,9.0,750.0,12000.0
7322,201410,0,631.0,12,0.0,0.0,0.0,,1000.0,,,18,0.0,98.87,2700.0
7323,201405,1,208.0,8,0.0,0.0,0.0,,700.0,,,55,0.0,,700.0
7324,201404,0,1757.0,12,6.0,11.0,12.0,703.0,1500.0,453.81,0.0,52,3.0,214.72,1500.0
7325,201412,1,329.0,12,0.0,0.0,0.0,,1000.0,,,34,0.0,,
7326,201411,0,406.0,6,0.0,0.0,0.0,,500.0,,,38,0.0,,
7327,201407,1,215.0,10,0.0,0.0,0.0,,710.37,,,21,0.0,,710.37
7328,201408,0,153.0,6,0.0,0.0,0.0,,500.0,,,46,0.0,,1000.0
7329,201407,0,2087.0,12,19.0,9.0,5.0,47.0,1000.0,153.95,0.0,56,2.0,0.0,3534.7
7330,201403,0,894.0,8,0.0,0.0,5.0,,600.0,813.34,224.29,56,0.0,580.96,600.0
7331,201408,0,568.0,12,0.0,0.0,0.0,,2000.0,,,48,0.0,,6000.0
7332,201404,1,768.0,10,0.0,0.0,4.0,,1400.0,186.1,61.88,55,0.0,185.0,2200.0
7333,201404,1,220.0,12,0.0,0.0,0.0,,400.0,,,24,0.0,,400.0
7334,201405,1,807.0,12,0.0,0.0,3.0,,1500.0,334.18,108.23,44,0.0,269.5,2300.0
7335,201404,0,388.0,12,0.0,0.0,0.0,,535.0,,,37,0.0,,535.0
7336,201412,0,1092.0,12,0.0,0.0,11.0,93.0,1000.0,709.02,0.0,48,0.0,495.47,2000.0
7337,201411,1,254.0,12,0.0,0.0,0.0,,750.0,,,58,0.0,,
7338,201411,0,1949.0,8,9.0,5.0,1.0,,500.0,79.97,0.0,36,5.0,245.78,
7339,201403,1,1220.0,12,0.0,5.0,12.0,578.0,1000.0,427.98,63.07,63,0.0,220.0,7500.0
7340,201409,0,760.0,5,0.0,0.0,1.0,,800.0,49.98,0.0,46,0.0,182.01,
7341,201402,0,3065.0,3,6.0,3.0,2.0,47.0,150.0,73.96,0.0,47,4.0,76.71,300.0
7342,201402,0,246.0,10,0.0,0.0,0.0,,690.0,,,64,0.0,,1380.0
7343,201401,1,282.0,12,0.0,0.0,0.0,,1000.0,,,38,0.0,,2000.0
7344,201409,0,2205.0,12,13.0,5.0,7.0,,600.0,263.41,93.43,64,2.0,44.02,5774.83
7345,201404,0,3393.0,8,57.0,11.0,12.0,322.0,500.0,488.03,16.37,55,7.0,256.58,500.0
7346,201405,0,572.0,12,0.0,0.0,0.0,,1319.38,,,46,0.0,,2319.38
7347,201412,0,2502.0,12,21.0,10.0,8.0,472.0,1000.0,,,51,4.0,0.0,
7348,201401,0,965.0,10,0.0,0.0,8.0,,1000.0,244.37,0.0,24,0.0,33.86,2000.0
7349,201412,1,5169.0,12,119.0,9.0,12.0,1210.0,3000.0,1192.83,0.0,47,3.0,683.19,6000.0
7350,201408,0,764.0,10,0.0,0.0,2.0,,2000.0,324.26,96.93,54,0.0,1042.13,2000.0
7351,201406,0,4757.0,12,56.0,0.0,0.0,,700.0,,,43,5.0,,700.0
7352,201404,1,305.0,12,0.0,0.0,0.0,,500.0,,,66,0.0,,500.0
7353,201401,0,1840.0,12,10.0,7.0,10.0,417.0,1000.0,365.36,127.85,38,3.0,208.89,3000.0
7354,201401,0,354.0,5,0.0,0.0,0.0,,1000.0,,,38,0.0,,3000.0
7355,201409,0,,12,0.0,0.0,0.0,,1000.0,,,47,0.0,,1730.6
7356,201409,1,219.0,12,0.0,0.0,0.0,,800.0,,,44,0.0,,
7357,201409,0,261.0,3,0.0,0.0,0.0,,150.0,,,21,0.0,,
7358,201405,0,701.0,12,0.0,0.0,3.0,,1000.0,528.72,188.88,54,0.0,333.04,1000.0
7359,201401,0,3582.0,3,20.0,0.0,5.0,,300.0,317.24,101.29,54,7.0,155.65,600.0
7360,201404,0,340.0,12,0.0,0.0,0.0,,2057.53,,,42,0.0,,2057.53
7361,201405,0,3763.0,10,66.0,11.0,9.0,143.0,1000.0,636.8,16.29,50,7.0,413.02,3600.0
7362,201408,0,686.0,9,0.0,0.0,0.0,,1000.0,,,22,0.0,182.97,1000.0
7363,201411,0,3041.0,12,32.0,0.0,0.0,,1500.0,,,51,13.0,,
7364,201406,1,492.0,12,0.0,0.0,0.0,,1033.0,,,55,0.0,,1633.0
7365,201407,0,552.0,12,0.0,0.0,0.0,,1800.0,,,64,0.0,,3800.0
7366,201410,1,187.0,8,0.0,0.0,0.0,,500.0,,,22,0.0,,
7367,201401,1,413.0,12,0.0,0.0,0.0,,1900.0,,,39,0.0,,5200.0
7368,201402,0,981.0,12,0.0,0.0,9.0,217.0,1500.0,,,36,0.0,151.63,4000.0
7369,201401,0,684.0,12,0.0,0.0,2.0,,2000.0,604.8,190.33,54,0.0,372.19,5256.62
7370,201402,0,4419.0,8,52.0,11.0,11.0,443.0,2050.0,344.85,0.0,65,41.0,377.05,7100.0
7371,201412,1,4344.0,12,68.0,12.0,9.0,166.0,1000.0,344.27,10.38,50,17.0,289.57,1525.98
7372,201408,0,819.0,8,0.0,0.0,3.0,,2000.0,382.93,0.0,55,0.0,186.72,2000.0
7373,201407,0,1479.0,12,0.0,11.0,12.0,607.0,2100.0,999.38,93.82,51,1.0,429.32,4100.0
7374,201407,0,376.0,12,0.0,0.0,0.0,,1517.02,,,43,0.0,,1517.02
7375,201411,1,328.0,12,0.0,0.0,0.0,,500.0,,,35,0.0,,
7376,201412,0,625.0,12,0.0,0.0,0.0,,1000.0,106.4,38.03,55,0.0,170.61,
7377,201405,0,418.0,12,0.0,0.0,0.0,,1000.0,,,44,0.0,,2079.38
7378,201402,0,203.0,10,0.0,0.0,0.0,,2000.0,,,50,0.0,,4000.0
7379,201410,0,2086.0,12,16.0,10.0,12.0,361.0,2000.0,756.56,67.84,56,2.0,515.0,1869.56
7380,201409,0,2513.0,12,13.0,0.0,9.0,,2324.27,1275.34,284.28,59,5.0,395.64,
7381,201410,0,539.0,6,0.0,0.0,0.0,,500.0,,,35,0.0,,
7382,201401,1,735.0,7,0.0,0.0,1.0,,1454.21,39.98,0.0,37,0.0,647.35,5207.33
7383,201405,0,1648.0,8,5.0,5.0,0.0,,1500.0,99.95,0.0,66,1.0,173.75,1500.0
7384,201410,0,881.0,10,0.0,0.0,5.0,,1000.0,885.27,0.0,51,0.0,1168.84,800.0
7385,201407,0,1335.0,12,0.0,5.0,8.0,170.0,3000.0,477.07,84.12,45,0.0,293.53,11208.84
7386,201412,0,915.0,12,0.0,0.0,6.0,,500.0,725.13,115.24,37,0.0,374.92,
7387,201407,0,1416.0,12,0.0,3.0,1.0,258.0,3000.0,,,70,0.0,32.0,4894.21
7388,201402,0,1274.0,12,0.0,2.0,12.0,483.0,1500.0,400.28,0.0,49,0.0,520.0,3500.0
7389,201407,1,1592.0,12,2.0,8.0,10.0,69.0,570.0,447.77,0.0,34,2.0,329.61,1364.17
7390,201407,1,761.0,8,0.0,4.0,12.0,,500.0,109.98,0.0,49,0.0,216.36,500.0
7391,201410,0,3598.0,5,41.0,1.0,10.0,349.0,300.0,365.04,129.32,64,11.0,361.39,
7392,201405,1,441.0,12,0.0,0.0,0.0,,818.84,,,22,0.0,,1736.59
7393,201408,0,1110.0,12,0.0,1.0,11.0,229.0,2382.67,475.86,151.94,46,2.0,225.12,2382.67
7394,201410,1,1248.0,12,0.0,4.0,11.0,595.0,2000.0,799.06,0.0,49,0.0,402.52,
7395,201407,0,2751.0,12,12.0,6.0,8.0,204.0,1633.53,693.54,0.0,45,2.0,370.47,2633.53
7396,201412,0,4199.0,12,78.0,12.0,10.0,354.0,3000.0,1636.68,326.13,74,11.0,888.91,3000.0
7397,201410,1,1478.0,10,0.0,8.0,8.0,743.0,1156.18,672.22,202.33,22,1.0,425.97,
7398,201406,0,2394.0,7,25.0,6.0,11.0,198.0,1000.0,362.33,106.39,52,6.0,0.0,1000.0
7399,201405,0,1693.0,5,7.0,9.0,9.0,738.0,380.0,165.95,0.0,47,1.0,155.52,380.0
7400,201404,1,1192.0,5,0.0,2.0,11.0,308.0,500.0,49.99,0.0,42,0.0,220.44,500.0
7401,201408,1,616.0,8,0.0,0.0,0.0,,654.59,,,19,0.0,56.96,654.59
7402,201409,0,368.0,8,0.0,0.0,0.0,,300.0,,,46,0.0,,
7403,201412,1,4544.0,12,93.0,12.0,12.0,1451.0,2000.0,1120.2,0.0,62,4.0,360.58,150.0
7404,201408,0,1339.0,12,0.0,7.0,12.0,869.0,2781.95,1232.44,203.64,57,0.0,689.66,2781.95
7405,201410,0,529.0,12,0.0,0.0,0.0,,2086.09,,,41,0.0,,1514.64
7406,201404,1,522.0,12,0.0,0.0,2.0,,1000.0,,,51,0.0,,1000.0
7407,201404,0,,12,0.0,0.0,0.0,,1000.0,,,60,0.0,,2370.0
7408,201404,0,2657.0,10,11.0,8.0,4.0,186.0,700.0,,,58,8.0,239.45,700.0
7409,201407,1,3214.0,12,32.0,2.0,10.0,149.0,1000.0,449.33,139.37,48,13.0,269.33,1000.0
7410,201408,0,3269.0,12,35.0,12.0,12.0,1557.0,1000.0,1208.73,195.09,61,6.0,488.41,4500.0
7411,201404,0,1101.0,6,0.0,0.0,8.0,80.0,1000.0,270.92,0.0,22,0.0,139.51,3527.29
7412,201402,0,4166.0,6,43.0,5.0,12.0,97.0,300.0,357.93,91.24,59,15.0,88.49,600.0
7413,201408,0,1285.0,12,0.0,4.0,0.0,331.0,1400.0,,,51,0.0,,3136.82
7414,201406,0,221.0,12,0.0,0.0,0.0,,695.14,,,78,0.0,,695.14
7415,201407,0,1651.0,12,3.0,12.0,10.0,371.0,1000.0,704.71,0.0,35,2.0,355.87,1000.0
7416,201402,0,2925.0,12,15.0,11.0,12.0,1431.0,1500.0,1072.44,172.68,57,13.0,521.13,3000.0
7417,201405,0,1599.0,12,2.0,10.0,6.0,450.0,1500.0,,,54,3.0,,2700.0
7418,201409,0,512.0,12,0.0,0.0,0.0,,1000.0,,,66,0.0,,300.0
7419,201409,0,3693.0,12,54.0,0.0,0.0,,3000.0,,,37,5.0,0.0,
7420,201412,1,532.0,12,0.0,0.0,0.0,,1800.0,,,20,0.0,0.0,1040.57
7421,201409,0,1105.0,12,0.0,2.0,11.0,431.0,900.0,461.46,0.0,30,0.0,652.0,
7422,201408,0,581.0,6,0.0,0.0,0.0,,1000.0,,,64,0.0,0.0,3000.0
7423,201412,1,1178.0,12,0.0,1.0,12.0,524.0,1500.0,885.21,78.49,38,0.0,462.94,
7424,201401,1,965.0,12,0.0,0.0,8.0,,1431.98,1256.19,284.5,47,0.0,320.25,3863.96
7425,201412,1,4074.0,12,81.0,11.0,11.0,1335.0,3000.0,1314.64,0.0,50,6.0,1113.12,5430.0
7426,201405,0,3221.0,3,18.0,0.0,0.0,,500.0,,,51,6.0,,500.0
7427,201402,0,4032.0,12,64.0,11.0,12.0,1678.0,1423.42,2084.49,0.0,40,19.0,1450.0,2846.84
7428,201402,0,2783.0,6,29.0,2.0,0.0,,300.0,,,47,13.0,60.1,600.0
7429,201409,0,287.0,12,0.0,0.0,0.0,,1039.64,,,45,0.0,,847.3
7430,201404,0,554.0,12,0.0,0.0,0.0,,1500.0,,,46,0.0,,1500.0
7431,201405,0,413.0,12,0.0,0.0,0.0,,1000.0,,,20,0.0,,1000.0
7432,201410,0,999.0,7,0.0,0.0,9.0,,500.0,295.65,45.79,52,0.0,283.0,
7433,201412,1,948.0,12,0.0,0.0,7.0,,1500.0,569.33,0.0,61,0.0,339.36,
7434,201405,1,4854.0,12,6.0,0.0,0.0,,2767.91,,,39,36.0,,4767.91
7435,201403,0,351.0,12,0.0,0.0,0.0,,1025.5,,,66,0.0,,1025.5
7436,201406,0,520.0,10,0.0,0.0,0.0,,500.0,,,50,0.0,,900.0
7437,201402,0,1098.0,12,0.0,0.0,12.0,337.0,1000.0,1479.55,211.07,39,0.0,616.68,2000.0
7438,201409,1,1456.0,12,0.0,11.0,11.0,1422.0,3000.0,1555.84,0.0,52,0.0,848.0,11500.0
7439,201401,0,213.0,5,0.0,0.0,0.0,,210.0,,,38,0.0,,420.0
7440,201410,0,2485.0,4,22.0,8.0,8.0,494.0,300.0,335.91,0.0,69,2.0,247.87,6300.0
7441,201410,0,3774.0,12,42.0,0.0,8.0,,1500.0,416.84,0.0,46,18.0,447.28,4000.0
7442,201406,0,219.0,8,0.0,0.0,0.0,,400.0,,,62,0.0,,400.0
7443,201412,1,2893.0,12,43.0,12.0,10.0,226.0,3000.0,1122.06,196.29,57,2.0,774.61,20479.08
7444,201412,0,816.0,6,0.0,0.0,3.0,,500.0,255.32,0.0,52,0.0,156.52,
7445,201412,0,301.0,12,0.0,0.0,0.0,,1800.0,,,69,0.0,,4300.0
7446,201407,0,368.0,3,0.0,0.0,0.0,,700.0,,,48,0.0,,879.6
7447,201404,0,1572.0,12,3.0,8.0,0.0,284.0,1452.37,41.98,0.0,39,1.0,188.57,4932.37
7448,201410,1,335.0,12,0.0,0.0,0.0,,1300.0,,,33,0.0,,2732.88
7449,201404,0,1383.0,5,0.0,8.0,6.0,301.0,400.0,75.97,0.0,26,0.0,91.02,400.0
7450,201407,1,2042.0,12,8.0,1.0,8.0,,2312.02,276.94,0.0,42,8.0,32.0,2312.02
7451,201406,1,655.0,8,0.0,0.0,0.0,,480.0,,,49,0.0,75.57,480.0
7452,201407,1,4309.0,12,18.0,0.0,1.0,,1500.0,,,51,6.0,133.79,1500.0
7453,201401,0,400.0,12,0.0,0.0,0.0,,600.0,,,61,0.0,,1200.0
7454,201412,1,1299.0,12,0.0,3.0,8.0,399.0,2840.88,375.92,0.0,42,0.0,,11050.18
7455,201407,0,2856.0,10,21.0,4.0,0.0,,1000.0,,,49,10.0,0.0,1000.0
7456,201406,1,4893.0,12,25.0,0.0,0.0,,1472.59,,,36,7.0,,5472.59
7457,201401,0,422.0,12,0.0,0.0,0.0,,1700.0,,,43,0.0,,4400.0
7458,201412,1,297.0,12,0.0,0.0,0.0,,700.0,,,44,0.0,,
7459,201406,1,1111.0,10,0.0,0.0,12.0,380.0,500.0,,,35,0.0,254.36,500.0
7460,201406,0,183.0,10,0.0,0.0,0.0,,1000.0,,,36,0.0,,1000.0
7461,201401,0,212.0,12,0.0,0.0,0.0,,1200.0,,,64,0.0,,2400.0
7462,201410,1,863.0,12,0.0,0.0,4.0,,1100.0,244.93,0.0,22,0.0,169.97,
7463,201406,1,195.0,12,0.0,0.0,0.0,,2500.0,,,48,0.0,,3489.7
7464,201408,1,258.0,12,0.0,0.0,0.0,,415.57,,,25,0.0,,415.57
7465,201410,1,109.0,12,0.0,0.0,0.0,,2000.0,,,48,0.0,,
7466,201405,0,4801.0,12,48.0,1.0,6.0,,3000.0,252.51,0.0,65,16.0,156.06,6232.56
7467,201403,0,1200.0,5,0.0,3.0,7.0,62.0,500.0,120.93,0.0,34,0.0,98.15,500.0
7468,201408,0,3448.0,3,18.0,6.0,12.0,962.0,150.0,1122.65,0.0,34,15.0,1073.6,2250.0
7469,201403,0,531.0,12,0.0,0.0,0.0,,1000.0,,,49,0.0,17.98,1500.0
7470,201401,0,608.0,12,0.0,0.0,0.0,,1000.0,,,66,0.0,30.88,3000.0
7471,201403,0,3535.0,12,52.0,8.0,5.0,517.0,1200.0,185.36,59.4,72,10.0,,3900.0
7472,201411,0,2530.0,12,25.0,0.0,6.0,,600.0,213.91,0.0,44,8.0,,1000.0
7473,201410,1,409.0,12,0.0,0.0,0.0,,1000.0,,,59,0.0,,
7474,201404,0,331.0,6,0.0,0.0,0.0,,743.67,,,46,0.0,,743.67
7475,201406,1,401.0,12,0.0,0.0,0.0,,950.0,,,45,0.0,,2250.0
7476,201410,0,605.0,12,0.0,0.0,0.0,,1200.0,,,44,0.0,33.81,400.0
7477,201405,1,3162.0,12,52.0,12.0,12.0,3142.0,2000.0,2308.91,76.43,59,2.0,1779.04,2000.0
7478,201407,0,292.0,12,0.0,0.0,0.0,,1900.0,,,54,0.0,,1900.0
7479,201409,0,927.0,12,0.0,0.0,6.0,,1500.0,448.6,0.0,35,0.0,362.42,4200.0
7480,201408,0,,12,,,,,3000.0,,,42,,,9400.0
7481,201403,0,254.0,12,0.0,0.0,0.0,,1754.1,,,59,0.0,,1754.1
7482,201408,1,162.0,12,0.0,0.0,0.0,,570.0,,,46,0.0,,570.0
7483,201410,1,520.0,10,0.0,0.0,0.0,,1200.0,,,40,0.0,,800.0
7484,201401,1,479.0,12,0.0,0.0,0.0,,2627.66,,,41,0.0,,7255.32
7485,201401,0,427.0,12,0.0,0.0,0.0,,850.22,,,19,0.0,,1700.44
7486,201401,0,2255.0,8,19.0,7.0,12.0,1104.0,800.0,1172.45,0.0,46,7.0,563.0,2074.09
7487,201407,0,2038.0,12,7.0,7.0,7.0,584.0,2261.36,,,57,6.0,26.8,3761.36
7488,201407,0,209.0,5,0.0,0.0,0.0,,600.0,,,73,0.0,,600.0
7489,201411,1,386.0,12,0.0,0.0,0.0,,1000.0,,,40,0.0,,
7490,201412,1,765.0,5,0.0,0.0,1.0,,1500.0,140.37,0.0,55,0.0,304.94,300.0
7491,201402,0,1200.0,12,0.0,2.0,3.0,226.0,1400.0,,,55,0.0,,2800.0
7492,201408,0,189.0,5,0.0,0.0,0.0,,600.0,,,54,0.0,,
7493,201411,0,1281.0,12,0.0,5.0,12.0,488.0,1600.0,251.2,78.2,54,0.0,613.03,
7494,201401,0,3298.0,12,49.0,10.0,11.0,880.0,1000.0,1095.11,121.83,76,13.0,530.11,1000.0
7495,201404,1,679.0,12,0.0,0.0,0.0,,1369.69,,,19,0.0,104.49,2069.69
7496,201405,1,574.0,12,0.0,0.0,0.0,,1000.0,,,36,0.0,99.0,1400.0
7497,201408,1,229.0,12,0.0,0.0,0.0,,1000.0,,,51,0.0,,1000.0
7498,201401,0,229.0,5,0.0,0.0,0.0,,291.68,,,22,0.0,,583.36
7499,201401,0,1623.0,12,4.0,12.0,12.0,371.0,1749.96,904.16,79.92,44,1.0,535.0,4619.92
7500,201403,0,4229.0,10,19.0,0.0,3.0,,974.7,364.84,114.84,46,31.0,400.62,974.7
7501,201406,0,939.0,12,0.0,0.0,7.0,,500.0,508.45,0.0,59,0.0,330.56,1200.0
7502,201410,0,1557.0,12,2.0,8.0,11.0,345.0,1500.0,1055.18,254.76,49,1.0,352.05,6506.13
7503,201411,0,893.0,12,0.0,0.0,6.0,,3000.0,221.94,0.0,27,0.0,240.42,3524.52
7504,201405,0,875.0,12,0.0,0.0,5.0,,1070.78,651.24,0.0,52,0.0,558.9,2070.78
7505,201407,0,477.0,12,0.0,0.0,0.0,,1200.0,,,36,0.0,,2017.8
7506,201408,1,1166.0,10,0.0,2.0,11.0,569.0,1700.0,381.06,20.15,54,0.0,189.0,1700.0
7507,201408,0,1674.0,12,3.0,5.0,0.0,93.0,700.0,,,63,3.0,,1300.0
7508,201410,0,751.0,12,0.0,0.0,1.0,,807.0,338.2,0.0,50,0.0,543.14,
7509,201412,1,1367.0,12,0.0,7.0,9.0,169.0,1500.0,385.69,69.87,67,0.0,187.09,7557.93
7510,201407,0,1206.0,4,0.0,2.0,11.0,287.0,1000.0,99.99,0.0,52,0.0,37.25,4506.19
7511,201405,1,668.0,12,0.0,0.0,0.0,,875.63,,,46,0.0,248.53,875.63
7512,201405,0,3590.0,12,45.0,9.0,9.0,45.0,1000.0,428.88,0.0,35,23.0,180.03,1000.0
7513,201408,0,4293.0,4,61.0,10.0,12.0,1047.0,400.0,939.77,151.0,74,24.0,423.04,400.0
7514,201402,1,309.0,12,0.0,0.0,0.0,,1700.0,,,39,0.0,,3400.0
7515,201403,0,1705.0,10,6.0,8.0,10.0,448.0,1000.0,320.16,0.0,46,2.0,234.76,1000.0
7516,201411,1,1389.0,12,0.0,9.0,0.0,179.0,600.0,,,34,0.0,37.0,
7517,201402,1,237.0,12,0.0,0.0,0.0,,800.0,,,43,0.0,,1600.0
7518,201406,0,3492.0,10,55.0,11.0,12.0,288.0,500.0,763.86,116.1,31,11.0,319.0,500.0
7519,201407,0,1295.0,12,0.0,3.0,9.0,89.0,2504.24,465.78,0.0,34,0.0,204.64,4004.24
7520,201407,0,655.0,12,0.0,0.0,0.0,,1200.0,174.51,57.53,55,0.0,88.99,2053.4
7521,201401,1,4760.0,12,10.0,0.0,9.0,,1000.0,737.38,97.72,49,31.0,391.9,5345.0
7522,201402,0,624.0,10,0.0,0.0,0.0,,500.0,,,47,0.0,52.98,700.0
7523,201412,0,3848.0,6,78.0,11.0,12.0,1859.0,300.0,1678.58,251.81,69,2.0,863.66,
7524,201406,0,106.0,6,0.0,0.0,0.0,,600.0,,,36,0.0,,781.41
7525,201403,0,2790.0,12,15.0,7.0,5.0,,2900.69,731.8,0.0,35,5.0,,14459.99
7526,201409,0,1850.0,12,10.0,11.0,12.0,611.0,800.0,241.5,0.0,42,3.0,267.36,3138.48
7527,201401,0,204.0,12,0.0,0.0,0.0,,2505.68,,,48,0.0,,5011.36
7528,201402,1,378.0,12,0.0,0.0,0.0,,500.0,,,56,0.0,,1000.0
7529,201402,1,429.0,12,0.0,0.0,0.0,,1000.0,,,50,0.0,,2000.0
7530,201407,0,832.0,12,0.0,0.0,8.0,,2000.0,173.39,57.42,66,0.0,142.08,6500.0
7531,201409,1,1239.0,12,0.0,4.0,10.0,163.0,2000.0,551.48,0.0,40,0.0,0.0,2878.53
7532,201405,0,3932.0,10,55.0,0.0,0.0,,800.0,,,58,13.0,,3300.0
7533,201402,1,2919.0,12,30.0,1.0,11.0,,1200.0,867.69,196.09,36,19.0,159.26,2972.48
7534,201402,0,930.0,12,0.0,0.0,7.0,,900.0,620.44,130.63,43,0.0,397.47,1800.0
7535,201412,0,603.0,3,0.0,0.0,0.0,,249.0,,,40,0.0,60.0,
7536,201407,0,401.0,12,0.0,0.0,0.0,,1000.0,,,55,0.0,,1934.04
7537,201411,0,3052.0,12,41.0,7.0,3.0,246.0,1000.0,,,49,10.0,182.9,2700.0
7538,201401,0,1076.0,12,0.0,0.0,11.0,225.0,1000.0,970.48,205.44,46,0.0,388.84,2000.0
7539,201406,1,181.0,12,0.0,0.0,0.0,,2458.52,,,45,0.0,,2458.52
7540,201407,0,450.0,6,0.0,0.0,0.0,,300.0,,,38,0.0,,300.0
7541,201401,0,741.0,7,0.0,0.0,0.0,,650.0,400.0,0.0,45,0.0,407.8,1300.0
7542,201404,1,1215.0,10,0.0,3.0,11.0,250.0,800.0,289.91,0.0,40,0.0,143.0,2600.0
7543,201401,0,604.0,12,0.0,0.0,0.0,,1500.0,,,40,0.0,70.06,3500.0
7544,201402,1,1298.0,12,0.0,6.0,3.0,407.0,1000.0,,,57,0.0,,3000.0
7545,201404,0,3148.0,12,23.0,2.0,0.0,55.0,3000.0,,,42,7.0,0.0,10014.92
7546,201404,0,753.0,12,0.0,0.0,1.0,,3000.0,205.94,0.0,41,0.0,368.19,4548.15
7547,201402,0,1337.0,12,0.0,7.0,12.0,790.0,1200.0,776.81,0.0,45,0.0,449.84,4100.0
7548,201404,1,1623.0,12,3.0,4.0,6.0,108.0,1659.4,169.89,0.0,48,1.0,200.8,5519.4
7549,201408,0,66.0,12,0.0,0.0,0.0,,1500.0,,,43,0.0,,2100.0
7550,201409,0,2836.0,12,40.0,12.0,12.0,2307.0,1800.0,2906.38,469.48,54,5.0,1403.91,4798.9
7551,201402,0,4688.0,12,101.0,10.0,0.0,1719.0,800.0,,,50,6.0,,3160.16
7552,201406,0,4915.0,12,70.0,10.0,12.0,701.0,2300.0,798.4,223.7,34,27.0,580.08,17050.0
7553,201409,0,561.0,12,0.0,0.0,0.0,,1500.0,,,47,0.0,0.0,
7554,201401,0,1480.0,12,0.0,12.0,8.0,514.0,1500.0,45.97,0.0,58,1.0,19.53,5000.0
7555,201405,0,4764.0,10,19.0,0.0,0.0,,1000.0,,,39,2.0,,1000.0
7556,201408,0,331.0,6,0.0,0.0,0.0,,700.0,,,57,0.0,,700.0
7557,201405,0,612.0,12,0.0,0.0,0.0,,710.88,,,40,0.0,52.5,710.88
7558,201404,0,1561.0,12,2.0,6.0,5.0,,1000.0,,,34,1.0,7.6,1000.0
7559,201402,0,781.0,10,0.0,0.0,1.0,,1000.0,351.79,64.63,55,0.0,375.11,2000.0
7560,201410,1,438.0,12,0.0,0.0,0.0,,1000.0,,,39,0.0,,500.0
7561,201411,0,3963.0,12,41.0,0.0,12.0,228.0,2000.0,458.89,0.0,47,7.0,440.0,3576.42
7562,201409,1,2104.0,6,1.0,0.0,0.0,,400.0,,,37,1.0,,
7563,201402,1,1163.0,12,0.0,2.0,6.0,247.0,1500.0,,,37,0.0,,4171.89
7564,201409,0,3524.0,8,60.0,5.0,11.0,343.0,1000.0,514.85,0.0,33,4.0,316.51,
7565,201405,0,1545.0,5,2.0,7.0,8.0,,500.0,603.8,0.0,51,1.0,303.17,500.0
7566,201412,1,389.0,6,0.0,0.0,0.0,,1000.0,,,39,0.0,,
7567,201412,0,671.0,7,0.0,0.0,0.0,,600.0,,,72,0.0,157.78,
7568,201407,0,4923.0,10,60.0,3.0,5.0,79.0,2000.0,,,69,19.0,54.54,7000.0
7569,201401,0,699.0,12,0.0,0.0,0.0,,1000.0,,,58,0.0,192.69,2000.0
7570,201402,0,1000.0,12,0.0,0.0,9.0,,700.0,1115.77,317.81,55,0.0,531.0,1400.0
7571,201402,0,618.0,5,0.0,0.0,0.0,,300.0,,,37,0.0,82.69,600.0
7572,201409,0,4246.0,12,67.0,11.0,11.0,702.0,2000.0,645.27,182.0,59,16.0,433.42,4000.0
7573,201409,0,514.0,6,0.0,0.0,0.0,,500.0,,,20,0.0,,
7574,201401,0,1776.0,12,9.0,7.0,12.0,383.0,600.0,335.85,0.0,44,2.0,263.44,600.0
7575,201411,0,1820.0,12,11.0,12.0,12.0,1033.0,2000.0,873.6,0.0,50,1.0,428.48,1473.49
7576,201404,0,769.0,12,0.0,0.0,2.0,,1000.0,185.95,0.0,44,0.0,588.47,1000.0
7577,201408,0,3038.0,12,35.0,0.0,2.0,,1250.0,279.93,0.0,55,8.0,362.43,4700.0
7578,201402,1,610.0,12,0.0,0.0,0.0,,2000.0,,,34,0.0,37.64,5600.0
7579,201401,0,4461.0,12,20.0,0.0,0.0,,1500.0,,,52,19.0,,4200.0
7580,201401,1,2198.0,12,19.0,12.0,11.0,1085.0,2000.0,1026.7,215.88,36,5.0,415.84,5649.53
7581,201401,0,2705.0,12,23.0,6.0,11.0,,2000.0,846.41,141.81,56,13.0,274.39,5873.08
7582,201407,0,1672.0,12,5.0,5.0,0.0,180.0,1000.0,,,67,1.0,,1000.0
7583,201402,0,1626.0,12,4.0,11.0,12.0,706.0,1200.0,502.39,156.6,46,3.0,331.12,3600.0
7584,201407,0,801.0,4,0.0,0.0,2.0,,500.0,383.33,0.0,34,0.0,243.6,2180.0
7585,201410,0,883.0,12,0.0,0.0,5.0,,1000.0,594.61,109.88,47,0.0,377.31,
7586,201403,0,2303.0,12,26.0,11.0,12.0,480.0,500.0,1184.17,132.51,30,2.0,793.46,1929.86
7587,201404,0,770.0,12,0.0,0.0,2.0,,1000.0,278.95,89.04,32,0.0,329.52,1924.79
7588,201411,0,3237.0,12,20.0,0.0,0.0,,1000.0,,,33,6.0,155.13,1900.0
7589,201402,1,4652.0,12,15.0,0.0,0.0,,1500.0,,,64,22.0,,3600.0
7590,201409,1,472.0,12,0.0,0.0,0.0,,1219.97,,,33,0.0,0.0,
7591,201407,0,1809.0,12,8.0,11.0,4.0,159.0,1800.0,82.95,0.0,50,3.0,0.0,5300.0
7592,201409,0,2080.0,12,8.0,0.0,0.0,,2150.42,,,67,2.0,,2356.42
7593,201410,0,641.0,12,0.0,0.0,0.0,,1148.4,,,36,0.0,61.25,600.0
7594,201404,0,968.0,12,0.0,0.0,8.0,,2000.0,213.93,0.0,46,0.0,246.65,3000.0
7595,201406,0,1215.0,12,0.0,2.0,12.0,338.0,1000.0,302.54,72.59,40,0.0,436.97,1000.0
7596,201409,0,835.0,10,0.0,0.0,4.0,,500.0,641.2,232.7,53,0.0,603.4,
7597,201403,0,611.0,10,0.0,0.0,0.0,,700.0,,,53,0.0,37.75,700.0
7598,201409,0,947.0,12,0.0,0.0,9.0,,1000.0,437.44,86.94,57,0.0,436.46,500.0
7599,201406,1,1121.0,12,0.0,0.0,12.0,215.0,3000.0,702.27,184.43,67,0.0,335.48,3000.0
7600,201408,0,473.0,10,0.0,0.0,0.0,,400.0,,,46,0.0,,400.0
7601,201405,1,798.0,12,0.0,0.0,3.0,,2000.0,165.52,59.57,42,0.0,181.83,4800.0
7602,201401,0,566.0,12,0.0,0.0,0.0,,2000.0,,,49,0.0,,4000.0
7603,201403,1,1067.0,12,0.0,0.0,11.0,,978.41,271.06,61.22,32,0.0,205.79,978.41
7604,201410,0,2933.0,12,40.0,10.0,12.0,271.0,1130.97,791.98,267.12,45,7.0,525.0,
7605,201408,0,1377.0,12,0.0,2.0,0.0,188.0,3000.0,,,71,0.0,,6200.0
7606,201412,0,418.0,9,0.0,0.0,0.0,,500.0,,,42,0.0,,500.0
7607,201404,0,696.0,6,0.0,0.0,0.0,,300.0,,,36,0.0,556.83,300.0
7608,201410,0,954.0,12,0.0,0.0,8.0,,1500.0,291.88,53.16,54,0.0,118.54,
7609,201411,0,2917.0,12,35.0,7.0,12.0,370.0,2000.0,308.35,68.46,66,6.0,386.92,
7610,201411,0,4065.0,6,44.0,10.0,11.0,1938.0,1802.92,1842.69,256.68,65,20.0,1163.08,1178.12
7611,201411,0,2545.0,12,22.0,7.0,5.0,231.0,2000.0,734.92,145.98,59,9.0,273.13,4898.68
7612,201402,0,218.0,12,0.0,0.0,0.0,,1041.04,,,42,0.0,,2082.08
7613,201405,0,692.0,12,0.0,0.0,2.0,,500.0,183.89,59.82,53,0.0,148.78,500.0
7614,201410,1,577.0,12,0.0,0.0,0.0,,2000.0,,,58,0.0,0.0,
7615,201409,0,413.0,6,0.0,0.0,0.0,,400.0,,,47,0.0,,1000.0
7616,201406,0,1836.0,6,4.0,3.0,0.0,29.0,300.0,,,41,1.0,,829.99
7617,201410,0,2357.0,3,10.0,0.0,1.0,,150.0,,,72,3.0,,150.0
7618,201407,0,1739.0,10,5.0,0.0,6.0,119.0,1000.0,,,78,1.0,103.68,2000.0
7619,201411,0,905.0,10,0.0,0.0,6.0,,1700.0,1101.87,0.0,58,0.0,977.26,2600.0
7620,201405,1,636.0,12,0.0,0.0,0.0,,1279.47,,,38,0.0,121.22,1279.47
7621,201408,0,3454.0,10,40.0,12.0,9.0,404.0,2000.0,365.91,0.0,49,21.0,204.89,2000.0
7622,201407,1,4955.0,12,61.0,6.0,6.0,151.0,1200.0,185.86,0.0,63,42.0,145.23,5410.14
7623,201409,0,3765.0,12,46.0,4.0,8.0,666.0,2300.0,184.17,61.82,55,27.0,155.19,3620.0
7624,201408,1,602.0,12,0.0,0.0,0.0,,2000.0,,,47,0.0,27.15,2000.0
7625,201409,0,2754.0,12,10.0,0.0,0.0,,2000.0,,,51,3.0,,1500.0
7626,201410,0,599.0,4,0.0,0.0,0.0,,1000.0,,,35,0.0,107.26,1000.0
7627,201411,1,326.0,12,0.0,0.0,0.0,,2000.0,,,39,0.0,,1800.0
7628,201402,1,2291.0,4,20.0,11.0,12.0,830.0,600.0,661.81,0.0,46,7.0,263.01,1200.0
7629,201412,0,3002.0,12,34.0,12.0,12.0,612.0,2000.0,572.88,198.03,52,11.0,,9700.0
7630,201408,0,2975.0,12,40.0,10.0,10.0,829.0,1000.0,1245.51,324.79,35,7.0,366.37,2000.0
7631,201406,0,3504.0,12,39.0,0.0,0.0,,700.0,620.27,192.38,39,7.0,417.15,700.0
7632,201411,0,900.0,5,0.0,0.0,6.0,,500.0,160.03,0.0,49,0.0,218.87,
7633,201411,0,393.0,12,0.0,0.0,0.0,,958.53,,,35,0.0,,
7634,201408,0,1241.0,12,0.0,4.0,10.0,505.0,2000.0,380.75,0.0,31,0.0,66.81,3200.0
7635,201407,0,1987.0,3,5.0,4.0,8.0,401.0,431.0,107.97,0.0,39,9.0,390.0,431.0
7636,201404,0,4685.0,12,30.0,0.0,7.0,25.0,2500.0,287.9,0.0,41,30.0,130.06,2500.0
7637,201401,0,2164.0,12,18.0,0.0,0.0,,1000.0,,,58,2.0,,2000.0
7638,201412,1,1410.0,12,0.0,6.0,9.0,785.0,1938.61,379.93,0.0,32,0.0,,2800.0
7639,201402,0,157.0,12,0.0,0.0,0.0,,1858.15,,,32,0.0,,3716.3
7640,201401,1,876.0,12,0.0,0.0,6.0,,1500.0,520.55,0.0,46,0.0,408.81,3000.0
7641,201404,0,700.0,12,0.0,0.0,0.0,,1500.0,,,48,0.0,420.03,2110.0
7642,201412,0,3283.0,12,37.0,0.0,0.0,,1850.0,,,47,4.0,,2400.0
7643,201409,0,5075.0,12,53.0,7.0,0.0,1250.0,1500.0,,,58,8.0,,5600.0
7644,201402,0,4262.0,12,59.0,0.0,0.0,,1000.0,,,58,11.0,,2000.0
7645,201408,0,1510.0,8,1.0,11.0,10.0,285.0,400.0,1249.53,0.0,36,1.0,560.55,330.78
7646,201407,1,1796.0,10,11.0,5.0,9.0,529.0,2000.0,248.95,0.0,35,4.0,,2000.0
7647,201406,1,3945.0,12,56.0,0.0,0.0,,912.57,,,44,5.0,,2951.98
7648,201411,1,134.0,12,0.0,0.0,0.0,,2000.0,,,53,0.0,,5485.26
7649,201402,0,211.0,6,0.0,0.0,0.0,,1000.0,,,33,0.0,,2000.0
7650,201401,0,2517.0,12,30.0,10.0,12.0,811.0,2000.0,1229.18,243.56,50,5.0,1062.88,10000.0
7651,201410,0,947.0,4,0.0,0.0,7.0,,400.0,249.94,0.0,48,0.0,161.6,1900.0
7652,201411,0,1902.0,12,13.0,8.0,12.0,244.0,3000.0,527.78,156.91,61,2.0,415.22,920.0
7653,201402,1,1756.0,12,5.0,0.0,5.0,,650.0,69.99,0.0,29,1.0,,1300.0
7654,201408,0,644.0,10,0.0,0.0,0.0,,500.0,,,45,0.0,85.0,
7655,201404,0,507.0,12,0.0,0.0,0.0,,1000.0,,,58,0.0,,1000.0
7656,201403,1,1308.0,12,0.0,6.0,8.0,375.0,1134.24,196.22,30.26,57,0.0,190.1,1134.24
7657,201412,1,633.0,12,0.0,0.0,0.0,,1000.0,,,43,0.0,80.0,
7658,201404,0,2777.0,12,32.0,7.0,12.0,67.0,600.0,253.9,0.0,43,6.0,304.92,1500.0
7659,201410,1,157.0,12,0.0,0.0,0.0,,1000.0,,,46,0.0,,1500.0
7660,201409,0,1904.0,4,5.0,3.0,5.0,137.0,150.0,,,48,2.0,,2700.0
7661,201409,0,646.0,12,0.0,0.0,0.0,,800.0,,,49,0.0,80.68,1000.0
7662,201405,0,2844.0,12,32.0,0.0,0.0,,897.0,,,52,2.0,,1897.0
7663,201403,0,1757.0,12,9.0,8.0,11.0,287.0,1500.0,304.25,0.0,64,1.0,161.12,4500.0
7664,201410,1,558.0,12,0.0,0.0,0.0,,600.0,,,43,0.0,0.0,
7665,201406,1,184.0,12,0.0,0.0,0.0,,1233.92,,,36,0.0,,1233.92
7666,201402,0,3284.0,4,19.0,0.0,0.0,,190.0,,,29,28.0,,570.0
7667,201406,1,192.0,12,0.0,0.0,0.0,,2000.0,,,45,0.0,,2000.0
7668,201405,0,2149.0,12,4.0,0.0,10.0,,1907.74,338.63,0.0,35,8.0,391.93,1907.74
7669,201407,0,485.0,12,0.0,0.0,0.0,,1000.0,,,66,0.0,,3000.0
7670,201412,0,3806.0,12,65.0,12.0,12.0,838.0,1000.0,490.91,0.0,41,7.0,402.69,3379.69
7671,201403,0,269.0,3,0.0,0.0,0.0,,150.0,,,39,0.0,,150.0
7672,201411,1,2688.0,12,20.0,10.0,9.0,275.0,2500.0,112.74,0.0,47,3.0,47.08,3900.0
7673,201409,0,1159.0,12,0.0,2.0,11.0,270.0,350.0,230.32,0.0,49,0.0,185.79,200.0
7674,201403,0,4227.0,10,55.0,6.0,4.0,273.0,900.0,,,48,14.0,58.15,900.0
7675,201410,1,348.0,10,0.0,0.0,0.0,,1000.0,,,47,0.0,,
7676,201411,0,1066.0,12,0.0,0.0,6.0,,1000.0,605.89,185.19,36,0.0,179.61,800.0
7677,201411,1,5056.0,12,66.0,10.0,10.0,590.0,3000.0,275.88,0.0,47,27.0,10.53,2000.0
7678,201406,0,520.0,12,0.0,0.0,0.0,,1000.0,,,50,0.0,,1000.0
7679,201403,0,251.0,12,0.0,0.0,0.0,,1500.0,,,61,0.0,,2368.23
7680,201402,0,556.0,12,0.0,0.0,0.0,,700.0,,,37,0.0,,2100.0
7681,201404,1,4196.0,12,29.0,9.0,12.0,1805.0,1169.0,598.81,0.0,39,28.0,366.69,1969.0
7682,201409,0,1034.0,12,0.0,0.0,3.0,,1000.0,43.98,0.0,44,0.0,130.68,2000.0
7683,201403,0,1345.0,12,0.0,2.0,3.0,23.0,600.0,59.99,0.0,61,0.0,87.43,1100.0
7684,201401,0,2425.0,12,2.0,0.0,0.0,,1000.0,,,42,6.0,,2000.0
7685,201406,0,204.0,12,0.0,0.0,0.0,,1570.46,,,35,0.0,,1570.46
7686,201410,0,914.0,12,0.0,0.0,6.0,,500.0,378.09,0.0,41,0.0,251.85,
7687,201407,0,225.0,12,0.0,0.0,0.0,,1000.0,,,54,0.0,,1000.0
7688,201412,0,2979.0,12,40.0,12.0,12.0,636.0,2603.54,1016.85,147.03,52,10.0,442.0,2009.28
7689,201411,0,345.0,12,0.0,0.0,0.0,,1600.0,,,32,0.0,,
7690,201411,0,1225.0,12,0.0,3.0,12.0,553.0,1000.0,945.33,171.82,43,0.0,581.0,1655.58
7691,201407,0,1191.0,10,0.0,2.0,12.0,210.0,500.0,438.54,43.68,51,0.0,200.86,500.0
7692,201404,0,2575.0,12,34.0,8.0,6.0,263.0,3000.0,102.55,0.0,59,2.0,,6676.0
7693,201408,1,368.0,12,0.0,0.0,0.0,,1936.0,,,70,0.0,,3317.0
7694,201403,0,,12,0.0,0.0,0.0,,1000.0,,,37,0.0,,6373.81
7695,201412,0,383.0,6,0.0,0.0,0.0,,500.0,,,61,0.0,,
7696,201405,0,2107.0,12,8.0,6.0,6.0,360.0,1500.0,350.64,126.74,32,9.0,428.19,3200.0
7697,201405,1,917.0,12,0.0,0.0,6.0,,1900.0,572.19,0.0,42,0.0,460.89,2600.0
7698,201405,1,935.0,12,0.0,0.0,7.0,,1000.0,679.87,141.51,56,0.0,223.78,2120.0
7699,201403,1,331.0,12,0.0,0.0,0.0,,1000.0,,,60,0.0,,1000.0
7700,201407,0,3819.0,12,59.0,12.0,11.0,497.0,2500.0,457.81,0.0,55,8.0,260.26,11445.47
7701,201406,1,732.0,12,0.0,0.0,0.0,,1736.48,57.4,0.0,32,0.0,72.48,1736.48
7702,201410,0,1494.0,12,0.0,4.0,10.0,128.0,1000.0,247.49,64.54,63,1.0,257.7,8600.0
7703,201410,0,3668.0,12,20.0,0.0,0.0,,2600.0,,,31,11.0,,
7704,201401,1,230.0,12,0.0,0.0,0.0,,481.97,,,38,0.0,,963.94
7705,201410,1,321.0,12,0.0,0.0,0.0,,1500.0,,,34,0.0,,
7706,201405,0,908.0,6,0.0,0.0,6.0,,1000.0,370.88,0.0,30,0.0,274.19,1000.0
7707,201405,1,947.0,12,0.0,0.0,7.0,,1000.0,641.48,146.17,44,0.0,568.82,1000.0
7708,201406,1,2068.0,12,14.0,4.0,10.0,109.0,2584.38,169.92,0.0,55,5.0,183.31,2584.38
7709,201406,1,539.0,10,0.0,0.0,0.0,,500.0,,,39,0.0,0.0,500.0
7710,201401,0,1193.0,12,0.0,2.0,12.0,206.0,700.0,570.83,0.0,61,0.0,174.13,4400.0
7711,201404,0,546.0,5,0.0,0.0,0.0,,300.0,,,46,0.0,,300.0
7712,201410,0,184.0,12,0.0,0.0,0.0,,2000.0,,,33,0.0,,
7713,201407,1,4780.0,12,10.0,0.0,8.0,,1000.0,392.05,57.14,44,32.0,,2600.0
7714,201405,0,245.0,12,0.0,0.0,0.0,,1100.0,,,39,0.0,,1100.0
7715,201404,0,2310.0,12,26.0,10.0,9.0,486.0,1500.0,301.9,0.0,49,3.0,281.38,1500.0
7716,201409,0,409.0,12,0.0,0.0,0.0,,1500.0,,,60,0.0,,
7717,201405,1,3143.0,10,28.0,0.0,12.0,189.0,3000.0,1740.39,0.0,45,5.0,46.59,6000.0
7718,201405,0,2722.0,12,31.0,11.0,12.0,827.0,700.0,771.37,77.63,55,5.0,372.92,1300.0
7719,201408,0,463.0,12,0.0,0.0,0.0,,1300.0,,,35,0.0,,1300.0
7720,201410,0,440.0,12,0.0,0.0,0.0,,1000.0,,,49,0.0,,200.0
7721,201407,0,2067.0,6,5.0,1.0,1.0,,300.0,165.96,0.0,39,9.0,233.21,300.0
7722,201402,0,393.0,12,0.0,0.0,0.0,,900.0,,,67,0.0,,2135.35
7723,201406,0,925.0,10,0.0,0.0,6.0,,350.0,336.23,0.0,34,0.0,290.0,350.0
7724,201406,0,1648.0,6,5.0,7.0,7.0,255.0,700.0,415.52,145.59,52,1.0,472.63,1700.0
7725,201404,1,730.0,12,0.0,0.0,0.0,,1500.0,923.79,311.99,52,0.0,645.0,4258.0
7726,201401,0,1478.0,7,0.0,12.0,12.0,1028.0,600.0,810.21,0.0,37,1.0,582.03,1200.0
7727,201408,0,1369.0,12,0.0,8.0,12.0,349.0,1000.0,460.26,113.31,71,0.0,342.99,5100.0
7728,201411,0,1757.0,10,6.0,12.0,8.0,104.0,843.0,60.96,0.0,41,4.0,80.32,
7729,201402,0,1175.0,12,0.0,2.0,6.0,136.0,800.0,324.41,44.53,47,0.0,,2200.0
7730,201407,0,426.0,12,0.0,0.0,0.0,,500.0,,,37,0.0,,500.0
7731,201409,0,4982.0,12,52.0,0.0,0.0,,1989.29,,,47,19.0,,1500.0
7732,201403,0,799.0,9,0.0,0.0,2.0,,1047.49,224.91,0.0,52,0.0,203.32,1047.49
7733,201403,0,794.0,12,0.0,0.0,6.0,,1000.0,155.95,0.0,42,0.0,401.45,1000.0
7734,201411,0,1786.0,12,10.0,10.0,12.0,864.0,2303.27,784.52,276.66,50,1.0,553.85,3000.0
7735,201406,0,1456.0,12,0.0,9.0,11.0,517.0,2500.0,,,73,0.0,366.5,4500.0
7736,201404,0,259.0,12,0.0,0.0,0.0,,1491.82,,,63,0.0,,1491.82
7737,201408,0,627.0,12,0.0,0.0,0.0,,1400.0,,,46,0.0,26.29,1400.0
7738,201403,0,1308.0,8,0.0,6.0,12.0,460.0,1000.0,639.77,0.0,69,0.0,352.94,4000.0
7739,201402,1,229.0,12,0.0,0.0,0.0,,1680.0,,,58,0.0,,3360.0
7740,201409,0,4840.0,12,17.0,0.0,0.0,,3000.0,,,52,26.0,,3000.0
7741,201403,0,986.0,12,0.0,0.0,9.0,,2605.45,551.02,51.99,38,0.0,165.99,5305.45
7742,201412,1,939.0,12,0.0,0.0,7.0,,2698.08,786.55,220.06,57,0.0,477.22,
7743,201410,0,158.0,5,0.0,0.0,0.0,,600.0,,,46,0.0,,300.0
7744,201405,1,4876.0,6,42.0,0.0,0.0,,1000.0,,,54,18.0,,2200.0
7745,201410,0,1455.0,12,0.0,10.0,9.0,149.0,1000.0,193.95,0.0,66,0.0,178.1,
7746,201403,1,,10,,,,,1000.0,,,37,,,2000.0
7747,201408,0,720.0,12,0.0,0.0,0.0,,1000.0,,,33,0.0,403.81,1000.0
7748,201403,0,1105.0,12,0.0,1.0,12.0,251.0,1500.0,,,59,0.0,144.63,4660.0
7749,201403,0,1318.0,12,0.0,4.0,5.0,437.0,1000.0,205.93,0.0,59,0.0,133.59,1000.0
7750,201404,0,732.0,8,0.0,0.0,0.0,,300.0,271.93,0.0,46,0.0,409.54,300.0
7751,201412,0,586.0,12,0.0,0.0,0.0,,1150.0,,,52,0.0,0.0,1889.92
7752,201403,1,994.0,8,0.0,0.0,9.0,,800.0,543.89,0.0,42,0.0,521.7,1300.0
7753,201411,0,2940.0,12,11.0,3.0,0.0,109.0,2460.05,,,42,7.0,0.0,1870.72
7754,201408,0,219.0,12,0.0,0.0,0.0,,1800.0,,,44,0.0,,1800.0
7755,201408,1,530.0,12,0.0,0.0,0.0,,2000.0,,,49,0.0,12.7,2850.0
7756,201404,0,3975.0,10,70.0,12.0,12.0,1937.0,1000.0,1121.6,0.0,60,13.0,551.26,2000.0
7757,201403,0,1441.0,10,0.0,6.0,5.0,399.0,1500.0,111.97,0.0,47,0.0,235.67,2500.0
7758,201408,0,539.0,8,0.0,0.0,0.0,,400.0,,,52,0.0,,400.0
7759,201406,0,4923.0,12,112.0,12.0,0.0,1301.0,2300.0,,,36,3.0,,12430.0
7760,201403,0,480.0,12,0.0,0.0,0.0,,1000.0,,,54,0.0,,1500.0
7761,201402,0,4915.0,12,93.0,2.0,10.0,206.0,1500.0,389.87,0.0,73,12.0,292.14,3000.0
7762,201409,0,348.0,12,0.0,0.0,0.0,,1500.0,,,78,0.0,,
7763,201407,1,1210.0,8,0.0,2.0,9.0,310.0,1500.0,842.13,0.0,29,0.0,301.57,3943.14
7764,201406,1,881.0,12,0.0,0.0,7.0,,1350.0,116.83,38.87,66,0.0,74.86,4554.28
7765,201412,0,2123.0,10,11.0,5.0,6.0,316.0,1735.54,,,35,6.0,25.9,13290.0
7766,201409,0,437.0,12,0.0,0.0,0.0,,1134.24,,,31,0.0,,1798.58
7767,201402,0,3472.0,12,50.0,11.0,12.0,897.0,2000.0,1131.11,193.43,53,6.0,646.45,5000.0
7768,201411,1,492.0,12,0.0,0.0,0.0,,1725.65,,,52,0.0,,1000.0
7769,201409,0,850.0,12,0.0,0.0,4.0,,1000.0,1287.14,0.0,33,0.0,1156.67,840.0
7770,201410,0,2186.0,12,19.0,10.0,11.0,493.0,1500.0,538.58,78.67,28,2.0,320.82,480.0
7771,201411,0,569.0,12,0.0,0.0,0.0,,1000.0,,,52,0.0,0.0,
7772,201406,0,1231.0,12,0.0,4.0,12.0,291.0,2000.0,442.81,0.0,43,0.0,402.33,2000.0
7773,201404,0,508.0,10,0.0,0.0,0.0,,580.0,,,49,0.0,,580.0
7774,201409,0,1414.0,12,0.0,4.0,0.0,,1000.0,,,56,0.0,,1300.0
7775,201408,0,739.0,3,0.0,0.0,1.0,,300.0,207.82,0.0,46,0.0,525.21,900.0
7776,201401,0,3084.0,6,37.0,0.0,7.0,,600.0,550.75,0.0,40,11.0,435.2,1200.0
7777,201402,1,,12,0.0,0.0,0.0,,916.87,,,31,0.0,8.99,1833.74
7778,201409,0,1925.0,12,8.0,0.0,11.0,,1800.0,874.67,0.0,31,3.0,132.54,2700.0
7779,201405,0,446.0,6,0.0,0.0,0.0,,350.0,,,35,0.0,,350.0
7780,201409,0,1463.0,12,0.0,3.0,4.0,131.0,1500.0,,,62,0.0,,9100.0
7781,201404,0,485.0,5,0.0,0.0,0.0,,300.0,,,41,0.0,,300.0
7782,201411,0,775.0,3,0.0,0.0,4.0,,500.0,319.34,103.39,30,0.0,302.83,
7783,201403,0,2391.0,12,14.0,0.0,0.0,,500.0,,,61,10.0,,500.0
7784,201404,0,2602.0,12,24.0,9.0,9.0,136.0,1537.8,578.83,0.0,47,5.0,281.28,1537.8
7785,201412,0,,12,0.0,0.0,0.0,,1000.0,,,56,0.0,26.97,2000.0
7786,201412,0,374.0,5,0.0,0.0,0.0,,900.0,,,35,0.0,,700.0
7787,201406,0,1276.0,12,0.0,4.0,12.0,322.0,1434.53,376.27,0.0,32,0.0,192.74,4634.53
7788,201402,0,475.0,12,0.0,0.0,0.0,,2000.0,,,71,0.0,,4000.0
7789,201405,0,807.0,4,0.0,0.0,2.0,,1437.61,368.9,0.0,55,0.0,676.71,5037.61
7790,201402,0,3458.0,12,9.0,0.0,0.0,,1000.0,,,50,4.0,103.33,2000.0
7791,201410,0,1022.0,12,0.0,0.0,10.0,,1000.0,749.62,0.0,68,0.0,376.39,1300.0
7792,201408,1,656.0,12,0.0,0.0,4.0,,2000.0,158.06,52.11,54,0.0,143.08,2000.0
7793,201407,0,391.0,12,0.0,0.0,0.0,,1714.13,,,34,0.0,,1714.13
7794,201411,0,568.0,10,0.0,0.0,0.0,,1000.0,,,49,0.0,0.0,1091.02
7795,201408,0,3025.0,12,33.0,8.0,5.0,39.0,1700.0,113.95,0.0,48,8.0,24.74,8900.0
7796,201403,0,1025.0,12,0.0,0.0,9.0,,1000.0,780.83,44.6,37,0.0,349.89,1000.0
7797,201406,1,255.0,12,0.0,0.0,0.0,,1056.98,,,37,0.0,,1056.98
7798,201402,1,573.0,8,0.0,0.0,0.0,,800.0,,,31,0.0,0.0,2600.0
7799,201412,1,351.0,8,0.0,0.0,0.0,,800.0,,,51,0.0,,
7800,201412,1,699.0,12,0.0,0.0,0.0,,1500.0,,,49,0.0,200.43,
7801,201405,0,566.0,12,0.0,0.0,0.0,,1500.0,,,42,0.0,8.99,3700.0
7802,201401,1,327.0,12,0.0,0.0,0.0,,500.0,,,55,0.0,,1000.0
7803,201412,0,5072.0,12,59.0,11.0,12.0,648.0,2137.67,1678.42,261.43,53,19.0,449.99,2600.0
7804,201410,0,1385.0,10,0.0,4.0,0.0,70.0,1000.0,,,66,0.0,,5000.0
7805,201403,0,546.0,12,0.0,0.0,0.0,,536.63,,,61,0.0,,536.63
7806,201411,1,-42.0,12,,,,,1630.11,,,32,,,1230.74
7807,201403,0,2578.0,12,25.0,9.0,4.0,,1500.0,77.96,0.0,72,4.0,,2500.0
7808,201402,1,195.0,12,0.0,0.0,0.0,,2500.0,,,60,0.0,,5000.0
7809,201403,1,3097.0,12,11.0,0.0,0.0,,1000.0,,,34,7.0,248.14,1000.0
7810,201408,1,307.0,12,0.0,0.0,0.0,,1500.0,,,40,0.0,,2492.15
7811,201409,0,2102.0,12,7.0,0.0,8.0,,1050.1,510.76,0.0,35,10.0,302.47,
7812,201406,0,452.0,12,0.0,0.0,0.0,,1350.0,,,33,0.0,,1350.0
7813,201404,0,280.0,4,0.0,0.0,0.0,,317.04,,,37,0.0,,317.04
7814,201405,0,3034.0,10,48.0,12.0,12.0,504.0,200.0,466.72,100.85,66,3.0,344.87,582.95
7815,201406,0,735.0,12,0.0,0.0,0.0,,1000.0,329.88,0.0,34,0.0,411.97,1000.0
7816,201409,0,2342.0,3,25.0,3.0,5.0,134.0,300.0,519.94,0.0,45,2.0,667.3,505.26
7817,201406,0,1365.0,12,0.0,7.0,6.0,801.0,2400.0,436.05,0.0,57,0.0,370.14,7000.0
7818,201409,1,1133.0,12,0.0,1.0,9.0,197.0,2341.17,181.91,0.0,47,0.0,,
7819,201402,0,574.0,12,0.0,0.0,0.0,,500.0,,,34,0.0,0.0,1000.0
7820,201406,1,1013.0,10,0.0,0.0,8.0,,1000.0,244.04,35.11,48,0.0,109.78,1610.0
7821,201406,0,422.0,12,0.0,0.0,0.0,,500.0,,,65,0.0,,500.0
7822,201410,1,4774.0,9,11.0,0.0,0.0,,800.0,,,45,4.0,,1000.0
7823,201409,1,899.0,12,0.0,0.0,6.0,,2000.0,355.9,0.0,59,0.0,408.69,1000.0
7824,201403,1,654.0,12,0.0,0.0,0.0,,1000.0,,,65,0.0,188.55,1484.7
7825,201410,0,288.0,12,0.0,0.0,0.0,,1800.0,,,52,0.0,,
7826,201412,0,991.0,6,0.0,0.0,8.0,,550.0,750.77,0.0,70,0.0,550.23,600.0
7827,201408,0,2995.0,10,9.0,0.0,7.0,,1200.0,218.82,68.85,66,5.0,131.67,5080.0
7828,201403,0,2607.0,12,31.0,11.0,12.0,435.0,800.0,1126.35,343.67,39,11.0,,1400.0
7829,201403,0,1292.0,5,0.0,2.0,8.0,26.0,779.74,347.85,0.0,28,0.0,27.14,1306.73
7830,201412,0,5066.0,12,6.0,5.0,0.0,79.0,2500.0,701.81,0.0,42,19.0,482.84,
7831,201403,0,1724.0,12,7.0,7.0,8.0,,1200.0,314.29,74.49,33,3.0,310.4,1200.0
7832,201401,0,3296.0,10,28.0,3.0,7.0,137.0,1000.0,301.92,0.0,57,13.0,57.79,2000.0
7833,201401,1,441.0,12,0.0,0.0,0.0,,1000.0,,,38,0.0,,2000.0
7834,201407,0,754.0,10,0.0,0.0,1.0,,790.36,33.01,0.0,33,0.0,48.09,790.36
7835,201409,0,225.0,12,0.0,0.0,0.0,,200.0,,,45,0.0,,
7836,201408,0,533.0,12,0.0,0.0,0.0,,1200.0,,,52,0.0,0.0,2109.43
7837,201404,0,845.0,12,0.0,0.0,4.0,,1300.0,386.86,82.97,51,0.0,309.11,3300.0
7838,201410,0,1046.0,12,0.0,0.0,5.0,,1000.0,124.14,0.0,33,0.0,32.06,1200.0
7839,201409,0,4645.0,12,77.0,12.0,11.0,99.0,2000.0,264.89,0.0,67,28.0,257.51,16400.0
7840,201408,0,2947.0,12,9.0,0.0,1.0,,1300.0,91.95,0.0,44,12.0,124.36,2300.0
7841,201405,0,3647.0,10,58.0,11.0,0.0,472.0,800.0,,,39,10.0,,1800.0
7842,201406,1,2437.0,12,13.0,5.0,12.0,431.0,3000.0,970.96,61.79,69,9.0,337.48,3710.91
7843,201405,0,1646.0,12,3.0,11.0,12.0,334.0,1000.0,522.47,173.59,50,3.0,383.49,5700.0
7844,201408,0,216.0,12,0.0,0.0,0.0,,1300.0,,,50,0.0,,1300.0
7845,201410,0,249.0,12,0.0,0.0,0.0,,1500.0,,,50,0.0,,
7846,201407,1,1426.0,12,0.0,6.0,11.0,455.0,1783.17,559.63,194.97,35,0.0,202.71,1783.17
7847,201404,1,469.0,12,0.0,0.0,0.0,,997.92,,,50,0.0,,997.92
7848,201411,1,507.0,12,0.0,0.0,0.0,,580.0,,,42,0.0,,2016.64
7849,201405,0,4372.0,8,31.0,0.0,5.0,,1000.0,317.24,10.72,41,6.0,129.32,6400.0
7850,201407,0,289.0,12,0.0,0.0,0.0,,800.0,,,49,0.0,,800.0
7851,201404,1,983.0,12,0.0,0.0,9.0,,2000.0,414.49,118.99,37,0.0,296.85,2600.0
7852,201407,0,2190.0,12,13.0,4.0,6.0,371.0,1500.0,,,57,6.0,93.08,1500.0
7853,201401,0,134.0,12,0.0,0.0,0.0,,800.0,,,59,0.0,,1600.0
7854,201405,1,2013.0,12,12.0,9.0,3.0,219.0,1500.0,,,64,4.0,,6172.94
7855,201409,1,906.0,12,0.0,0.0,4.0,,1481.15,460.17,138.26,32,0.0,417.45,
7856,201405,0,3450.0,12,17.0,4.0,9.0,33.0,2751.34,274.8,0.0,62,3.0,,4285.31
7857,201405,1,1115.0,12,0.0,0.0,11.0,217.0,1000.0,292.46,84.58,45,0.0,184.24,1000.0
7858,201410,0,387.0,12,0.0,0.0,0.0,,2000.0,,,30,0.0,,
7859,201404,0,1079.0,7,0.0,0.0,10.0,,650.0,618.78,0.0,37,0.0,249.26,650.0
7860,201409,0,4540.0,5,51.0,8.0,0.0,,300.0,,,51,7.0,184.19,
7861,201402,0,413.0,12,0.0,0.0,0.0,,2296.0,,,53,0.0,,5592.0
7862,201405,0,2331.0,6,5.0,0.0,2.0,,500.0,74.96,0.0,56,1.0,45.02,2500.0
7863,201403,0,843.0,5,0.0,0.0,6.0,,300.0,465.84,157.98,58,0.0,164.21,300.0
7864,201403,0,438.0,12,0.0,0.0,0.0,,676.0,,,41,0.0,,676.0
7865,201410,1,322.0,12,0.0,0.0,0.0,,944.5,,,44,0.0,,
7866,201409,1,2245.0,12,11.0,10.0,12.0,390.0,1000.0,107.98,0.0,44,5.0,104.42,
7867,201402,1,4727.0,12,85.0,0.0,3.0,,2600.0,69.99,0.0,54,7.0,,7000.0
7868,201411,1,805.0,12,0.0,0.0,3.0,,2000.0,1655.23,271.6,52,0.0,988.0,1000.0
7869,201406,0,474.0,12,0.0,0.0,0.0,,1000.0,,,48,0.0,,2000.0
7870,201410,0,2808.0,3,28.0,0.0,3.0,,300.0,199.42,0.0,46,7.0,247.0,290.49
7871,201410,0,2036.0,4,9.0,3.0,0.0,,400.0,,,54,7.0,,
7872,201410,1,393.0,12,0.0,0.0,0.0,,1800.0,,,26,0.0,,
7873,201401,0,4630.0,10,28.0,0.0,0.0,,1000.0,,,52,36.0,,2000.0
7874,201403,0,267.0,3,0.0,0.0,0.0,,400.0,,,45,0.0,,400.0
7875,201408,0,725.0,12,0.0,0.0,2.0,,1000.0,322.77,105.02,21,0.0,255.6,2580.14
7876,201404,1,1624.0,9,5.0,11.0,11.0,452.0,3000.0,485.14,0.0,61,1.0,458.0,19300.0
7877,201407,0,383.0,12,0.0,0.0,0.0,,1500.0,,,58,0.0,,1500.0
7878,201402,0,2183.0,12,19.0,11.0,11.0,383.0,1200.0,449.46,79.59,70,5.0,324.77,2400.0
7879,201411,0,1976.0,10,13.0,6.0,12.0,540.0,1000.0,857.1,0.0,47,4.0,408.61,
7880,201407,1,405.0,12,0.0,0.0,0.0,,2000.0,,,44,0.0,,2000.0
7881,201408,0,2620.0,7,27.0,5.0,12.0,603.0,700.0,1156.83,0.0,53,7.0,189.5,5600.0
7882,201406,0,2262.0,12,25.0,12.0,12.0,1650.0,1900.0,2253.09,324.65,67,1.0,1130.06,4900.0
7883,201401,0,712.0,12,0.0,0.0,0.0,,1500.0,1077.18,372.25,29,0.0,638.17,4734.1
7884,201403,0,3177.0,10,42.0,8.0,12.0,410.0,1000.0,177.91,0.0,51,9.0,384.85,1000.0
7885,201410,0,1916.0,8,5.0,0.0,0.0,,2962.56,,,67,1.0,58.85,3900.0
7886,201412,0,377.0,4,0.0,0.0,0.0,,700.0,,,51,0.0,,696.0
7887,201410,0,4696.0,12,47.0,0.0,7.0,,2000.0,576.86,0.0,39,31.0,457.76,1000.0
7888,201410,0,1213.0,12,0.0,1.0,11.0,349.0,2500.0,427.55,0.0,47,0.0,241.25,2100.0
7889,201410,0,1312.0,12,0.0,5.0,5.0,295.0,900.0,362.88,122.94,51,0.0,260.14,
7890,201410,0,599.0,12,0.0,0.0,0.0,,1160.0,,,55,0.0,50.0,1000.0
7891,201409,0,3109.0,5,37.0,6.0,11.0,70.0,800.0,222.04,32.79,56,11.0,278.04,2200.0
7892,201410,0,4928.0,4,40.0,10.0,7.0,505.0,1000.0,334.16,0.0,53,36.0,,600.0
7893,201411,1,395.0,12,0.0,0.0,0.0,,500.0,,,37,0.0,,300.0
7894,201406,0,662.0,3,0.0,0.0,0.0,,350.0,,,55,0.0,105.35,1650.0
7895,201412,1,2729.0,8,28.0,3.0,0.0,,1164.96,,,46,5.0,19.8,5600.0
7896,201408,0,5015.0,5,25.0,9.0,12.0,142.0,1696.0,579.59,144.77,56,34.0,411.34,3858.36
7897,201410,0,3271.0,8,39.0,0.0,11.0,,1000.0,608.37,9.13,56,11.0,534.71,
7898,201406,0,627.0,9,0.0,0.0,0.0,,1140.0,,,32,0.0,99.92,3140.0
7899,201407,0,1503.0,8,0.0,5.0,12.0,538.0,300.0,539.66,127.78,51,1.0,500.0,700.0
7900,201405,0,3462.0,12,52.0,8.0,12.0,481.0,500.0,1797.85,303.51,43,12.0,565.24,500.0
7901,201401,1,1636.0,10,5.0,11.0,12.0,757.0,2143.74,1250.44,189.75,51,1.0,694.01,6151.95
7902,201402,0,3653.0,3,35.0,3.0,6.0,174.0,169.0,199.91,0.0,44,17.0,,338.0
7903,201410,0,632.0,10,0.0,0.0,0.0,,3000.0,,,65,0.0,113.78,6400.0
7904,201405,1,2480.0,12,11.0,7.0,11.0,45.0,500.0,369.81,0.0,44,3.0,513.26,500.0
7905,201407,0,1518.0,12,2.0,6.0,8.0,401.0,2500.0,37.96,0.0,56,1.0,,9700.0
7906,201405,0,3067.0,12,8.0,0.0,0.0,,700.0,,,63,5.0,157.15,700.0
7907,201411,0,249.0,12,0.0,0.0,0.0,,1000.0,,,59,0.0,,
7908,201405,0,1572.0,12,1.0,3.0,11.0,305.0,1166.82,35.99,0.0,47,1.0,0.9,1166.82
7909,201407,0,1117.0,10,0.0,0.0,8.0,178.0,1000.0,352.82,0.0,29,0.0,278.96,1000.0
7910,201403,1,1616.0,6,5.0,2.0,0.0,,500.0,,,59,1.0,,500.0
7911,201404,1,766.0,12,0.0,0.0,1.0,,1000.0,49.45,0.0,49,0.0,213.45,1000.0
7912,201405,0,827.0,12,0.0,0.0,4.0,,500.0,131.28,45.31,60,0.0,122.15,500.0
7913,201405,0,1044.0,8,0.0,0.0,10.0,,700.0,1367.0,76.99,31,0.0,594.91,700.0
7914,201405,0,2040.0,12,18.0,12.0,11.0,154.0,1500.0,,,51,1.0,52.5,4770.0
7915,201405,0,2818.0,12,28.0,7.0,12.0,611.0,1597.6,684.02,118.24,37,6.0,579.66,1597.6
7916,201410,0,316.0,12,0.0,0.0,0.0,,1500.0,,,53,0.0,,
7917,201404,1,612.0,12,0.0,0.0,0.0,,1000.0,,,45,0.0,36.12,2000.0
7918,201401,0,248.0,12,0.0,0.0,0.0,,1500.0,,,52,0.0,,
7919,201405,1,1047.0,12,0.0,0.0,9.0,,750.0,307.85,75.93,45,0.0,241.97,2730.0
7920,201407,1,565.0,12,0.0,0.0,0.0,,1000.0,,,63,0.0,0.0,1000.0
7921,201407,1,866.0,12,0.0,0.0,4.0,,2000.0,299.44,0.0,54,0.0,699.42,3776.0
7922,201405,1,3930.0,6,42.0,2.0,0.0,113.0,1000.0,,,32,10.0,232.55,1400.0
7923,201405,1,269.0,10,0.0,0.0,0.0,,440.6,,,36,0.0,,440.6
7924,201409,1,951.0,12,0.0,0.0,7.0,,1400.0,546.6,171.76,40,0.0,274.1,5055.46
7925,201411,1,328.0,10,0.0,0.0,0.0,,1000.0,,,40,0.0,,782.14
7926,201402,1,248.0,12,0.0,0.0,0.0,,1000.0,,,37,0.0,,2000.0
7927,201411,1,322.0,12,0.0,0.0,0.0,,2223.38,,,49,0.0,,
7928,201402,0,903.0,12,0.0,0.0,6.0,,800.0,89.95,0.0,68,0.0,44.95,2434.16
7929,201403,0,235.0,12,0.0,0.0,0.0,,944.0,,,52,0.0,,944.0
7930,201409,0,1028.0,12,0.0,0.0,4.0,,700.0,89.98,0.0,50,0.0,20.72,
7931,201405,0,211.0,12,0.0,0.0,0.0,,660.96,,,52,0.0,,660.96
7932,201412,1,320.0,12,0.0,0.0,0.0,,2081.23,,,52,0.0,,
7933,201401,0,567.0,12,0.0,0.0,0.0,,1000.0,,,45,0.0,0.0,2500.0
7934,201409,1,237.0,6,0.0,0.0,0.0,,1500.0,,,30,0.0,,
7935,201406,0,1734.0,12,9.0,12.0,11.0,364.0,500.0,649.31,124.55,38,1.0,417.91,2881.55
7936,201409,1,114.0,12,0.0,0.0,1.0,,2600.0,,,52,0.0,94.14,2324.4
7937,201406,1,1605.0,12,5.0,5.0,0.0,147.0,1500.0,,,28,1.0,0.0,1500.0
7938,201412,0,4716.0,12,86.0,12.0,12.0,915.0,1500.0,2408.41,735.01,53,18.0,985.04,
7939,201409,0,936.0,12,0.0,0.0,7.0,,1000.0,284.5,0.0,52,0.0,80.0,2000.0
7940,201407,0,266.0,12,0.0,0.0,0.0,,660.0,,,53,0.0,,660.0
7941,201401,0,839.0,12,0.0,0.0,6.0,,1000.0,273.05,40.75,35,0.0,247.6,2000.0
7942,201409,0,1731.0,12,4.0,11.0,12.0,701.0,1380.0,615.59,48.85,35,5.0,705.32,825.43
7943,201405,0,1678.0,6,7.0,5.0,10.0,392.0,500.0,665.54,176.15,36,1.0,537.44,500.0
7944,201401,0,904.0,12,0.0,0.0,6.0,,1100.0,365.86,0.0,57,0.0,441.67,4600.0
7945,201406,0,2753.0,12,34.0,10.0,11.0,534.0,3000.0,842.83,96.94,46,9.0,948.0,6083.0
7946,201410,0,3041.0,12,8.0,0.0,0.0,,1000.0,,,38,7.0,,300.0
7947,201408,0,3157.0,12,39.0,0.0,4.0,,1500.0,47.97,0.0,58,6.0,,8819.0
7948,201408,0,1473.0,10,0.0,9.0,5.0,,200.0,,,32,1.0,,200.0
7949,201410,0,467.0,12,0.0,0.0,0.0,,600.0,,,40,0.0,,
7950,201410,0,4945.0,12,60.0,0.0,0.0,,1797.95,,,56,9.0,,1500.0
7951,201406,1,971.0,12,0.0,0.0,8.0,,1300.0,1033.49,0.0,60,0.0,729.72,1300.0
7952,201401,0,340.0,12,0.0,0.0,0.0,,700.0,,,54,0.0,,1400.0
7953,201408,1,177.0,12,0.0,0.0,0.0,,994.44,,,51,0.0,,
7954,201405,0,647.0,6,0.0,0.0,0.0,,520.0,262.78,88.22,49,0.0,200.33,1520.0
7955,201411,1,3014.0,10,4.0,0.0,0.0,,450.0,,,42,3.0,,
7956,201405,0,363.0,12,0.0,0.0,0.0,,1897.25,,,46,0.0,,1897.25
7957,201411,0,314.0,12,0.0,0.0,0.0,,2082.58,,,46,0.0,,139.98
7958,201401,0,1907.0,12,9.0,5.0,12.0,337.0,2000.0,732.85,195.01,56,3.0,291.91,6604.27
7959,201405,1,1122.0,10,0.0,0.0,12.0,155.0,800.0,875.41,187.08,43,0.0,616.78,1300.0
7960,201404,1,1250.0,12,0.0,9.0,9.0,191.0,1200.0,,,43,1.0,107.87,1200.0
7961,201404,1,384.0,12,0.0,0.0,0.0,,2000.0,,,51,0.0,,3300.0
7962,201409,0,2572.0,10,27.0,8.0,0.0,69.0,700.0,,,37,9.0,,
7963,201403,0,319.0,12,0.0,0.0,0.0,,500.0,,,61,0.0,,500.0
7964,201403,0,2683.0,12,15.0,6.0,5.0,200.0,1000.0,75.97,0.0,40,4.0,147.1,1900.0
7965,201402,0,1469.0,10,0.0,6.0,7.0,320.0,600.0,370.0,0.0,55,1.0,388.16,1200.0
7966,201409,0,859.0,7,0.0,0.0,4.0,,1500.0,877.68,0.0,49,0.0,707.62,4438.0
7967,201407,0,960.0,12,0.0,0.0,11.0,,800.0,280.88,102.72,63,0.0,79.86,1600.0
7968,201406,0,1273.0,12,0.0,5.0,11.0,389.0,400.0,612.24,26.39,31,0.0,571.03,400.0
7969,201406,0,582.0,12,0.0,0.0,0.0,,1000.0,,,47,0.0,0.0,1200.0
7970,201406,0,1122.0,10,0.0,1.0,5.0,173.0,860.0,459.3,113.39,50,0.0,362.0,860.0
7971,201407,1,249.0,12,0.0,0.0,0.0,,1000.0,,,67,0.0,,1000.0
7972,201410,0,1712.0,12,8.0,8.0,12.0,705.0,3000.0,571.8,0.0,53,1.0,264.68,10540.0
7973,201410,0,396.0,12,0.0,0.0,0.0,,2113.19,,,34,0.0,,
7974,201411,1,474.0,12,0.0,0.0,0.0,,1500.0,,,29,0.0,,1000.0
7975,201401,0,331.0,12,0.0,0.0,0.0,,600.0,,,33,0.0,,1200.0
7976,201405,1,2675.0,10,25.0,8.0,10.0,272.0,400.0,143.9,0.0,52,13.0,30.0,1600.0
7977,201410,0,1071.0,12,0.0,0.0,11.0,,1500.0,267.91,0.0,59,0.0,217.84,4400.0
7978,201405,0,185.0,12,0.0,0.0,0.0,,800.0,,,54,0.0,,800.0
7979,201411,0,4880.0,12,20.0,0.0,1.0,,1026.0,,,60,11.0,547.59,3000.0
7980,201405,0,1321.0,12,0.0,7.0,12.0,331.0,1000.0,758.61,81.86,50,0.0,355.14,3220.0
7981,201411,0,2244.0,3,7.0,8.0,7.0,437.0,1014.97,617.82,0.0,54,3.0,219.7,5315.94
7982,201402,0,727.0,12,0.0,0.0,0.0,,500.0,232.23,60.28,65,0.0,278.62,1000.0
7983,201402,0,3156.0,12,4.0,0.0,0.0,,600.0,,,71,3.0,875.48,1500.0
7984,201404,1,706.0,12,0.0,0.0,0.0,,1000.0,,,44,0.0,362.65,1000.0
7985,201407,0,1224.0,12,0.0,3.0,9.0,187.0,2000.0,588.28,0.0,46,0.0,600.0,13000.0
7986,201410,0,2731.0,12,2.0,0.0,6.0,,1000.0,109.95,0.0,47,4.0,101.34,
7987,201409,0,536.0,12,0.0,0.0,0.0,,1000.0,,,50,0.0,,500.0
7988,201411,1,4346.0,12,39.0,0.0,11.0,,1000.0,1463.51,0.0,39,8.0,623.6,1000.0
7989,201401,0,1160.0,12,0.0,1.0,4.0,250.0,503.84,,,36,0.0,,1007.68
7990,201402,1,942.0,12,0.0,0.0,7.0,,1312.65,378.88,0.0,41,0.0,218.07,3225.3
7991,201402,0,430.0,12,0.0,0.0,0.0,,1000.0,,,52,0.0,,2000.0
7992,201403,0,4057.0,12,50.0,11.0,12.0,1342.0,2000.0,2120.83,0.0,51,11.0,633.31,2000.0
7993,201408,1,1993.0,12,8.0,0.0,0.0,,1500.0,,,66,1.0,,6200.0
7994,201410,1,390.0,12,0.0,0.0,0.0,,1260.0,,,59,0.0,,
7995,201411,1,1768.0,12,4.0,9.0,12.0,896.0,3000.0,331.91,0.0,56,4.0,427.17,3700.0
7996,201408,0,258.0,12,0.0,0.0,0.0,,977.28,,,41,0.0,,977.28
7997,201408,0,782.0,5,0.0,0.0,1.0,,500.0,413.85,0.0,62,0.0,528.69,1300.0
7998,201404,0,,12,,,,,1000.0,,,52,,,2000.0
7999,201403,0,2792.0,12,13.0,0.0,4.0,,2500.0,125.94,0.0,65,5.0,,11800.0
8000,201412,0,839.0,12,0.0,0.0,3.0,,500.0,221.34,0.0,64,0.0,124.86,
8001,201409,1,1091.0,12,0.0,0.0,11.0,152.0,1000.0,893.85,0.0,48,0.0,597.11,
8002,201404,1,3539.0,12,3.0,0.0,5.0,,800.0,206.54,0.0,29,11.0,173.34,1200.0
8003,201406,1,442.0,12,0.0,0.0,0.0,,1140.41,,,59,0.0,,2494.73
8004,201408,0,1865.0,12,12.0,8.0,12.0,541.0,2000.0,1148.64,0.0,55,2.0,1002.47,4500.0
8005,201410,0,1163.0,12,0.0,2.0,12.0,189.0,2500.0,331.43,57.51,62,0.0,327.89,10859.6
8006,201406,0,2125.0,12,21.0,8.0,8.0,435.0,500.0,195.93,0.0,57,1.0,245.72,2600.0
8007,201403,0,2406.0,12,19.0,6.0,12.0,229.0,1300.0,894.39,176.6,69,10.0,608.3,1300.0
8008,201404,0,2497.0,10,9.0,2.0,6.0,83.0,1235.13,80.91,0.0,43,1.0,29.16,1235.13
8009,201406,0,2881.0,12,45.0,7.0,9.0,597.0,1500.0,976.52,115.72,42,2.0,,5300.0
8010,201401,1,223.0,12,0.0,0.0,0.0,,800.0,,,50,0.0,,1600.0
8011,201410,1,462.0,12,0.0,0.0,0.0,,1549.44,,,41,0.0,,2432.52
8012,201409,0,3910.0,12,59.0,0.0,7.0,,1000.0,601.19,117.34,68,2.0,435.2,1000.0
8013,201410,0,471.0,12,0.0,0.0,0.0,,1000.0,,,68,0.0,,
8014,201404,0,2101.0,12,13.0,4.0,12.0,124.0,1000.0,254.52,34.89,41,8.0,150.0,4256.88
8015,201407,0,1427.0,12,0.0,9.0,12.0,794.0,1200.0,296.92,0.0,50,0.0,254.82,1200.0
8016,201409,0,639.0,12,0.0,0.0,0.0,,1000.0,,,45,0.0,113.12,
8017,201410,1,1329.0,12,0.0,7.0,12.0,408.0,600.0,669.16,231.26,60,0.0,312.86,
8018,201411,1,336.0,12,0.0,0.0,0.0,,1420.09,,,40,0.0,,
8019,201410,0,461.0,12,0.0,0.0,0.0,,500.0,,,40,0.0,,760.0
8020,201411,0,695.0,7,0.0,0.0,0.0,,800.0,,,44,0.0,87.02,500.0
8021,201411,0,364.0,6,0.0,0.0,0.0,,1000.0,,,32,0.0,,
8022,201405,0,1154.0,12,0.0,2.0,10.0,252.0,500.0,91.97,0.0,53,0.0,160.93,500.0
8023,201403,1,1005.0,12,0.0,0.0,9.0,,1000.0,573.65,131.33,62,0.0,139.1,1300.0
8024,201409,0,2158.0,12,3.0,0.0,8.0,,1000.0,620.02,0.0,31,6.0,470.0,
8025,201404,0,1591.0,12,3.0,6.0,10.0,221.0,2000.0,392.73,118.01,60,1.0,301.27,3620.0
8026,201409,0,1322.0,6,0.0,6.0,12.0,203.0,500.0,1028.02,0.0,55,0.0,919.78,3000.0
8027,201410,0,217.0,12,0.0,0.0,0.0,,984.73,,,43,0.0,,
8028,201404,1,1730.0,12,6.0,1.0,6.0,,2000.0,,,42,3.0,,2746.0
8029,201409,0,318.0,12,0.0,0.0,2.0,,1200.0,,,47,0.0,,
8030,201402,1,684.0,12,0.0,0.0,3.0,,1300.0,,,52,0.0,111.93,5800.0
8031,201403,0,321.0,12,0.0,0.0,0.0,,500.0,,,54,0.0,,500.0
8032,201412,0,434.0,12,0.0,0.0,0.0,,1200.0,,,37,0.0,,500.0
8033,201401,0,4815.0,12,88.0,5.0,11.0,108.0,1980.0,680.62,0.0,52,10.0,475.14,3960.0
8034,201402,0,516.0,12,0.0,0.0,0.0,,1500.0,,,72,0.0,,4634.73
8035,201412,0,1138.0,12,0.0,1.0,1.0,69.0,1000.0,245.98,77.03,50,0.0,135.02,
8036,201410,0,4414.0,12,39.0,4.0,4.0,319.0,1000.0,,,34,32.0,,
8037,201409,1,778.0,12,0.0,0.0,2.0,,1000.0,324.72,115.98,51,0.0,207.42,1000.0
8038,201410,0,2109.0,12,19.0,12.0,11.0,898.0,1800.0,1069.82,193.43,45,3.0,640.27,1500.0
8039,201411,0,2909.0,12,37.0,12.0,12.0,1099.0,1500.0,1656.35,0.0,53,3.0,743.17,3730.0
8040,201411,1,287.0,12,0.0,0.0,0.0,,1000.0,,,61,0.0,,
8041,201405,0,510.0,8,0.0,0.0,0.0,,2400.0,,,43,0.0,,4747.75
8042,201412,1,718.0,12,0.0,0.0,0.0,,1500.0,,,41,0.0,274.97,973.96
8043,201412,1,3783.0,12,73.0,12.0,12.0,1100.0,1000.0,2363.21,589.81,74,2.0,1041.36,300.0
8044,201410,0,300.0,6,0.0,0.0,4.0,,598.2,,,37,0.0,,
8045,201402,0,653.0,12,0.0,0.0,2.0,,2327.97,,,55,0.0,272.53,4655.94
8046,201408,1,684.0,12,0.0,0.0,0.0,,800.0,,,34,0.0,164.67,800.0
8047,201410,0,564.0,3,0.0,0.0,0.0,,600.0,,,45,0.0,,550.0
8048,201406,0,2732.0,12,36.0,10.0,12.0,248.0,1300.0,1867.84,653.31,50,6.0,1039.24,1900.0
8049,201408,0,2281.0,12,12.0,10.0,12.0,667.0,2000.0,1650.43,310.88,48,8.0,1017.38,2000.0
8050,201410,0,371.0,3,0.0,0.0,0.0,,264.0,,,50,0.0,,
8051,201407,1,175.0,8,0.0,0.0,0.0,,500.0,,,30,0.0,,587.74
8052,201401,0,668.0,12,0.0,0.0,0.0,,1166.26,190.4,64.4,50,0.0,95.02,2332.52
8053,201407,1,596.0,12,0.0,0.0,0.0,,700.0,,,43,0.0,54.31,1200.0
8054,201407,0,2502.0,3,12.0,0.0,0.0,,300.0,,,48,8.0,,300.0
8055,201411,0,1885.0,12,10.0,6.0,0.0,,1650.0,,,44,3.0,,2500.0
8056,201404,1,1114.0,6,0.0,0.0,12.0,349.0,1500.0,454.67,0.0,47,0.0,362.3,5500.0
8057,201411,1,1157.0,12,0.0,1.0,3.0,75.0,1200.0,727.95,0.0,64,0.0,476.32,8300.0
8058,201401,1,2550.0,12,29.0,6.0,9.0,59.0,1000.0,589.99,0.0,52,7.0,363.45,4000.0
8059,201410,0,1934.0,12,4.0,7.0,12.0,168.0,700.0,223.92,0.0,48,6.0,274.0,240.0
8060,201410,0,1858.0,12,11.0,9.0,12.0,174.0,3000.0,446.35,58.19,51,2.0,248.24,11146.83
8061,201401,0,392.0,10,0.0,0.0,0.0,,800.0,,,49,0.0,,1600.0
8062,201412,1,835.0,12,0.0,0.0,4.0,,2480.0,89.02,0.0,50,0.0,96.04,
8063,201409,0,1150.0,12,0.0,1.0,12.0,281.0,1000.0,394.66,121.8,55,0.0,327.62,
8064,201406,1,574.0,12,0.0,0.0,0.0,,420.0,,,31,0.0,8.99,420.0
8065,201408,0,1447.0,12,0.0,5.0,0.0,,1000.0,,,58,0.0,,3800.0
8066,201406,1,2303.0,12,25.0,6.0,11.0,254.0,2000.0,274.76,46.88,68,3.0,106.62,5000.0
8067,201407,0,3685.0,12,36.0,8.0,11.0,481.0,1000.0,720.51,214.73,41,11.0,446.94,1000.0
8068,201406,1,3144.0,12,46.0,6.0,12.0,280.0,1200.0,342.24,86.54,31,8.0,131.95,1200.0
8069,201403,0,2791.0,12,43.0,3.0,0.0,522.0,1500.0,,,60,2.0,,1500.0
8070,201408,0,1314.0,12,0.0,6.0,12.0,670.0,3000.0,800.96,111.25,39,0.0,434.05,7000.0
8071,201409,1,696.0,12,0.0,0.0,0.0,,2500.0,,,45,0.0,236.33,
8072,201405,0,275.0,6,0.0,0.0,0.0,,920.0,,,61,0.0,,920.0
8073,201411,0,3514.0,12,46.0,10.0,12.0,370.0,1000.0,1211.42,353.9,66,16.0,1109.64,
8074,201405,0,172.0,12,0.0,0.0,0.0,,1000.0,,,56,0.0,,1000.0
8075,201409,1,312.0,12,0.0,0.0,0.0,,1000.0,,,35,0.0,,
8076,201410,0,312.0,12,0.0,0.0,0.0,,1250.0,,,75,0.0,,2000.0
8077,201402,1,672.0,12,0.0,0.0,0.0,,1000.0,,,32,0.0,148.01,2509.91
8078,201407,1,577.0,12,0.0,0.0,0.0,,2500.0,,,56,0.0,0.0,4500.0
8079,201402,0,2386.0,12,20.0,8.0,12.0,723.0,1000.0,556.36,180.46,40,9.0,267.25,2000.0
8080,201410,1,927.0,12,0.0,0.0,7.0,,900.0,544.74,178.88,44,0.0,224.94,828.09
8081,201407,0,1048.0,12,0.0,0.0,11.0,,1180.0,521.49,97.73,47,0.0,241.59,1180.0
8082,201406,0,875.0,12,0.0,0.0,7.0,,1000.0,337.89,0.0,46,0.0,593.47,1000.0
8083,201402,1,445.0,12,0.0,0.0,0.0,,1000.0,,,29,0.0,,3000.0
8084,201405,0,319.0,12,0.0,0.0,0.0,,1500.0,,,28,0.0,,1500.0
8085,201412,0,279.0,12,0.0,0.0,0.0,,1000.0,,,64,0.0,,
8086,201411,1,2210.0,12,13.0,4.0,4.0,174.0,1527.14,69.98,0.0,35,8.0,0.0,
8087,201407,0,2441.0,12,26.0,12.0,12.0,223.0,1200.0,353.8,0.0,49,3.0,236.0,8650.0
8088,201405,0,4608.0,12,35.0,3.0,0.0,,1000.0,,,59,11.0,41.38,1000.0
8089,201411,1,390.0,12,0.0,0.0,0.0,,800.0,,,52,0.0,,
8090,201401,0,341.0,6,0.0,0.0,0.0,,250.0,,,53,0.0,,500.0
8091,201406,0,428.0,6,0.0,0.0,0.0,,800.0,,,48,0.0,,1800.0
8092,201406,0,1090.0,12,0.0,0.0,12.0,193.0,1500.0,1108.24,199.6,39,0.0,352.62,1500.0
8093,201401,0,268.0,12,0.0,0.0,0.0,,800.0,,,27,0.0,,1600.0
8094,201408,0,461.0,12,0.0,0.0,0.0,,1057.47,,,28,0.0,,3057.47
8095,201409,0,1948.0,12,6.0,4.0,0.0,32.0,1100.0,,,63,2.0,,
8096,201411,1,242.0,12,0.0,0.0,0.0,,1000.0,,,41,0.0,,
8097,201410,0,2166.0,12,8.0,6.0,0.0,364.0,838.13,,,41,4.0,,1338.26
8098,201402,0,1263.0,12,0.0,5.0,11.0,294.0,1485.87,825.91,101.26,33,0.0,278.48,2971.74
8099,201406,0,234.0,10,0.0,0.0,0.0,,400.0,,,56,0.0,,400.0
8100,201407,1,2605.0,12,12.0,0.0,0.0,,1467.39,,,39,5.0,,1467.39
8101,201403,0,1847.0,12,12.0,8.0,12.0,965.0,2280.0,1199.65,0.0,62,1.0,1110.0,10336.46
8102,201408,0,3795.0,10,28.0,2.0,10.0,781.0,1363.1,335.88,0.0,47,17.0,290.99,1754.56
8103,201408,1,4746.0,12,67.0,12.0,12.0,580.0,600.0,521.8,171.89,64,3.0,401.67,5077.48
8104,201412,0,1231.0,12,0.0,1.0,5.0,102.0,1296.72,202.48,55.54,54,0.0,,799.0
8105,201405,0,399.0,6,0.0,0.0,0.0,,500.0,,,43,0.0,,500.0
8106,201409,1,640.0,12,0.0,0.0,0.0,,650.0,,,39,0.0,203.95,
8107,201411,0,1858.0,12,12.0,9.0,11.0,535.0,2000.0,387.17,0.0,60,2.0,309.58,1100.0
8108,201412,1,4351.0,12,4.0,0.0,0.0,,1200.0,,,53,2.0,,1000.0
8109,201408,0,643.0,12,0.0,0.0,2.0,,2000.0,267.61,92.19,39,0.0,158.6,3476.68
8110,201412,0,985.0,12,0.0,0.0,5.0,,981.07,585.64,130.12,35,0.0,147.16,
8111,201412,0,350.0,12,0.0,0.0,0.0,,1713.54,,,46,0.0,,
8112,201412,0,2859.0,12,36.0,5.0,8.0,409.0,1118.6,597.87,198.03,46,10.0,557.34,3000.0
8113,201404,1,3228.0,12,57.0,12.0,12.0,1059.0,1500.0,1655.5,162.86,33,1.0,727.47,2400.0
8114,201411,1,442.0,12,0.0,0.0,0.0,,2000.0,,,47,0.0,,1230.74
8115,201403,0,4011.0,12,40.0,9.0,12.0,182.0,500.0,699.03,226.17,76,16.0,430.65,1000.0
8116,201401,0,3479.0,5,51.0,5.0,11.0,601.0,500.0,,,52,7.0,15.7,1000.0
8117,201411,1,179.0,5,0.0,0.0,0.0,,450.0,,,32,0.0,,
8118,201406,0,875.0,10,0.0,0.0,5.0,,700.0,323.88,0.0,42,0.0,285.93,4100.0
8119,201405,0,1459.0,12,0.0,11.0,5.0,466.0,2500.0,461.23,151.34,68,0.0,261.99,2500.0
8120,201406,0,4336.0,12,52.0,8.0,9.0,330.0,2000.0,959.63,0.0,48,22.0,0.0,3405.29
8121,201410,1,302.0,12,0.0,0.0,0.0,,1000.0,,,27,0.0,,
8122,201410,0,955.0,12,0.0,0.0,10.0,,481.0,648.12,197.27,40,0.0,305.84,
8123,201408,0,790.0,12,0.0,0.0,2.0,,1500.0,152.11,21.13,54,0.0,431.73,1500.0
8124,201408,0,170.0,12,0.0,0.0,0.0,,250.0,,,50,0.0,,250.0
8125,201404,0,4101.0,12,51.0,9.0,10.0,278.0,2000.0,307.94,0.0,48,9.0,,3000.0
8126,201405,0,1362.0,10,0.0,8.0,12.0,594.0,1000.0,1137.62,0.0,55,0.0,506.18,3372.07
8127,201404,0,584.0,12,0.0,0.0,0.0,,1500.0,,,72,0.0,0.0,2500.0
8128,201405,0,436.0,8,0.0,0.0,0.0,,374.0,,,43,0.0,,374.0
8129,201404,0,1871.0,12,4.0,2.0,12.0,117.0,500.0,366.55,46.69,54,7.0,103.24,2128.22
8130,201408,0,791.0,12,0.0,0.0,2.0,,1000.0,157.94,0.0,62,0.0,130.61,1828.84
8131,201409,0,2446.0,12,4.0,0.0,0.0,,600.0,,,48,1.0,,1400.0
8132,201411,1,1805.0,12,6.0,7.0,7.0,590.0,1000.0,488.83,0.0,29,2.0,419.29,
8133,201406,1,458.0,12,0.0,0.0,0.0,,1000.0,,,34,0.0,,1000.0
8134,201408,1,288.0,12,0.0,0.0,0.0,,2000.0,,,60,0.0,,2000.0
8135,201401,0,1400.0,12,0.0,7.0,11.0,917.0,1500.0,845.55,0.0,32,0.0,395.76,4200.0
8136,201402,0,2773.0,12,28.0,7.0,8.0,444.0,1797.02,,,45,4.0,,7359.84
8137,201410,0,1556.0,3,2.0,7.0,12.0,320.0,300.0,260.42,0.0,66,2.0,169.0,
8138,201406,0,3436.0,11,47.0,9.0,9.0,393.0,2000.0,533.84,0.0,42,12.0,320.98,3700.0
8139,201409,0,1182.0,6,0.0,2.0,12.0,600.0,2000.0,1381.76,0.0,40,0.0,1086.14,2000.0
8140,201411,1,529.0,12,0.0,0.0,0.0,,2286.84,,,58,0.0,,2000.0
8141,201408,0,280.0,10,0.0,0.0,0.0,,300.0,,,36,0.0,,300.0
8142,201408,0,3039.0,3,36.0,4.0,11.0,238.0,150.0,224.93,0.0,29,5.0,0.0,150.0
8143,201412,0,2606.0,12,36.0,12.0,12.0,587.0,1800.0,406.83,0.0,48,2.0,261.13,194.89
8144,201402,1,1219.0,12,0.0,4.0,6.0,481.0,748.04,436.23,134.34,28,0.0,314.47,1496.08
8145,201408,1,684.0,12,0.0,0.0,0.0,,1140.0,,,32,0.0,139.73,1780.0
8146,201405,0,515.0,12,0.0,0.0,0.0,,1000.0,,,36,0.0,,1000.0
8147,201408,0,1655.0,6,6.0,12.0,12.0,954.0,800.0,783.69,0.0,39,1.0,638.51,1400.0
8148,201408,1,534.0,12,0.0,0.0,0.0,,2000.0,,,48,0.0,,2000.0
8149,201409,1,1582.0,12,4.0,8.0,11.0,327.0,3000.0,489.79,0.0,31,1.0,322.14,
8150,201409,0,2494.0,12,22.0,12.0,12.0,1030.0,1000.0,779.39,205.58,43,4.0,601.34,2000.0
8151,201401,0,888.0,12,0.0,0.0,3.0,,1500.0,293.65,93.91,60,0.0,78.82,3000.0
8152,201406,0,1162.0,12,0.0,1.0,12.0,73.0,1976.86,241.03,10.53,32,0.0,70.67,2376.86
8153,201405,0,618.0,12,0.0,0.0,0.0,,1000.0,,,47,0.0,86.13,1950.82
8154,201411,0,199.0,12,0.0,0.0,0.0,,1000.0,,,38,0.0,,
8155,201404,0,590.0,3,0.0,0.0,0.0,,400.0,,,33,0.0,128.32,900.0
8156,201408,0,1134.0,12,0.0,1.0,6.0,161.0,1500.0,,,56,0.0,,5216.0
8157,201410,0,493.0,12,0.0,0.0,0.0,,3000.0,,,54,0.0,,3892.92
8158,201409,1,555.0,12,0.0,0.0,0.0,,2000.0,,,54,0.0,,
8159,201411,0,1639.0,12,2.0,4.0,0.0,,2000.0,,,34,1.0,36.95,12444.68
8160,201406,0,1743.0,12,5.0,8.0,12.0,776.0,2700.0,1078.7,0.0,30,5.0,729.87,2700.0
8161,201404,1,136.0,12,0.0,0.0,0.0,,1000.0,,,43,0.0,,2098.52
8162,201408,0,454.0,12,0.0,0.0,0.0,,800.0,,,27,0.0,,800.0
8163,201401,0,193.0,12,0.0,0.0,0.0,,588.12,,,32,0.0,,1176.24
8164,201402,0,3189.0,12,46.0,6.0,12.0,848.0,1000.0,1199.51,232.66,73,3.0,894.93,2000.0
8165,201404,0,2107.0,12,11.0,4.0,11.0,490.0,1100.0,853.59,116.76,47,4.0,264.0,4569.06
8166,201404,0,476.0,12,0.0,0.0,0.0,,3000.0,,,53,0.0,,4000.0
8167,201404,0,2759.0,12,14.0,0.0,0.0,,1400.0,208.53,29.17,47,6.0,337.0,1400.0
8168,201402,0,2636.0,12,21.0,10.0,4.0,418.0,500.0,,,63,3.0,0.0,2800.0
8169,201404,0,323.0,12,0.0,0.0,0.0,,1000.0,,,53,0.0,,2200.0
8170,201406,0,3387.0,12,63.0,12.0,12.0,1589.0,1500.0,2794.5,906.12,62,3.0,1340.83,1500.0
8171,201409,0,1699.0,12,4.0,7.0,11.0,467.0,844.0,792.5,196.76,47,2.0,615.31,
8172,201402,0,1749.0,12,8.0,8.0,12.0,738.0,3000.0,759.42,156.67,69,1.0,621.39,10886.67
8173,201401,0,947.0,12,0.0,0.0,7.0,,2500.0,220.5,32.56,67,0.0,185.74,6840.0
8174,201412,0,1121.0,6,0.0,0.0,12.0,76.0,1000.0,704.76,91.48,53,0.0,334.21,800.0
8175,201403,0,1169.0,5,0.0,1.0,12.0,154.0,500.0,397.84,0.0,40,0.0,390.76,500.0
8176,201407,0,870.0,7,0.0,0.0,7.0,,500.0,465.78,147.29,30,0.0,61.22,500.0
8177,201403,0,3350.0,12,50.0,11.0,12.0,636.0,1996.97,,,30,8.0,506.15,1996.97
8178,201408,0,732.0,12,0.0,0.0,0.0,,1000.0,91.77,0.0,42,0.0,165.26,1000.0
8179,201412,0,1194.0,5,0.0,3.0,11.0,439.0,500.0,718.7,0.0,33,0.0,539.49,
8180,201402,1,881.0,6,0.0,0.0,4.0,,700.0,293.15,61.18,29,0.0,161.78,2000.0
8181,201412,0,187.0,12,0.0,0.0,0.0,,3000.0,,,37,0.0,,4400.0
8182,201411,0,2860.0,12,39.0,12.0,12.0,1390.0,1500.0,1178.58,0.0,38,7.0,936.54,2000.0
8183,201412,1,391.0,12,0.0,0.0,0.0,,1300.0,,,29,0.0,,500.0
8184,201402,1,178.0,12,0.0,0.0,0.0,,1200.0,,,54,0.0,,2400.0
8185,201409,0,4991.0,12,60.0,4.0,12.0,268.0,2000.0,423.13,5.34,50,19.0,246.12,22149.92
8186,201408,0,1040.0,12,0.0,0.0,10.0,,2000.0,1068.23,127.84,54,0.0,489.44,9500.0
8187,201406,0,1652.0,12,5.0,11.0,12.0,249.0,1000.0,317.85,69.95,65,1.0,270.43,1000.0
8188,201412,0,389.0,10,0.0,0.0,0.0,,1000.0,,,68,0.0,,
8189,201409,0,270.0,3,0.0,0.0,0.0,,150.0,,,45,0.0,,
8190,201409,0,354.0,12,0.0,0.0,0.0,,1000.0,,,38,0.0,,2400.0
8191,201404,1,772.0,12,0.0,0.0,4.0,,1000.0,338.8,107.67,58,0.0,368.04,1000.0
8192,201412,1,3220.0,12,47.0,11.0,11.0,552.0,800.0,1015.61,248.88,65,7.0,680.7,1600.0
8193,201401,1,524.0,6,0.0,0.0,0.0,,442.17,,,39,0.0,,884.34
8194,201412,0,1616.0,9,3.0,9.0,12.0,424.0,1200.0,628.11,99.3,48,2.0,356.0,4000.0
8195,201409,0,1054.0,12,0.0,0.0,11.0,,2000.0,766.46,43.53,38,0.0,417.58,
8196,201404,0,726.0,12,0.0,0.0,0.0,,1000.0,197.93,0.0,45,0.0,277.8,1000.0
8197,201410,0,1328.0,12,0.0,7.0,10.0,382.0,2311.83,710.77,236.44,38,0.0,688.1,757.04
8198,201407,0,1233.0,12,0.0,1.0,12.0,374.0,1500.0,,,33,0.0,167.16,1500.0
8199,201405,1,3288.0,12,37.0,9.0,12.0,919.0,1506.0,912.87,137.89,47,23.0,557.47,3308.04
8200,201408,0,2707.0,12,38.0,4.0,3.0,,600.0,,,29,3.0,,600.0
8201,201403,0,1489.0,4,1.0,12.0,10.0,375.0,200.0,475.44,152.54,23,1.0,294.33,200.0
8202,201403,0,727.0,5,0.0,0.0,0.0,,600.0,37.78,0.0,43,0.0,255.82,600.0
8203,201402,0,249.0,10,0.0,0.0,0.0,,500.0,,,67,0.0,,1000.0
8204,201408,1,1354.0,12,0.0,8.0,12.0,683.0,1699.06,804.12,0.0,46,0.0,513.76,4699.06
8205,201412,1,326.0,12,0.0,0.0,0.0,,1339.08,,,51,0.0,,1842.84
8206,201412,0,1014.0,12,0.0,0.0,7.0,,1000.0,393.2,0.0,38,0.0,240.49,998.0
8207,201410,0,484.0,12,0.0,0.0,0.0,,1000.0,,,46,0.0,0.0,
8208,201408,0,836.0,12,0.0,0.0,3.0,,3000.0,478.79,0.0,54,0.0,779.95,7755.94
8209,201410,0,202.0,12,0.0,0.0,0.0,,1000.0,,,68,0.0,,
8210,201404,0,2374.0,12,22.0,10.0,12.0,986.0,1000.0,733.72,0.0,46,6.0,547.07,1000.0
8211,201408,0,471.0,12,0.0,0.0,0.0,,1513.8,,,45,0.0,,610.0
8212,201405,0,334.0,12,0.0,0.0,0.0,,500.0,,,42,0.0,,500.0
8213,201408,0,1542.0,12,2.0,10.0,11.0,231.0,600.0,243.93,0.0,38,1.0,73.21,2180.0
8214,201407,0,4773.0,12,72.0,8.0,12.0,166.0,3000.0,480.63,0.0,41,22.0,212.9,7000.0
8215,201412,0,1831.0,12,11.0,8.0,11.0,895.0,1500.0,297.3,0.0,54,1.0,341.18,234.01
8216,201404,1,317.0,12,0.0,0.0,0.0,,500.0,,,55,0.0,,500.0
8217,201411,1,1481.0,12,0.0,12.0,12.0,489.0,1634.24,682.81,193.97,55,1.0,533.0,9400.0
8218,201410,1,1482.0,12,0.0,4.0,0.0,,1450.0,,,52,1.0,,4189.61
8219,201411,0,257.0,6,0.0,0.0,0.0,,400.0,,,44,0.0,,
8220,201408,1,1044.0,12,0.0,0.0,10.0,339.0,700.0,204.33,70.38,35,0.0,235.84,987.94
8221,201404,0,778.0,8,0.0,0.0,4.0,,570.0,176.24,57.26,46,0.0,179.79,570.0
8222,201409,0,3207.0,8,32.0,0.0,2.0,,1200.0,49.98,0.0,41,8.0,301.74,3943.04
8223,201407,1,3300.0,12,53.0,7.0,12.0,750.0,1324.19,637.84,0.0,43,7.0,545.0,4724.19
8224,201404,0,1487.0,6,3.0,11.0,11.0,97.0,450.0,593.42,128.53,36,1.0,702.84,450.0
8225,201404,0,925.0,12,0.0,0.0,7.0,,1000.0,234.79,48.84,67,0.0,25.41,1000.0
8226,201405,0,310.0,12,0.0,0.0,0.0,,700.0,,,53,0.0,,700.0
8227,201409,0,2482.0,12,16.0,1.0,1.0,,700.0,,,76,6.0,,3700.0
8228,201409,1,81.0,12,0.0,0.0,0.0,,1939.13,,,33,0.0,,
8229,201408,0,528.0,12,0.0,0.0,0.0,,600.0,,,48,0.0,,600.0
8230,201409,0,2262.0,3,25.0,8.0,8.0,60.0,500.0,751.87,167.11,28,1.0,841.44,2560.96
8231,201401,1,434.0,12,0.0,0.0,0.0,,686.24,,,36,0.0,,1372.48
8232,201408,1,273.0,12,0.0,0.0,0.0,,885.62,,,34,0.0,,1432.12
8233,201409,0,494.0,12,0.0,0.0,0.0,,1000.0,,,63,0.0,,
8234,201402,1,2972.0,12,31.0,8.0,9.0,597.0,438.0,379.31,143.41,73,6.0,116.08,1676.0
8235,201403,0,263.0,12,0.0,0.0,0.0,,871.5,,,32,0.0,,871.5
8236,201407,0,200.0,12,0.0,0.0,0.0,,1066.0,,,69,0.0,,1066.0
8237,201409,0,1384.0,12,0.0,5.0,0.0,238.0,1000.0,,,45,0.0,,1895.22
8238,201401,0,236.0,12,0.0,0.0,0.0,,1600.0,,,52,0.0,,3200.0
8239,201401,1,1112.0,8,0.0,0.0,12.0,343.0,300.0,548.55,86.81,44,0.0,340.55,600.0
8240,201410,0,1253.0,6,0.0,2.0,12.0,468.0,500.0,792.07,183.04,47,0.0,295.89,1000.0
8241,201403,0,2947.0,12,6.0,2.0,1.0,79.0,984.89,,,43,7.0,,1969.78
8242,201408,0,231.0,12,0.0,0.0,0.0,,700.0,,,44,0.0,,
8243,201404,0,131.0,12,0.0,0.0,0.0,,875.63,,,50,0.0,,875.63
8244,201402,0,1061.0,12,0.0,0.0,6.0,171.0,1012.0,214.09,0.0,45,0.0,,3324.0
8245,201405,0,316.0,12,0.0,0.0,0.0,,600.0,,,54,0.0,,600.0
8246,201409,0,3214.0,12,54.0,12.0,11.0,1277.0,2000.0,619.28,129.07,52,4.0,824.03,1800.0
8247,201409,0,3685.0,6,51.0,12.0,12.0,764.0,500.0,1133.89,24.3,67,21.0,1030.78,
8248,201405,1,1109.0,12,0.0,2.0,10.0,226.0,1558.73,630.77,190.77,59,0.0,473.83,1558.73
8249,201409,1,251.0,12,0.0,0.0,0.0,,1200.0,,,23,0.0,,
8250,201409,0,2898.0,7,34.0,8.0,8.0,292.0,700.0,247.92,0.0,45,8.0,80.24,5400.0
8251,201403,0,234.0,10,0.0,0.0,0.0,,2000.0,,,34,0.0,,4633.92
8252,201405,0,1903.0,12,7.0,6.0,9.0,,1000.0,453.84,144.03,42,2.0,209.12,4255.2
8253,201407,1,783.0,12,0.0,0.0,2.0,,1465.55,195.2,0.0,30,0.0,379.84,2165.55
8254,201405,0,547.0,12,0.0,0.0,0.0,,2479.0,,,56,0.0,,3347.23
8255,201403,0,343.0,3,0.0,0.0,0.0,,300.0,,,36,0.0,,788.33
8256,201406,0,2315.0,8,17.0,4.0,8.0,353.0,700.0,,,50,9.0,,700.0
8257,201409,0,3141.0,12,19.0,0.0,0.0,,1449.53,,,28,9.0,,
8258,201407,0,709.0,12,0.0,0.0,2.0,,2197.96,89.99,0.0,51,0.0,156.66,5197.96
8259,201405,0,485.0,12,0.0,0.0,0.0,,2800.0,,,58,0.0,,5301.76
8260,201402,0,127.0,12,0.0,0.0,0.0,,500.0,,,32,0.0,,1000.0
8261,201405,1,1005.0,12,0.0,0.0,10.0,,1424.57,483.53,73.64,30,0.0,92.08,1424.57
8262,201406,0,219.0,12,0.0,0.0,0.0,,700.0,,,70,0.0,,700.0
8263,201403,0,4678.0,12,21.0,0.0,0.0,,2000.0,,,66,31.0,,2600.0
8264,201412,0,1933.0,6,10.0,9.0,12.0,845.0,600.0,1164.49,194.78,52,6.0,852.97,1450.0
8265,201410,0,4829.0,10,29.0,2.0,11.0,570.0,1500.0,1406.01,0.0,66,19.0,1030.46,1400.0
8266,201406,0,4474.0,12,29.0,0.0,0.0,,2000.0,,,41,8.0,0.0,4988.98
8267,201411,0,953.0,12,0.0,0.0,7.0,,936.0,781.46,35.48,28,0.0,557.37,9614.92
8268,201402,0,2479.0,6,30.0,4.0,12.0,90.0,1000.0,535.69,0.0,56,4.0,508.49,2800.0
8269,201405,0,258.0,12,0.0,0.0,0.0,,600.0,,,41,0.0,,600.0
8270,201407,0,2231.0,10,13.0,10.0,5.0,439.0,3000.0,,,39,8.0,303.98,8000.0
8271,201412,0,1616.0,12,5.0,8.0,11.0,466.0,1808.1,667.31,221.08,53,1.0,205.31,903.96
8272,201407,0,121.0,9,0.0,0.0,0.0,,1000.0,,,39,0.0,,1000.0
8273,201409,0,1043.0,12,0.0,0.0,11.0,,1000.0,594.81,158.05,28,0.0,249.93,170.0
8274,201410,0,3027.0,12,36.0,9.0,12.0,631.0,2000.0,1199.6,252.88,43,16.0,81.2,4000.0
8275,201402,1,301.0,12,0.0,0.0,0.0,,600.0,,,61,0.0,,1200.0
8276,201401,0,753.0,8,0.0,0.0,1.0,,600.0,249.94,0.0,41,0.0,310.4,1700.0
8277,201407,0,4098.0,12,72.0,0.0,3.0,,2079.23,185.93,0.0,44,12.0,242.94,3285.01
8278,201408,0,294.0,12,0.0,0.0,0.0,,500.0,,,74,0.0,,500.0
8279,201406,1,903.0,12,0.0,0.0,6.0,,2000.0,397.42,0.0,42,0.0,469.62,2080.58
8280,201402,0,1093.0,12,0.0,0.0,11.0,291.0,500.0,447.53,124.63,34,0.0,369.66,1600.0
8281,201410,1,2801.0,10,22.0,3.0,2.0,178.0,2000.0,39.99,0.0,30,12.0,,2960.34
8282,201407,0,3681.0,5,43.0,5.0,3.0,88.0,300.0,189.95,0.0,42,25.0,206.16,300.0
8283,201401,0,589.0,10,0.0,0.0,0.0,,600.0,,,27,0.0,53.4,600.0
8284,201401,0,4661.0,12,26.0,0.0,9.0,,1700.0,324.84,0.0,43,26.0,110.72,3400.0
8285,201411,0,682.0,12,0.0,0.0,0.0,,2000.0,,,46,0.0,193.06,2200.0
8286,201409,1,700.0,10,0.0,0.0,0.0,,300.0,,,60,0.0,269.39,
8287,201402,0,985.0,8,0.0,0.0,7.0,,1400.0,159.75,0.0,45,0.0,,1400.0
8288,201409,0,514.0,5,0.0,0.0,0.0,,250.0,,,50,0.0,,
8289,201404,0,481.0,10,0.0,0.0,0.0,,1000.0,,,47,0.0,,1800.0
8290,201409,1,2744.0,12,11.0,4.0,1.0,,2000.0,,,28,3.0,193.55,500.0
8291,201412,0,781.0,12,0.0,0.0,2.0,,2000.0,35.99,0.0,54,0.0,44.73,4500.0
8292,201407,0,740.0,5,0.0,0.0,1.0,,300.0,482.79,0.0,70,0.0,406.88,
8293,201409,1,4423.0,12,55.0,9.0,10.0,617.0,2000.0,304.87,0.0,55,31.0,49.94,1600.0
8294,201411,1,1800.0,12,7.0,0.0,0.0,,2800.0,,,32,2.0,,2000.0
8295,201408,1,2362.0,12,4.0,0.0,4.0,,2000.0,373.63,72.72,55,5.0,415.96,9900.0
8296,201411,1,275.0,12,0.0,0.0,0.0,,700.0,,,35,0.0,,
8297,201403,0,2173.0,12,23.0,12.0,12.0,794.0,500.0,939.14,301.37,42,1.0,632.07,1000.0
8298,201411,1,4319.0,12,59.0,10.0,11.0,771.0,1705.0,61.97,0.0,77,33.0,115.72,5200.0
8299,201403,0,312.0,10,0.0,0.0,0.0,,500.0,,,42,0.0,,500.0
8300,201408,0,1881.0,3,8.0,1.0,11.0,29.0,300.0,248.69,0.0,56,3.0,193.66,2760.0
8301,201409,0,726.0,12,0.0,0.0,0.0,,1000.0,361.26,52.44,58,0.0,210.68,
8302,201401,1,1053.0,12,0.0,0.0,9.0,169.0,1000.0,218.08,72.11,35,0.0,230.49,1000.0
8303,201406,0,734.0,12,0.0,0.0,0.0,,1000.0,57.57,0.0,45,0.0,173.62,2800.0
8304,201401,0,1686.0,12,7.0,11.0,12.0,1094.0,1500.0,1064.59,0.0,41,1.0,828.4,3133.69
8305,201412,0,693.0,12,0.0,0.0,0.0,,1000.0,,,57,0.0,160.8,700.0
8306,201410,1,3002.0,12,2.0,0.0,0.0,,2000.0,,,55,13.0,,2000.0
8307,201411,1,716.0,12,0.0,0.0,0.0,,3000.0,,,39,0.0,594.79,5780.46
8308,201406,1,3275.0,12,25.0,8.0,12.0,656.0,800.0,763.77,0.0,34,7.0,387.0,2371.77
8309,201403,0,776.0,12,0.0,0.0,2.0,,1800.0,403.41,134.86,49,0.0,434.23,2800.0
8310,201406,0,215.0,10,0.0,0.0,0.0,,1000.0,,,55,0.0,,3000.0
8311,201410,0,2889.0,12,9.0,2.0,5.0,448.0,1978.18,,,30,5.0,184.11,
8312,201412,0,2583.0,12,34.0,8.0,12.0,416.0,1500.0,902.32,0.0,28,3.0,243.25,800.0
8313,201405,0,2065.0,12,9.0,9.0,12.0,250.0,1500.0,941.96,257.36,68,3.0,347.63,1500.0
8314,201407,0,2430.0,12,28.0,12.0,11.0,430.0,3000.0,449.16,0.0,49,4.0,253.79,22651.44
8315,201407,1,1033.0,12,0.0,0.0,10.0,,2000.0,386.4,0.0,54,0.0,270.8,2000.0
8316,201406,1,1178.0,12,0.0,3.0,7.0,45.0,1300.0,99.99,0.0,41,0.0,106.81,1300.0
8317,201404,0,1146.0,12,0.0,3.0,12.0,171.0,800.0,229.29,79.34,37,0.0,208.97,1681.26
8318,201412,1,2639.0,12,29.0,9.0,12.0,261.0,2000.0,577.55,123.7,58,6.0,688.79,10700.0
8319,201406,0,740.0,8,0.0,0.0,2.0,,1300.0,208.53,0.0,41,0.0,290.78,1300.0
8320,201405,0,924.0,12,0.0,0.0,6.0,,1500.0,1264.52,0.0,57,0.0,754.43,1500.0
8321,201408,0,796.0,12,0.0,0.0,4.0,,1000.0,341.05,98.84,43,0.0,280.53,200.0
8322,201408,1,2749.0,12,37.0,11.0,12.0,954.0,1350.0,609.51,59.71,61,5.0,537.54,1350.0
8323,201406,0,582.0,5,0.0,0.0,0.0,,1000.0,,,53,0.0,0.0,1000.0
8324,201406,0,835.0,6,0.0,0.0,3.0,,1000.0,653.21,0.0,69,0.0,708.02,1000.0
8325,201409,0,3771.0,12,35.0,0.0,0.0,,2000.0,,,53,13.0,0.0,3300.0
8326,201409,0,294.0,12,0.0,0.0,0.0,,1000.0,,,43,0.0,,
8327,201406,1,2612.0,12,22.0,6.0,0.0,,1200.0,,,37,16.0,,1200.0
8328,201407,0,3329.0,12,9.0,0.0,11.0,,1200.0,1040.57,0.0,65,4.0,243.51,2600.0
8329,201409,1,3491.0,12,62.0,8.0,12.0,51.0,2000.0,547.3,0.0,46,2.0,103.92,12617.92
8330,201408,0,527.0,12,0.0,0.0,0.0,,1886.57,,,62,0.0,,2926.57
8331,201412,1,318.0,12,0.0,0.0,0.0,,1300.0,,,71,0.0,,
8332,201411,1,244.0,12,0.0,0.0,0.0,,943.45,,,33,0.0,,
8333,201412,0,206.0,12,0.0,0.0,0.0,,1000.0,,,45,0.0,,
8334,201412,0,339.0,3,0.0,0.0,0.0,,200.0,,,32,0.0,,
8335,201408,0,224.0,12,0.0,0.0,0.0,,1917.0,,,49,0.0,,1917.0
8336,201410,0,1600.0,3,7.0,10.0,12.0,134.0,400.0,,,47,1.0,49.18,600.0
8337,201406,0,1674.0,8,6.0,4.0,0.0,151.0,769.7,,,37,1.0,,1527.7
8338,201408,0,186.0,12,0.0,0.0,0.0,,600.0,,,49,0.0,,600.0
8339,201407,0,414.0,10,0.0,0.0,0.0,,500.0,,,36,0.0,,500.0
8340,201404,1,1961.0,12,15.0,6.0,8.0,248.0,831.56,191.9,0.0,26,2.0,,831.56
8341,201407,0,957.0,12,0.0,0.0,7.0,,947.09,609.71,95.42,31,0.0,330.26,947.09
8342,201412,1,1354.0,12,0.0,8.0,11.0,547.0,2000.0,611.97,135.07,28,0.0,427.03,2955.94
8343,201404,0,2331.0,12,26.0,11.0,12.0,873.0,300.0,587.78,123.95,48,3.0,502.88,300.0
8344,201410,0,1862.0,10,7.0,0.0,4.0,,500.0,297.83,0.0,39,4.0,786.58,
8345,201408,1,740.0,12,0.0,0.0,0.0,,1895.78,93.57,0.0,42,0.0,122.2,2895.78
8346,201404,1,235.0,12,0.0,0.0,0.0,,650.0,,,47,0.0,,650.0
8347,201409,0,2395.0,12,15.0,4.0,0.0,221.0,2430.43,,,54,2.0,0.0,14100.0
8348,201410,1,,12,,,,,2700.0,,,64,,,1500.0
8349,201404,1,307.0,12,0.0,0.0,0.0,,582.88,,,30,0.0,,582.88
8350,201409,0,304.0,12,0.0,0.0,0.0,,1000.0,,,46,0.0,,
8351,201411,1,416.0,12,0.0,0.0,0.0,,1000.0,,,30,0.0,,
8352,201409,1,746.0,12,0.0,0.0,0.0,,2082.58,213.96,0.0,41,0.0,267.69,
8353,201408,0,770.0,6,0.0,0.0,1.0,,650.0,49.99,0.0,47,0.0,165.62,1627.18
8354,201405,0,503.0,12,0.0,0.0,0.0,,1700.0,,,47,0.0,,1700.0
8355,201405,1,3667.0,12,62.0,12.0,11.0,2457.0,2150.0,2913.3,912.55,41,10.0,1544.22,2150.0
8356,201410,1,,12,,,,,973.0,,,29,,,1052.06
8357,201411,0,4164.0,12,60.0,11.0,12.0,1189.0,3000.0,481.85,0.0,73,12.0,356.69,6110.0
8358,201411,1,163.0,12,0.0,0.0,0.0,,920.93,,,32,0.0,,
8359,201401,0,1314.0,12,0.0,5.0,12.0,540.0,850.0,697.71,0.0,27,0.0,262.69,2300.0
8360,201403,0,815.0,4,0.0,0.0,3.0,,400.0,202.42,49.47,37,0.0,244.82,400.0
8361,201404,1,381.0,12,0.0,0.0,0.0,,800.0,,,52,0.0,,2000.0
8362,201405,0,2910.0,12,28.0,2.0,1.0,,2277.13,76.72,26.73,54,9.0,291.89,8277.13
8363,201403,0,847.0,12,0.0,0.0,4.0,,1400.0,271.31,72.66,43,0.0,203.66,2140.0
8364,201401,0,195.0,12,0.0,0.0,0.0,,328.0,,,56,0.0,,656.0
8365,201411,0,1215.0,5,0.0,3.0,12.0,269.0,821.82,682.31,147.55,33,0.0,337.15,
8366,201407,0,376.0,12,0.0,0.0,0.0,,1000.0,,,62,0.0,,1000.0
8367,201409,1,572.0,12,0.0,0.0,0.0,,2250.1,,,37,0.0,0.0,1199.57
8368,201411,0,306.0,12,0.0,0.0,0.0,,500.0,,,57,0.0,,
8369,201401,1,340.0,12,0.0,0.0,0.0,,1400.0,,,57,0.0,,3300.0
8370,201403,1,839.0,10,0.0,0.0,3.0,,1000.0,716.09,121.75,60,0.0,887.84,1000.0
8371,201407,0,660.0,12,0.0,0.0,0.0,,1500.0,,,53,0.0,230.73,2000.0
8372,201403,0,1017.0,12,0.0,0.0,10.0,296.0,2500.0,505.77,82.48,26,0.0,599.11,10230.64
8373,201412,0,552.0,12,0.0,0.0,0.0,,1480.0,,,26,0.0,,
8374,201403,0,3081.0,12,45.0,12.0,11.0,1066.0,1000.0,456.33,146.38,69,3.0,335.7,6500.0
8375,201412,0,1383.0,12,0.0,7.0,8.0,159.0,1000.0,,,62,0.0,,3278.78
8376,201402,0,588.0,12,0.0,0.0,0.0,,500.0,,,55,0.0,0.0,1000.0
8377,201407,1,246.0,12,0.0,0.0,0.0,,1000.0,,,56,0.0,,1000.0
8378,201404,0,580.0,12,0.0,0.0,0.0,,300.0,,,29,0.0,0.0,300.0
8379,201412,1,1235.0,12,0.0,3.0,8.0,300.0,2992.14,201.96,0.0,55,0.0,350.61,5873.42
8380,201402,1,3007.0,12,7.0,0.0,0.0,,1000.0,,,58,7.0,194.05,1000.0
8381,201401,0,1070.0,3,0.0,0.0,6.0,,550.0,170.9,0.0,26,0.0,,1100.0
8382,201405,1,733.0,12,0.0,0.0,1.0,,1500.0,416.22,139.11,28,0.0,240.6,3500.0
8383,201405,0,4914.0,12,68.0,11.0,11.0,325.0,500.0,500.18,0.0,50,34.0,56.11,2500.0
8384,201406,1,215.0,12,0.0,0.0,0.0,,864.15,,,27,0.0,,864.15
8385,201407,0,2636.0,12,34.0,12.0,12.0,643.0,1135.46,628.15,190.95,37,5.0,276.16,2135.46
8386,201408,1,1065.0,12,0.0,0.0,5.0,,1000.0,437.83,0.0,46,0.0,272.46,
8387,201408,0,693.0,10,0.0,0.0,0.0,,1000.0,,,55,0.0,226.81,1000.0
8388,201411,1,4917.0,12,21.0,0.0,0.0,,1140.0,,,53,21.0,196.34,
8389,201405,0,2848.0,12,40.0,9.0,12.0,236.0,1600.0,715.67,159.83,46,6.0,229.97,3700.0
8390,201407,0,766.0,12,0.0,0.0,2.0,,1200.0,285.18,98.25,39,0.0,222.92,2200.0
8391,201404,0,1893.0,12,12.0,10.0,11.0,1381.0,3000.0,730.76,224.92,65,3.0,206.85,5600.0
8392,201402,0,463.0,12,0.0,0.0,0.0,,1200.0,,,50,0.0,,3309.44
8393,201403,1,216.0,12,0.0,0.0,0.0,,681.52,,,39,0.0,,681.52
8394,201410,0,1163.0,6,0.0,2.0,12.0,332.0,300.0,236.74,0.0,21,0.0,26.37,96.96
8395,201406,0,805.0,4,0.0,0.0,3.0,,400.0,233.59,40.66,31,0.0,363.99,400.0
8396,201405,0,1050.0,12,0.0,0.0,10.0,,1200.0,742.47,132.65,48,0.0,126.18,3400.0
8397,201407,1,370.0,12,0.0,0.0,0.0,,916.33,,,43,0.0,,1216.33
8398,201403,0,1238.0,10,0.0,2.0,10.0,80.0,500.0,492.91,0.0,44,0.0,122.12,500.0
8399,201408,1,2685.0,12,28.0,8.0,11.0,48.0,2200.0,957.95,293.15,53,2.0,540.81,7059.17
8400,201408,0,817.0,12,0.0,0.0,3.0,,1000.0,593.22,0.0,42,0.0,613.6,2200.0
8401,201404,0,3557.0,12,56.0,12.0,12.0,69.0,1000.0,581.08,76.45,75,12.0,353.45,2975.43
8402,201407,0,1320.0,12,0.0,6.0,9.0,529.0,1500.0,233.86,65.93,54,0.0,,2972.58
8403,201403,0,1601.0,12,4.0,3.0,0.0,,1000.0,,,36,1.0,,1000.0
8404,201407,0,1315.0,12,0.0,5.0,8.0,481.0,500.0,547.97,102.16,59,0.0,231.69,500.0
8405,201407,0,2987.0,5,38.0,8.0,12.0,301.0,500.0,1021.05,158.28,60,11.0,558.94,500.0
8406,201406,1,1103.0,12,0.0,0.0,11.0,108.0,1000.0,360.22,39.3,54,0.0,114.24,1000.0
8407,201402,1,242.0,6,0.0,0.0,0.0,,1000.0,,,41,0.0,,3500.0
8408,201412,1,1655.0,10,6.0,10.0,0.0,489.0,1500.0,,,48,1.0,,
8409,201406,0,476.0,12,0.0,0.0,0.0,,1200.0,,,63,0.0,,2023.34
8410,201405,0,256.0,12,0.0,0.0,0.0,,879.19,,,49,0.0,,879.19
8411,201407,0,100.0,3,0.0,0.0,0.0,,200.0,,,35,0.0,,200.0
8412,201406,1,380.0,12,0.0,0.0,0.0,,980.47,,,55,0.0,,980.47
8413,201404,0,4268.0,12,6.0,0.0,0.0,,500.0,,,60,20.0,0.0,500.0
8414,201409,0,4650.0,7,25.0,0.0,0.0,,550.0,,,35,12.0,,
8415,201403,0,528.0,12,0.0,0.0,0.0,,500.0,,,57,0.0,,500.0
8416,201404,0,355.0,6,0.0,0.0,0.0,,405.23,,,39,0.0,,405.23
8417,201411,1,1649.0,12,6.0,2.0,1.0,,920.0,131.95,0.0,27,1.0,161.93,
8418,201406,0,2918.0,12,32.0,11.0,11.0,900.0,1505.0,1212.59,66.91,28,16.0,463.0,1505.0
8419,201405,0,1018.0,5,0.0,0.0,7.0,,250.0,165.93,0.0,51,0.0,97.81,850.0
8420,201408,0,1406.0,4,0.0,7.0,12.0,486.0,577.71,548.23,0.0,48,0.0,505.0,577.71
8421,201407,0,597.0,12,0.0,0.0,0.0,,1000.0,,,34,0.0,40.23,2230.74
8422,201410,0,350.0,3,0.0,0.0,0.0,,300.0,,,45,0.0,,
8423,201404,0,1975.0,6,9.0,2.0,0.0,,350.0,,,46,3.0,,350.0
8424,201406,1,625.0,12,0.0,0.0,0.0,,800.0,,,31,0.0,64.75,1500.0
8425,201402,0,659.0,12,0.0,0.0,0.0,,779.0,,,31,0.0,147.04,1558.0
8426,201401,0,3871.0,8,48.0,9.0,11.0,495.0,800.0,265.91,0.0,53,24.0,189.27,1700.0
8427,201402,0,552.0,12,0.0,0.0,0.0,,944.96,,,43,0.0,,2834.88
8428,201410,0,657.0,12,0.0,0.0,0.0,,2006.35,,,55,0.0,67.76,
8429,201403,1,332.0,5,0.0,0.0,0.0,,300.0,,,29,0.0,,300.0
8430,201408,1,3454.0,8,19.0,12.0,12.0,381.0,1000.0,480.58,0.0,44,18.0,221.11,1000.0
8431,201404,0,2840.0,12,21.0,4.0,8.0,244.0,3000.0,119.98,0.0,69,18.0,127.71,9449.76
8432,201408,0,573.0,12,0.0,0.0,0.0,,1650.0,,,49,0.0,0.0,1650.0
8433,201406,0,546.0,12,0.0,0.0,0.0,,1000.0,,,29,0.0,,1000.0
8434,201404,1,522.0,12,0.0,0.0,0.0,,592.0,,,53,0.0,,1140.0
8435,201403,1,1776.0,12,7.0,10.0,7.0,187.0,1000.0,218.45,38.53,45,3.0,276.23,1000.0
8436,201411,1,718.0,3,0.0,0.0,0.0,,320.0,,,32,0.0,239.57,
8437,201404,0,1119.0,12,0.0,0.0,12.0,79.0,1000.0,410.05,40.16,68,0.0,249.57,1900.0
8438,201410,0,3585.0,12,11.0,0.0,0.0,,1500.0,49.99,0.0,38,10.0,130.2,
8439,201406,1,917.0,12,0.0,0.0,6.0,,1079.25,161.38,34.33,41,0.0,133.72,1079.25
8440,201407,1,290.0,12,0.0,0.0,0.0,,1000.0,,,66,0.0,,1000.0
8441,201401,1,231.0,10,0.0,0.0,0.0,,1000.0,,,49,0.0,,2500.0
8442,201410,0,436.0,12,0.0,0.0,0.0,,750.0,,,52,0.0,,1148.0
8443,201410,0,1057.0,4,0.0,0.0,11.0,,1000.0,1800.8,0.0,26,0.0,903.96,
8444,201402,1,350.0,12,0.0,0.0,0.0,,2000.0,,,64,0.0,,10778.35
8445,201402,1,1369.0,12,0.0,4.0,11.0,398.0,1000.0,357.04,117.08,25,0.0,266.01,4914.14
8446,201412,1,5083.0,6,24.0,0.0,0.0,,1040.0,,,41,19.0,,760.0
8447,201412,0,2272.0,10,10.0,7.0,10.0,610.0,1300.0,182.97,0.0,50,5.0,368.79,
8448,201402,1,970.0,10,0.0,0.0,7.0,,1305.0,584.88,0.0,51,0.0,599.57,1605.0
8449,201410,1,,12,0.0,0.0,0.0,,2180.63,,,30,0.0,,723.66
8450,201403,1,222.0,12,0.0,0.0,0.0,,2699.82,,,60,0.0,,2699.82
8451,201412,0,3295.0,12,35.0,10.0,12.0,1217.0,860.0,802.29,146.51,40,16.0,678.2,
8452,201409,0,1444.0,12,0.0,5.0,9.0,493.0,2439.45,421.33,0.0,32,0.0,0.0,
8453,201410,1,357.0,12,0.0,0.0,0.0,,1700.51,,,51,0.0,,
8454,201410,0,2947.0,12,44.0,6.0,5.0,,2500.0,79.99,0.0,67,5.0,,5000.0
8455,201405,0,750.0,5,0.0,0.0,1.0,,400.0,398.98,0.0,31,0.0,390.69,550.96
8456,201403,0,2808.0,12,32.0,10.0,12.0,330.0,1000.0,452.51,86.68,53,8.0,448.37,1000.0
8457,201401,1,1041.0,12,0.0,0.0,10.0,,2000.0,451.66,0.0,42,0.0,168.08,4000.0
8458,201408,0,1365.0,12,0.0,4.0,9.0,267.0,1200.0,415.97,122.08,28,0.0,35.65,1200.0
8459,201409,0,2289.0,12,6.0,0.0,0.0,,700.0,,,31,1.0,31.42,
8460,201410,0,3348.0,3,20.0,6.0,12.0,587.0,250.0,784.96,0.0,36,7.0,933.0,
8461,201408,0,1302.0,10,0.0,4.0,11.0,383.0,1300.0,164.95,0.0,37,0.0,311.49,1000.0
8462,201408,0,263.0,4,0.0,0.0,0.0,,900.0,,,39,0.0,,1865.78
8463,201409,1,196.0,7,0.0,0.0,0.0,,1000.0,,,49,0.0,,
8464,201410,0,1817.0,5,5.0,0.0,0.0,,600.0,,,58,1.0,,5506.0
8465,201409,1,753.0,12,0.0,0.0,1.0,,2000.0,610.82,196.15,50,0.0,442.51,
8466,201406,1,1113.0,12,0.0,0.0,12.0,131.0,2500.0,559.91,0.0,61,0.0,199.39,3141.6
8467,201412,0,5082.0,12,93.0,12.0,12.0,1495.0,3000.0,1541.92,362.82,57,8.0,775.0,
8468,201404,0,939.0,12,0.0,0.0,7.0,,1669.03,256.97,67.06,58,0.0,141.47,1669.03
8469,201411,1,198.0,12,0.0,0.0,0.0,,2000.0,,,50,0.0,,
8470,201406,1,822.0,12,0.0,0.0,6.0,,981.65,105.47,0.0,39,0.0,95.74,1678.37
8471,201405,1,211.0,10,0.0,0.0,0.0,,500.0,,,33,0.0,,500.0
8472,201406,0,1563.0,12,2.0,6.0,6.0,388.0,500.0,684.23,144.36,68,2.0,234.2,1700.0
8473,201408,0,1128.0,9,0.0,0.0,11.0,155.0,1000.0,395.9,0.0,53,0.0,161.97,3400.0
8474,201402,0,519.0,12,0.0,0.0,0.0,,600.0,,,52,0.0,8.99,1200.0
8475,201411,1,2696.0,12,19.0,12.0,10.0,370.0,1300.0,673.01,118.54,42,3.0,419.92,1300.0
8476,201405,0,935.0,12,0.0,0.0,11.0,,300.0,485.54,121.26,50,0.0,,860.0
8477,201412,0,162.0,12,0.0,0.0,0.0,,1464.46,,,49,0.0,,1650.44
8478,201407,0,2800.0,12,28.0,7.0,0.0,137.0,1500.0,,,70,6.0,,4100.0
8479,201404,1,1264.0,12,0.0,5.0,12.0,598.0,2000.0,670.4,147.46,61,0.0,297.77,2742.94
8480,201403,1,1553.0,12,2.0,6.0,0.0,464.0,1800.0,,,41,1.0,,6400.0
8481,201401,0,2600.0,12,23.0,5.0,12.0,1095.0,1000.0,653.67,116.01,50,9.0,145.53,2000.0
8482,201411,0,925.0,12,0.0,0.0,7.0,,1000.0,912.45,26.74,58,0.0,515.84,700.0
8483,201410,0,1044.0,7,0.0,0.0,11.0,203.0,890.0,127.95,0.0,73,0.0,144.61,1300.0
8484,201405,0,841.0,12,0.0,0.0,4.0,,1400.0,279.91,0.0,38,0.0,200.52,1400.0
8485,201410,1,1177.0,10,0.0,1.0,12.0,324.0,1200.0,1156.52,115.72,31,0.0,584.97,2402.57
8486,201402,0,1565.0,3,2.0,1.0,1.0,,300.0,,,43,1.0,,300.0
8487,201401,0,929.0,12,0.0,0.0,6.0,,2167.07,118.75,0.0,36,0.0,44.68,28002.48
8488,201410,1,1753.0,12,8.0,3.0,0.0,39.0,2248.03,,,42,1.0,,2400.0
8489,201410,1,625.0,12,0.0,0.0,0.0,,2000.0,,,62,0.0,106.03,3224.0
8490,201405,1,2398.0,12,22.0,6.0,12.0,388.0,2400.0,579.51,69.64,51,7.0,494.38,2577.0
8491,201412,0,2662.0,5,27.0,8.0,12.0,98.0,500.0,805.58,60.54,25,6.0,320.28,3600.0
8492,201408,0,1029.0,12,0.0,0.0,10.0,53.0,1000.0,653.44,204.09,52,0.0,358.51,1000.0
8493,201407,0,559.0,3,0.0,0.0,0.0,,450.0,,,51,0.0,26.74,450.0
8494,201408,0,2199.0,6,23.0,12.0,12.0,738.0,500.0,999.52,297.03,35,1.0,531.46,1392.8
8495,201407,0,471.0,12,0.0,0.0,0.0,,1000.0,,,51,0.0,,1744.17
8496,201410,1,842.0,12,0.0,0.0,3.0,,967.61,340.28,76.66,24,0.0,356.62,
8497,201409,0,1400.0,12,0.0,2.0,2.0,83.0,1215.4,49.96,0.0,37,0.0,,1000.0
8498,201406,0,662.0,10,0.0,0.0,0.0,,2000.0,,,59,0.0,170.52,2000.0
8499,201410,0,1480.0,8,1.0,8.0,5.0,,500.0,253.88,0.0,37,2.0,248.46,1500.0
8500,201405,1,254.0,5,0.0,0.0,0.0,,300.0,,,37,0.0,,300.0
8501,201404,0,212.0,8,0.0,0.0,0.0,,509.47,,,34,0.0,,509.47
8502,201401,0,547.0,3,0.0,0.0,0.0,,150.0,,,45,0.0,,300.0
8503,201404,0,3019.0,12,13.0,0.0,11.0,,2000.0,893.75,0.0,47,6.0,,8400.0
8504,201402,0,1569.0,12,3.0,5.0,12.0,213.0,800.0,424.82,0.0,46,2.0,90.24,1600.0
8505,201409,1,2127.0,6,17.0,7.0,7.0,551.0,1132.11,,,56,5.0,,800.0
8506,201412,1,943.0,6,0.0,0.0,7.0,,600.0,926.94,241.03,47,0.0,410.43,3000.0
8507,201402,0,2016.0,12,13.0,0.0,4.0,,1500.0,746.95,127.17,39,1.0,340.01,3400.0
8508,201412,1,868.0,12,0.0,0.0,5.0,,2000.0,720.2,185.7,51,0.0,468.34,1600.0
8509,201407,1,606.0,12,0.0,0.0,0.0,,1011.74,,,46,0.0,75.59,1710.85
8510,201409,0,1709.0,7,8.0,11.0,12.0,1250.0,700.0,1020.02,0.0,38,1.0,561.93,5069.29
8511,201411,0,2888.0,3,1.0,0.0,4.0,,300.0,161.91,0.0,37,2.0,194.35,850.0
8512,201411,1,316.0,5,0.0,0.0,0.0,,1000.0,,,47,0.0,,
8513,201409,0,1807.0,12,8.0,5.0,0.0,,650.0,,,40,3.0,146.73,
8514,201412,1,256.0,12,0.0,0.0,0.0,,1588.01,,,56,0.0,,
8515,201409,0,3681.0,12,40.0,0.0,0.0,,1230.0,,,53,27.0,,2439.22
8516,201402,1,238.0,12,0.0,0.0,0.0,,1000.0,,,48,0.0,,2000.0
8517,201406,0,1643.0,7,5.0,12.0,12.0,601.0,650.0,439.03,0.0,48,1.0,325.46,735.71
8518,201408,0,1254.0,12,0.0,2.0,9.0,171.0,1500.0,275.67,0.0,41,0.0,45.42,1500.0
8519,201410,0,595.0,4,0.0,0.0,0.0,,300.0,,,49,0.0,28.89,500.0
8520,201401,1,624.0,12,0.0,0.0,0.0,,1000.0,,,28,0.0,59.61,2000.0
8521,201402,1,580.0,12,0.0,0.0,0.0,,1000.0,,,26,0.0,0.0,4533.28
8522,201412,1,841.0,10,0.0,0.0,3.0,,1016.58,19.99,0.0,49,0.0,,3798.58
8523,201408,0,391.0,12,0.0,0.0,0.0,,1761.3,,,55,0.0,,1761.3
8524,201408,0,788.0,12,0.0,0.0,2.0,,700.0,381.39,0.0,33,0.0,347.15,700.0
8525,201406,1,366.0,12,0.0,0.0,0.0,,1500.0,,,54,0.0,,1734.97
8526,201403,0,3379.0,12,35.0,9.0,10.0,315.0,500.0,525.28,199.41,54,13.0,430.28,500.0
8527,201406,0,4545.0,12,78.0,1.0,0.0,,2575.85,,,38,25.0,141.01,15525.85
8528,201407,0,923.0,12,0.0,0.0,7.0,,1000.0,362.43,0.0,38,0.0,274.52,
8529,201408,1,787.0,12,0.0,0.0,1.0,,500.0,324.87,98.98,27,0.0,208.61,500.0
8530,201407,1,264.0,12,0.0,0.0,0.0,,1982.89,,,31,0.0,,1982.89
8531,201404,0,737.0,10,0.0,0.0,0.0,,1000.0,157.94,0.0,47,0.0,436.76,1000.0
8532,201409,1,2231.0,12,18.0,6.0,12.0,104.0,1800.0,1012.3,302.3,46,5.0,703.49,
8533,201404,0,159.0,12,0.0,0.0,0.0,,772.31,,,38,0.0,,772.31
8534,201412,1,2884.0,10,36.0,12.0,0.0,1327.0,1400.0,,,34,10.0,,2216.26
8535,201402,0,3503.0,5,38.0,8.0,12.0,784.0,1200.0,686.58,113.76,36,17.0,335.83,2400.0
8536,201406,0,2513.0,12,3.0,0.0,0.0,,2393.16,,,52,1.0,,2393.16
8537,201406,0,829.0,12,0.0,0.0,3.0,,600.0,419.35,78.47,45,0.0,312.35,600.0
8538,201411,0,2633.0,5,10.0,7.0,0.0,139.0,500.0,,,72,2.0,,2225.9
8539,201412,0,2711.0,12,17.0,0.0,0.0,,1200.0,,,49,2.0,,800.0
8540,201409,0,2420.0,12,24.0,10.0,12.0,154.0,1400.0,658.9,0.0,59,5.0,81.84,3400.0
8541,201402,0,418.0,12,0.0,0.0,0.0,,600.0,,,42,0.0,,1200.0
8542,201411,1,1321.0,12,0.0,6.0,11.0,424.0,1000.0,397.4,0.0,45,0.0,341.63,
8543,201401,0,2902.0,12,4.0,0.0,0.0,,1500.0,,,38,5.0,,3500.0
8544,201412,0,2550.0,6,11.0,0.0,0.0,,1000.0,,,54,2.0,,1600.0
8545,201407,0,2077.0,5,9.0,0.0,0.0,,1000.0,,,63,1.0,,3700.0
8546,201406,0,203.0,12,0.0,0.0,0.0,,500.0,,,41,0.0,,500.0
8547,201411,0,2739.0,6,24.0,3.0,0.0,,500.0,,,75,16.0,,
8548,201402,0,2415.0,12,12.0,5.0,8.0,,1687.55,718.58,0.0,44,4.0,311.83,3375.1
8549,201401,0,221.0,10,0.0,0.0,0.0,,700.0,,,47,0.0,,1400.0
8550,201405,1,863.0,12,0.0,0.0,5.0,,1000.0,268.17,86.42,35,0.0,265.29,2000.0
8551,201412,0,2818.0,12,15.0,10.0,12.0,1797.0,2000.0,504.26,53.08,69,4.0,139.41,4000.0
8552,201407,0,1436.0,6,0.0,8.0,12.0,530.0,600.0,451.81,0.0,52,0.0,303.49,2200.0
8553,201402,1,189.0,12,0.0,0.0,0.0,,1024.83,,,39,0.0,,2049.66
8554,201402,0,344.0,12,0.0,0.0,0.0,,400.0,,,26,0.0,,1000.0
8555,201409,1,186.0,12,0.0,0.0,0.0,,1000.0,,,41,0.0,,
8556,201410,1,686.0,3,0.0,0.0,0.0,,939.21,,,43,0.0,64.17,
8557,201401,0,3355.0,12,54.0,11.0,9.0,1399.0,1500.0,481.72,0.0,30,8.0,248.14,4200.0
8558,201402,0,306.0,5,0.0,0.0,0.0,,400.0,,,63,0.0,,1319.9
8559,201411,1,2082.0,12,2.0,0.0,8.0,,1439.83,230.86,71.94,26,4.0,40.57,
8560,201408,1,171.0,12,0.0,0.0,0.0,,996.1,,,40,0.0,,996.1
8561,201401,0,1476.0,12,0.0,5.0,0.0,,500.0,,,39,1.0,133.94,1000.0
8562,201402,1,209.0,12,0.0,0.0,0.0,,500.0,,,32,0.0,,1000.0
8563,201407,0,2556.0,12,31.0,8.0,7.0,203.0,1800.0,323.95,0.0,53,5.0,316.8,4000.0
8564,201411,1,626.0,12,0.0,0.0,0.0,,2000.0,,,67,0.0,40.69,2000.0
8565,201408,0,1307.0,8,0.0,5.0,12.0,596.0,1500.0,631.24,89.43,50,0.0,316.47,5600.0
8566,201408,0,1256.0,12,0.0,4.0,10.0,53.0,500.0,260.0,0.0,36,0.0,197.64,500.0
8567,201411,0,2714.0,4,5.0,10.0,11.0,1489.0,1000.0,317.91,0.0,32,9.0,978.62,2569.98
8568,201404,1,721.0,12,0.0,0.0,0.0,,1000.0,440.93,140.98,24,0.0,416.5,1000.0
8569,201407,0,4193.0,6,14.0,0.0,10.0,,1000.0,551.11,188.27,63,2.0,60.12,2000.0
8570,201403,0,377.0,12,0.0,0.0,0.0,,500.0,,,54,0.0,,1000.0
8571,201411,0,752.0,7,0.0,0.0,1.0,,1500.0,327.49,102.76,34,0.0,162.73,1583.9
8572,201412,1,325.0,12,0.0,0.0,0.0,,944.96,,,26,0.0,,
8573,201404,0,683.0,12,0.0,0.0,0.0,,941.18,,,36,0.0,314.17,941.18
8574,201411,0,4860.0,12,99.0,3.0,0.0,343.0,1000.0,,,41,6.0,,400.0
8575,201402,1,310.0,12,0.0,0.0,0.0,,1190.0,,,45,0.0,,2880.0
8576,201409,0,1576.0,12,3.0,11.0,12.0,922.0,1804.15,412.75,0.0,41,1.0,382.55,
8577,201403,0,895.0,12,0.0,0.0,5.0,,2000.0,109.98,0.0,48,0.0,57.92,4000.0
8578,201404,1,1187.0,12,0.0,2.0,2.0,53.0,1200.0,133.0,43.04,27,0.0,115.3,1200.0
8579,201409,1,2032.0,12,11.0,0.0,7.0,,2550.0,744.36,238.54,49,1.0,414.23,
8580,201407,1,843.0,12,0.0,0.0,6.0,,640.0,341.07,76.73,48,0.0,351.45,640.0
8581,201412,1,858.0,7,0.0,0.0,5.0,,400.0,479.01,151.5,42,0.0,395.97,
8582,201404,1,262.0,12,0.0,0.0,0.0,,700.0,,,47,0.0,,700.0
8583,201406,1,2922.0,12,31.0,6.0,7.0,304.0,500.0,91.97,0.0,46,12.0,,900.0
8584,201403,0,3009.0,12,38.0,10.0,9.0,495.0,800.0,340.48,0.0,47,10.0,450.75,800.0
8585,201405,0,932.0,12,0.0,0.0,6.0,,1500.0,493.16,0.0,56,0.0,0.0,4200.0
8586,201404,0,2677.0,12,33.0,12.0,12.0,414.0,1500.0,221.07,74.16,38,5.0,196.19,3700.0
8587,201411,1,617.0,10,0.0,0.0,0.0,,800.0,,,32,0.0,42.1,
8588,201404,1,1216.0,12,0.0,2.0,5.0,187.0,500.0,37.97,0.0,45,0.0,,1120.0
8589,201401,0,400.0,12,0.0,0.0,0.0,,1200.0,,,52,0.0,,2400.0
8590,201404,1,869.0,12,0.0,0.0,4.0,,3000.0,370.86,0.0,21,0.0,357.53,4800.0
8591,201401,0,311.0,12,0.0,0.0,0.0,,1165.56,,,55,0.0,,3496.68
8592,201411,0,2506.0,12,28.0,9.0,12.0,807.0,1430.0,2174.7,206.28,42,7.0,793.38,
8593,201411,0,689.0,12,0.0,0.0,0.0,,1000.0,296.03,89.08,42,0.0,193.89,
8594,201403,1,2595.0,12,27.0,10.0,12.0,1654.0,1000.0,1564.96,527.44,58,9.0,831.73,3950.0
8595,201410,0,2789.0,12,28.0,3.0,12.0,1012.0,1394.78,890.17,135.45,53,1.0,445.35,6220.0
8596,201405,1,1381.0,12,0.0,5.0,11.0,689.0,2000.0,628.1,176.28,23,0.0,743.79,5800.54
8597,201410,0,1318.0,8,0.0,7.0,12.0,253.0,1103.14,221.54,75.13,50,0.0,145.0,3340.0
8598,201405,0,588.0,12,0.0,0.0,0.0,,1000.0,,,43,0.0,109.67,1000.0
8599,201404,0,374.0,12,0.0,0.0,0.0,,700.0,,,52,0.0,,700.0
8600,201404,1,4176.0,12,63.0,9.0,12.0,852.0,2307.61,1089.61,318.93,55,21.0,1214.72,6995.84
8601,201406,0,678.0,3,0.0,0.0,1.0,,200.0,459.83,151.84,37,0.0,407.3,200.0
8602,201407,0,,12,0.0,0.0,2.0,,1500.0,,,51,0.0,,4055.5
8603,201411,0,479.0,10,0.0,0.0,0.0,,1000.0,,,39,0.0,0.0,
8604,201412,0,1837.0,10,11.0,9.0,3.0,129.0,1500.0,795.23,290.9,74,2.0,675.0,9000.0
8605,201412,0,2197.0,12,18.0,4.0,12.0,733.0,1200.0,2248.73,578.26,67,4.0,275.63,
8606,201409,0,351.0,12,0.0,0.0,0.0,,1187.93,,,43,0.0,,
8607,201407,1,694.0,12,0.0,0.0,0.0,,1500.0,,,31,0.0,740.14,1500.0
8608,201403,0,2682.0,9,26.0,8.0,7.0,248.0,500.0,,,71,10.0,,1247.85
8609,201411,1,4089.0,12,23.0,0.0,0.0,,2000.0,,,41,7.0,,3280.0
8610,201405,0,886.0,12,0.0,0.0,6.0,,1500.0,354.16,73.9,52,0.0,529.37,1500.0
8611,201410,1,1793.0,12,6.0,5.0,10.0,703.0,2200.0,,,59,6.0,577.01,
8612,201404,0,1104.0,12,0.0,0.0,12.0,200.0,2209.22,73.97,0.0,56,0.0,,10001.22
8613,201412,1,2605.0,10,32.0,12.0,12.0,565.0,1500.0,745.59,0.0,43,6.0,450.08,1200.0
8614,201409,1,448.0,12,0.0,0.0,0.0,,2012.0,,,60,0.0,,
8615,201407,0,3194.0,12,41.0,0.0,6.0,,1300.0,136.22,44.28,50,5.0,,3700.0
8616,201405,0,928.0,12,0.0,0.0,7.0,,2000.0,596.49,145.61,58,0.0,649.31,2000.0
8617,201404,0,3453.0,12,48.0,9.0,10.0,762.0,1000.0,430.75,69.87,53,8.0,140.28,3900.0
8618,201406,0,340.0,10,0.0,0.0,0.0,,1000.0,,,43,0.0,,1000.0
8619,201409,0,1296.0,12,0.0,6.0,9.0,232.0,200.0,179.81,39.88,45,0.0,149.06,
8620,201407,0,762.0,6,0.0,0.0,1.0,,890.0,333.31,0.0,32,0.0,830.88,4675.77
8621,201408,1,695.0,12,0.0,0.0,0.0,,2015.06,,,38,0.0,29.2,
8622,201401,0,264.0,12,0.0,0.0,0.0,,975.09,,,33,0.0,,1950.18
8623,201401,0,1845.0,6,4.0,7.0,0.0,,600.0,,,29,4.0,,3260.0
8624,201401,0,230.0,3,0.0,0.0,0.0,,200.0,,,28,0.0,,400.0
8625,201404,0,2627.0,12,32.0,12.0,12.0,886.0,1700.0,475.88,0.0,53,5.0,592.0,9200.0
8626,201405,0,438.0,12,0.0,0.0,0.0,,3000.0,,,52,0.0,,3000.0
8627,201408,1,320.0,10,0.0,0.0,0.0,,1000.0,,,29,0.0,,1000.0
8628,201401,1,440.0,12,0.0,0.0,0.0,,1175.34,,,25,0.0,,3550.68
8629,201404,0,559.0,12,0.0,0.0,0.0,,300.0,,,28,0.0,,300.0
8630,201407,0,2746.0,5,22.0,4.0,6.0,127.0,300.0,483.46,143.54,49,5.0,663.34,300.0
8631,201406,0,423.0,12,0.0,0.0,0.0,,954.12,,,38,0.0,,954.12
8632,201408,0,609.0,12,0.0,0.0,0.0,,1350.0,,,51,0.0,44.0,3350.0
8633,201403,0,3362.0,12,40.0,11.0,12.0,1057.0,1500.0,1544.47,444.84,69,10.0,819.52,1500.0
8634,201404,0,1468.0,12,0.0,2.0,4.0,29.0,2500.0,45.97,0.0,46,1.0,,2500.0
8635,201412,1,398.0,10,0.0,0.0,0.0,,450.0,,,54,0.0,,
8636,201408,0,1209.0,3,0.0,3.0,12.0,352.0,300.0,773.81,97.38,25,0.0,640.59,1300.0
8637,201404,1,193.0,12,0.0,0.0,0.0,,1166.03,,,34,0.0,,1166.03
8638,201407,0,246.0,6,0.0,0.0,0.0,,500.0,,,37,0.0,,500.0
8639,201412,0,418.0,12,0.0,0.0,0.0,,500.0,,,32,0.0,,
8640,201404,0,416.0,12,0.0,0.0,0.0,,800.0,,,34,0.0,,800.0
8641,201411,0,2820.0,12,21.0,5.0,0.0,49.0,1500.0,,,65,4.0,,
8642,201402,0,787.0,12,0.0,0.0,1.0,,700.0,398.62,0.0,26,0.0,657.76,2700.0
8643,201402,1,368.0,12,0.0,0.0,0.0,,1500.0,,,37,0.0,,4000.0
8644,201407,0,212.0,5,0.0,0.0,0.0,,500.0,,,52,0.0,,500.0
8645,201409,0,408.0,12,0.0,0.0,0.0,,1000.0,,,38,0.0,,
8646,201401,1,406.0,12,0.0,0.0,0.0,,1900.0,,,55,0.0,,3800.0
8647,201412,1,123.0,12,0.0,0.0,0.0,,1000.0,,,36,0.0,,
8648,201405,1,247.0,12,0.0,0.0,0.0,,370.0,,,35,0.0,,370.0
8649,201409,0,1117.0,5,0.0,0.0,12.0,288.0,992.84,735.86,74.92,34,0.0,357.9,
8650,201405,0,1161.0,12,0.0,1.0,11.0,101.0,1500.0,269.95,0.0,54,0.0,111.0,1500.0
8651,201403,0,3311.0,12,36.0,12.0,10.0,1659.0,1000.0,1011.32,274.51,48,16.0,756.36,1000.0
8652,201405,0,549.0,12,0.0,0.0,0.0,,1000.0,,,44,0.0,,1000.0
8653,201404,1,314.0,12,0.0,0.0,0.0,,1250.0,,,43,0.0,,2689.93
8654,201406,0,4530.0,6,55.0,6.0,5.0,69.0,500.0,319.96,66.07,51,26.0,255.66,1100.0
8655,201412,0,2080.0,12,19.0,9.0,12.0,462.0,1500.0,732.19,23.6,53,2.0,361.26,
8656,201407,0,3369.0,12,42.0,8.0,12.0,522.0,3000.0,,,51,21.0,35.4,9500.0
8657,201402,0,396.0,12,0.0,0.0,0.0,,992.31,,,46,0.0,,1984.62
8658,201404,1,2587.0,12,10.0,0.0,0.0,,2479.78,,,52,4.0,387.14,2479.78
8659,201406,0,762.0,12,0.0,0.0,2.0,,1060.0,193.47,0.0,55,0.0,246.83,1060.0
8660,201406,0,298.0,12,0.0,0.0,0.0,,1000.0,,,26,0.0,,1800.0
8661,201409,0,200.0,12,0.0,0.0,0.0,,2000.0,,,45,0.0,,
8662,201406,0,1206.0,12,0.0,2.0,10.0,194.0,1000.0,317.91,0.0,25,0.0,51.94,1000.0
8663,201409,0,277.0,7,0.0,0.0,0.0,,700.0,,,35,0.0,,
8664,201402,0,342.0,12,0.0,0.0,0.0,,818.41,,,47,0.0,,818.41
8665,201406,1,609.0,12,0.0,0.0,0.0,,888.82,,,41,0.0,209.72,888.82
8666,201403,1,848.0,10,0.0,0.0,4.0,,600.0,178.48,0.0,34,0.0,181.88,600.0
8667,201403,0,3008.0,12,42.0,9.0,12.0,524.0,1900.0,2752.51,872.7,66,6.0,1062.3,7029.13
8668,201405,1,144.0,12,0.0,0.0,0.0,,2350.56,,,54,0.0,,2350.56
8669,201408,0,976.0,12,0.0,0.0,8.0,,900.0,367.86,0.0,60,0.0,296.67,900.0
8670,201411,1,1803.0,12,10.0,9.0,11.0,401.0,2393.2,138.53,0.0,23,2.0,254.9,
8671,201405,0,2775.0,12,39.0,8.0,7.0,425.0,2000.0,495.91,0.0,40,3.0,282.28,2561.75
8672,201408,0,971.0,6,0.0,0.0,9.0,,600.0,1229.75,256.8,62,0.0,410.0,600.0
8673,201405,0,412.0,12,0.0,0.0,0.0,,1600.0,,,60,0.0,,1600.0
8674,201406,0,2447.0,12,7.0,0.0,0.0,,2568.11,,,36,8.0,,7768.11
8675,201401,0,4772.0,12,72.0,12.0,12.0,369.0,500.0,732.17,70.39,43,20.0,363.0,1000.0
8676,201401,0,380.0,12,0.0,0.0,0.0,,700.0,,,31,0.0,,1900.0
8677,201405,0,589.0,12,0.0,0.0,0.0,,1500.0,,,29,0.0,0.0,1663.9
8678,201411,0,3385.0,10,62.0,5.0,3.0,94.0,934.11,563.81,0.0,52,1.0,583.46,1000.0
8679,201403,0,829.0,12,0.0,0.0,4.0,,1000.0,57.09,0.0,45,0.0,86.38,1600.0
8680,201410,0,603.0,8,0.0,0.0,0.0,,1000.0,,,45,0.0,30.23,1000.0
8681,201408,1,165.0,12,0.0,0.0,0.0,,1344.82,,,44,0.0,,1344.82
8682,201404,1,339.0,12,0.0,0.0,0.0,,1439.47,,,50,0.0,,1439.47
8683,201407,1,566.0,12,0.0,0.0,0.0,,1420.0,,,26,0.0,0.0,1420.0
8684,201410,0,294.0,12,0.0,0.0,0.0,,1000.0,,,36,0.0,,
8685,201403,0,2133.0,5,1.0,0.0,0.0,,500.0,,,56,2.0,,1000.0
8686,201401,1,524.0,12,0.0,0.0,0.0,,2000.0,,,53,0.0,,4000.0
8687,201406,1,233.0,12,0.0,0.0,0.0,,1751.06,,,27,0.0,,1751.06
8688,201401,0,1047.0,12,0.0,0.0,8.0,,1000.0,133.93,0.0,60,0.0,,3272.02
8689,201401,0,1410.0,12,0.0,9.0,9.0,584.0,1300.0,276.91,0.0,43,0.0,347.9,2600.0
8690,201403,1,458.0,9,0.0,0.0,0.0,,750.0,,,38,0.0,,1250.0
8691,201402,1,428.0,12,0.0,0.0,0.0,,1300.0,,,61,0.0,,3600.0
8692,201411,0,610.0,6,0.0,0.0,0.0,,400.0,,,46,0.0,62.07,600.0
8693,201404,0,3574.0,12,22.0,2.0,0.0,,300.0,,,56,27.0,,300.0
8694,201411,0,2125.0,12,21.0,11.0,12.0,644.0,1000.0,593.52,188.59,67,3.0,725.01,3000.0
8695,201404,0,868.0,12,0.0,0.0,5.0,,1500.0,757.6,289.74,60,0.0,480.75,3000.0
8696,201405,0,581.0,8,0.0,0.0,0.0,,500.0,,,49,0.0,0.0,1000.0
8697,201403,1,449.0,12,0.0,0.0,0.0,,1500.0,,,53,0.0,,1500.0
8698,201408,0,619.0,6,0.0,0.0,0.0,,1000.0,,,52,0.0,56.85,1000.0
8699,201402,0,1516.0,12,1.0,9.0,11.0,365.0,1500.0,232.69,0.0,27,1.0,245.55,3000.0
8700,201410,0,627.0,5,0.0,0.0,0.0,,300.0,,,26,0.0,39.81,
8701,201411,1,679.0,12,0.0,0.0,0.0,,700.0,244.73,0.0,27,0.0,165.33,
8702,201407,0,776.0,10,0.0,0.0,4.0,,600.0,142.86,0.0,28,0.0,164.26,600.0
8703,201401,0,962.0,12,0.0,0.0,8.0,,888.76,597.64,134.42,44,0.0,402.26,1777.52
8704,201408,0,1101.0,12,0.0,0.0,11.0,99.0,500.0,1038.55,324.19,33,0.0,628.91,850.0
8705,201402,0,1153.0,12,0.0,1.0,12.0,181.0,1000.0,442.54,24.68,38,0.0,202.86,2683.49
8706,201410,0,311.0,12,0.0,0.0,0.0,,800.0,,,52,0.0,,
8707,201407,0,633.0,6,0.0,0.0,0.0,,896.19,,,29,0.0,34.69,896.19
8708,201401,1,731.0,12,0.0,0.0,0.0,,1200.0,39.99,0.0,27,0.0,57.4,3421.53
8709,201404,0,791.0,12,0.0,0.0,5.0,,700.0,219.37,49.41,67,0.0,357.47,700.0
8710,201409,1,3884.0,12,54.0,9.0,5.0,,1300.0,596.75,0.0,63,15.0,,4800.0
8711,201407,0,3855.0,12,50.0,11.0,12.0,728.0,1040.0,833.19,251.33,64,24.0,739.24,1290.0
8712,201402,1,670.0,12,0.0,0.0,0.0,,1000.0,,,28,0.0,110.44,2000.0
8713,201407,0,388.0,12,0.0,0.0,0.0,,963.37,,,22,0.0,,1213.37
8714,201405,0,659.0,9,0.0,0.0,0.0,,700.0,,,23,0.0,71.89,700.0
8715,201402,0,1041.0,12,0.0,0.0,5.0,,2000.0,144.93,0.0,46,0.0,102.87,6300.0
8716,201406,0,4509.0,5,36.0,4.0,10.0,136.0,900.0,239.95,0.0,46,24.0,36.85,3300.0
8717,201406,0,105.0,8,0.0,0.0,0.0,,598.63,,,36,0.0,,598.63
8718,201411,0,2968.0,6,26.0,3.0,6.0,194.0,150.0,288.5,0.0,53,1.0,174.2,700.0
8719,201404,1,290.0,12,0.0,0.0,0.0,,807.0,,,52,0.0,,807.0
8720,201412,0,818.0,12,0.0,0.0,2.0,,1500.0,440.79,99.47,47,0.0,377.2,2000.0
8721,201401,0,412.0,4,0.0,0.0,0.0,,300.0,,,24,0.0,,1000.0
8722,201410,0,296.0,6,0.0,0.0,0.0,,500.0,,,56,0.0,,200.0
8723,201408,0,475.0,12,0.0,0.0,0.0,,2000.0,,,50,0.0,,3091.04
8724,201405,0,2126.0,12,21.0,12.0,12.0,343.0,1500.0,760.83,110.13,47,1.0,180.8,12830.96
8725,201406,1,175.0,8,0.0,0.0,0.0,,500.0,,,27,0.0,,500.0
8726,201408,0,3087.0,12,16.0,0.0,0.0,,1200.0,,,46,8.0,0.0,1600.0
8727,201403,0,675.0,12,0.0,0.0,0.0,,2000.0,,,49,0.0,165.0,2000.0
8728,201412,0,1105.0,7,0.0,0.0,12.0,161.0,800.0,634.75,84.47,47,0.0,384.63,500.0
8729,201408,0,653.0,12,0.0,0.0,0.0,,1121.71,,,45,0.0,174.42,1121.71
8730,201412,0,269.0,4,0.0,0.0,0.0,,438.66,,,37,0.0,,390.96
8731,201404,0,2978.0,4,19.0,2.0,4.0,93.0,340.0,171.22,0.0,38,3.0,221.05,340.0
8732,201409,0,432895.0,12,26.0,6.0,8.0,398.0,1000.0,1079.87,0.0,52,3.0,596.8,2000.0
8733,201412,0,3731.0,12,58.0,10.0,7.0,,1500.0,,,69,6.0,0.0,800.0
8734,201405,0,369.0,12,0.0,0.0,0.0,,1950.0,,,55,0.0,,2919.09
8735,201408,0,930.0,8,0.0,0.0,9.0,,400.0,1095.34,61.1,55,0.0,799.32,400.0
8736,201402,0,1592.0,12,5.0,7.0,7.0,225.0,2000.0,363.43,103.52,70,2.0,261.12,5500.0
8737,201408,1,425.0,12,0.0,0.0,0.0,,1213.67,,,32,0.0,,1713.67
8738,201403,1,862.0,10,0.0,0.0,4.0,,1000.0,249.26,0.0,31,0.0,412.91,1000.0
8739,201402,1,1125.0,12,0.0,0.0,12.0,187.0,2000.0,964.64,145.98,51,0.0,375.27,5800.0
8740,201407,1,502.0,10,0.0,0.0,0.0,,1000.0,,,53,0.0,,1000.0
8741,201402,1,1087.0,12,0.0,0.0,6.0,74.0,683.21,140.57,0.0,22,0.0,192.01,1366.42
8742,201407,0,863.0,12,0.0,0.0,2.0,,2300.0,65.97,0.0,59,0.0,68.32,11010.56
8743,201402,0,2741.0,12,25.0,11.0,11.0,,1975.77,1639.28,203.84,40,8.0,442.81,6751.54
8744,201410,1,771.0,12,0.0,0.0,2.0,,500.0,226.71,0.0,44,0.0,586.24,
8745,201403,0,693.0,12,0.0,0.0,0.0,,1000.0,250.88,78.94,67,0.0,168.5,2000.0
8746,201411,0,2451.0,12,28.0,10.0,5.0,69.0,1000.0,,,56,4.0,47.07,1800.0
8747,201410,1,1530.0,12,1.0,8.0,0.0,130.0,1500.0,,,52,1.0,,3361.66
8748,201401,0,2643.0,12,8.0,0.0,0.0,,849.32,,,31,3.0,,2847.96
8749,201406,0,1836.0,12,9.0,7.0,12.0,322.0,2000.0,1028.82,0.0,39,3.0,650.05,2000.0
8750,201404,0,523.0,12,0.0,0.0,0.0,,700.0,,,48,0.0,,1300.0
8751,201410,0,4663.0,12,13.0,0.0,2.0,,3000.0,395.86,0.0,53,7.0,536.64,8000.0
8752,201412,0,1160.0,12,0.0,1.0,12.0,222.0,1899.33,625.43,198.5,53,0.0,353.34,2300.0
8753,201405,0,1536.0,12,1.0,7.0,0.0,,1600.0,,,60,1.0,60.94,5800.0
8754,201411,0,249.0,3,0.0,0.0,0.0,,300.0,,,62,0.0,,
8755,201410,0,383.0,6,0.0,0.0,0.0,,1000.0,,,46,0.0,,
8756,201403,0,142.0,12,0.0,0.0,0.0,,2553.62,,,48,0.0,,3553.62
8757,201405,1,4086.0,12,41.0,1.0,0.0,,1500.0,,,53,31.0,,1500.0
8758,201408,0,2455.0,12,28.0,12.0,12.0,388.0,1625.51,44.4,14.41,58,3.0,,2025.51
8759,201409,0,945.0,12,0.0,0.0,7.0,,1300.0,651.02,0.0,39,0.0,566.06,3474.04
8760,201407,1,196.0,12,0.0,0.0,0.0,,1000.0,,,36,0.0,,1000.0
8761,201405,0,1251.0,3,0.0,4.0,12.0,756.0,1000.0,2450.01,0.0,52,0.0,1187.32,1000.0
8762,201409,1,359.0,12,0.0,0.0,0.0,,1000.0,,,32,0.0,,
8763,201408,0,881.0,12,0.0,0.0,5.0,,1000.0,456.82,0.0,25,0.0,420.36,1000.0
8764,201404,0,2101.0,12,19.0,12.0,12.0,831.0,980.0,1058.96,341.65,49,2.0,522.85,6020.0
8765,201410,1,219.0,12,0.0,0.0,0.0,,500.0,,,43,0.0,,
8766,201412,0,782.0,12,0.0,0.0,4.0,,1500.0,45.43,13.45,68,0.0,56.12,
8767,201407,0,1151.0,7,0.0,1.0,12.0,190.0,905.83,482.86,67.03,45,0.0,110.4,3985.11
8768,201409,0,1015.0,4,0.0,0.0,8.0,,300.0,691.42,0.0,66,0.0,354.19,1000.0
8769,201404,0,277.0,5,0.0,0.0,0.0,,574.0,,,37,0.0,,574.0
8770,201406,0,544.0,8,0.0,0.0,0.0,,1500.0,,,53,0.0,,2500.0
8771,201409,1,506.0,12,0.0,0.0,0.0,,2000.0,,,28,0.0,,
8772,201411,0,1161.0,12,0.0,3.0,11.0,44.0,2000.0,42.91,15.91,50,0.0,0.0,5429.58
8773,201404,0,2120.0,12,17.0,9.0,11.0,390.0,1000.0,188.79,60.83,67,5.0,191.46,1929.96
8774,201407,0,1602.0,12,4.0,10.0,11.0,536.0,1000.0,443.79,34.39,52,1.0,283.74,4000.0
8775,201409,1,297.0,12,0.0,0.0,0.0,,3000.0,,,25,0.0,,
8776,201410,1,1810.0,12,6.0,11.0,12.0,1260.0,1500.0,1654.53,48.03,26,5.0,826.19,395.24
8777,201405,0,1117.0,12,0.0,0.0,12.0,253.0,1500.0,568.0,0.0,36,0.0,287.1,3902.0
8778,201403,0,1837.0,12,7.0,7.0,9.0,212.0,1000.0,,,24,6.0,146.52,1340.0
8779,201410,1,677.0,12,0.0,0.0,0.0,,1200.0,,,50,0.0,87.69,
8780,201412,1,955.0,12,0.0,0.0,7.0,,1000.0,473.93,0.0,28,0.0,207.91,641.38
8781,201410,1,583.0,12,0.0,0.0,0.0,,1500.0,,,59,0.0,100.08,1860.0
8782,201411,0,356.0,12,0.0,0.0,0.0,,2273.88,,,60,0.0,,
8783,201401,0,3615.0,3,3.0,0.0,0.0,,300.0,,,51,5.0,,300.0
8784,201410,0,2908.0,6,13.0,6.0,3.0,85.0,400.0,172.95,0.0,63,10.0,0.0,1500.0
8785,201403,1,268.0,10,0.0,0.0,0.0,,500.0,,,45,0.0,,500.0
8786,201403,0,2150.0,12,14.0,9.0,11.0,406.0,1607.74,514.5,77.23,43,9.0,374.37,1607.74
8787,201412,1,369.0,12,0.0,0.0,0.0,,1500.0,,,45,0.0,,
8788,201410,0,3380.0,5,44.0,3.0,11.0,183.0,600.0,238.51,0.0,67,15.0,204.87,4000.0
8789,201401,0,768.0,10,0.0,0.0,1.0,,800.0,51.98,0.0,38,0.0,82.67,1600.0
8790,201404,0,666.0,12,0.0,0.0,0.0,,1500.0,,,32,0.0,241.33,3000.0
8791,201401,0,2441.0,12,16.0,7.0,4.0,79.0,2900.69,103.11,31.16,54,11.0,107.26,11588.94
8792,201401,1,727.0,4,0.0,0.0,2.0,,400.0,19.99,0.0,51,0.0,39.61,800.0
8793,201402,1,494.0,5,0.0,0.0,0.0,,500.0,,,49,0.0,,1000.0
8794,201408,0,2032.0,12,8.0,0.0,0.0,,1633.12,,,37,3.0,,4186.44
8795,201403,0,4005.0,8,46.0,0.0,4.0,,500.0,112.49,0.0,43,10.0,169.67,500.0
8796,201409,0,631.0,12,0.0,0.0,0.0,,2000.0,,,58,0.0,177.51,
8797,201406,0,1794.0,5,11.0,11.0,11.0,487.0,500.0,462.78,90.9,43,1.0,212.49,1000.0
8798,201405,0,1449.0,12,0.0,11.0,8.0,839.0,2000.0,285.7,0.0,49,0.0,,5320.0
8799,201410,1,3528.0,12,45.0,4.0,11.0,387.0,2000.0,474.64,121.69,57,13.0,343.59,2000.0
8800,201404,1,481.0,12,0.0,0.0,0.0,,800.0,,,25,0.0,,1860.0
8801,201408,0,456.0,12,0.0,0.0,0.0,,1200.0,,,27,0.0,,1200.0
8802,201409,0,1935.0,12,13.0,0.0,0.0,,1100.0,,,29,1.0,,2566.94
8803,201404,0,676.0,12,0.0,0.0,0.0,,1000.0,,,48,0.0,292.41,1000.0
8804,201408,0,4847.0,5,21.0,12.0,11.0,408.0,500.0,406.7,0.0,47,9.0,448.37,1500.0
8805,201402,0,347.0,12,0.0,0.0,0.0,,1000.0,,,42,0.0,,2000.0
8806,201407,0,385.0,5,0.0,0.0,0.0,,704.27,,,44,0.0,,1454.27
8807,201401,1,597.0,12,0.0,0.0,0.0,,800.0,,,24,0.0,93.45,1700.0
8808,201404,0,357.0,12,0.0,0.0,0.0,,544.35,,,21,0.0,,544.35
8809,201402,1,278.0,6,0.0,0.0,0.0,,150.0,,,49,0.0,,300.0
8810,201411,0,2268.0,12,14.0,7.0,10.0,207.0,400.0,323.91,0.0,41,7.0,406.25,
8811,201407,0,419.0,8,0.0,0.0,0.0,,600.0,,,44,0.0,,600.0
8812,201406,1,1483.0,12,0.0,7.0,11.0,169.0,435.0,581.45,135.56,50,1.0,457.75,435.0
8813,201408,1,1273.0,12,0.0,5.0,11.0,356.0,350.0,524.86,164.99,52,0.0,276.36,350.0
8814,201405,0,1924.0,12,5.0,7.0,1.0,,1000.0,216.02,74.11,59,2.0,233.54,1000.0
8815,201401,0,331.0,12,0.0,0.0,0.0,,540.01,,,31,0.0,,1080.02
8816,201405,0,1080.0,12,0.0,0.0,9.0,,1877.68,614.37,0.0,40,0.0,347.47,4577.68
8817,201412,0,1054.0,12,0.0,0.0,10.0,,2000.0,1519.46,0.0,74,0.0,1027.99,2000.0
8818,201408,0,1339.0,12,0.0,5.0,12.0,451.0,1000.0,654.89,69.14,43,0.0,441.12,1000.0
8819,201406,1,4260.0,12,21.0,0.0,5.0,85.0,1000.0,59.37,0.0,42,9.0,0.0,1829.46
8820,201411,0,504.0,5,0.0,0.0,0.0,,400.0,,,42,0.0,,
8821,201401,0,3087.0,6,6.0,1.0,11.0,440.0,500.0,1126.69,0.0,48,8.0,753.24,1000.0
8822,201404,0,3384.0,6,21.0,4.0,12.0,264.0,500.0,607.97,0.0,39,9.0,133.46,1700.0
8823,201404,0,137.0,12,0.0,0.0,0.0,,2000.0,,,39,0.0,,3200.0
8824,201409,1,757.0,12,0.0,0.0,0.0,,1200.0,286.13,0.0,26,0.0,313.73,
8825,201409,0,3496.0,4,46.0,10.0,12.0,511.0,450.0,648.74,0.0,39,9.0,193.18,700.0
8826,201410,0,1706.0,3,5.0,6.0,11.0,291.0,200.0,278.97,0.0,51,4.0,230.94,
8827,201402,1,878.0,12,0.0,0.0,5.0,,1000.0,487.15,71.27,35,0.0,266.36,2660.0
8828,201407,0,2157.0,12,13.0,5.0,4.0,213.0,970.44,191.9,0.0,26,6.0,183.02,970.44
8829,201408,0,2929.0,12,24.0,7.0,8.0,249.0,3000.0,270.5,0.0,48,5.0,156.84,11309.28
8830,201403,0,1835.0,12,12.0,12.0,7.0,482.0,1000.0,499.32,112.23,61,1.0,,2000.0
8831,201406,1,593.0,3,0.0,0.0,0.0,,500.0,,,50,0.0,35.47,1200.0
8832,201410,0,2783.0,6,31.0,10.0,12.0,312.0,600.0,183.63,23.1,65,8.0,147.69,1600.0
8833,201405,0,1785.0,12,8.0,0.0,0.0,,1000.0,,,36,1.0,0.0,1000.0
8834,201404,0,553.0,6,0.0,0.0,0.0,,1000.0,,,47,0.0,,1600.0
8835,201412,0,290.0,12,0.0,0.0,0.0,,1000.0,,,67,0.0,,
8836,201406,0,471.0,5,0.0,0.0,0.0,,400.0,,,25,0.0,0.0,400.0
8837,201407,0,2654.0,12,9.0,6.0,3.0,156.0,2000.0,134.04,15.69,49,2.0,114.02,8040.0
8838,201402,0,109.0,12,0.0,0.0,0.0,,1000.0,,,39,0.0,,2000.0
8839,201402,1,342.0,12,0.0,0.0,0.0,,2000.0,,,52,0.0,,4700.0
8840,201410,0,309.0,5,0.0,0.0,0.0,,500.0,,,49,0.0,,
8841,201412,0,660.0,12,0.0,0.0,0.0,,1000.0,,,50,0.0,270.03,600.0
8842,201407,0,957.0,9,0.0,0.0,7.0,,748.06,837.94,98.8,40,0.0,387.71,748.06
8843,201403,1,203.0,12,0.0,0.0,0.0,,1000.0,,,21,0.0,,1906.29
8844,201403,0,454.0,12,0.0,0.0,0.0,,496.53,,,20,0.0,,496.53
8845,201405,1,535.0,12,0.0,0.0,0.0,,1000.0,,,38,0.0,,1696.38
8846,201405,0,3678.0,3,17.0,0.0,1.0,,150.0,,,40,4.0,82.86,150.0
8847,201411,0,4932.0,7,27.0,0.0,1.0,,700.0,,,50,17.0,119.88,1200.0
8848,201402,1,573.0,12,0.0,0.0,0.0,,2000.0,,,53,0.0,0.0,6000.0
8849,201410,1,401.0,12,0.0,0.0,0.0,,3000.0,,,59,0.0,,1000.0
8850,201410,0,325.0,12,0.0,0.0,0.0,,1500.0,,,62,0.0,,
8851,201403,0,2845.0,12,37.0,10.0,12.0,447.0,500.0,395.16,108.37,65,5.0,292.72,500.0
8852,201402,1,275.0,12,0.0,0.0,0.0,,1101.64,,,66,0.0,,2203.28
8853,201410,0,5025.0,8,21.0,0.0,0.0,,1000.0,,,55,14.0,0.0,2000.0
8854,201411,0,,12,0.0,1.0,0.0,,1000.0,,,41,0.0,,2000.0
8855,201402,0,2100.0,6,17.0,10.0,0.0,39.0,500.0,,,50,2.0,24.93,1000.0
8856,201412,0,825.0,5,0.0,0.0,3.0,,200.0,116.35,0.0,27,0.0,250.1,
8857,201412,0,188.0,10,0.0,0.0,0.0,,500.0,,,44,0.0,,
8858,201403,1,534.0,12,0.0,0.0,0.0,,500.0,,,26,0.0,,500.0
8859,201406,0,1505.0,12,1.0,12.0,12.0,840.0,600.0,954.8,262.96,67,1.0,359.13,600.0
8860,201404,0,748.0,12,0.0,0.0,1.0,,1000.0,50.0,0.0,56,0.0,258.79,2126.32
8861,201411,0,2465.0,10,29.0,10.0,8.0,901.0,1500.0,567.78,0.0,43,5.0,400.07,
8862,201402,1,1471.0,12,0.0,8.0,12.0,344.0,2881.64,648.05,92.44,47,1.0,469.06,12763.28
8863,201401,0,2146.0,12,19.0,8.0,8.0,635.0,1000.0,,,71,2.0,,1000.0
8864,201407,1,746.0,12,0.0,0.0,1.0,,1300.0,498.0,144.53,58,0.0,344.72,4300.0
8865,201402,1,432.0,12,0.0,0.0,0.0,,2000.0,,,51,0.0,,2000.0
8866,201403,1,307.0,10,0.0,0.0,0.0,,2000.0,,,58,0.0,,2000.0
8867,201408,0,,12,0.0,0.0,0.0,,1000.0,,,67,0.0,26.97,2000.0
8868,201412,0,1331.0,10,0.0,7.0,12.0,454.0,1500.0,626.35,0.0,59,0.0,520.39,
8869,201411,0,1370.0,8,0.0,7.0,7.0,277.0,500.0,294.31,0.0,43,0.0,251.72,
8870,201403,0,2549.0,12,19.0,7.0,9.0,638.0,510.17,564.8,0.0,30,13.0,391.08,510.17
8871,201401,0,410.0,12,0.0,0.0,0.0,,800.0,,,32,0.0,,2400.0
8872,201402,0,719.0,10,0.0,0.0,1.0,,370.0,363.93,112.04,38,0.0,278.83,740.0
8873,201406,1,328.0,3,0.0,0.0,0.0,,260.0,,,27,0.0,,260.0
8874,201405,0,399.0,12,0.0,0.0,0.0,,1138.97,,,70,0.0,,1947.92
8875,201404,0,2354.0,12,18.0,9.0,10.0,98.0,2000.0,179.88,0.0,68,5.0,179.11,6000.0
8876,201410,0,2520.0,10,34.0,11.0,12.0,3191.0,1000.0,1759.48,0.0,59,1.0,457.8,
8877,201401,0,811.0,12,0.0,0.0,2.0,,1347.16,271.29,66.54,30,0.0,194.37,2694.32
8878,201409,0,830.0,12,0.0,0.0,4.0,,500.0,110.49,0.0,31,0.0,,
8879,201402,0,665.0,10,0.0,0.0,0.0,,200.0,,,60,0.0,66.9,600.0
8880,201410,1,450.0,12,0.0,0.0,0.0,,1418.96,,,28,0.0,,400.0
8881,201403,0,1974.0,12,14.0,11.0,12.0,665.0,2274.96,553.29,0.0,54,4.0,420.0,3274.96
8882,201405,1,218.0,12,0.0,0.0,0.0,,847.3,,,37,0.0,,847.3
8883,201403,0,1067.0,12,0.0,0.0,6.0,,1800.0,44.99,0.0,42,0.0,219.98,10738.21
8884,201409,0,1683.0,8,2.0,0.0,7.0,,500.0,351.33,113.43,26,2.0,209.06,
8885,201401,0,1096.0,12,0.0,0.0,12.0,180.0,2900.0,184.29,0.0,63,0.0,257.62,6400.0
8886,201412,0,4354.0,12,3.0,0.0,0.0,,2000.0,69.98,0.0,39,1.0,167.21,2400.0
8887,201407,0,293.0,3,0.0,0.0,0.0,,270.0,,,20,0.0,,270.0
8888,201404,1,2528.0,12,4.0,0.0,0.0,,1100.0,,,26,4.0,,1100.0
8889,201410,1,1043.0,12,0.0,0.0,10.0,,2092.0,1376.95,0.0,54,0.0,824.55,
8890,201410,0,1312.0,12,0.0,7.0,11.0,525.0,1000.0,289.75,72.79,54,0.0,0.0,
8891,201403,0,1213.0,12,0.0,4.0,7.0,189.0,1300.0,463.76,172.85,67,0.0,180.21,1300.0
8892,201410,0,344.0,12,0.0,0.0,0.0,,1500.0,,,61,0.0,,
8893,201404,0,899.0,10,0.0,0.0,6.0,,1000.0,303.84,52.94,68,0.0,348.03,1000.0
8894,201409,1,322.0,12,0.0,0.0,1.0,,2871.62,,,27,0.0,0.0,2000.0
8895,201408,0,1502.0,12,3.0,12.0,11.0,,1200.0,617.63,110.86,48,1.0,151.89,6000.0
8896,201409,0,490.0,3,0.0,0.0,0.0,,321.84,,,21,0.0,,
8897,201405,0,621.0,12,0.0,0.0,0.0,,870.66,,,20,0.0,42.0,870.66
8898,201405,0,493.0,12,0.0,0.0,0.0,,1314.85,,,41,0.0,,1314.85
8899,201403,1,3659.0,12,35.0,5.0,12.0,128.0,2300.0,126.91,0.0,57,23.0,115.74,4850.0
8900,201408,0,725.0,10,0.0,0.0,0.0,,1000.0,407.9,0.0,51,0.0,477.54,1000.0
8901,201412,0,519.0,12,0.0,0.0,0.0,,1264.0,,,33,0.0,,
8902,201405,0,113.0,12,0.0,0.0,0.0,,510.0,,,46,0.0,,510.0
8903,201402,0,336.0,5,0.0,0.0,0.0,,400.0,,,55,0.0,,800.0
8904,201401,1,771.0,12,0.0,0.0,2.0,,1000.0,214.81,62.7,62,0.0,156.66,2900.0
8905,201404,0,301.0,4,0.0,0.0,0.0,,275.3,,,19,0.0,,275.3
8906,201412,0,1093.0,12,0.0,0.0,11.0,137.0,1979.51,935.34,0.0,30,0.0,561.18,1542.0
8907,201406,1,1456.0,12,0.0,2.0,11.0,191.0,900.0,240.52,74.57,62,0.0,128.28,2100.0
8908,201409,1,524.0,12,0.0,0.0,0.0,,1000.0,,,26,0.0,,500.0
8909,201406,0,338.0,12,0.0,0.0,0.0,,500.0,,,20,0.0,,500.0
8910,201404,0,346.0,12,0.0,0.0,0.0,,1500.0,,,39,0.0,,1500.0
8911,201408,0,460.0,12,0.0,0.0,0.0,,900.0,,,44,0.0,,1857.25
8912,201409,0,490.0,4,0.0,0.0,0.0,,200.0,,,37,0.0,,
8913,201401,1,532.0,12,0.0,0.0,0.0,,800.0,,,48,0.0,,2150.0
8914,201412,1,360.0,12,0.0,0.0,0.0,,1889.03,,,48,0.0,,
8915,201401,0,1584.0,12,3.0,0.0,0.0,,500.0,,,66,1.0,63.74,1000.0
8916,201410,1,324.0,12,0.0,0.0,0.0,,2382.67,,,57,0.0,,1000.0
8917,201406,0,3859.0,10,47.0,9.0,10.0,342.0,600.0,171.93,0.0,72,6.0,,2400.0
8918,201405,0,1250.0,12,0.0,4.0,8.0,165.0,1000.0,168.84,13.71,24,0.0,84.13,1000.0
8919,201407,1,133.0,12,0.0,0.0,0.0,,600.0,,,51,0.0,,600.0
8920,201410,0,212.0,10,0.0,0.0,0.0,,724.7,,,18,0.0,,
8921,201405,0,3230.0,12,5.0,0.0,0.0,,2000.0,,,60,3.0,,4300.0
8922,201407,0,1155.0,12,0.0,1.0,4.0,185.0,1640.0,181.95,0.0,57,0.0,174.56,3440.0
8923,201408,0,435.0,12,0.0,0.0,0.0,,1000.0,,,29,0.0,,1000.0
8924,201404,0,1862.0,12,7.0,4.0,10.0,276.0,2000.0,290.84,0.0,59,3.0,108.09,2000.0
8925,201406,0,749.0,12,0.0,0.0,1.0,,700.0,81.0,0.0,55,0.0,101.95,1500.0
8926,201407,0,851.0,12,0.0,0.0,7.0,,1313.2,475.37,151.07,40,0.0,431.18,2535.09
8927,201410,0,753.0,3,0.0,0.0,1.0,,250.0,98.99,0.0,35,0.0,135.25,
8928,201412,0,834.0,12,0.0,0.0,3.0,,1000.0,331.02,113.09,22,0.0,250.65,
8929,201410,0,3276.0,10,24.0,0.0,2.0,,1000.0,199.95,0.0,37,4.0,244.12,300.0
8930,201403,0,227.0,12,0.0,0.0,0.0,,1000.0,,,42,0.0,,2093.0
8931,201404,1,246.0,5,0.0,0.0,0.0,,400.0,,,38,0.0,,400.0
8932,201406,0,583.0,12,0.0,0.0,0.0,,1000.0,,,63,0.0,8.99,4310.99
8933,201408,0,185.0,10,0.0,0.0,0.0,,1437.11,,,25,0.0,,1437.11
8934,201403,0,1323.0,12,0.0,5.0,8.0,345.0,2312.03,257.96,0.0,41,0.0,195.42,4743.31
8935,201404,0,1058.0,4,0.0,0.0,11.0,,500.0,457.51,64.09,53,0.0,227.89,1500.0
8936,201407,0,578.0,12,0.0,0.0,0.0,,1000.0,,,59,0.0,0.0,3002.45
8937,201403,0,1058.0,10,0.0,1.0,12.0,,1000.0,373.86,0.0,39,0.0,268.54,2000.0
8938,201403,1,733.0,12,0.0,0.0,0.0,,1230.0,42.49,0.0,45,0.0,116.93,2630.0
8939,201409,1,418.0,12,0.0,0.0,0.0,,2000.0,,,49,0.0,,
8940,201402,1,163.0,4,0.0,0.0,0.0,,600.0,,,24,0.0,,1600.0
8941,201401,0,484.0,12,0.0,0.0,0.0,,1000.0,,,52,0.0,,3000.0
8942,201403,0,1248.0,6,0.0,2.0,12.0,370.0,500.0,836.65,0.0,50,0.0,487.3,500.0
8943,201410,0,697.0,6,0.0,0.0,0.0,,300.0,504.4,162.47,64,0.0,248.5,700.0
8944,201402,0,2458.0,12,14.0,3.0,2.0,,2000.0,347.18,46.56,50,9.0,387.64,5500.0
8945,201402,0,1646.0,12,6.0,6.0,0.0,367.0,1000.0,,,57,0.0,23.84,2000.0
8946,201402,0,1144.0,12,0.0,1.0,12.0,404.0,2000.0,783.61,0.0,66,0.0,580.38,4000.0
8947,201407,0,3601.0,12,54.0,9.0,12.0,762.0,500.0,1437.09,105.49,58,12.0,911.04,500.0
8948,201403,1,635.0,12,0.0,0.0,0.0,,600.0,,,50,0.0,43.05,900.0
8949,201404,1,3733.0,12,30.0,8.0,3.0,,2559.48,,,35,7.0,0.0,4059.48
8950,201404,1,3885.0,12,8.0,0.0,0.0,,2000.0,,,45,16.0,327.58,5600.0
8951,201409,1,1376.0,6,0.0,4.0,12.0,596.0,959.15,467.77,0.0,27,0.0,296.45,
8952,201405,0,3929.0,8,51.0,9.0,9.0,874.0,505.92,,,40,14.0,,505.92
8953,201401,0,433.0,8,0.0,0.0,0.0,,500.0,,,35,0.0,,1000.0
8954,201401,0,2824.0,12,18.0,8.0,12.0,505.0,1000.0,996.36,193.54,72,26.0,613.0,2000.0
8955,201403,0,617.0,6,0.0,0.0,0.0,,500.0,,,49,0.0,130.64,500.0
8956,201405,0,1342.0,10,0.0,6.0,11.0,534.0,1500.0,586.55,173.71,59,0.0,539.44,1500.0
8957,201402,0,1471.0,12,0.0,10.0,0.0,,800.0,,,74,1.0,,2300.0
8958,201401,1,616.0,12,0.0,0.0,0.0,,1500.0,,,47,0.0,126.0,3639.5
8959,201408,0,340.0,12,0.0,0.0,0.0,,2470.0,,,69,0.0,,2470.0
8960,201410,0,607.0,6,0.0,0.0,0.0,,1000.0,,,30,0.0,47.7,
8961,201409,0,1600.0,12,4.0,7.0,10.0,293.0,1753.7,495.65,104.23,41,1.0,286.36,
8962,201410,0,1748.0,6,8.0,10.0,12.0,566.0,1500.0,580.79,0.0,49,2.0,523.81,4007.76
8963,201404,0,263.0,10,0.0,0.0,0.0,,690.0,,,53,0.0,,1290.0
8964,201404,1,2719.0,12,17.0,11.0,11.0,433.0,3000.0,796.8,0.0,26,5.0,393.32,2943.94
8965,201412,1,950.0,12,0.0,0.0,6.0,,500.0,97.7,0.0,36,0.0,61.73,
8966,201402,0,634.0,12,0.0,0.0,0.0,,1000.0,,,42,0.0,78.12,2000.0
8967,201401,0,1512.0,6,1.0,9.0,4.0,145.0,200.0,85.98,0.0,50,1.0,92.03,400.0
8968,201405,0,1321.0,12,0.0,5.0,6.0,185.0,400.0,671.12,227.3,24,0.0,355.97,400.0
8969,201412,0,914.0,12,0.0,0.0,5.0,,1500.0,562.07,0.0,36,0.0,300.79,
8970,201410,1,226.0,12,0.0,0.0,0.0,,480.0,,,22,0.0,,
8971,201410,0,408.0,8,0.0,0.0,0.0,,250.0,,,73,0.0,,600.0
8972,201401,0,886.0,12,0.0,0.0,5.0,,1000.0,544.24,112.37,49,0.0,410.05,2000.0
8973,201406,0,791.0,12,0.0,0.0,2.0,,1000.0,350.98,118.12,34,0.0,367.81,1900.0
8974,201412,0,413.0,12,0.0,0.0,0.0,,700.0,,,64,0.0,,
8975,201403,0,1976.0,12,12.0,8.0,9.0,135.0,1000.0,243.93,0.0,40,2.0,78.81,1000.0
8976,201412,1,242.0,12,0.0,0.0,0.0,,500.0,,,27,0.0,,
8977,201402,0,3069.0,12,45.0,12.0,11.0,1191.0,1000.0,876.02,22.25,49,5.0,331.16,2000.0
8978,201404,0,1414.0,12,0.0,9.0,11.0,1278.0,1200.0,433.87,0.0,25,0.0,55.29,4460.84
8979,201411,0,254.0,3,0.0,0.0,0.0,,400.0,,,43,0.0,,
8980,201407,0,943.0,10,0.0,0.0,7.0,,1491.0,818.31,100.51,44,0.0,471.97,5091.0
8981,201403,0,1415.0,12,0.0,12.0,12.0,220.0,1000.0,305.88,0.0,46,1.0,259.37,3500.0
8982,201408,1,2624.0,12,2.0,0.0,3.0,,900.0,189.93,0.0,28,4.0,148.19,1717.35
8983,201406,0,237.0,12,0.0,0.0,0.0,,800.0,,,53,0.0,,800.0
8984,201403,1,719.0,12,0.0,0.0,0.0,,2000.0,,,69,0.0,71.11,2000.0
8985,201405,0,453.0,12,0.0,0.0,0.0,,1258.0,,,61,0.0,,2224.1
8986,201410,0,883.0,12,0.0,0.0,5.0,,1200.0,808.35,89.11,56,0.0,507.0,1600.0
8987,201404,0,368.0,12,0.0,0.0,0.0,,2347.06,,,49,0.0,,2347.06
8988,201407,0,3660.0,3,34.0,1.0,0.0,,200.0,,,59,24.0,0.0,200.0
8989,201407,0,1057.0,12,0.0,0.0,11.0,,1439.83,556.39,152.81,41,0.0,447.16,2189.83
8990,201406,1,270.0,12,0.0,0.0,0.0,,1560.0,,,26,0.0,,1560.0
8991,201405,1,4525.0,12,3.0,0.0,10.0,,1121.34,512.87,0.0,31,26.0,413.62,1121.34
8992,201405,0,538.0,12,0.0,0.0,0.0,,1000.0,,,21,0.0,,1000.0
8993,201403,0,536.0,3,0.0,0.0,0.0,,251.91,,,19,0.0,,503.82
8994,201408,0,2642.0,3,19.0,0.0,0.0,,700.0,,,26,10.0,0.0,2700.0
8995,201410,0,896.0,12,0.0,0.0,8.0,,2000.0,786.85,191.48,60,0.0,758.29,2269.52
8996,201409,0,1027.0,6,0.0,0.0,10.0,,500.0,232.52,0.0,48,0.0,61.91,
8997,201412,0,189.0,12,0.0,0.0,0.0,,800.0,,,43,0.0,,
8998,201406,0,221.0,9,0.0,0.0,0.0,,500.0,,,25,0.0,,500.0
8999,201407,0,752.0,10,0.0,0.0,0.0,,1000.0,244.75,0.0,44,0.0,372.83,1250.0
9000,201403,0,1918.0,8,11.0,9.0,12.0,429.0,700.0,423.42,140.87,48,5.0,210.55,3700.0
9001,201401,1,1867.0,12,5.0,0.0,0.0,,2000.0,,,49,1.0,,6540.28
9002,201408,1,251.0,12,0.0,0.0,0.0,,2000.0,,,57,0.0,,2000.0
9003,201407,1,4817.0,12,91.0,11.0,12.0,95.0,1500.0,289.32,47.47,50,13.0,120.0,2700.0
9004,201406,0,356.0,12,0.0,0.0,0.0,,1500.0,,,69,0.0,,1500.0
9005,201405,0,227.0,12,0.0,0.0,0.0,,1000.0,,,66,0.0,,1000.0
9006,201411,1,2564.0,9,35.0,10.0,10.0,1346.0,600.0,1500.55,0.0,52,2.0,1305.28,
9007,201412,0,3599.0,12,40.0,5.0,10.0,184.0,1200.0,191.1,47.54,70,13.0,175.62,
9008,201407,1,206.0,12,0.0,0.0,0.0,,700.0,,,40,0.0,,700.0
9009,201410,0,4949.0,4,98.0,12.0,12.0,679.0,300.0,623.29,0.0,36,7.0,183.67,
9010,201408,0,2226.0,12,19.0,10.0,12.0,467.0,1200.0,858.19,64.51,50,4.0,517.56,3656.92
9011,201401,0,1757.0,5,6.0,3.0,10.0,151.0,500.0,671.03,85.29,52,1.0,391.2,2021.29
9012,201409,0,1067.0,12,0.0,0.0,11.0,,500.0,576.12,0.0,43,0.0,275.99,
9013,201408,1,513.0,12,0.0,0.0,0.0,,1350.0,,,63,0.0,,2211.98
9014,201408,0,414.0,12,0.0,0.0,0.0,,915.84,,,42,0.0,,340.38
9015,201412,0,3214.0,12,46.0,8.0,9.0,276.0,771.67,261.94,0.0,75,9.0,276.44,3600.0
9016,201409,0,4960.0,3,34.0,4.0,12.0,743.0,150.0,1347.68,140.1,49,28.0,0.0,
9017,201412,1,705.0,12,0.0,0.0,0.0,,1300.0,,,40,0.0,508.75,1115.96
9018,201410,1,392.0,6,0.0,0.0,0.0,,400.0,,,23,0.0,,
9019,201405,1,189.0,9,0.0,0.0,0.0,,830.35,,,48,0.0,,830.35
9020,201404,0,414.0,12,0.0,0.0,0.0,,1500.0,,,49,0.0,,2500.0
9021,201409,1,2560.0,12,31.0,7.0,0.0,193.0,3000.0,,,56,4.0,,7020.34
9022,201407,0,1323.0,12,0.0,5.0,11.0,158.0,1000.0,552.79,161.01,59,0.0,68.4,1000.0
9023,201411,1,1781.0,4,6.0,6.0,12.0,332.0,300.0,367.98,0.0,37,5.0,553.88,
9024,201406,0,195.0,12,0.0,0.0,0.0,,300.0,,,58,0.0,,300.0
9025,201409,0,676.0,12,0.0,0.0,1.0,,1941.3,105.68,37.29,47,0.0,101.77,3726.7
9026,201410,0,1541.0,12,1.0,8.0,5.0,75.0,1000.0,,,42,3.0,45.98,
9027,201411,0,410.0,12,0.0,0.0,0.0,,1000.0,,,57,0.0,,
9028,201411,0,1635.0,3,2.0,3.0,12.0,71.0,160.0,243.02,50.66,27,3.0,87.19,
9029,201410,1,441.0,10,0.0,0.0,0.0,,500.0,,,53,0.0,,399.73
9030,201402,1,894.0,12,0.0,0.0,5.0,,1200.0,343.35,74.48,47,0.0,361.63,3305.05
9031,201412,0,3760.0,12,34.0,10.0,11.0,449.0,2800.0,330.92,0.0,44,31.0,140.0,9110.77
9032,201408,0,806.0,7,0.0,0.0,3.0,,250.0,55.98,0.0,46,0.0,258.87,450.0
9033,201407,0,750.0,9,0.0,0.0,1.0,,500.0,90.07,0.0,57,0.0,543.01,1000.0
9034,201406,1,186.0,9,0.0,0.0,0.0,,3000.0,,,56,0.0,,3000.0
9035,201410,0,1693.0,12,5.0,8.0,12.0,654.0,2000.0,687.64,0.0,24,3.0,122.1,
9036,201411,0,2641.0,8,32.0,12.0,12.0,501.0,1000.0,274.87,0.0,51,5.0,253.66,4500.0
9037,201407,0,288.0,12,0.0,0.0,0.0,,1000.0,,,52,0.0,,1000.0
9038,201408,0,3645.0,12,42.0,9.0,12.0,169.0,500.0,526.31,0.0,53,8.0,144.59,500.0
9039,201410,1,2161.0,12,12.0,0.0,1.0,,1344.06,,,40,2.0,,
9040,201409,1,340.0,12,0.0,0.0,0.0,,696.0,,,46,0.0,,
9041,201411,0,2357.0,10,27.0,9.0,3.0,560.0,1500.0,123.95,0.0,42,1.0,275.63,
9042,201402,1,2527.0,12,34.0,11.0,12.0,1053.0,751.62,865.66,0.0,38,2.0,542.91,1503.24
9043,201406,0,1136.0,12,0.0,0.0,12.0,118.0,1000.0,338.07,78.97,49,0.0,279.2,3050.0
9044,201410,1,1183.0,4,0.0,2.0,11.0,137.0,550.0,643.18,138.4,21,0.0,328.22,
9045,201407,1,303.0,12,0.0,0.0,0.0,,875.11,,,18,0.0,,875.11
9046,201407,1,233.0,12,0.0,0.0,0.0,,2209.0,,,62,0.0,,2209.0
9047,201407,1,974.0,12,0.0,0.0,7.0,,570.0,492.63,82.65,45,0.0,114.7,570.0
9048,201412,0,1948.0,12,8.0,9.0,12.0,728.0,1500.0,595.17,195.29,42,8.0,620.48,2500.0
9049,201406,0,432062.0,6,26.0,3.0,7.0,169.0,1200.0,425.89,0.0,45,12.0,457.0,3200.0
9050,201409,0,535.0,12,0.0,0.0,0.0,,1417.22,,,23,0.0,,
9051,201409,1,575.0,12,0.0,0.0,0.0,,2160.82,,,58,0.0,4.99,5111.36
9052,201402,0,435.0,12,0.0,0.0,0.0,,1200.0,,,52,0.0,,2400.0
9053,201402,0,3793.0,10,32.0,8.0,11.0,503.0,700.0,691.01,0.0,67,15.0,300.09,1400.0
9054,201407,0,505.0,12,0.0,0.0,0.0,,1770.58,,,26,0.0,,1954.48
9055,201408,1,245.0,3,0.0,0.0,0.0,,500.0,,,26,0.0,,500.0
9056,201411,1,153.0,5,0.0,0.0,0.0,,500.0,,,43,0.0,,500.0
9057,201411,1,619.0,12,0.0,0.0,0.0,,1600.0,,,66,0.0,315.56,297.93
9058,201408,0,3183.0,5,46.0,8.0,12.0,762.0,763.47,581.84,0.0,48,10.0,500.0,763.47
9059,201407,0,3608.0,10,35.0,11.0,12.0,694.0,1200.0,747.73,0.0,54,12.0,472.33,11700.0
9060,201411,0,1107.0,12,0.0,0.0,12.0,268.0,1000.0,1454.59,0.0,40,0.0,380.62,1800.0
9061,201402,0,1659.0,12,6.0,9.0,12.0,1019.0,1000.0,1095.7,0.0,47,1.0,636.41,2900.0
9062,201412,0,4083.0,4,73.0,9.0,12.0,274.0,800.0,1411.69,202.59,65,14.0,830.0,
9063,201405,0,3926.0,12,71.0,0.0,0.0,,1000.0,,,47,3.0,,1000.0
9064,201403,1,1252.0,12,0.0,4.0,6.0,250.0,1000.0,73.95,0.0,21,0.0,38.92,1000.0
9065,201410,0,819.0,12,0.0,0.0,3.0,,1000.0,255.95,0.0,24,0.0,535.01,3000.0
9066,201403,0,210.0,12,0.0,0.0,0.0,,665.64,,,45,0.0,,665.64
9067,201407,0,790.0,12,0.0,0.0,2.0,,2000.0,556.57,168.48,48,0.0,517.98,4046.97
9068,201403,0,2051.0,12,16.0,4.0,5.0,,2000.0,144.96,0.0,35,4.0,92.06,400.0
9069,201412,1,198.0,12,0.0,0.0,0.0,,800.0,,,56,0.0,,1939.95
9070,201412,0,1833.0,6,11.0,12.0,12.0,1238.0,500.0,995.72,0.0,39,1.0,699.89,3000.0
9071,201410,0,1228.0,4,0.0,4.0,10.0,362.0,450.0,761.33,87.71,23,0.0,696.76,1000.0
9072,201408,0,691.0,12,0.0,0.0,1.0,,1000.0,255.76,88.41,41,0.0,167.67,1000.0
9073,201406,0,291.0,8,0.0,0.0,0.0,,1000.0,,,38,0.0,,1000.0
9074,201403,1,813.0,12,0.0,0.0,3.0,,600.0,285.92,0.0,53,0.0,281.65,864.0
9075,201408,1,518.0,12,0.0,0.0,0.0,,3000.0,,,64,0.0,,7000.0
9076,201403,1,462.0,12,0.0,0.0,0.0,,1500.0,,,33,0.0,,1500.0
9077,201410,0,2704.0,12,6.0,6.0,12.0,114.0,1000.0,531.83,0.0,43,1.0,253.71,
9078,201402,0,1041.0,12,0.0,0.0,11.0,,1742.63,514.26,0.0,57,0.0,233.39,3485.26
9079,201411,0,1112.0,6,0.0,0.0,12.0,69.0,600.0,194.95,0.0,26,0.0,94.58,3224.74
9080,201409,1,372.0,6,0.0,0.0,0.0,,375.0,,,41,0.0,,
9081,201407,0,2789.0,10,5.0,0.0,0.0,,1500.0,,,42,1.0,,1500.0
9082,201402,0,429.0,12,0.0,0.0,0.0,,1000.0,,,39,0.0,,2000.0
9083,201403,0,3702.0,12,61.0,11.0,12.0,374.0,2900.69,420.74,0.0,67,6.0,133.97,2900.69
9084,201411,0,,5,,,,,500.0,,,38,,,700.0
9085,201403,0,913.0,12,0.0,0.0,6.0,,1000.0,62.35,15.56,41,0.0,82.92,1000.0
9086,201406,0,241.0,12,0.0,0.0,0.0,,1442.8,,,44,0.0,,1902.65
9087,201406,1,549.0,12,0.0,0.0,0.0,,700.0,,,23,0.0,,700.0
9088,201410,0,3133.0,6,38.0,6.0,12.0,753.0,900.0,409.69,66.4,33,16.0,293.83,900.0
9089,201408,0,362.0,10,0.0,0.0,0.0,,1000.0,,,25,0.0,,1000.0
9090,201408,0,1447.0,12,0.0,6.0,6.0,236.0,1500.0,125.96,0.0,32,0.0,253.01,3796.92
9091,201403,1,629.0,5,0.0,0.0,0.0,,600.0,,,23,0.0,161.23,900.0
9092,201409,0,1630.0,8,5.0,0.0,0.0,,600.0,,,27,1.0,,750.0
9093,201411,1,361.0,12,0.0,0.0,0.0,,500.0,,,42,0.0,,
9094,201404,0,560.0,5,0.0,0.0,0.0,,411.25,,,39,0.0,0.0,411.25
9095,201401,0,138.0,12,0.0,0.0,0.0,,1000.0,,,67,0.0,,2000.0
9096,201403,0,1960.0,12,2.0,0.0,0.0,,2000.0,,,68,15.0,0.0,2000.0
9097,201407,0,2901.0,12,27.0,7.0,12.0,404.0,165.0,643.1,10.39,38,5.0,268.1,165.0
9098,201409,1,281.0,12,0.0,0.0,0.0,,1000.0,,,43,0.0,,
9099,201402,0,132.0,8,0.0,0.0,0.0,,300.0,,,24,0.0,,600.0
9100,201412,0,2482.0,5,4.0,0.0,0.0,,600.0,,,46,2.0,82.28,2460.0
9101,201412,1,2754.0,12,13.0,1.0,11.0,243.0,2000.0,182.53,0.0,40,3.0,320.81,
9102,201411,0,365.0,8,0.0,0.0,0.0,,700.0,,,32,0.0,,600.0
9103,201407,0,3154.0,12,48.0,10.0,12.0,878.0,1000.0,796.72,267.91,60,8.0,562.7,2477.47
9104,201408,0,281.0,12,0.0,0.0,0.0,,1000.0,,,59,0.0,,1000.0
9105,201412,0,2509.0,8,33.0,10.0,7.0,104.0,2000.0,109.97,0.0,51,2.0,35.96,4669.65
9106,201412,0,,6,,,,,1556.18,,,49,,,500.0
9107,201405,0,206.0,12,0.0,0.0,0.0,,778.91,,,33,0.0,,778.91
9108,201403,0,229.0,12,0.0,0.0,0.0,,800.0,,,56,0.0,,800.0
9109,201404,1,352.0,5,0.0,0.0,0.0,,501.3,,,26,0.0,,910.8
9110,201404,1,838.0,12,0.0,0.0,4.0,,1200.0,799.05,0.0,42,0.0,861.67,2200.0
9111,201406,0,1778.0,12,9.0,12.0,2.0,405.0,1900.0,,,57,2.0,,5450.0
9112,201411,0,698.0,12,0.0,0.0,0.0,,800.0,,,48,0.0,44.17,2168.78
9113,201406,1,216.0,12,0.0,0.0,0.0,,1000.0,,,47,0.0,,1000.0
9114,201410,0,345.0,12,0.0,0.0,0.0,,837.9,,,42,0.0,,
9115,201410,0,1649.0,12,5.0,8.0,7.0,428.0,2903.68,600.39,157.44,57,2.0,644.0,7646.58
9116,201401,0,390.0,12,0.0,0.0,0.0,,1200.0,,,34,0.0,,2400.0
9117,201408,1,751.0,6,0.0,0.0,1.0,,500.0,544.96,133.07,69,0.0,349.81,1500.0
9118,201408,0,702.0,12,0.0,0.0,2.0,,700.0,,,38,0.0,189.84,
9119,201404,0,2740.0,12,38.0,11.0,8.0,1259.0,1300.0,800.65,150.89,50,4.0,777.26,2300.0
9120,201410,1,546.0,6,0.0,0.0,0.0,,300.0,,,48,0.0,0.0,520.0
9121,201408,0,5024.0,12,86.0,8.0,11.0,475.0,2100.0,278.86,0.0,51,16.0,282.29,6300.0
9122,201401,1,507.0,12,0.0,0.0,0.0,,1050.0,,,54,0.0,,2100.0
9123,201403,0,838.0,12,0.0,0.0,4.0,,800.0,354.73,95.11,22,0.0,369.07,800.0
9124,201402,0,1923.0,12,12.0,5.0,6.0,117.0,1300.0,167.16,56.59,62,2.0,155.9,4600.0
9125,201403,0,229.0,9,0.0,0.0,0.0,,200.0,,,22,0.0,,400.0
9126,201412,1,1863.0,12,9.0,5.0,12.0,578.0,2300.6,1135.41,0.0,24,1.0,724.2,
9127,201409,0,622.0,12,0.0,0.0,0.0,,1500.0,,,23,0.0,100.0,
9128,201404,1,1372.0,12,0.0,4.0,7.0,289.0,1500.0,311.92,0.0,36,0.0,299.0,2000.0
9129,201407,0,1350.0,6,0.0,3.0,4.0,323.0,1000.0,219.92,0.0,40,0.0,268.31,1000.0
9130,201407,0,835.0,12,0.0,0.0,3.0,,1000.0,507.72,50.83,44,0.0,512.76,3000.0
9131,201407,0,2900.0,5,28.0,9.0,12.0,325.0,200.0,1418.28,126.17,44,14.0,605.28,1700.0
9132,201405,0,344.0,4,0.0,0.0,0.0,,415.91,,,32,0.0,,415.91
9133,201406,0,4172.0,12,62.0,10.0,0.0,885.0,1300.0,,,57,8.0,,5400.0
9134,201410,0,470.0,12,0.0,0.0,0.0,,1300.0,,,59,0.0,,2000.0
9135,201412,0,985.0,12,0.0,0.0,9.0,,2000.0,1206.75,0.0,54,0.0,620.0,4000.0
9136,201402,0,1580.0,12,3.0,2.0,6.0,,1500.0,175.93,0.0,50,1.0,,3000.0
9137,201407,1,3504.0,12,29.0,9.0,10.0,541.0,2000.0,759.8,0.0,43,14.0,249.51,2600.0
9138,201412,0,3621.0,12,15.0,5.0,11.0,401.0,3000.0,910.33,79.71,40,4.0,245.59,5355.32
9139,201412,0,381.0,12,0.0,0.0,0.0,,1500.0,,,43,0.0,,
9140,201407,0,254.0,12,0.0,0.0,0.0,,1500.0,,,63,0.0,,2500.0
9141,201409,1,234.0,12,0.0,0.0,0.0,,500.0,,,33,0.0,,
9142,201406,0,3100.0,12,48.0,11.0,8.0,444.0,1100.0,159.59,9.63,54,5.0,205.74,3700.0
9143,201409,1,197.0,12,0.0,0.0,0.0,,1044.72,,,38,0.0,,
9144,201409,0,299.0,10,0.0,0.0,0.0,,1000.0,,,49,0.0,,
9145,201408,1,620.0,12,0.0,0.0,0.0,,2000.0,,,51,0.0,243.32,2696.0
9146,201411,0,1607.0,12,5.0,10.0,12.0,95.0,2860.71,401.8,121.37,50,1.0,463.31,6400.0
9147,201412,0,2252.0,12,20.0,9.0,12.0,1389.0,1600.0,1472.67,0.0,42,6.0,1142.88,
9148,201402,0,528.0,8,0.0,0.0,0.0,,600.0,,,27,0.0,,3200.0
9149,201410,0,1147.0,6,0.0,1.0,2.0,62.0,600.0,,,45,0.0,,
9150,201406,0,1259.0,5,0.0,4.0,3.0,411.0,400.0,35.98,0.0,61,0.0,,1100.0
9151,201407,1,2222.0,12,9.0,12.0,12.0,460.0,2000.0,921.49,291.76,48,2.0,630.0,2300.0
9152,201412,0,368.0,5,0.0,0.0,0.0,,500.0,,,53,0.0,,
9153,201409,1,343.0,12,0.0,0.0,0.0,,1000.0,,,61,0.0,,588.54
9154,201411,0,1047.0,8,0.0,0.0,3.0,103.0,1488.0,99.99,0.0,37,0.0,,3000.0
9155,201402,1,1024.0,5,0.0,0.0,10.0,,786.35,656.59,0.0,38,0.0,663.06,1572.7
9156,201407,0,2602.0,12,35.0,10.0,12.0,223.0,1500.0,1779.04,58.44,68,2.0,455.75,1500.0
9157,201408,0,832.0,12,0.0,0.0,4.0,,1500.0,242.69,80.74,63,0.0,253.25,3500.0
9158,201401,1,3651.0,6,45.0,12.0,12.0,3027.0,700.0,3116.52,0.0,45,4.0,1723.41,1400.0
9159,201410,0,965.0,10,0.0,0.0,8.0,,300.0,657.15,0.0,23,0.0,92.94,450.0
9160,201404,0,1799.0,12,5.0,4.0,1.0,,2000.0,775.76,301.93,47,3.0,622.42,6000.0
9161,201403,0,945.0,10,0.0,0.0,7.0,,500.0,413.16,45.31,56,0.0,284.12,500.0
9162,201401,1,185.0,12,0.0,0.0,0.0,,2000.0,,,62,0.0,,8090.5
9163,201404,0,273.0,12,0.0,0.0,0.0,,800.0,,,50,0.0,,800.0
9164,201405,0,438.0,8,0.0,0.0,0.0,,800.0,,,48,0.0,,1800.0
9165,201403,0,965.0,10,0.0,0.0,8.0,,1000.0,425.78,0.0,56,0.0,422.9,1000.0
9166,201408,0,319.0,12,0.0,0.0,0.0,,995.0,,,53,0.0,,2195.0
9167,201412,1,230.0,12,0.0,0.0,0.0,,2000.0,,,45,0.0,,
9168,201407,0,960.0,10,0.0,0.0,7.0,,400.0,787.52,25.41,37,0.0,257.0,1500.0
9169,201408,0,423.0,12,0.0,0.0,0.0,,1000.0,,,50,0.0,,1300.0
9170,201406,0,358.0,12,0.0,0.0,0.0,,1500.0,,,49,0.0,,1500.0
9171,201401,1,900.0,12,0.0,0.0,5.0,,1300.0,421.98,118.06,61,0.0,281.0,4600.0
9172,201407,0,3503.0,8,13.0,1.0,12.0,228.0,700.0,179.96,0.0,45,10.0,220.61,3800.0
9173,201406,0,2788.0,12,17.0,0.0,0.0,,600.0,,,46,12.0,,600.0
9174,201401,1,560.0,12,0.0,0.0,0.0,,1426.68,,,36,0.0,,2853.36
9175,201411,1,704.0,12,0.0,0.0,0.0,,1294.59,,,51,0.0,204.19,1200.0
9176,201406,0,1041.0,12,0.0,0.0,11.0,151.0,2250.0,587.45,91.64,60,0.0,413.36,4250.0
9177,201407,1,1383.0,12,0.0,8.0,11.0,437.0,2628.47,558.72,0.0,41,0.0,264.8,2628.47
9178,201404,0,1736.0,12,8.0,11.0,12.0,408.0,560.0,461.82,0.0,47,1.0,338.08,560.0
9179,201404,0,1373.0,12,0.0,9.0,11.0,739.0,2000.0,290.79,0.0,41,0.0,38.95,3600.0
9180,201403,0,509.0,10,0.0,0.0,0.0,,500.0,,,42,0.0,,1100.0
9181,201401,0,593.0,12,0.0,0.0,0.0,,1200.0,,,33,0.0,23.57,2400.0
9182,201407,0,630.0,12,0.0,0.0,0.0,,1052.28,,,25,0.0,96.15,1052.28
9183,201402,0,419.0,12,0.0,0.0,0.0,,1200.0,,,43,0.0,,2400.0
9184,201404,0,1738.0,12,8.0,8.0,11.0,278.0,1000.0,319.89,0.0,50,2.0,281.46,3400.0
9185,201408,0,2933.0,12,28.0,7.0,12.0,301.0,1400.0,785.16,250.3,54,5.0,842.0,5100.0
9186,201404,0,1582.0,12,3.0,12.0,12.0,252.0,800.0,,,48,1.0,106.68,5400.0
9187,201402,1,4225.0,12,52.0,8.0,12.0,314.0,1000.0,451.66,0.0,47,8.0,287.08,2000.0
9188,201405,0,607.0,12,0.0,0.0,0.0,,500.0,,,41,0.0,49.88,500.0
9189,201405,1,1449.0,12,0.0,10.0,8.0,473.0,1226.0,173.84,0.0,51,0.0,,2226.0
9190,201412,1,313.0,5,0.0,0.0,0.0,,800.0,,,23,0.0,,
9191,201405,0,1983.0,10,13.0,4.0,9.0,,1000.0,305.93,0.0,46,2.0,3.51,3000.0
9192,201408,0,2559.0,12,8.0,3.0,2.0,,3000.0,133.94,0.0,72,12.0,269.92,6000.0
9193,201404,0,623.0,12,0.0,0.0,0.0,,570.0,,,41,0.0,0.0,570.0
9194,201406,0,2564.0,12,33.0,11.0,12.0,364.0,1800.0,301.9,0.0,25,4.0,242.5,1800.0
9195,201407,0,1029.0,5,0.0,0.0,10.0,,800.0,1241.58,0.0,23,0.0,752.57,800.0
9196,201411,0,731.0,8,0.0,0.0,0.0,,600.0,373.92,0.0,69,0.0,388.42,
9197,201411,1,1197.0,12,0.0,3.0,12.0,227.0,1750.0,802.13,67.26,39,0.0,567.26,2500.0
9198,201406,0,3924.0,12,56.0,6.0,9.0,171.0,1542.24,550.56,184.67,47,25.0,446.26,2542.24
9199,201410,1,812.0,12,0.0,0.0,5.0,,600.0,511.99,144.13,49,0.0,478.36,
9200,201401,0,211.0,12,0.0,0.0,0.0,,680.0,,,66,0.0,,1360.0
9201,201407,0,2947.0,12,29.0,9.0,12.0,1425.0,1000.0,613.55,47.87,43,11.0,321.55,6155.76
9202,201405,0,884.0,12,0.0,0.0,5.0,,1106.4,506.46,63.28,33,0.0,297.95,1106.4
9203,201401,0,1606.0,7,5.0,0.0,0.0,,150.0,,,43,1.0,,300.0
9204,201406,1,485.0,12,0.0,0.0,0.0,,1000.0,,,45,0.0,,3000.0
9205,201410,0,2967.0,12,42.0,12.0,12.0,715.0,1714.16,1114.73,246.51,47,5.0,946.7,300.0
9206,201402,1,1482.0,12,0.0,7.0,4.0,149.0,1000.0,87.95,0.0,38,1.0,51.08,2000.0
9207,201412,0,1162.0,6,0.0,1.0,8.0,277.0,1200.0,490.78,0.0,53,0.0,166.01,1600.0
9208,201410,1,785.0,12,0.0,0.0,1.0,,2000.0,105.96,0.0,38,0.0,70.7,2300.0
9209,201401,0,3601.0,12,60.0,12.0,12.0,1316.0,600.0,845.22,256.68,60,10.0,849.04,1200.0
9210,201405,0,1947.0,12,11.0,7.0,10.0,262.0,1000.0,417.86,0.0,58,5.0,429.14,1000.0
9211,201405,0,1559.0,12,3.0,5.0,0.0,,1200.0,,,60,3.0,,1200.0
9212,201408,0,358.0,12,0.0,0.0,0.0,,1876.17,,,41,0.0,,1876.17
9213,201405,1,2631.0,12,20.0,1.0,0.0,,2066.91,,,38,10.0,92.76,4657.41
9214,201410,0,696.0,6,0.0,0.0,0.0,,300.0,,,57,0.0,223.78,
9215,201405,1,932.0,12,0.0,0.0,9.0,,1300.0,420.28,104.4,44,0.0,203.49,3800.0
9216,201402,0,1228.0,12,0.0,3.0,12.0,346.0,500.0,301.88,0.0,42,0.0,254.0,1624.26
9217,201404,0,297.0,12,0.0,0.0,0.0,,807.86,,,47,0.0,,807.86
9218,201403,1,832.0,12,0.0,0.0,3.0,,2759.03,172.75,0.0,39,0.0,146.3,5587.56
9219,201406,0,1651.0,12,5.0,11.0,12.0,499.0,1500.0,677.35,234.48,74,1.0,374.25,5258.86
9220,201411,1,4728.0,12,5.0,0.0,0.0,,2282.0,,,68,26.0,,5618.06
9221,201412,0,528.0,4,0.0,0.0,0.0,,800.0,,,46,0.0,0.0,
9222,201407,0,515.0,7,0.0,0.0,0.0,,1500.0,,,50,0.0,,1500.0
9223,201404,1,149.0,12,0.0,0.0,0.0,,500.0,,,39,0.0,,500.0
9224,201403,0,1211.0,12,0.0,2.0,10.0,159.0,1258.36,436.85,0.0,56,0.0,153.75,1258.36
9225,201405,0,2483.0,12,26.0,10.0,12.0,766.0,2000.0,1454.47,379.76,63,3.0,936.16,13068.48
9226,201402,0,2076.0,12,18.0,10.0,12.0,910.0,1500.0,239.89,0.0,49,2.0,460.73,3000.0
9227,201402,1,4339.0,10,21.0,0.0,0.0,,1000.0,,,33,12.0,57.45,2000.0
9228,201403,1,915.0,12,0.0,0.0,4.0,,1600.0,125.94,0.0,46,0.0,,3000.0
9229,201402,1,840.0,12,0.0,0.0,4.0,,1000.0,440.56,65.69,46,0.0,208.5,2200.0
9230,201412,1,596.0,12,0.0,0.0,0.0,,1000.0,,,40,0.0,0.0,
9231,201406,0,1706.0,12,4.0,6.0,9.0,323.0,1000.0,359.98,0.0,33,5.0,372.43,1000.0
9232,201404,1,2785.0,10,3.0,0.0,2.0,,2000.0,284.89,0.0,34,6.0,373.14,2000.0
9233,201402,0,1002.0,12,0.0,0.0,9.0,,1054.0,457.82,0.0,54,0.0,195.0,2108.0
9234,201403,0,4257.0,12,50.0,11.0,12.0,1104.0,1500.0,1081.08,369.24,49,14.0,742.98,2310.0
9235,201401,1,4133.0,12,14.0,4.0,7.0,340.0,300.0,167.37,53.43,32,11.0,144.57,600.0
9236,201408,0,2890.0,5,18.0,0.0,8.0,,400.0,559.87,0.0,64,5.0,,1000.0
9237,201410,1,269.0,12,0.0,0.0,0.0,,1000.0,,,60,0.0,,
9238,201403,0,346.0,12,0.0,0.0,0.0,,1500.0,,,55,0.0,,1500.0
9239,201402,0,158.0,12,0.0,0.0,0.0,,875.05,,,64,0.0,,1750.1
9240,201401,0,3959.0,8,67.0,6.0,12.0,1183.0,1000.0,1683.09,40.62,61,15.0,1233.31,5497.98
9241,201411,0,354.0,12,0.0,0.0,0.0,,1000.0,,,49,0.0,,
9242,201410,0,3742.0,10,13.0,0.0,1.0,,1200.0,654.4,236.54,44,10.0,271.6,2400.0
9243,201402,0,204.0,4,0.0,0.0,0.0,,279.87,,,21,0.0,,559.74
9244,201403,0,4624.0,12,27.0,0.0,1.0,,1000.0,315.87,0.0,48,23.0,572.7,1000.0
9245,201411,1,257.0,12,0.0,0.0,0.0,,1000.0,,,36,0.0,,
9246,201405,0,2041.0,12,13.0,9.0,12.0,1014.0,3000.0,1230.27,41.02,46,6.0,590.0,5000.0
9247,201407,0,1138.0,12,0.0,1.0,12.0,243.0,1300.0,254.27,0.0,47,0.0,215.0,3500.0
9248,201409,1,440.0,12,0.0,0.0,0.0,,1898.48,,,51,0.0,,
9249,201410,0,3930.0,12,39.0,0.0,9.0,,3000.0,821.4,66.7,57,14.0,394.09,12272.48
9250,201406,1,1134.0,10,0.0,0.0,11.0,552.0,1000.0,217.57,57.5,35,0.0,365.9,1000.0
9251,201405,0,1153.0,10,0.0,1.0,12.0,144.0,1500.0,379.83,0.0,59,0.0,404.9,1500.0
9252,201410,1,365.0,4,0.0,0.0,0.0,,300.0,,,26,0.0,,
9253,201401,1,816.0,12,0.0,0.0,3.0,,1000.0,313.0,40.04,21,0.0,365.15,1000.0
9254,201412,0,977.0,12,0.0,0.0,8.0,,2000.0,764.16,195.35,49,0.0,340.31,
9255,201404,0,608.0,12,0.0,0.0,0.0,,639.83,,,20,0.0,60.53,639.83
9256,201410,0,955.0,12,0.0,0.0,11.0,,800.0,616.04,172.84,48,0.0,334.77,700.0
9257,201403,0,1199.0,12,0.0,3.0,11.0,141.0,1000.0,327.95,112.03,59,0.0,298.57,1703.28
9258,201406,0,904.0,7,0.0,0.0,6.0,,1000.0,906.74,0.0,39,0.0,668.79,3000.0
9259,201406,0,712.0,3,0.0,0.0,0.0,,200.0,,,21,0.0,345.41,478.52
9260,201404,0,836.0,9,0.0,0.0,4.0,,570.0,104.37,0.0,20,0.0,87.95,570.0
9261,201410,0,764.0,6,0.0,0.0,1.0,,400.0,30.59,0.0,49,0.0,489.17,
9262,201410,0,2719.0,12,39.0,11.0,12.0,841.0,2500.0,1116.75,0.0,45,2.0,1010.0,892.88
9263,201407,0,2684.0,12,7.0,0.0,10.0,278.0,1500.0,89.98,0.0,56,1.0,43.15,1500.0
9264,201406,0,1117.0,12,0.0,0.0,12.0,261.0,1000.0,642.04,0.0,57,0.0,353.91,1000.0
9265,201408,0,1193.0,8,0.0,2.0,12.0,138.0,800.0,1116.8,126.74,45,0.0,444.89,1864.06
9266,201408,1,200.0,12,0.0,0.0,0.0,,1200.0,,,43,1.0,,1200.0
9267,201408,0,4560.0,12,76.0,10.0,7.0,265.0,1000.0,195.96,0.0,61,23.0,236.0,5000.0
9268,201402,0,1342.0,8,0.0,7.0,11.0,458.0,1200.0,428.22,95.89,58,0.0,369.06,2400.0
9269,201406,0,1242.0,12,0.0,4.0,12.0,273.0,2000.0,405.36,67.46,44,0.0,352.82,3000.0
9270,201410,0,1020.0,6,0.0,0.0,10.0,,500.0,780.6,55.92,41,0.0,480.0,2600.0
9271,201406,0,1616.0,12,4.0,12.0,12.0,1093.0,2451.68,783.51,91.69,42,1.0,538.28,2451.68
9272,201410,1,3343.0,12,37.0,0.0,9.0,,1600.0,340.88,0.0,45,14.0,383.84,
9273,201409,1,252.0,3,0.0,0.0,0.0,,500.0,,,48,0.0,,
9274,201411,1,4091.0,6,9.0,6.0,9.0,152.0,1104.01,371.0,63.08,36,12.0,248.84,
9275,201405,1,2603.0,12,13.0,5.0,7.0,681.0,1500.0,457.89,0.0,47,6.0,554.25,2890.23
9276,201403,0,4454.0,12,86.0,12.0,11.0,1222.0,500.0,313.39,101.48,46,9.0,35.9,500.0
9277,201401,0,4155.0,12,35.0,0.0,2.0,,2500.0,471.42,0.0,40,16.0,576.26,7400.0
9278,201401,0,3835.0,12,62.0,10.0,10.0,410.0,1280.86,725.31,139.54,50,4.0,176.74,2680.38
9279,201407,0,196.0,12,0.0,0.0,0.0,,500.0,,,62,0.0,,500.0
9280,201412,1,850.0,12,0.0,0.0,4.0,,772.84,105.63,35.44,53,0.0,328.45,3600.0
9281,201406,0,4747.0,12,58.0,0.0,0.0,,1600.0,,,42,7.0,,3002.28
9282,201405,0,1745.0,4,6.0,1.0,6.0,,400.0,249.97,0.0,69,4.0,103.56,400.0
9283,201412,0,557.0,12,0.0,0.0,0.0,,1090.43,,,44,0.0,,1940.0
9284,201412,1,,12,,,,,1500.0,,,70,,,816.67
9285,201402,1,2202.0,12,22.0,12.0,11.0,844.0,1434.37,631.59,89.82,46,2.0,225.79,3668.74
9286,201405,0,356.0,12,0.0,0.0,0.0,,500.0,,,75,0.0,,500.0
9287,201401,1,436.0,12,0.0,0.0,0.0,,800.0,,,38,0.0,,2400.0
9288,201411,0,1430.0,10,0.0,9.0,11.0,516.0,720.0,522.47,172.57,50,0.0,183.79,950.0
9289,201409,0,464.0,3,0.0,0.0,0.0,,400.0,,,61,0.0,,1200.0
9290,201403,1,394.0,12,0.0,0.0,0.0,,1200.72,,,50,0.0,,1200.72
9291,201408,0,3214.0,12,26.0,0.0,11.0,250.0,1000.0,179.95,0.0,49,11.0,,1000.0
9292,201410,0,2782.0,12,29.0,6.0,12.0,641.0,2000.0,891.47,29.63,56,12.0,981.84,800.0
9293,201401,1,385.0,12,0.0,0.0,0.0,,1000.0,,,53,0.0,,2000.0
9294,201411,0,403.0,12,0.0,0.0,0.0,,1000.0,,,41,0.0,,500.0
9295,201409,0,2633.0,5,35.0,11.0,11.0,2399.0,1000.0,953.68,0.0,50,3.0,812.75,3120.0
9296,201405,0,1938.0,12,14.0,9.0,5.0,1586.0,1400.0,168.92,0.0,50,2.0,130.72,4784.2
9297,201412,0,228.0,3,0.0,0.0,0.0,,400.0,,,50,0.0,,
9298,201401,0,1023.0,10,0.0,0.0,9.0,,1329.02,306.69,0.0,39,0.0,96.88,4374.55
9299,201404,0,2571.0,6,24.0,0.0,0.0,,418.82,,,40,8.0,,418.82
9300,201402,0,893.0,12,0.0,0.0,6.0,,1300.0,314.16,99.94,56,0.0,52.71,8610.0
9301,201403,1,720.0,6,0.0,0.0,1.0,,300.0,119.42,38.48,23,0.0,306.5,300.0
9302,201403,0,3116.0,12,21.0,9.0,9.0,108.0,1000.0,611.0,46.18,64,8.0,325.48,2176.92
9303,201406,1,599.0,12,0.0,0.0,0.0,,1000.0,,,41,0.0,69.45,1489.11
9304,201403,1,366.0,12,0.0,0.0,0.0,,1600.0,,,40,0.0,,2564.05
9305,201410,0,1113.0,6,0.0,0.0,9.0,46.0,1000.0,113.92,0.0,61,0.0,0.0,3600.0
9306,201407,0,1247.0,12,0.0,4.0,12.0,438.0,1000.0,390.81,0.0,45,0.0,162.57,1500.0
9307,201410,0,759.0,12,0.0,0.0,1.0,,900.0,491.58,107.7,54,0.0,542.27,
9308,201407,0,1457.0,5,0.0,9.0,8.0,403.0,800.0,365.09,0.0,41,0.0,238.07,5045.45
9309,201406,0,2746.0,4,26.0,0.0,0.0,,600.0,,,37,5.0,,1600.0
9310,201406,0,242.0,5,0.0,0.0,0.0,,600.0,,,47,0.0,,600.0
9311,201410,0,771.0,12,0.0,0.0,2.0,,1942.98,374.71,124.71,52,0.0,331.72,139.96
9312,201409,0,2729.0,8,24.0,9.0,5.0,713.0,500.0,204.94,0.0,43,5.0,269.44,
9313,201404,0,1075.0,12,0.0,0.0,10.0,,1466.75,334.64,50.32,34,0.0,281.18,1466.75
9314,201410,0,702.0,3,0.0,0.0,0.0,,170.0,,,21,0.0,312.0,
9315,201403,1,835.0,12,0.0,0.0,3.0,,622.49,331.11,14.21,42,0.0,341.0,622.49
9316,201407,0,2834.0,8,21.0,8.0,11.0,521.0,500.0,1055.97,239.71,55,17.0,425.28,650.0
9317,201405,0,1725.0,12,8.0,10.0,3.0,230.0,1500.0,,,42,1.0,,5549.99
9318,201403,1,4607.0,12,47.0,10.0,0.0,107.0,1435.0,,,72,21.0,165.75,2435.0
9319,201410,1,292.0,12,0.0,0.0,0.0,,850.0,,,75,0.0,,
9320,201407,0,1322.0,4,0.0,7.0,12.0,345.0,300.0,441.91,0.0,37,0.0,333.57,300.0
9321,201406,0,4561.0,12,80.0,10.0,10.0,316.0,1729.88,,,41,14.0,,3649.37
9322,201403,0,822.0,12,0.0,0.0,5.0,,1275.82,582.82,186.13,52,0.0,312.49,1275.82
9323,201410,1,11.0,12,0.0,0.0,0.0,,1000.0,,,36,0.0,,
9324,201410,0,313.0,4,0.0,0.0,0.0,,210.0,,,40,0.0,,
9325,201403,0,529.0,12,0.0,0.0,0.0,,799.25,,,42,0.0,,949.23
9326,201410,0,3617.0,6,42.0,5.0,12.0,615.0,1000.0,601.75,0.0,52,22.0,171.09,
9327,201411,0,166.0,6,0.0,0.0,0.0,,300.0,,,27,0.0,,
9328,201402,0,1181.0,12,0.0,2.0,7.0,288.0,1000.0,415.89,0.0,58,0.0,233.77,3000.0
9329,201412,1,550.0,12,0.0,0.0,0.0,,660.0,,,28,0.0,,486.96
9330,201407,0,943.0,12,0.0,0.0,7.0,,1751.73,438.29,0.0,58,0.0,182.88,3251.73
9331,201411,0,711.0,12,0.0,0.0,0.0,,946.57,,,37,0.0,62.48,
9332,201402,1,822.0,12,0.0,0.0,3.0,,2000.0,88.0,0.0,49,0.0,108.35,6500.0
9333,201404,0,3267.0,10,27.0,5.0,4.0,79.0,1000.0,99.96,0.0,56,3.0,63.06,1000.0
9334,201407,0,713.0,12,0.0,0.0,0.0,,1570.0,,,43,0.0,351.39,2430.0
9335,201409,1,337.0,12,0.0,0.0,0.0,,1506.93,,,21,0.0,,
9336,201406,1,179.0,12,0.0,0.0,0.0,,1175.04,,,46,0.0,,1175.04
9337,201411,1,1439.0,12,0.0,10.0,12.0,1087.0,2549.31,1317.74,0.0,31,0.0,662.86,4402.01
9338,201402,0,1355.0,12,0.0,4.0,3.0,278.0,1500.0,,,42,0.0,155.53,5600.0
9339,201409,0,551.0,9,0.0,0.0,0.0,,683.86,,,20,0.0,37.08,
9340,201407,0,2690.0,12,15.0,10.0,9.0,615.0,1500.0,261.01,0.0,36,11.0,46.48,1500.0
9341,201402,0,865.0,12,0.0,0.0,5.0,,1000.0,401.6,141.72,49,0.0,238.15,2000.0
9342,201410,0,4449.0,12,23.0,0.0,12.0,245.0,750.0,343.3,88.82,46,24.0,362.78,500.0
9343,201404,0,996.0,12,0.0,0.0,9.0,,600.0,324.37,66.66,50,0.0,184.0,600.0
9344,201401,0,1486.0,12,1.0,5.0,2.0,,1000.0,886.56,286.81,53,3.0,688.14,2000.0
9345,201411,0,1017.0,12,0.0,0.0,10.0,,1500.0,383.89,0.0,56,0.0,568.76,3200.0
9346,201407,0,3178.0,7,15.0,3.0,2.0,265.0,1000.0,,,41,7.0,,2500.0
9347,201405,1,251.0,10,0.0,0.0,0.0,,350.0,,,43,0.0,,350.0
9348,201408,0,356.0,12,0.0,0.0,0.0,,2000.0,,,48,0.0,,2000.0
9349,201410,1,197.0,10,0.0,0.0,0.0,,1000.0,,,58,0.0,,
9350,201403,0,418.0,12,0.0,0.0,0.0,,320.0,,,50,0.0,,320.0
9351,201403,0,3006.0,12,45.0,8.0,10.0,183.0,1000.0,485.68,163.61,44,6.0,404.64,1000.0
9352,201408,0,415.0,12,0.0,0.0,0.0,,1500.0,,,61,0.0,,2000.0
9353,201408,0,3282.0,12,41.0,7.0,8.0,,1134.24,394.26,74.39,59,15.0,433.94,1134.24
9354,201403,0,3707.0,6,60.0,9.0,12.0,88.0,500.0,212.93,0.0,70,10.0,165.42,500.0
9355,201404,0,1744.0,12,8.0,12.0,12.0,499.0,2000.0,758.45,75.97,47,1.0,524.45,10495.96
9356,201408,0,2872.0,12,29.0,4.0,12.0,151.0,1000.0,1444.22,447.05,40,9.0,884.83,1000.0
9357,201411,1,932.0,12,0.0,0.0,7.0,,2859.03,549.86,0.0,41,0.0,289.0,1500.0
9358,201410,0,2124.0,12,15.0,8.0,12.0,459.0,2000.0,562.26,0.0,40,3.0,305.19,2009.0
9359,201411,1,321.0,12,0.0,0.0,0.0,,600.0,,,50,0.0,,
9360,201405,1,1125.0,12,0.0,0.0,11.0,159.0,2311.28,924.24,205.47,42,0.0,486.32,6632.26
9361,201412,0,525.0,10,0.0,0.0,0.0,,1069.21,,,37,0.0,,400.0
9362,201410,0,3021.0,10,29.0,9.0,12.0,370.0,420.0,629.58,108.76,37,6.0,383.82,
9363,201412,1,203.0,12,0.0,0.0,0.0,,1000.0,,,73,0.0,,300.0
9364,201409,0,766.0,6,0.0,0.0,4.0,,500.0,412.12,133.21,65,0.0,656.32,
9365,201404,1,418.0,12,0.0,0.0,0.0,,791.49,,,20,0.0,,791.49
9366,201403,1,,5,0.0,0.0,0.0,,500.0,,,55,0.0,,1750.0
9367,201411,1,655.0,12,0.0,0.0,0.0,,1000.0,,,43,0.0,263.13,1400.0
9368,201411,0,578.0,3,0.0,0.0,0.0,,300.0,,,41,0.0,,300.0
9369,201407,0,684.0,8,0.0,0.0,0.0,,500.0,,,21,0.0,182.11,500.0
9370,201411,0,716.0,3,0.0,0.0,0.0,,300.0,,,20,0.0,385.73,
9371,201410,1,410.0,6,0.0,0.0,0.0,,1000.0,,,34,0.0,,
9372,201405,1,435.0,12,0.0,0.0,0.0,,1818.5,,,57,0.0,,2818.5
9373,201403,0,390.0,10,0.0,0.0,0.0,,800.35,,,42,0.0,,800.35
9374,201401,0,4716.0,10,27.0,0.0,4.0,,1500.0,205.86,0.0,51,7.0,228.59,4000.0
9375,201412,0,1766.0,12,6.0,9.0,9.0,349.0,1320.09,358.97,37.42,37,2.0,169.4,
9376,201410,0,1694.0,8,8.0,7.0,8.0,,2000.0,416.64,124.73,45,1.0,10.04,4209.4
9377,201402,1,178.0,12,0.0,0.0,0.0,,1200.72,,,45,0.0,,1200.72
9378,201408,0,1762.0,12,6.0,6.0,6.0,592.0,1000.0,,,63,3.0,102.52,2200.0
9379,201405,0,1980.0,12,13.0,11.0,12.0,417.0,1500.0,1053.52,48.88,55,4.0,386.08,2500.0
9380,201405,0,3364.0,12,54.0,10.0,9.0,840.0,1000.0,,,57,6.0,0.0,2500.0
9381,201410,0,991.0,12,0.0,0.0,8.0,,1000.0,1397.4,19.92,60,0.0,1149.91,
9382,201409,0,242.0,8,0.0,0.0,0.0,,1000.0,,,43,0.0,,500.0
9383,201412,1,3156.0,12,39.0,10.0,8.0,270.0,1886.68,1056.73,0.0,50,5.0,340.11,
9384,201406,0,237.0,12,0.0,0.0,0.0,,1000.0,,,48,0.0,,1000.0
9385,201406,0,471.0,10,0.0,0.0,0.0,,600.0,,,43,0.0,,600.0
9386,201411,0,3958.0,8,78.0,12.0,12.0,497.0,1000.0,1311.42,0.0,49,5.0,806.23,
9387,201402,1,549.0,12,0.0,0.0,0.0,,1000.0,,,37,0.0,,2000.0
9388,201409,1,551.0,12,0.0,0.0,0.0,,1000.0,,,52,0.0,0.0,400.0
9389,201401,0,3365.0,10,40.0,11.0,12.0,608.0,1000.0,1060.23,260.52,54,23.0,628.38,2400.0
9390,201409,0,1091.0,6,0.0,0.0,5.0,143.0,1674.03,184.94,57.01,41,0.0,,5226.67
9391,201402,0,1711.0,12,7.0,12.0,12.0,455.0,1500.0,,,59,1.0,74.4,3000.0
9392,201409,0,363.0,12,0.0,0.0,0.0,,700.0,,,37,0.0,,
9393,201405,1,2803.0,6,9.0,0.0,10.0,,300.0,385.02,45.15,36,26.0,328.22,611.07
9394,201401,0,975.0,12,0.0,0.0,8.0,,2627.66,571.09,65.9,34,0.0,304.27,5255.32
9395,201411,1,1184.0,12,0.0,3.0,4.0,90.0,1751.8,,,54,0.0,,1200.0
9396,201402,0,306.0,12,0.0,0.0,0.0,,600.0,,,48,0.0,,1700.0
9397,201409,0,165.0,12,0.0,0.0,0.0,,700.0,,,71,0.0,,
9398,201410,1,707.0,12,0.0,0.0,1.0,,1000.0,,,44,0.0,100.56,
9399,201405,0,3173.0,4,44.0,12.0,12.0,2405.0,670.0,1281.69,0.0,63,4.0,124.85,670.0
9400,201412,0,4860.0,12,40.0,6.0,5.0,542.0,2000.0,251.86,76.93,49,13.0,157.84,
9401,201409,0,2471.0,12,7.0,0.0,0.0,,400.0,,,63,2.0,,350.0
9402,201402,0,4403.0,12,53.0,6.0,12.0,384.0,1000.0,773.73,0.0,48,27.0,500.96,2000.0
9403,201411,0,3809.0,10,46.0,8.0,11.0,,1300.0,1433.1,322.54,48,19.0,788.67,5200.0
9404,201409,1,262.0,12,0.0,0.0,0.0,,2000.0,,,35,0.0,,
9405,201412,1,1458.0,12,0.0,11.0,11.0,633.0,1200.0,736.88,45.37,47,0.0,542.54,700.0
9406,201408,1,111.0,12,0.0,0.0,0.0,,1010.49,,,21,0.0,,1010.49
9407,201408,0,1079.0,12,0.0,0.0,11.0,,1500.0,629.51,0.0,46,0.0,392.06,6755.32
9408,201405,0,1000.0,12,0.0,0.0,9.0,,1000.0,559.09,77.13,61,0.0,246.12,1000.0
9409,201403,0,4805.0,12,8.0,0.0,0.0,,2200.0,,,46,38.0,177.37,4033.52
9410,201407,0,1053.0,12,0.0,0.0,11.0,,1456.34,685.51,111.66,53,0.0,283.15,1906.34
9411,201412,0,1568.0,12,3.0,11.0,11.0,516.0,1500.0,424.84,0.0,45,1.0,468.54,1000.0
9412,201409,0,467.0,12,0.0,0.0,0.0,,3000.0,,,64,0.0,,1516.15
9413,201410,0,349.0,12,0.0,0.0,0.0,,1500.0,,,48,0.0,,
9414,201404,0,1287.0,12,0.0,3.0,0.0,32.0,1963.72,,,61,0.0,0.0,3997.98
9415,201402,0,744.0,6,0.0,0.0,1.0,,1600.0,83.93,0.0,65,0.0,100.44,5891.86
9416,201408,0,2478.0,5,20.0,8.0,6.0,511.0,500.0,447.85,0.0,48,3.0,514.81,500.0
9417,201402,0,1090.0,12,0.0,0.0,12.0,75.0,1353.28,228.91,22.95,54,0.0,16.27,1839.14
9418,201409,0,389.0,10,0.0,0.0,0.0,,1000.0,,,52,0.0,,1500.0
9419,201409,1,427.0,12,0.0,0.0,0.0,,1000.0,,,46,0.0,,
9420,201402,0,3138.0,12,15.0,6.0,8.0,,340.0,245.28,82.33,74,14.0,155.0,680.0
9421,201407,1,326.0,8,0.0,0.0,0.0,,300.0,,,59,0.0,,300.0
9422,201404,0,490.0,12,0.0,0.0,0.0,,1000.0,,,35,0.0,,1000.0
9423,201405,1,795.0,12,0.0,0.0,3.0,,2500.0,460.51,138.6,54,0.0,337.07,4700.0
9424,201408,1,988.0,12,0.0,0.0,8.0,,1350.0,815.75,7.55,50,0.0,,1350.0
9425,201412,0,560.0,12,0.0,0.0,0.0,,1500.0,,,50,0.0,0.0,1000.0
9426,201412,0,1025.0,5,0.0,0.0,10.0,,1100.0,305.13,0.0,51,0.0,449.45,1050.0
9427,201404,1,1249.0,10,0.0,5.0,12.0,550.0,1000.0,119.97,0.0,40,0.0,41.58,1000.0
9428,201410,0,301.0,12,0.0,0.0,0.0,,1000.0,,,32,0.0,,
9429,201403,0,2054.0,12,10.0,5.0,12.0,242.0,1000.0,429.57,113.64,68,9.0,180.97,4000.0
9430,201404,1,330.0,12,0.0,0.0,0.0,,3000.0,,,61,0.0,,3000.0
9431,201409,1,417.0,12,0.0,0.0,0.0,,1284.33,,,21,0.0,,
9432,201403,0,793.0,12,0.0,0.0,2.0,,1200.0,340.87,0.0,34,0.0,460.69,1200.0
9433,201407,0,1624.0,12,5.0,10.0,5.0,734.0,1304.38,320.82,0.0,37,0.0,0.0,2523.24
9434,201405,0,526.0,12,0.0,0.0,0.0,,1200.0,,,57,0.0,,1200.0
9435,201406,0,426.0,12,0.0,0.0,0.0,,1240.0,,,47,0.0,,1860.0
9436,201406,0,276.0,3,0.0,0.0,0.0,,300.0,,,50,0.0,,300.0
9437,201407,0,1237.0,8,0.0,4.0,12.0,263.0,500.0,413.79,137.84,34,0.0,214.84,1800.0
9438,201407,1,3337.0,12,36.0,11.0,11.0,814.0,1867.4,1028.96,328.68,41,7.0,764.08,1867.4
9439,201404,1,348.0,12,0.0,0.0,0.0,,800.0,,,47,0.0,,800.0
9440,201407,0,2619.0,12,15.0,0.0,10.0,200.0,2000.0,871.8,241.97,41,7.0,575.72,3100.0
9441,201410,0,988.0,6,0.0,0.0,4.0,,300.0,93.57,0.0,37,0.0,33.1,3350.0
9442,201404,1,392.0,12,0.0,0.0,0.0,,1200.0,,,49,0.0,,1200.0
9443,201407,1,215.0,12,0.0,0.0,0.0,,500.0,,,40,0.0,,500.0
9444,201407,0,1288.0,12,1.0,5.0,12.0,266.0,1000.0,748.69,0.0,61,1.0,383.02,1737.41
9445,201406,1,311.0,12,0.0,0.0,0.0,,1358.69,,,47,0.0,,1358.69
9446,201405,1,4870.0,8,25.0,0.0,0.0,,1000.0,,,50,13.0,0.0,2600.0
9447,201404,0,399.0,4,0.0,0.0,0.0,,300.0,,,49,0.0,,300.0
9448,201406,0,307.0,12,0.0,0.0,0.0,,1000.0,,,57,0.0,,1800.0
9449,201402,0,2246.0,12,22.0,11.0,12.0,1036.0,2000.0,634.27,82.45,57,4.0,724.35,7000.0
9450,201402,0,1452.0,12,0.0,8.0,9.0,488.0,800.0,423.95,36.09,60,0.0,301.88,2912.08
9451,201408,0,2673.0,12,36.0,8.0,9.0,125.0,1000.0,338.58,38.68,59,3.0,215.53,1000.0
9452,201407,0,2026.0,7,11.0,7.0,11.0,387.0,700.0,456.21,0.0,37,7.0,436.24,1153.95
9453,201401,0,336.0,12,0.0,0.0,0.0,,600.0,,,31,0.0,,600.0
9454,201411,1,395.0,12,0.0,0.0,0.0,,1429.1,,,47,0.0,,
9455,201402,0,1638.0,12,5.0,10.0,12.0,79.0,1000.0,,,40,2.0,46.8,2000.0
9456,201403,0,161.0,12,0.0,0.0,0.0,,870.26,,,47,0.0,,870.26
9457,201405,0,3029.0,12,43.0,10.0,11.0,751.0,3000.0,725.79,0.0,63,8.0,245.94,16444.54
9458,201407,0,500.0,12,0.0,0.0,0.0,,1000.0,,,55,0.0,0.0,1000.0
9459,201409,0,267.0,6,0.0,0.0,0.0,,400.0,,,60,0.0,,
9460,201407,0,402.0,4,0.0,0.0,0.0,,516.5,,,37,0.0,,516.5
9461,201404,0,711.0,12,0.0,0.0,0.0,,1000.0,,,50,0.0,383.61,1000.0
9462,201405,1,686.0,12,0.0,0.0,0.0,,1000.0,,,37,0.0,241.0,1000.0
9463,201408,0,598.0,12,0.0,0.0,0.0,,1750.19,,,38,0.0,0.0,1750.19
9464,201401,1,356.0,5,0.0,0.0,0.0,,300.0,,,33,0.0,,600.0
9465,201407,0,4608.0,12,46.0,4.0,12.0,386.0,1000.0,513.7,98.91,33,17.0,280.53,1000.0
9466,201408,1,969.0,12,0.0,0.0,8.0,,1495.16,550.21,91.39,43,0.0,293.25,1495.16
9467,201406,0,845.0,12,0.0,0.0,5.0,,1000.0,619.32,226.19,56,0.0,414.64,2600.0
9468,201408,1,618.0,12,0.0,0.0,0.0,,1025.64,,,19,0.0,60.0,1025.64
9469,201407,1,2548.0,12,14.0,3.0,2.0,,1000.0,279.2,95.27,53,19.0,324.94,1000.0
9470,201412,0,1840.0,12,12.0,11.0,8.0,484.0,1463.82,535.88,0.0,50,1.0,249.74,17689.79
9471,201402,0,788.0,12,0.0,0.0,2.0,,2000.0,523.12,185.63,43,0.0,401.16,5000.0
9472,201410,0,479.0,6,0.0,0.0,0.0,,500.0,,,45,0.0,,
9473,201411,0,1311.0,3,0.0,4.0,5.0,67.0,600.0,500.0,0.0,40,0.0,415.84,2953.36
9474,201404,0,1050.0,3,0.0,0.0,10.0,178.0,250.0,187.25,43.28,42,0.0,200.0,250.0
9475,201403,1,570.0,12,0.0,0.0,0.0,,2574.35,,,39,0.0,0.0,5189.72
9476,201405,0,938.0,12,0.0,0.0,6.0,,1000.0,104.35,0.0,41,0.0,,2000.0
9477,201408,0,1300.0,12,0.0,6.0,12.0,962.0,2677.04,1516.2,0.0,48,0.0,724.76,2677.04
9478,201411,1,226.0,5,0.0,0.0,0.0,,200.0,,,39,0.0,,
9479,201407,0,2850.0,12,4.0,0.0,1.0,,2000.0,,,32,2.0,,2000.0
9480,201409,0,469.0,12,0.0,0.0,0.0,,1500.0,,,49,0.0,,
9481,201405,0,214.0,12,0.0,0.0,0.0,,1000.0,,,66,0.0,,1000.0
9482,201408,0,1492.0,12,1.0,2.0,0.0,156.0,1000.0,,,69,1.0,,2500.0
9483,201410,0,150.0,12,0.0,0.0,0.0,,2015.06,,,39,0.0,,
9484,201401,0,869.0,10,0.0,0.0,2.0,,1000.0,69.99,0.0,40,0.0,,3373.58
9485,201407,0,239.0,9,0.0,0.0,0.0,,1000.0,,,55,0.0,,1000.0
9486,201403,0,296.0,8,0.0,0.0,0.0,,500.0,,,42,0.0,,500.0
9487,201409,0,3866.0,7,31.0,0.0,11.0,,500.0,253.82,0.0,37,10.0,180.0,
9488,201406,0,740.0,12,0.0,0.0,3.0,,1800.0,76.8,26.83,56,0.0,133.36,3800.0
9489,201407,0,1859.0,12,12.0,2.0,0.0,,2000.0,,,33,1.0,,2000.0
9490,201403,0,1414.0,12,0.0,8.0,12.0,995.0,1131.52,689.77,61.83,52,0.0,362.0,1131.52
9491,201406,0,117.0,4,0.0,0.0,0.0,,500.0,,,35,0.0,,1047.58
9492,201401,1,1069.0,12,0.0,0.0,12.0,203.0,900.0,326.76,102.85,52,0.0,194.0,1800.0
9493,201401,0,251.0,12,0.0,0.0,0.0,,980.0,,,55,0.0,,2660.0
9494,201408,1,961.0,8,0.0,0.0,8.0,,1140.0,538.72,167.44,57,0.0,238.1,1140.0
9495,201401,0,322.0,12,0.0,0.0,0.0,,1126.1,,,52,0.0,,1126.1
9496,201402,0,1529.0,12,1.0,7.0,4.0,108.0,2000.0,319.94,72.06,46,1.0,227.9,5200.0
9497,201403,0,391.0,12,0.0,0.0,0.0,,1500.0,,,45,0.0,,3400.0
9498,201407,1,409.0,12,0.0,0.0,0.0,,1390.0,,,49,0.0,,2094.32
9499,201407,0,226.0,3,0.0,0.0,0.0,,500.0,,,49,0.0,,500.0
9500,201404,1,447.0,12,0.0,0.0,0.0,,1500.0,,,39,0.0,,1500.0
9501,201405,0,494.0,12,0.0,0.0,0.0,,1000.0,,,47,0.0,,1000.0
9502,201408,0,3262.0,12,15.0,0.0,0.0,,1500.0,,,56,6.0,,1500.0
9503,201406,1,202.0,6,0.0,0.0,0.0,,1000.0,,,47,0.0,,1000.0
9504,201406,0,475.0,12,0.0,0.0,0.0,,1000.0,,,40,0.0,,1000.0
9505,201401,1,689.0,12,0.0,0.0,0.0,,1072.08,320.95,101.0,40,0.0,201.92,2144.16
9506,201402,0,937.0,12,0.0,0.0,8.0,,800.0,442.4,131.07,47,0.0,386.34,800.0
9507,201408,0,1193.0,10,0.0,3.0,11.0,409.0,600.0,1212.99,80.8,48,0.0,656.07,2650.0
9508,201403,1,4162.0,12,5.0,0.0,0.0,,2900.69,,,41,18.0,0.0,4900.69
9509,201410,0,2413.0,12,24.0,1.0,12.0,162.0,1000.0,715.69,174.86,32,1.0,233.87,
9510,201401,0,1416.0,12,1.0,5.0,4.0,319.0,1000.0,,,56,4.0,,2000.0
9511,201401,0,388.0,12,0.0,0.0,0.0,,700.0,,,62,0.0,,1400.0
9512,201405,1,937.0,12,0.0,0.0,7.0,,979.96,397.84,35.6,46,0.0,227.68,979.96
9513,201404,0,4826.0,12,96.0,12.0,11.0,2698.0,3000.0,2591.94,0.0,39,12.0,1003.12,5000.0
9514,201403,0,1444.0,12,0.0,11.0,12.0,842.0,1000.0,655.92,35.09,40,0.0,659.8,4000.0
9515,201401,1,1941.0,12,11.0,9.0,1.0,195.0,1000.0,196.07,70.1,33,3.0,150.2,2000.0
9516,201402,0,476.0,12,0.0,0.0,0.0,,1800.0,,,40,0.0,,4241.6
9517,201405,0,1779.0,3,5.0,3.0,3.0,192.0,414.17,,,47,6.0,,414.17
9518,201410,1,2490.0,12,24.0,11.0,12.0,1165.0,1000.0,395.89,0.0,48,10.0,,
9519,201412,1,385.0,12,0.0,0.0,0.0,,1840.29,,,23,0.0,,
9520,201409,0,1269.0,4,0.0,4.0,12.0,382.0,300.0,259.91,0.0,71,0.0,76.82,450.0
9521,201409,0,646.0,12,0.0,0.0,0.0,,1650.0,,,67,0.0,108.02,3000.0
9522,201411,0,5042.0,12,43.0,11.0,8.0,124.0,3000.0,125.93,0.0,46,23.0,86.66,
9523,201405,1,4868.0,12,99.0,11.0,12.0,588.0,1900.0,612.87,177.05,34,11.0,470.0,4344.58
9524,201410,0,4795.0,12,33.0,5.0,0.0,357.0,3000.0,,,46,2.0,,2500.0
9525,201404,0,867.0,12,0.0,0.0,4.0,,600.0,55.09,18.55,55,0.0,0.0,1200.0
9526,201403,0,1414.0,12,0.0,6.0,12.0,424.0,830.0,435.84,0.0,53,0.0,248.67,1660.0
9527,201412,0,669.0,6,0.0,0.0,0.0,,650.0,,,32,0.0,332.03,
9528,201407,1,448.0,12,0.0,0.0,0.0,,1500.0,,,40,0.0,,1500.0
9529,201402,0,1111.0,12,0.0,0.0,3.0,19.0,500.0,101.95,0.0,45,0.0,128.85,3750.0
9530,201409,1,774.0,7,0.0,0.0,2.0,,400.0,297.4,0.0,35,0.0,482.62,
9531,201404,0,737.0,10,0.0,0.0,1.0,,1400.0,571.06,183.2,46,0.0,690.03,3900.0
9532,201408,0,130.0,12,0.0,0.0,0.0,,1000.0,,,58,0.0,,1341.1
9533,201401,1,536.0,12,0.0,0.0,0.0,,1000.0,,,50,0.0,,2000.0
9534,201405,0,2833.0,12,33.0,12.0,12.0,1202.0,600.0,527.82,0.0,61,10.0,408.22,600.0
9535,201408,1,3288.0,12,9.0,0.0,3.0,,800.0,129.94,0.0,35,3.0,22.86,468.0
9536,201405,0,639.0,12,0.0,0.0,0.0,,2000.0,,,47,0.0,97.83,2000.0
9537,201410,0,760.0,12,0.0,0.0,2.0,,1280.0,546.25,141.34,67,0.0,556.87,2000.0
9538,201401,0,3104.0,12,11.0,0.0,6.0,,2000.0,267.28,0.0,51,1.0,117.05,4000.0
9539,201404,0,221.0,12,0.0,0.0,0.0,,400.0,,,19,0.0,,400.0
9540,201410,1,564.0,12,0.0,0.0,0.0,,881.0,,,40,0.0,,1200.0
9541,201406,0,3375.0,12,62.0,12.0,12.0,619.0,500.0,455.15,69.32,56,1.0,375.12,5300.0
9542,201406,1,3089.0,12,9.0,0.0,0.0,,2717.8,,,47,6.0,,3517.8
9543,201409,0,1988.0,12,19.0,12.0,12.0,696.0,2344.0,1474.96,419.34,62,1.0,775.99,5000.0
9544,201410,0,213.0,12,0.0,0.0,0.0,,900.0,,,39,0.0,,1200.0
9545,201403,1,390.0,12,0.0,0.0,0.0,,977.25,,,68,0.0,,977.25
9546,201405,0,567.0,12,0.0,0.0,0.0,,866.18,,,54,0.0,0.0,866.18
9547,201402,0,898.0,12,0.0,0.0,5.0,,1000.0,318.25,0.0,41,0.0,281.49,2000.0
9548,201410,1,839.0,12,0.0,0.0,4.0,,1400.0,305.73,0.0,40,0.0,152.5,1381.48
9549,201403,0,2093.0,12,11.0,8.0,0.0,,1000.0,,,33,8.0,,2000.0
9550,201410,0,1596.0,4,4.0,8.0,9.0,644.0,150.0,275.44,0.0,42,1.0,418.09,
9551,201404,0,1089.0,12,0.0,0.0,10.0,129.0,1200.0,1108.2,0.0,48,0.0,667.92,2134.04
9552,201403,0,3496.0,7,52.0,5.0,7.0,174.0,300.0,,,32,6.0,,1100.0
9553,201410,1,883.0,12,0.0,0.0,5.0,,800.0,154.77,0.0,41,0.0,104.0,
9554,201403,0,1041.0,12,0.0,0.0,10.0,,425.0,549.35,78.47,44,0.0,399.48,425.0
9555,201404,0,,12,,,,,1400.0,,,54,,,1400.0
9556,201408,0,3859.0,12,9.0,0.0,1.0,,2000.0,1082.44,369.65,50,8.0,699.37,2000.0
9557,201412,0,721.0,12,0.0,0.0,0.0,,650.0,101.98,0.0,54,0.0,360.34,430.0
9558,201407,0,1644.0,12,4.0,2.0,12.0,157.0,1000.0,168.36,46.4,42,2.0,43.55,2441.0
9559,201401,1,306.0,8,0.0,0.0,0.0,,1000.0,,,36,0.0,,2000.0
9560,201411,0,577.0,7,0.0,0.0,0.0,,500.0,,,52,0.0,0.0,
9561,201412,1,182.0,12,0.0,0.0,0.0,,2073.43,,,46,0.0,,
9562,201405,1,2664.0,12,5.0,0.0,0.0,,1000.0,,,50,4.0,,1000.0
9563,201410,0,3614.0,12,61.0,7.0,12.0,655.0,1500.0,1531.18,467.03,54,4.0,1024.28,4600.0
9564,201410,1,1405.0,12,0.0,2.0,7.0,223.0,1000.0,411.93,0.0,48,0.0,220.0,1000.0
9565,201401,1,243.0,8,0.0,0.0,0.0,,1300.0,,,49,0.0,,2600.0
9566,201403,0,2200.0,12,18.0,4.0,8.0,300.0,500.0,229.96,0.0,56,5.0,102.13,500.0
9567,201409,0,545.0,12,0.0,0.0,0.0,,650.0,,,62,0.0,0.0,401.37
9568,201408,1,1923.0,8,8.0,2.0,1.0,,350.0,,,50,6.0,20.49,350.0
9569,201411,0,530.0,3,0.0,0.0,0.0,,300.0,,,71,0.0,0.0,768.94
9570,201411,0,1401.0,5,0.0,6.0,12.0,537.0,300.0,644.6,154.68,62,0.0,440.01,
9571,201405,0,2329.0,12,18.0,7.0,9.0,336.0,1266.0,400.31,122.4,32,10.0,462.11,1266.0
9572,201408,0,3002.0,12,7.0,0.0,0.0,,500.0,,,51,4.0,,1000.0
9573,201409,0,548.0,12,0.0,0.0,0.0,,838.62,,,48,0.0,,2420.13
9574,201408,0,812.0,12,0.0,0.0,2.0,,1500.0,1040.97,0.0,43,0.0,1144.56,3000.0
9575,201411,0,256.0,12,0.0,0.0,0.0,,931.02,,,39,0.0,,177.47
9576,201408,0,2066.0,10,16.0,11.0,11.0,176.0,1000.0,336.1,46.81,67,3.0,262.45,8000.0
9577,201410,0,2473.0,10,26.0,11.0,12.0,267.0,1200.0,220.95,0.0,44,4.0,119.62,
9578,201411,0,3617.0,3,35.0,6.0,11.0,103.0,250.0,330.91,0.0,52,23.0,252.87,1800.0
9579,201405,1,1012.0,12,0.0,0.0,9.0,,1000.0,747.07,142.45,44,0.0,326.0,600.0
9580,201408,0,2211.0,12,10.0,5.0,9.0,338.0,2440.77,471.71,0.0,52,10.0,145.42,4840.77
9581,201408,0,779.0,3,0.0,0.0,2.0,,200.0,160.75,0.0,46,0.0,143.91,1632.0
9582,201405,1,621.0,12,0.0,0.0,2.0,,3000.0,,,35,0.0,41.89,3982.33
9583,201407,0,439.0,12,0.0,0.0,0.0,,1500.0,,,47,0.0,,1500.0
9584,201411,0,1537.0,4,2.0,6.0,11.0,163.0,300.0,214.18,44.22,44,1.0,153.88,
9585,201404,0,1155.0,12,0.0,1.0,12.0,480.0,2000.0,822.71,0.0,53,0.0,692.83,5200.0
9586,201411,0,998.0,3,0.0,0.0,9.0,,200.0,220.71,70.77,41,0.0,141.97,
9587,201410,0,2905.0,5,10.0,0.0,3.0,,500.0,399.86,0.0,48,1.0,337.16,
9588,201403,0,1265.0,3,0.0,5.0,11.0,215.0,400.0,369.86,0.0,47,0.0,236.94,1000.0
9589,201408,1,191.0,12,0.0,0.0,0.0,,500.0,,,49,0.0,,500.0
9590,201404,0,3070.0,8,23.0,0.0,7.0,,500.0,1344.98,265.41,53,18.0,387.09,500.0
9591,201403,0,352.0,12,0.0,0.0,1.0,,755.04,,,44,0.0,,755.04
9592,201404,0,2019.0,12,9.0,8.0,12.0,519.0,1500.0,734.7,213.37,49,6.0,429.13,3632.1
9593,201405,1,295.0,12,0.0,0.0,0.0,,721.89,,,40,0.0,,721.89
9594,201412,0,400.0,12,0.0,0.0,0.0,,1500.0,,,62,0.0,,
9595,201404,1,292.0,12,0.0,0.0,0.0,,1100.0,,,46,0.0,,1100.0
9596,201409,1,1361.0,12,0.0,6.0,12.0,432.0,1920.0,363.28,0.0,42,0.0,113.64,1405.29
9597,201402,1,1114.0,12,0.0,1.0,10.0,487.0,600.0,188.34,0.0,52,0.0,237.68,2400.0
9598,201401,0,2228.0,12,21.0,11.0,12.0,558.0,1500.0,763.63,0.0,48,3.0,332.71,3600.0
9599,201410,0,2693.0,4,19.0,4.0,10.0,142.0,1000.0,294.31,0.0,57,19.0,151.56,3800.0
9600,201411,0,2814.0,12,1.0,0.0,0.0,,1500.0,,,41,5.0,,
9601,201412,0,1026.0,6,0.0,0.0,3.0,,200.0,5.99,0.0,50,0.0,,799.85
9602,201406,0,933.0,12,0.0,0.0,9.0,,1000.0,520.14,142.0,50,0.0,586.89,2000.0
9603,201405,0,1366.0,12,0.0,6.0,12.0,574.0,1000.0,673.54,117.71,48,0.0,473.36,2400.0
9604,201411,1,395.0,12,0.0,0.0,0.0,,2515.61,,,41,0.0,,
9605,201409,1,831.0,12,0.0,0.0,4.0,,1500.0,353.52,0.0,55,0.0,166.36,
9606,201404,0,418.0,12,0.0,0.0,0.0,,900.0,,,39,0.0,,1358.23
9607,201409,0,467.0,12,0.0,0.0,0.0,,3000.0,,,66,0.0,,
9608,201403,0,812.0,12,0.0,0.0,2.0,,1500.0,25.5,0.0,46,0.0,177.36,1500.0
9609,201402,1,247.0,12,0.0,0.0,0.0,,1219.97,,,40,0.0,,2439.94
9610,201404,1,613.0,12,0.0,0.0,0.0,,3000.0,,,55,0.0,83.5,3000.0
9611,201410,0,3223.0,5,12.0,0.0,6.0,,600.0,666.4,209.5,45,4.0,576.39,3000.0
9612,201401,0,967.0,12,0.0,0.0,8.0,,1000.0,857.85,0.0,70,0.0,596.56,5460.08
9613,201407,0,783.0,12,0.0,0.0,1.0,,1000.0,269.91,0.0,48,0.0,334.64,1000.0
9614,201402,0,890.0,12,0.0,0.0,2.0,,1500.0,388.72,133.81,51,0.0,,4200.0
9615,201408,0,1391.0,12,0.0,3.0,8.0,85.0,1280.42,,,46,0.0,,1280.42
9616,201407,0,2504.0,12,15.0,0.0,0.0,,1000.0,,,37,6.0,,1000.0
9617,201408,1,455.0,12,0.0,0.0,0.0,,500.0,,,40,0.0,,1000.0
9618,201411,0,1073.0,3,0.0,0.0,10.0,,300.0,312.31,0.0,40,0.0,93.62,
9619,201407,0,1118.0,12,0.0,0.0,12.0,315.0,2000.0,406.77,0.0,55,0.0,81.13,8400.0
9620,201407,0,1048.0,5,0.0,0.0,10.0,,2000.0,466.05,0.0,45,0.0,564.03,2000.0
9621,201405,0,803.0,12,0.0,0.0,2.0,,918.33,105.94,0.0,57,0.0,55.9,1918.33
9622,201410,0,2019.0,12,8.0,6.0,12.0,453.0,3000.0,178.44,50.46,61,2.0,46.25,7900.0
9623,201410,0,2617.0,12,30.0,7.0,12.0,331.0,2200.0,530.85,0.0,36,8.0,234.1,3619.89
9624,201412,1,1111.0,10,0.0,0.0,12.0,257.0,700.0,,,38,0.0,231.59,
9625,201410,0,750.0,6,0.0,0.0,1.0,,300.0,131.54,0.0,48,0.0,274.17,500.0
9626,201406,0,2735.0,8,3.0,3.0,0.0,29.0,1300.0,,,51,4.0,,1300.0
9627,201401,1,402.0,12,0.0,0.0,0.0,,1000.0,,,49,0.0,,2000.0
9628,201408,0,1881.0,8,7.0,9.0,0.0,,200.0,,,55,10.0,0.0,200.0
9629,201408,0,763.0,12,0.0,0.0,1.0,,850.0,343.1,56.29,52,0.0,417.76,850.0
9630,201402,0,516.0,12,0.0,0.0,0.0,,1000.0,,,47,0.0,0.0,2700.0
9631,201407,0,1033.0,10,0.0,0.0,10.0,,700.0,492.03,0.0,43,0.0,155.29,1400.0
9632,201407,1,235.0,12,0.0,0.0,0.0,,1000.0,,,45,0.0,,1000.0
9633,201407,0,231.0,12,0.0,0.0,0.0,,1000.0,,,58,0.0,,1000.0
9634,201406,0,323.0,12,0.0,0.0,0.0,,2000.0,,,57,0.0,,3800.0
9635,201406,0,822.0,12,0.0,0.0,3.0,,1000.0,500.12,133.47,37,0.0,380.73,3000.0
9636,201411,0,272.0,12,0.0,0.0,0.0,,1000.0,,,40,0.0,,
9637,201404,1,880.0,12,0.0,0.0,4.0,,600.0,431.32,113.69,34,0.0,200.73,600.0
9638,201411,0,2839.0,12,25.0,4.0,12.0,199.0,1000.0,602.18,164.18,51,18.0,317.47,1500.0
9639,201406,1,564.0,12,0.0,0.0,0.0,,1988.31,,,37,0.0,0.0,2488.31
9640,201404,0,897.0,4,1.0,0.0,7.0,,150.0,179.96,0.0,48,3.0,63.75,150.0
9641,201411,0,321.0,4,0.0,0.0,0.0,,800.0,,,49,0.0,,
9642,201406,0,246.0,12,0.0,0.0,0.0,,1000.0,,,60,0.0,,1108.96
9643,201412,0,3182.0,12,49.0,12.0,12.0,1078.0,1500.0,1349.49,323.75,48,4.0,554.68,3500.0
9644,201406,0,408.0,10,0.0,0.0,0.0,,2500.0,,,51,0.0,,4500.0
9645,201406,0,1349.0,12,0.0,7.0,5.0,405.0,2506.83,117.94,0.0,48,0.0,127.69,3169.34
9646,201410,0,315.0,10,0.0,0.0,0.0,,1000.0,,,42,0.0,,800.0
9647,201408,0,617.0,12,0.0,0.0,0.0,,1000.0,,,56,0.0,207.25,1000.0
9648,201406,0,879.0,12,0.0,0.0,5.0,,1000.0,481.11,162.29,62,0.0,260.04,1000.0
9649,201411,1,220.0,12,0.0,0.0,0.0,,1788.83,,,41,0.0,,
9650,201411,1,618.0,12,0.0,0.0,0.0,,500.0,,,35,0.0,122.18,328.0
9651,201402,1,994.0,12,0.0,0.0,9.0,,1500.0,638.34,0.0,40,0.0,219.44,1141.64
9652,201406,0,510.0,3,0.0,0.0,0.0,,350.0,,,39,0.0,,473.95
9653,201411,0,1472.0,12,0.0,10.0,12.0,382.0,300.0,429.79,0.0,50,0.0,450.0,4100.0
9654,201402,0,2639.0,12,12.0,0.0,0.0,,1000.0,,,57,4.0,,3966.2
9655,201406,0,704.0,10,0.0,0.0,0.0,,500.0,,,67,0.0,112.9,500.0
9656,201410,0,1320.0,10,0.0,6.0,8.0,105.0,1000.0,824.08,299.08,51,0.0,267.63,
9657,201403,0,1176.0,12,0.0,2.0,11.0,259.0,1000.0,298.56,76.63,57,0.0,408.44,3400.0
9658,201401,0,625.0,8,0.0,0.0,0.0,,1000.0,,,49,0.0,89.32,2000.0
9659,201411,0,2148.0,12,8.0,8.0,12.0,203.0,1500.0,418.05,122.14,48,10.0,372.78,
9660,201401,0,2910.0,12,17.0,8.0,12.0,1323.0,2296.83,1230.55,0.0,52,13.0,765.03,4593.66
9661,201408,0,3678.0,12,14.0,0.0,4.0,,2500.0,266.4,0.0,56,23.0,267.44,7500.0
9662,201410,0,1691.0,4,5.0,8.0,12.0,281.0,500.0,376.8,0.0,56,3.0,515.04,3294.92
9663,201412,0,1746.0,12,6.0,0.0,2.0,,3000.0,91.94,0.0,71,1.0,93.42,7086.52
9664,201405,1,1196.0,12,0.0,2.0,9.0,147.0,1725.4,233.43,42.52,37,0.0,214.02,1725.4
9665,201404,1,2807.0,12,14.0,9.0,8.0,62.0,600.0,129.96,0.0,45,12.0,124.19,600.0
9666,201401,1,2901.0,12,8.0,3.0,3.0,,1000.0,181.95,0.0,42,35.0,136.33,3183.56
9667,201401,1,2172.0,12,19.0,7.0,8.0,,1000.0,1334.13,351.52,53,5.0,611.54,1000.0
9668,201409,0,1544.0,12,2.0,10.0,12.0,459.0,1100.0,528.57,103.74,37,1.0,499.7,8281.3
9669,201412,0,379.0,12,0.0,0.0,0.0,,2000.0,,,38,0.0,,
9670,201404,1,482.0,12,0.0,0.0,0.0,,470.0,,,20,0.0,,470.0
9671,201407,0,115.0,12,0.0,0.0,0.0,,1000.0,,,50,0.0,,1000.0
9672,201403,0,737.0,12,0.0,0.0,3.0,,1200.0,266.75,58.01,68,0.0,287.24,2200.0
9673,201411,1,1051.0,12,0.0,0.0,11.0,,1600.0,1051.21,70.11,58,0.0,308.24,1573.93
9674,201411,0,2974.0,10,46.0,10.0,12.0,332.0,1300.0,634.76,0.0,72,3.0,410.72,4696.53
9675,201401,0,3569.0,12,58.0,8.0,5.0,189.0,1500.0,204.4,76.46,38,8.0,88.8,3000.0
9676,201405,0,1469.0,12,0.0,10.0,2.0,301.0,672.57,,,38,0.0,,4383.64
9677,201411,0,1250.0,12,0.0,3.0,12.0,339.0,2300.0,313.09,0.0,46,0.0,33.0,
9678,201409,0,1041.0,12,0.0,0.0,11.0,267.0,1500.0,629.44,0.0,47,0.0,447.53,300.0
9679,201410,1,266.0,12,0.0,0.0,0.0,,1500.0,,,54,0.0,,589.43
9680,201410,0,1328.0,10,0.0,3.0,11.0,398.0,2000.0,848.11,190.81,35,0.0,207.69,3300.0
9681,201408,1,774.0,12,0.0,0.0,1.0,,2500.0,394.1,0.0,43,0.0,509.41,
9682,201402,0,1380.0,12,0.0,7.0,0.0,450.0,1100.0,,,55,0.0,,4193.78
9683,201408,0,1276.0,10,0.0,5.0,11.0,447.0,1000.0,654.58,0.0,52,0.0,674.69,2000.0
9684,201402,0,393.0,4,0.0,0.0,0.0,,500.0,,,73,0.0,,1400.0
9685,201408,0,983.0,12,0.0,0.0,8.0,,1000.0,360.5,106.79,72,0.0,62.89,
9686,201403,0,4791.0,5,14.0,0.0,0.0,,400.0,,,50,1.0,88.4,400.0
9687,201402,0,1162.0,10,0.0,1.0,12.0,164.0,1000.0,289.49,0.0,48,0.0,337.57,2047.94
9688,201405,0,3110.0,12,40.0,5.0,11.0,739.0,877.6,478.56,106.65,54,13.0,,2317.6
9689,201402,0,4570.0,12,11.0,1.0,9.0,260.0,2000.0,145.95,0.0,63,30.0,,8400.0
9690,201402,1,845.0,12,0.0,0.0,4.0,,600.0,299.66,43.74,61,0.0,305.69,2100.0
9691,201407,0,4930.0,12,81.0,11.0,12.0,491.0,2500.0,1165.31,31.67,45,19.0,428.99,2500.0
9692,201405,0,2497.0,10,1.0,0.0,9.0,,1500.0,863.18,86.24,31,5.0,288.97,2619.98
9693,201404,1,1193.0,12,0.0,2.0,12.0,132.0,600.0,357.98,66.06,52,0.0,296.47,600.0
9694,201404,0,1079.0,12,0.0,0.0,12.0,191.0,2058.93,307.82,0.0,35,0.0,87.39,2058.93
9695,201410,0,595.0,12,0.0,0.0,0.0,,600.0,,,51,0.0,115.71,
9696,201409,0,84.0,12,0.0,0.0,0.0,,1200.0,,,68,0.0,,1000.0
9697,201406,0,920.0,5,0.0,0.0,6.0,,300.0,229.98,0.0,38,0.0,411.3,300.0
9698,201412,0,629.0,8,0.0,0.0,0.0,,900.0,,,45,0.0,211.57,
9699,201404,0,3721.0,12,59.0,9.0,12.0,420.0,600.0,510.85,0.0,48,4.0,343.7,600.0
9700,201404,0,1107.0,12,0.0,0.0,12.0,138.0,1300.0,292.07,53.18,45,0.0,239.57,2100.0
9701,201404,0,1345.0,12,0.0,6.0,11.0,622.0,1000.0,540.03,0.0,52,0.0,323.16,1000.0
9702,201401,1,4156.0,12,38.0,0.0,0.0,,200.0,,,46,12.0,,540.0
9703,201409,0,686.0,6,0.0,0.0,0.0,,600.0,,,55,0.0,178.84,
9704,201409,0,821.0,12,0.0,0.0,3.0,,2479.0,764.08,0.0,59,0.0,1107.94,5000.0
9705,201404,0,223.0,12,0.0,0.0,0.0,,2000.0,,,44,0.0,,2000.0
9706,201402,0,4065.0,12,6.0,4.0,5.0,99.0,2000.0,266.09,0.0,51,14.0,206.12,4000.0
9707,201411,0,2774.0,12,22.0,7.0,0.0,227.0,1000.0,,,53,9.0,,5479.42
9708,201406,0,810.0,12,0.0,0.0,3.0,,1690.0,227.47,0.0,57,0.0,128.79,3237.69
9709,201408,0,2140.0,7,24.0,12.0,11.0,545.0,792.55,626.17,70.37,47,1.0,352.63,2482.55
9710,201410,0,641.0,12,0.0,0.0,0.0,,1500.0,,,49,0.0,110.78,400.0
9711,201409,0,548.0,6,0.0,0.0,0.0,,500.0,,,33,0.0,,200.0
9712,201402,1,345.0,12,0.0,0.0,0.0,,2000.0,,,35,0.0,,4787.93
9713,201402,0,420.0,12,0.0,0.0,0.0,,800.0,,,47,0.0,,2200.0
9714,201403,1,590.0,12,0.0,0.0,0.0,,2000.0,,,46,0.0,0.0,2000.0
9715,201407,1,476.0,12,0.0,0.0,0.0,,670.0,,,67,0.0,,670.0
9716,201407,0,406.0,12,0.0,0.0,0.0,,1500.0,,,50,0.0,,5450.0
9717,201411,0,1186.0,12,0.0,2.0,12.0,593.0,800.0,261.93,0.0,50,0.0,332.97,1300.0
9718,201401,0,4397.0,12,28.0,0.0,0.0,,1300.0,,,55,8.0,,3640.0
9719,201401,0,960.0,3,0.0,0.0,7.0,,600.0,658.62,132.32,53,0.0,128.11,1200.0
9720,201402,0,4873.0,6,18.0,0.0,0.0,,300.0,,,60,17.0,,600.0
9721,201411,0,289.0,12,0.0,0.0,0.0,,1000.0,,,32,0.0,,
9722,201404,0,2038.0,9,7.0,0.0,0.0,,700.0,,,33,2.0,,3446.66
9723,201403,0,1743.0,12,8.0,11.0,12.0,895.0,1600.0,662.69,0.0,37,2.0,394.9,5791.86
9724,201412,0,2906.0,12,10.0,0.0,10.0,113.0,1500.0,278.25,94.33,60,1.0,278.89,3000.0
9725,201409,1,2060.0,12,14.0,12.0,12.0,439.0,2000.0,533.83,0.0,19,3.0,377.0,4000.0
9726,201412,1,1867.0,12,5.0,0.0,0.0,,1991.21,,,35,8.0,,2296.83
9727,201404,0,1948.0,12,14.0,7.0,2.0,,3000.0,284.39,0.0,71,2.0,452.58,7000.0
9728,201408,0,978.0,5,0.0,0.0,8.0,,500.0,518.6,39.17,43,0.0,438.84,500.0
9729,201401,0,799.0,12,0.0,0.0,2.0,,2900.0,294.06,0.0,52,0.0,329.91,3594.13
9730,201406,0,1176.0,12,0.0,3.0,12.0,337.0,2000.0,246.68,76.72,52,0.0,389.5,2900.0
9731,201408,0,1734.0,4,6.0,4.0,4.0,71.0,600.0,,,45,3.0,,600.0
9732,201412,0,583.0,6,0.0,0.0,0.0,,500.0,,,52,0.0,0.0,1200.0
9733,201407,0,2844.0,12,25.0,0.0,0.0,,1000.0,,,43,10.0,,1985.74
9734,201412,0,2129.0,12,15.0,11.0,12.0,519.0,2000.0,756.01,0.0,51,3.0,434.37,3800.0
9735,201409,1,373.0,12,0.0,0.0,0.0,,3000.0,,,51,0.0,,
9736,201409,1,528.0,9,0.0,0.0,0.0,,1000.0,,,40,0.0,,
9737,201405,0,2064.0,12,10.0,9.0,12.0,,700.0,1748.26,0.0,40,5.0,379.53,700.0
9738,201402,0,1468.0,12,0.0,11.0,12.0,253.0,2100.0,362.41,42.5,45,1.0,94.83,11351.1
9739,201405,1,161.0,12,0.0,0.0,0.0,,500.0,,,50,0.0,,500.0
9740,201406,0,365.0,12,0.0,0.0,0.0,,1000.0,,,45,0.0,,1000.0
9741,201404,1,1338.0,10,0.0,4.0,10.0,146.0,500.0,420.04,85.19,49,0.0,152.75,1000.0
9742,201407,0,3213.0,12,15.0,0.0,2.0,,690.0,179.91,0.0,56,9.0,567.12,690.0
9743,201401,0,3328.0,12,25.0,10.0,11.0,812.0,2000.0,354.4,124.55,55,31.0,327.14,4400.0
9744,201411,0,3051.0,12,38.0,11.0,12.0,1554.0,2639.21,617.61,194.84,50,3.0,595.94,762.29
9745,201409,1,305.0,12,0.0,0.0,0.0,,1000.0,,,63,0.0,,
9746,201412,1,978.0,12,0.0,0.0,8.0,,1881.32,255.21,63.31,31,0.0,99.9,500.0
9747,201407,1,872.0,12,0.0,0.0,7.0,,1401.02,465.86,121.01,45,0.0,312.57,1401.02
9748,201407,0,1834.0,12,6.0,6.0,11.0,250.0,1500.0,495.41,65.57,41,6.0,439.0,2900.0
9749,201407,0,1053.0,12,0.0,0.0,12.0,331.0,1000.0,322.92,0.0,73,0.0,163.85,2546.46
9750,201410,0,2709.0,12,6.0,6.0,3.0,320.0,1000.0,,,49,1.0,177.91,1000.0
9751,201403,0,4717.0,12,24.0,0.0,0.0,,600.0,,,45,13.0,,600.0
9752,201405,0,194.0,12,0.0,0.0,0.0,,1000.0,,,67,0.0,,1000.0
9753,201404,0,336.0,12,0.0,0.0,0.0,,690.0,,,55,0.0,,690.0
9754,201401,0,1852.0,11,10.0,10.0,12.0,850.0,600.0,847.6,235.72,66,4.0,777.38,1200.0
9755,201408,0,2953.0,12,48.0,10.0,12.0,419.0,500.0,411.74,97.77,59,2.0,202.03,2127.0
9756,201410,1,979.0,12,0.0,0.0,10.0,,1664.63,226.0,52.03,46,0.0,213.47,
9757,201410,0,1445.0,8,0.0,8.0,0.0,529.0,600.0,,,23,0.0,,
9758,201403,0,1700.0,6,7.0,12.0,11.0,679.0,400.0,631.26,0.0,47,1.0,591.0,400.0
9759,201401,0,2645.0,12,22.0,11.0,12.0,130.0,663.74,869.74,0.0,76,15.0,669.69,1327.48
9760,201405,1,342.0,4,0.0,0.0,0.0,,300.37,,,51,0.0,,300.37
9761,201409,1,1140.0,8,0.0,1.0,8.0,141.0,600.0,244.74,0.0,56,0.0,143.39,3700.0
9762,201411,0,2495.0,10,11.0,2.0,0.0,104.0,1051.0,,,31,13.0,,1600.0
9763,201402,1,298.0,12,0.0,0.0,0.0,,900.0,,,50,0.0,,1800.0
9764,201401,0,1482.0,12,0.0,12.0,12.0,777.0,600.0,403.46,103.12,55,1.0,159.46,2700.0
9765,201408,0,2248.0,6,18.0,9.0,9.0,522.0,1000.0,,,48,3.0,,7570.48
9766,201402,1,305.0,12,0.0,0.0,0.0,,622.0,,,62,0.0,,1244.0
9767,201412,0,158.0,10,0.0,0.0,0.0,,320.0,,,62,0.0,,
9768,201407,1,1182.0,12,0.0,2.0,7.0,190.0,1500.0,276.71,92.35,55,0.0,,10400.0
9769,201407,0,2695.0,12,5.0,9.0,2.0,80.0,1000.0,43.97,0.0,59,2.0,,6560.0
9770,201405,1,1211.0,12,0.0,3.0,12.0,242.0,807.0,360.22,107.82,53,0.0,143.92,807.0
9771,201401,0,2220.0,12,21.0,12.0,11.0,363.0,1214.0,1161.01,0.0,46,4.0,839.92,3713.92
9772,201402,1,1992.0,12,16.0,11.0,11.0,636.0,1581.0,944.47,85.36,58,2.0,599.92,3162.0
9773,201403,0,456.0,12,0.0,0.0,0.0,,1600.0,,,42,0.0,,2900.0
9774,201409,0,475.0,12,0.0,0.0,0.0,,757.49,,,20,0.0,,
9775,201409,1,543.0,9,0.0,0.0,0.0,,683.86,,,20,0.0,,
9776,201402,0,3343.0,12,37.0,8.0,7.0,262.0,1200.0,1012.58,0.0,32,6.0,667.11,4500.0
9777,201411,1,1289.0,12,0.0,3.0,12.0,347.0,500.0,600.85,0.0,51,0.0,359.73,
9778,201411,0,309.0,12,0.0,0.0,0.0,,1818.29,,,43,0.0,,600.0
9779,201407,1,1309.0,6,0.0,6.0,9.0,588.0,300.0,480.72,137.39,38,0.0,225.11,300.0
9780,201406,1,656.0,12,0.0,0.0,0.0,,1500.0,,,55,0.0,92.0,1500.0
9781,201410,0,953.0,12,0.0,0.0,8.0,,1200.0,687.46,145.16,56,0.0,523.12,1000.0
9782,201406,0,812.0,12,0.0,0.0,3.0,,1000.0,433.01,44.06,66,0.0,320.11,1000.0
9783,201401,0,2337.0,5,27.0,12.0,12.0,548.0,881.0,950.42,41.83,42,2.0,365.65,1762.0
9784,201402,0,4734.0,12,67.0,9.0,11.0,537.0,1500.0,253.89,0.0,51,12.0,171.72,3000.0
9785,201410,0,1327.0,5,0.0,6.0,11.0,220.0,500.0,261.52,83.37,41,0.0,310.61,
9786,201410,0,2203.0,12,18.0,10.0,12.0,,1384.11,2185.42,72.17,48,6.0,1220.58,3000.0
9787,201410,0,533.0,12,0.0,0.0,0.0,,1000.0,,,54,0.0,,1000.0
9788,201402,0,2659.0,12,5.0,0.0,0.0,,1000.0,,,63,2.0,80.34,2000.0
9789,201408,1,445.0,12,0.0,0.0,0.0,,1000.0,,,54,0.0,,1000.0
9790,201404,0,391.0,4,0.0,0.0,0.0,,300.0,,,34,0.0,,300.0
9791,201404,0,653.0,12,0.0,0.0,0.0,,200.0,,,52,0.0,90.11,600.0
9792,201408,0,1497.0,12,0.0,12.0,8.0,401.0,1100.0,,,62,1.0,,5500.0
9793,201408,0,743.0,12,0.0,0.0,1.0,,550.0,65.98,0.0,52,0.0,80.48,550.0
9794,201412,1,278.0,12,0.0,0.0,0.0,,1500.0,,,59,0.0,,
9795,201410,1,,12,,,,,1000.0,,,78,,,2847.73
9796,201404,0,2100.0,12,12.0,2.0,0.0,99.0,1400.0,,,44,1.0,0.0,2800.0
9797,201404,0,3978.0,12,30.0,6.0,12.0,741.0,889.0,334.81,114.9,50,13.0,103.53,2889.0
9798,201402,0,3832.0,8,10.0,4.0,12.0,420.0,600.0,458.1,77.25,50,21.0,513.0,1200.0
9799,201401,0,464.0,8,0.0,0.0,0.0,,500.0,,,41,0.0,,1000.0
9800,201405,0,1108.0,4,0.0,0.0,6.0,118.0,500.0,216.92,0.0,47,0.0,,2633.4
9801,201402,0,1098.0,12,0.0,0.0,8.0,111.0,2627.66,343.87,0.0,63,0.0,309.61,5255.32
9802,201409,0,4983.0,12,35.0,0.0,5.0,,1000.0,69.98,0.0,69,10.0,65.97,1547.46
9803,201410,0,897.0,8,0.0,0.0,5.0,,1000.0,486.85,0.0,44,0.0,412.71,
9804,201409,0,4794.0,4,31.0,0.0,0.0,,200.0,,,47,6.0,,
9805,201408,1,1981.0,12,20.0,10.0,12.0,342.0,700.0,426.16,146.22,49,1.0,331.2,700.0
9806,201404,0,275.0,12,0.0,0.0,0.0,,370.0,,,59,0.0,,370.0
9807,201403,0,251.0,4,0.0,0.0,0.0,,300.0,,,50,0.0,,300.0
9808,201409,0,2425.0,9,18.0,7.0,0.0,118.0,2000.0,,,62,3.0,0.0,6908.92
9809,201404,0,472.0,12,0.0,0.0,0.0,,1600.0,,,51,0.0,,2157.05
9810,201410,1,760.0,6,0.0,0.0,1.0,,500.0,174.93,0.0,57,0.0,270.15,200.0
9811,201409,0,4248.0,12,77.0,12.0,12.0,1117.0,2000.0,401.57,43.64,52,15.0,470.0,8000.0
9812,201402,0,1130.0,12,0.0,0.0,3.0,259.0,400.0,39.99,0.0,40,0.0,,2610.29
9813,201412,1,1817.0,12,11.0,12.0,11.0,842.0,1500.0,879.96,0.0,42,1.0,388.76,
9814,201401,1,875.0,12,0.0,0.0,5.0,,1316.74,492.49,55.65,43,0.0,1030.89,2633.48
9815,201401,1,236.0,12,0.0,0.0,0.0,,693.0,,,50,0.0,,1386.0
9816,201406,0,1148.0,12,0.0,1.0,12.0,293.0,1000.0,398.36,0.0,47,0.0,521.26,1000.0
9817,201405,0,1434.0,6,0.0,11.0,9.0,205.0,500.0,358.75,121.82,50,0.0,133.15,500.0
9818,201407,1,942.0,12,0.0,0.0,7.0,,1600.0,947.63,0.0,55,0.0,692.0,3065.05
9819,201404,0,3409.0,12,29.0,6.0,9.0,281.0,1600.0,216.87,0.0,36,31.0,,4000.0
9820,201402,0,853.0,12,0.0,0.0,3.0,,1500.0,479.5,125.89,45,0.0,439.03,3000.0
9821,201412,0,2896.0,10,37.0,11.0,10.0,201.0,1000.0,738.97,95.86,72,4.0,602.89,
9822,201410,0,224.0,10,0.0,0.0,0.0,,1000.0,,,45,0.0,,
9823,201407,0,1604.0,12,4.0,4.0,11.0,512.0,2600.0,960.29,0.0,60,1.0,684.32,6200.0
9824,201403,0,268.0,12,0.0,0.0,0.0,,1000.0,,,55,0.0,,1000.0
9825,201407,1,2057.0,12,18.0,10.0,12.0,2147.0,1000.0,,,68,2.0,626.52,3380.0
9826,201406,0,530.0,6,0.0,0.0,0.0,,1000.0,,,49,0.0,,1000.0
9827,201412,0,962.0,12,0.0,0.0,9.0,,2000.0,255.57,83.92,38,0.0,,11176.96
9828,201412,0,1402.0,12,0.0,7.0,10.0,344.0,1000.0,1198.19,300.44,40,0.0,140.19,1400.0
9829,201401,1,2506.0,12,9.0,0.0,4.0,,1200.0,595.35,192.46,58,4.0,585.32,2880.0
9830,201412,0,2271.0,12,22.0,10.0,12.0,678.0,1420.0,1213.61,0.0,35,5.0,532.84,2294.92
9831,201403,1,987.0,12,0.0,0.0,8.0,,1500.0,719.22,21.83,36,0.0,103.9,2100.0
9832,201407,0,568.0,3,0.0,0.0,0.0,,250.0,,,30,0.0,0.0,250.0
9833,201408,0,440.0,12,0.0,0.0,0.0,,500.0,,,50,0.0,,500.0
9834,201412,1,1921.0,12,10.0,8.0,10.0,65.0,1500.0,383.91,0.0,37,4.0,208.21,369.26
9835,201407,0,1261.0,10,0.0,4.0,12.0,359.0,1000.0,236.53,76.61,46,0.0,220.0,4400.0
9836,201403,0,3868.0,12,11.0,0.0,0.0,,1000.0,207.41,70.24,34,20.0,379.14,1000.0
9837,201410,0,1652.0,12,5.0,0.0,7.0,,2500.0,419.84,0.0,58,1.0,50.96,5750.0
9838,201403,0,1017.0,12,0.0,0.0,10.0,,600.0,352.72,0.0,64,0.0,172.37,600.0
9839,201403,1,303.0,12,0.0,0.0,0.0,,1000.0,,,38,0.0,,1500.0
9840,201406,1,1686.0,12,2.0,0.0,3.0,,1284.0,145.74,49.77,36,5.0,126.9,2804.0
9841,201403,0,647.0,12,0.0,0.0,0.0,,500.0,,,42,0.0,100.71,500.0
9842,201404,0,299.0,6,0.0,0.0,0.0,,1000.0,,,69,0.0,,1000.0
9843,201403,0,3100.0,12,35.0,10.0,11.0,1001.0,2000.0,840.54,0.0,48,5.0,376.47,2000.0
9844,201405,0,4626.0,12,55.0,8.0,12.0,530.0,552.72,,,39,26.0,395.08,552.72
9845,201411,1,531.0,12,0.0,0.0,0.0,,1000.0,,,50,0.0,,
9846,201410,0,1425.0,12,0.0,4.0,0.0,43.0,1400.0,,,43,0.0,,2380.0
9847,201402,0,3356.0,10,40.0,4.0,12.0,261.0,1700.0,437.43,147.49,47,7.0,,4200.0
9848,201407,0,126.0,12,0.0,0.0,0.0,,600.0,,,35,0.0,,818.88
9849,201405,0,4918.0,8,60.0,8.0,8.0,1137.0,800.0,813.64,0.0,57,35.0,636.01,1267.76
9850,201404,0,320.0,8,0.0,0.0,0.0,,500.0,,,42,0.0,,500.0
9851,201405,1,406.0,12,0.0,0.0,0.0,,1000.0,,,41,0.0,,1188.99
9852,201405,1,336.0,12,0.0,0.0,0.0,,2255.29,,,45,0.0,,2255.29
9853,201406,0,444.0,5,0.0,0.0,0.0,,150.0,,,38,0.0,,150.0
9854,201410,0,1294.0,4,0.0,2.0,12.0,199.0,400.0,418.75,99.65,49,0.0,423.66,2330.25
9855,201403,0,1342.0,6,0.0,3.0,1.0,29.0,1000.0,577.5,182.63,61,0.0,566.67,1000.0
9856,201402,0,582.0,12,0.0,0.0,0.0,,1200.0,,,61,0.0,0.0,1200.0
9857,201403,0,1442.0,10,0.0,11.0,12.0,563.0,1000.0,239.94,0.0,60,0.0,82.61,2886.9
9858,201407,0,1596.0,12,3.0,11.0,11.0,165.0,1500.0,475.3,65.48,42,1.0,319.03,7830.0
9859,201404,0,644.0,12,0.0,0.0,0.0,,600.0,,,35,0.0,46.59,871.94
9860,201404,1,221.0,10,0.0,0.0,0.0,,1000.0,,,38,0.0,,1000.0
9861,201404,1,493.0,12,0.0,0.0,0.0,,2000.0,,,37,0.0,,3329.2
9862,201404,0,847.0,12,0.0,0.0,4.0,,500.0,103.96,0.0,60,0.0,177.62,1500.0
9863,201403,0,127.0,12,0.0,0.0,0.0,,841.36,,,34,0.0,,841.36
9864,201404,0,228.0,12,0.0,0.0,0.0,,300.0,,,52,0.0,,300.0
9865,201402,0,3052.0,12,37.0,1.0,5.0,,1400.0,157.93,0.0,31,7.0,,3473.34
9866,201412,0,2185.0,12,19.0,10.0,12.0,547.0,3000.0,806.68,0.0,53,4.0,394.55,4000.0
9867,201410,1,356.0,12,0.0,0.0,0.0,,600.0,,,40,0.0,,500.0
9868,201407,0,1312.0,12,0.0,6.0,1.0,258.0,1200.0,,,69,0.0,221.15,1521.47
9869,201406,1,210.0,12,0.0,0.0,0.0,,1024.85,,,40,0.0,,1024.85
9870,201407,0,2241.0,10,10.0,0.0,0.0,,1200.0,,,38,6.0,,3800.0
9871,201411,0,1808.0,3,7.0,0.0,0.0,,842.86,,,34,4.0,,1200.0
9872,201402,0,579.0,5,0.0,0.0,0.0,,1000.0,,,36,0.0,0.0,3000.0
9873,201409,0,3243.0,6,12.0,0.0,0.0,,1000.0,,,31,6.0,,
9874,201410,0,4374.0,8,27.0,11.0,12.0,770.0,1200.0,892.29,53.61,36,9.0,598.62,
9875,201408,0,439.0,3,0.0,0.0,0.0,,500.0,,,56,0.0,,914.9
9876,201403,0,240.0,6,0.0,0.0,0.0,,362.56,,,32,0.0,,362.56
9877,201407,0,3220.0,12,16.0,0.0,1.0,,700.0,,,39,37.0,,700.0
9878,201403,0,3383.0,12,31.0,7.0,11.0,1588.0,2000.0,571.77,0.0,60,31.0,575.86,2500.0
9879,201407,0,248.0,12,0.0,0.0,0.0,,1100.0,,,42,0.0,,1100.0
9880,201405,0,601.0,12,0.0,0.0,0.0,,2000.0,,,45,0.0,73.9,2480.0
9881,201401,0,1496.0,12,1.0,6.0,12.0,144.0,1000.0,545.86,173.3,67,1.0,322.0,2000.0
9882,201410,0,2453.0,6,19.0,0.0,0.0,,400.0,,,51,1.0,,700.0
9883,201402,0,565.0,8,0.0,0.0,0.0,,1200.0,,,39,0.0,,2400.0
9884,201402,0,2651.0,12,4.0,6.0,11.0,165.0,1000.0,324.8,122.88,52,5.0,336.61,2000.0
9885,201411,1,269.0,12,0.0,0.0,0.0,,1000.0,,,51,0.0,,
9886,201411,0,787.0,12,0.0,0.0,2.0,,3000.0,50.39,0.0,73,0.0,218.11,
9887,201408,1,2635.0,12,23.0,2.0,10.0,130.0,1500.0,235.57,18.53,38,10.0,49.9,9100.0
9888,201410,1,331.0,12,0.0,0.0,0.0,,1000.0,,,50,0.0,,
9889,201412,0,,12,,,,,1000.0,,,54,,,1557.42
9890,201408,0,3980.0,12,46.0,7.0,12.0,1555.0,1580.0,629.82,0.0,48,35.0,561.71,15139.99
9891,201406,0,3663.0,12,59.0,3.0,12.0,288.0,300.0,358.89,0.0,39,7.0,33.61,1305.5
9892,201401,0,1697.0,12,9.0,10.0,11.0,116.0,1500.0,285.47,79.56,42,1.0,250.3,7500.0
9893,201409,0,268.0,12,0.0,0.0,0.0,,1000.0,,,64,0.0,,
9894,201409,0,2443.0,4,18.0,7.0,12.0,787.0,800.0,821.27,45.52,29,11.0,421.67,
9895,201406,1,2627.0,10,37.0,12.0,12.0,1358.0,800.0,2070.3,493.81,47,2.0,1074.0,800.0
9896,201409,0,761.0,12,0.0,0.0,1.0,,1500.0,383.84,0.0,49,0.0,779.09,1166.78
9897,201401,0,392.0,12,0.0,0.0,0.0,,500.0,,,67,0.0,,1000.0
9898,201405,0,3809.0,12,6.0,0.0,0.0,,700.0,,,37,5.0,,700.0
9899,201407,0,847.0,6,0.0,0.0,4.0,,350.0,272.09,0.0,35,0.0,217.99,350.0
9900,201404,1,1406.0,12,0.0,8.0,12.0,905.0,1150.0,599.14,0.0,49,0.0,289.14,1291.77
9901,201410,1,3924.0,10,41.0,9.0,12.0,466.0,600.0,884.19,30.78,58,19.0,581.76,1800.0
9902,201406,0,2603.0,10,22.0,0.0,1.0,,3000.0,,,49,16.0,245.12,11708.0
9903,201410,0,928.0,12,0.0,0.0,4.0,,700.0,545.87,154.91,32,0.0,117.15,
9904,201403,0,457.0,12,0.0,0.0,0.0,,1058.73,,,67,0.0,,1058.73
9905,201411,0,336.0,12,0.0,0.0,0.0,,2000.0,,,53,0.0,,
9906,201403,0,4515.0,12,12.0,10.0,12.0,511.0,700.0,644.56,86.33,43,48.0,422.97,700.0
9907,201403,1,448.0,12,0.0,0.0,0.0,,500.0,,,36,0.0,,1124.01
9908,201405,0,790.0,5,0.0,0.0,2.0,,300.0,228.72,78.37,47,0.0,209.63,300.0
9909,201407,0,648.0,6,0.0,0.0,0.0,,600.0,,,39,0.0,24.9,1600.0
9910,201412,0,394.0,12,0.0,0.0,0.0,,1000.0,,,44,0.0,,
9911,201402,0,2483.0,3,2.0,0.0,5.0,,500.0,115.97,0.0,55,2.0,45.04,1000.0
9912,201404,0,2030.0,12,12.0,5.0,9.0,1028.0,1040.0,669.27,80.01,62,7.0,251.0,2440.0
9913,201404,0,413.0,5,0.0,0.0,0.0,,451.0,,,39,0.0,,451.0
9914,201409,0,1233.0,7,0.0,3.0,12.0,438.0,700.0,537.66,0.0,50,0.0,392.37,
9915,201412,1,1875.0,12,14.0,11.0,12.0,843.0,2000.0,836.0,181.13,66,2.0,537.2,2000.0
9916,201402,0,615.0,12,0.0,0.0,0.0,,500.0,,,38,0.0,22.63,1000.0
9917,201403,0,830.0,8,0.0,0.0,4.0,,1379.69,369.77,0.0,42,0.0,236.72,1379.69
9918,201403,0,574.0,12,0.0,0.0,0.0,,1050.0,,,36,0.0,0.0,2076.6
9919,201401,0,388.0,8,0.0,0.0,0.0,,1000.0,,,54,0.0,,2000.0
9920,201403,0,514.0,12,0.0,0.0,0.0,,600.0,,,36,0.0,,1096.68
9921,201405,0,3318.0,12,50.0,7.0,0.0,,1000.0,,,55,4.0,23.07,1000.0
9922,201411,1,622.0,12,0.0,0.0,0.0,,2252.69,,,53,0.0,28.48,2000.0
9923,201409,0,378.0,10,0.0,0.0,0.0,,250.0,,,52,0.0,,
9924,201403,0,1116.0,8,0.0,0.0,12.0,174.0,500.0,144.84,0.0,51,0.0,34.77,500.0
9925,201412,0,930.0,12,0.0,0.0,8.0,,1000.0,506.45,91.57,62,0.0,314.75,
9926,201402,0,2913.0,10,8.0,1.0,1.0,,1000.0,255.05,55.1,37,11.0,199.77,3000.0
9927,201402,0,1007.0,12,0.0,0.0,9.0,,450.0,177.93,0.0,59,0.0,2.36,900.0
9928,201404,0,1216.0,12,0.0,3.0,11.0,295.0,1500.0,234.94,0.0,38,0.0,290.46,6371.92
9929,201410,0,930.0,12,0.0,0.0,7.0,,700.0,265.03,0.0,63,0.0,60.97,6100.0
9930,201407,0,1295.0,3,0.0,6.0,8.0,846.0,300.0,472.83,0.0,24,0.0,456.88,300.0
9931,201405,1,833.0,12,0.0,0.0,4.0,,873.27,237.55,0.0,23,0.0,134.41,873.27
9932,201403,1,,12,,,,,600.0,,,51,,,1300.0
9933,201409,0,323.0,12,0.0,0.0,0.0,,700.0,,,54,0.0,,
9934,201402,0,576.0,12,0.0,0.0,0.0,,1000.0,,,42,0.0,0.0,2000.0
9935,201409,0,1195.0,12,0.0,1.0,7.0,90.0,500.0,101.96,0.0,61,0.0,51.46,1000.0
9936,201401,0,499.0,12,0.0,0.0,0.0,,1000.0,,,48,0.0,,2000.0
9937,201404,0,1594.0,12,3.0,9.0,12.0,298.0,2000.0,943.83,0.0,49,2.0,346.13,2722.87
9938,201406,0,194.0,8,0.0,0.0,0.0,,500.0,,,62,0.0,,650.0
9939,201412,0,1814.0,12,11.0,12.0,12.0,501.0,1209.58,669.82,0.0,42,2.0,356.26,3200.0
9940,201405,0,476.0,12,0.0,0.0,0.0,,1500.0,,,59,0.0,,3500.0
9941,201411,1,864.0,10,0.0,0.0,5.0,,500.0,202.0,65.61,60,0.0,180.34,
9942,201401,1,224.0,12,0.0,0.0,0.0,,1500.0,,,55,0.0,,1500.0
9943,201405,0,393.0,10,0.0,0.0,0.0,,480.0,,,48,0.0,,480.0
9944,201406,1,434.0,10,0.0,0.0,0.0,,1000.0,,,50,0.0,,2000.0
9945,201408,0,864.0,12,0.0,0.0,5.0,,500.0,215.32,65.77,51,0.0,120.24,500.0
9946,201411,1,540.0,10,0.0,0.0,0.0,,1000.0,,,49,0.0,,
9947,201410,0,356.0,7,0.0,0.0,0.0,,500.0,,,59,0.0,,
9948,201401,0,538.0,12,0.0,0.0,0.0,,1000.0,,,52,0.0,0.0,2000.0
9949,201407,0,220.0,10,0.0,0.0,0.0,,1786.18,,,36,0.0,,3926.26
9950,201406,1,198.0,12,0.0,0.0,0.0,,602.72,,,23,0.0,,602.72
9951,201405,1,472.0,12,0.0,0.0,0.0,,1000.0,,,42,0.0,,1000.0
9952,201410,0,437.0,12,0.0,0.0,0.0,,1000.0,,,46,0.0,,800.0
9953,201407,0,1258.0,10,0.0,1.0,6.0,35.0,1000.0,303.01,87.09,50,0.0,156.29,3100.0
9954,201408,0,1887.0,12,13.0,12.0,12.0,924.0,2017.39,987.47,0.0,35,1.0,727.49,4668.19
9955,201409,0,547.0,12,0.0,0.0,0.0,,500.0,,,24,0.0,12.7,
9956,201412,1,772.0,12,0.0,0.0,2.0,,1900.0,287.34,0.0,41,0.0,259.25,3000.0
9957,201403,0,332.0,7,0.0,0.0,0.0,,700.0,,,50,0.0,,1310.0
9958,201412,0,352.0,12,0.0,0.0,0.0,,2518.6,,,50,0.0,,1042.2
9959,201403,0,323.0,4,0.0,0.0,0.0,,300.0,,,38,0.0,,300.0
9960,201404,0,496.0,12,0.0,0.0,0.0,,1500.0,,,34,0.0,,1500.0
9961,201409,0,1457.0,8,0.0,11.0,12.0,1034.0,2000.0,816.52,0.0,42,0.0,648.39,
9962,201405,1,430.0,12,0.0,0.0,0.0,,1000.0,,,47,0.0,,1000.0
9963,201407,0,225.0,12,0.0,0.0,0.0,,500.0,,,39,0.0,,500.0
9964,201406,0,326.0,12,0.0,0.0,0.0,,1000.0,,,42,0.0,,1000.0
9965,201410,1,956.0,12,0.0,0.0,6.0,,1060.0,159.99,0.0,45,0.0,110.33,848.2
9966,201406,0,3017.0,8,46.0,11.0,12.0,230.0,800.0,442.44,75.68,50,3.0,214.83,5800.0
9967,201410,0,1782.0,12,5.0,8.0,10.0,544.0,800.0,161.87,0.0,50,1.0,155.31,
9968,201404,0,4755.0,10,38.0,0.0,11.0,89.0,700.0,242.18,0.0,40,14.0,78.9,700.0
9969,201402,1,609.0,12,0.0,0.0,0.0,,2900.69,,,56,0.0,141.99,7201.38
9970,201409,0,1763.0,3,6.0,2.0,10.0,296.0,400.0,125.97,0.0,41,3.0,145.18,900.0
9971,201405,0,122.0,12,0.0,0.0,0.0,,780.0,,,61,0.0,,780.0
9972,201403,0,1481.0,12,0.0,7.0,10.0,204.0,2825.67,370.0,0.0,50,1.0,,11278.68
9973,201409,0,395.0,3,0.0,0.0,0.0,,400.0,,,31,0.0,,
9974,201409,1,2191.0,6,19.0,8.0,12.0,323.0,500.0,742.54,0.0,56,5.0,430.64,
9975,201406,1,2431.0,12,27.0,12.0,12.0,357.0,2000.0,558.35,0.0,39,5.0,476.49,2500.0
9976,201408,0,4853.0,12,42.0,7.0,10.0,515.0,1000.0,627.14,84.36,68,5.0,565.32,7000.0
9977,201412,0,1151.0,12,0.0,1.0,0.0,93.0,1452.46,188.3,56.36,57,0.0,233.97,1705.71
9978,201412,0,844.0,12,0.0,0.0,4.0,,1000.0,465.38,91.51,43,0.0,118.5,1900.0
9979,201408,1,615.0,12,0.0,0.0,0.0,,1000.0,,,32,0.0,30.88,2000.0
9980,201411,1,902.0,12,0.0,0.0,6.0,,1479.38,455.88,0.0,41,0.0,389.48,
9981,201401,1,536.0,8,0.0,0.0,0.0,,1000.0,,,39,0.0,,3000.0
9982,201401,1,1568.0,12,1.0,2.0,10.0,191.0,1081.09,204.89,72.94,47,2.0,234.43,2162.18
9983,201410,0,2985.0,12,5.0,0.0,0.0,,1500.0,,,70,5.0,27.9,
9984,201405,1,741.0,12,0.0,0.0,1.0,,1000.0,207.96,0.0,39,0.0,234.02,1000.0
9985,201411,0,809.0,12,0.0,0.0,2.0,,1000.0,127.58,0.0,52,0.0,641.98,
9986,201406,0,1024.0,12,0.0,0.0,10.0,,1353.55,308.97,0.0,45,0.0,304.63,1353.55
9987,201409,0,3555.0,10,18.0,0.0,4.0,,918.0,512.9,0.0,41,14.0,578.49,
9988,201407,0,405.0,12,0.0,0.0,0.0,,2524.61,,,43,0.0,,6392.84
9989,201403,1,809.0,8,0.0,0.0,2.0,,500.0,136.73,0.0,42,0.0,213.3,500.0
9990,201408,1,1489.0,9,0.0,4.0,12.0,162.0,3000.0,319.86,0.0,45,1.0,276.9,3000.0
9991,201409,0,4977.0,12,87.0,12.0,11.0,1181.0,2700.0,1379.67,373.94,41,9.0,521.69,
9992,201405,1,823.0,10,0.0,0.0,4.0,,300.0,368.52,97.66,34,0.0,429.59,300.0
9993,201401,0,3088.0,12,37.0,0.0,10.0,210.0,2000.0,65.98,0.0,40,15.0,18.63,4000.0
9994,201404,0,283.0,12,0.0,0.0,0.0,,2000.0,,,53,0.0,,3000.0
9995,201412,0,928.0,12,0.0,0.0,7.0,,2000.0,1359.73,279.51,65,0.0,825.24,499.3
9996,201401,0,866.0,3,0.0,0.0,5.0,,289.23,170.96,0.0,53,0.0,127.32,578.46
9997,201408,0,221.0,5,0.0,0.0,0.0,,500.0,,,59,0.0,,500.0
9998,201409,1,1729.0,12,7.0,8.0,11.0,839.0,2840.88,561.34,0.0,41,2.0,769.0,2668.18
9999,201403,1,246.0,12,0.0,0.0,0.0,,1000.0,,,56,0.0,,1000.0
10000,201411,0,874.0,10,0.0,0.0,5.0,,500.0,80.95,0.0,49,0.0,315.02,
10001,201401,0,2589.0,12,35.0,8.0,12.0,767.0,1000.0,647.92,0.0,67,2.0,350.38,2000.0
10002,201408,1,1418.0,5,0.0,6.0,0.0,59.0,300.0,,,48,0.0,0.0,3626.22
10003,201410,0,809.0,10,0.0,0.0,2.0,,600.0,229.95,0.0,37,0.0,225.37,
10004,201402,1,648.0,12,0.0,0.0,0.0,,348.0,,,39,0.0,146.37,348.0
10005,201411,1,455.0,12,0.0,0.0,0.0,,2000.0,,,53,0.0,,
10006,201403,0,3911.0,5,21.0,0.0,0.0,,736.59,,,49,15.0,0.0,736.59
10007,201408,0,178.0,4,0.0,0.0,0.0,,600.0,,,59,0.0,,600.0
10008,201401,1,4523.0,12,70.0,2.0,12.0,390.0,1500.0,499.49,0.0,40,12.0,333.06,3800.0
10009,201409,1,2822.0,12,23.0,0.0,1.0,,3000.0,,,44,3.0,,2000.0
10010,201404,0,1215.0,12,0.0,3.0,11.0,458.0,1500.0,883.66,0.0,56,0.0,490.1,4000.0
10011,201407,1,2267.0,12,17.0,4.0,8.0,158.0,1100.0,334.94,0.0,25,10.0,192.49,4485.97
10012,201408,0,197.0,12,0.0,0.0,0.0,,2000.0,,,57,0.0,,2000.0
10013,201411,0,916.0,8,0.0,0.0,7.0,,500.0,175.95,0.0,39,0.0,42.52,1500.0
10014,201405,0,699.0,12,0.0,0.0,0.0,,300.0,,,40,0.0,194.83,300.0
10015,201401,0,861.0,12,0.0,0.0,4.0,,2000.0,467.17,131.26,51,0.0,361.94,4000.0
10016,201403,0,311.0,12,0.0,0.0,0.0,,1452.0,,,72,0.0,,1452.0
10017,201404,1,489.0,8,0.0,0.0,0.0,,500.0,,,57,0.0,,500.0
10018,201404,0,476.0,12,0.0,0.0,0.0,,1500.0,,,66,0.0,,1500.0
10019,201409,1,644.0,12,0.0,0.0,0.0,,1000.0,,,48,0.0,77.89,850.0
10020,201407,0,580.0,12,0.0,0.0,0.0,,700.0,,,61,0.0,8.99,700.0
10021,201404,0,430.0,12,0.0,0.0,0.0,,1000.0,,,41,0.0,,1000.0
10022,201401,1,1046.0,8,0.0,0.0,11.0,,500.0,643.47,108.72,37,0.0,194.56,1000.0
10023,201402,0,1665.0,12,3.0,1.0,12.0,137.0,1500.0,373.89,0.0,43,2.0,255.35,5000.0
10024,201404,0,4457.0,12,76.0,12.0,8.0,1030.0,1000.0,779.75,215.94,53,15.0,884.7,1000.0
10025,201412,1,3578.0,12,12.0,4.0,12.0,703.0,2000.0,668.76,0.0,44,8.0,750.76,2400.0
10026,201409,0,2841.0,12,22.0,2.0,1.0,,1000.0,,,35,10.0,,
10027,201404,0,2995.0,3,5.0,0.0,7.0,,150.0,286.93,91.01,57,3.0,333.09,150.0
10028,201407,0,2507.0,12,14.0,0.0,3.0,,2000.0,49.99,0.0,51,12.0,106.04,3500.0
10029,201408,0,2778.0,12,22.0,7.0,0.0,39.0,700.0,,,38,10.0,25.17,2200.0
10030,201408,0,3390.0,12,13.0,0.0,9.0,,1840.51,764.96,234.15,32,2.0,652.33,2440.51
10031,201404,0,908.0,12,0.0,0.0,6.0,,1260.07,468.53,0.0,34,0.0,430.49,1260.07
10032,201412,1,1633.0,12,6.0,6.0,0.0,,1949.78,,,42,2.0,,5361.59
10033,201407,0,1235.0,10,0.0,2.0,10.0,270.0,600.0,257.9,0.0,38,0.0,542.93,2400.0
10034,201406,0,3101.0,12,49.0,12.0,12.0,756.0,1000.0,901.13,127.45,39,5.0,542.07,1000.0
10035,201405,0,3073.0,10,27.0,1.0,0.0,,1200.0,,,64,9.0,0.0,4500.0
10036,201403,0,499.0,12,0.0,0.0,0.0,,2500.0,,,32,0.0,,6892.58
10037,201405,0,1303.0,6,0.0,6.0,12.0,346.0,200.0,746.76,0.0,42,0.0,335.7,200.0
10038,201403,0,2058.0,6,19.0,11.0,10.0,98.0,500.0,81.96,0.0,44,1.0,20.53,1500.0
10039,201403,0,1295.0,12,0.0,5.0,9.0,534.0,1500.0,235.48,75.51,49,0.0,154.22,5900.0
10040,201401,1,896.0,12,0.0,0.0,5.0,,1500.0,704.19,0.0,44,0.0,532.74,2409.22
10041,201407,0,711.0,12,0.0,0.0,0.0,,1000.0,676.0,250.1,56,0.0,460.21,1000.0
10042,201402,1,345.0,12,0.0,0.0,0.0,,1000.0,,,38,0.0,,2000.0
10043,201411,1,368.0,8,0.0,0.0,0.0,,884.79,,,39,0.0,,
10044,201404,0,1180.0,6,0.0,2.0,12.0,282.0,600.0,,,47,0.0,155.4,4300.0
10045,201409,0,789.0,10,0.0,0.0,2.0,,500.0,439.92,0.0,24,0.0,647.75,460.0
10046,201402,0,2327.0,12,9.0,10.0,9.0,59.0,1500.0,61.67,20.29,71,6.0,79.6,4500.0
10047,201409,0,780.0,10,0.0,0.0,4.0,,800.0,499.46,142.43,42,0.0,521.76,
10048,201403,0,372.0,12,0.0,0.0,0.0,,1000.0,,,26,0.0,,1359.09
10049,201409,0,2886.0,10,33.0,6.0,8.0,149.0,500.0,284.58,56.63,48,11.0,243.23,
10050,201405,0,1753.0,10,5.0,0.0,6.0,155.0,800.0,147.95,0.0,49,1.0,765.61,2053.35
10051,201404,1,2010.0,12,14.0,12.0,11.0,438.0,1500.0,608.81,0.0,47,4.0,340.57,1500.0
10052,201410,0,2933.0,12,28.0,2.0,7.0,,2000.0,889.14,234.09,56,20.0,345.0,4600.0
10053,201405,0,1381.0,6,0.0,8.0,12.0,498.0,578.77,510.73,0.0,37,0.0,296.09,1239.62
10054,201404,0,2086.0,12,17.0,6.0,12.0,385.0,2000.0,1333.87,0.0,48,3.0,511.55,3136.22
10055,201405,0,835.0,12,0.0,0.0,3.0,,600.0,443.0,114.21,51,0.0,440.66,600.0
10056,201408,0,619.0,12,0.0,0.0,0.0,,1000.0,,,50,0.0,117.39,2642.88
10057,201407,0,264.0,7,0.0,0.0,0.0,,500.0,,,40,0.0,,500.0
10058,201407,0,598.0,12,0.0,0.0,0.0,,1200.0,,,55,0.0,35.2,1200.0
10059,201409,0,861.0,4,0.0,0.0,4.0,,600.0,536.27,108.35,56,0.0,536.36,400.0
10060,201405,1,571.0,12,0.0,0.0,0.0,,1000.0,,,36,0.0,0.0,1000.0
10061,201407,0,880.0,12,0.0,0.0,8.0,,2500.0,382.06,125.1,68,0.0,214.54,9160.0
10062,201409,0,462.0,12,0.0,0.0,0.0,,1500.0,,,45,0.0,,
10063,201404,0,1996.0,12,6.0,0.0,0.0,,1245.0,,,71,12.0,126.41,2245.0
10064,201401,1,567.0,12,0.0,0.0,0.0,,1000.0,,,53,0.0,0.0,2000.0
10065,201408,0,1043.0,10,0.0,0.0,8.0,,918.68,694.37,0.0,30,0.0,511.76,918.68
10066,201402,1,216.0,12,0.0,0.0,0.0,,930.0,,,51,0.0,,1860.0
10067,201404,0,623.0,12,0.0,0.0,0.0,,2000.0,,,49,0.0,93.39,2600.0
10068,201405,0,2071.0,12,6.0,1.0,7.0,163.0,2800.0,104.94,0.0,39,4.0,58.24,11800.0
10069,201404,0,181.0,12,0.0,0.0,0.0,,980.78,,,37,0.0,,980.78
10070,201411,1,69.0,12,0.0,0.0,0.0,,1000.0,,,56,0.0,,
10071,201406,0,1551.0,12,2.0,9.0,1.0,281.0,1000.0,,,40,1.0,,3100.76
10072,201407,0,2822.0,12,26.0,4.0,11.0,158.0,1000.0,555.74,0.0,68,2.0,162.63,2000.0
10073,201402,0,298.0,12,0.0,0.0,0.0,,1000.0,,,61,0.0,,2000.0
10074,201410,0,510.0,8,0.0,0.0,0.0,,270.0,,,41,0.0,,300.0
10075,201405,0,776.0,12,0.0,0.0,1.0,,1043.67,138.55,0.0,33,0.0,333.16,1043.67
10076,201407,0,1042.0,8,0.0,0.0,11.0,265.0,1200.0,567.14,148.16,53,0.0,409.52,1200.0
10077,201404,0,485.0,6,0.0,0.0,0.0,,200.0,,,40,0.0,,200.0
10078,201402,0,594.0,12,0.0,0.0,0.0,,2900.69,,,57,0.0,0.0,7801.38
10079,201404,0,1224.0,12,0.0,4.0,12.0,359.0,1200.0,179.76,59.79,66,0.0,137.21,3820.02
10080,201404,0,2358.0,12,22.0,7.0,12.0,209.0,800.0,371.69,45.79,43,8.0,390.0,800.0
10081,201402,0,689.0,12,0.0,0.0,0.0,,1000.0,400.24,138.36,65,0.0,170.0,2212.48
10082,201402,0,1063.0,12,0.0,0.0,9.0,214.0,2900.69,427.49,127.77,41,0.0,221.65,7241.35
10083,201406,1,210.0,12,0.0,0.0,0.0,,800.0,,,28,0.0,,800.0
10084,201409,1,647.0,12,0.0,0.0,0.0,,1762.18,,,39,0.0,78.0,1000.0
10085,201403,0,744.0,12,0.0,0.0,1.0,,1000.0,175.95,0.0,36,0.0,283.57,2000.0
10086,201401,0,1070.0,12,0.0,1.0,12.0,209.0,857.33,455.37,4.92,48,0.0,351.01,1714.66
10087,201404,0,830.0,12,0.0,0.0,3.0,,500.0,211.94,0.0,24,0.0,180.53,500.0
10088,201410,1,638.0,12,0.0,0.0,0.0,,1000.0,,,43,0.0,25.98,
10089,201404,0,926.0,12,0.0,0.0,7.0,,1190.76,257.39,57.46,32,0.0,169.53,1927.7
10090,201407,0,294.0,5,0.0,0.0,0.0,,500.0,,,53,0.0,,500.0
10091,201409,0,1177.0,12,0.0,2.0,4.0,118.0,600.0,,,43,0.0,,
10092,201401,0,1706.0,12,7.0,10.0,12.0,318.0,1000.0,402.82,78.94,43,1.0,262.3,2000.0
10093,201403,0,253.0,12,0.0,0.0,0.0,,871.79,,,49,0.0,,871.79
10094,201406,0,357.0,12,0.0,0.0,0.0,,600.0,,,40,0.0,,600.0
10095,201402,1,355.0,12,0.0,0.0,0.0,,2000.0,,,48,0.0,,4000.0
10096,201408,0,1043.0,12,0.0,0.0,9.0,,1500.0,552.88,0.0,33,0.0,235.82,2000.0
10097,201402,0,631.0,12,0.0,0.0,0.0,,200.0,,,45,0.0,46.6,400.0
10098,201409,0,757.0,3,0.0,0.0,1.0,,800.0,233.97,0.0,35,0.0,331.63,1300.0
10099,201408,0,392.0,12,0.0,0.0,0.0,,1922.88,,,26,0.0,,1922.88
10100,201406,0,225.0,12,0.0,0.0,0.0,,1000.0,,,44,0.0,,1400.0
10101,201401,0,382.0,9,0.0,0.0,0.0,,500.0,,,43,0.0,,1000.0
10102,201404,1,1373.0,12,0.0,6.0,1.0,180.0,3000.0,,,35,0.0,,5370.89
10103,201404,0,2923.0,12,23.0,0.0,0.0,,1296.82,,,34,16.0,,2296.82
10104,201406,0,222.0,6,0.0,0.0,0.0,,300.0,,,44,0.0,,300.0
10105,201409,0,602.0,10,0.0,0.0,0.0,,800.0,,,58,0.0,43.38,
10106,201404,0,1501.0,12,1.0,9.0,9.0,258.0,2454.88,293.91,0.0,55,1.0,343.26,4297.24
10107,201412,0,2392.0,12,30.0,9.0,10.0,431.0,1500.0,917.19,271.41,48,1.0,352.7,4200.0
10108,201408,0,3227.0,12,20.0,1.0,0.0,,2000.0,,,39,27.0,,2000.0
10109,201411,1,554.0,12,0.0,0.0,0.0,,2628.47,,,55,0.0,,1500.0
10110,201403,0,1001.0,5,0.0,0.0,8.0,,500.0,810.03,0.0,51,0.0,480.94,2000.0
10111,201405,1,432.0,12,0.0,0.0,0.0,,1529.34,,,72,0.0,,2529.34
10112,201405,0,1106.0,6,0.0,0.0,8.0,392.0,180.0,,,44,0.0,,180.0
10113,201403,1,1178.0,12,0.0,2.0,1.0,139.0,1500.0,,,45,0.0,,2300.0
10114,201403,0,786.0,12,0.0,0.0,2.0,,1000.0,169.99,0.0,37,0.0,161.55,1300.0
10115,201407,0,3489.0,12,45.0,3.0,9.0,151.0,2584.77,518.77,0.0,43,20.0,436.07,2584.77
10116,201405,0,1280.0,10,0.0,5.0,12.0,441.0,500.0,486.25,0.0,39,0.0,554.79,500.0
10117,201411,0,428.0,6,0.0,0.0,0.0,,750.0,,,32,0.0,,660.0
10118,201409,0,4747.0,12,33.0,0.0,0.0,,1000.0,,,60,14.0,0.0,
10119,201404,0,408.0,12,0.0,0.0,0.0,,1000.0,,,57,0.0,,1000.0
10120,201402,0,4081.0,5,39.0,0.0,0.0,,737.95,,,35,15.0,,2213.85
10121,201406,0,3460.0,12,52.0,4.0,11.0,153.0,2000.0,564.88,0.0,41,6.0,92.25,2000.0
10122,201404,0,3056.0,5,36.0,6.0,8.0,39.0,800.0,562.08,198.24,60,5.0,173.37,5651.63
10123,201404,0,1014.0,12,0.0,0.0,10.0,,2000.0,722.77,120.55,56,0.0,72.63,3800.0
10124,201412,0,1224.0,12,0.0,2.0,10.0,431.0,1000.0,,,33,0.0,,
10125,201409,0,1839.0,12,5.0,7.0,7.0,157.0,2000.0,119.94,0.0,51,6.0,205.28,1000.0
10126,201406,1,767.0,12,0.0,0.0,2.0,,950.0,37.97,0.0,43,0.0,315.52,2614.02
10127,201403,1,,12,,,,,1500.0,,,31,,,2000.0
10128,201412,0,3326.0,12,30.0,12.0,10.0,1082.0,3000.0,291.69,103.03,58,8.0,204.01,259.88
10129,201410,0,1898.0,8,8.0,12.0,12.0,405.0,1600.0,884.62,0.0,38,6.0,616.14,5095.83
10130,201412,0,832.0,12,0.0,0.0,4.0,,1793.61,526.11,0.0,39,0.0,778.11,
10131,201410,0,1050.0,12,0.0,0.0,11.0,,1000.0,369.01,47.14,54,0.0,324.65,
10132,201410,1,701.0,12,0.0,0.0,0.0,,1503.49,,,54,0.0,437.96,
10133,201401,1,447.0,12,0.0,0.0,0.0,,2500.0,,,46,0.0,,5000.0
10134,201411,0,4066.0,6,57.0,9.0,11.0,1214.0,1000.0,459.53,0.0,39,20.0,205.15,1000.0
10135,201409,0,479.0,12,0.0,0.0,0.0,,1000.0,,,55,0.0,,
10136,201412,0,4901.0,12,22.0,8.0,12.0,1166.0,2810.0,568.76,0.0,38,3.0,247.56,2000.0
10137,201408,0,169.0,12,0.0,0.0,0.0,,1947.05,,,37,0.0,,1947.05
10138,201406,0,1524.0,4,1.0,6.0,12.0,366.0,480.0,714.81,0.0,45,1.0,489.29,1080.0
10139,201408,0,2483.0,12,33.0,12.0,12.0,992.0,1000.0,2240.23,582.64,49,1.0,766.65,2300.0
10140,201401,0,462.0,12,0.0,0.0,0.0,,1000.0,,,46,0.0,,2113.96
10141,201411,0,2006.0,12,17.0,10.0,8.0,794.0,1000.0,247.93,0.0,37,1.0,,902.18
10142,201412,1,2546.0,12,20.0,7.0,7.0,238.0,1000.0,247.59,59.69,46,14.0,218.47,
10143,201410,0,1031.0,12,0.0,0.0,10.0,,2000.0,957.92,251.4,67,0.0,742.22,5500.0
10144,201404,0,2021.0,12,9.0,8.0,11.0,254.0,800.0,110.47,0.0,43,10.0,178.82,1800.0
10145,201406,0,2657.0,12,5.0,0.0,0.0,,1000.0,,,44,2.0,146.56,1500.0
10146,201402,0,1250.0,12,0.0,3.0,0.0,195.0,900.0,,,32,0.0,,3700.0
10147,201410,0,218.0,12,0.0,0.0,0.0,,1464.41,,,24,0.0,,
10148,201404,0,1943.0,10,13.0,4.0,10.0,,800.0,332.71,0.0,39,4.0,174.97,800.0
10149,201407,1,296.0,12,0.0,0.0,0.0,,1500.0,,,47,0.0,,1785.12
10150,201411,0,1567.0,7,3.0,5.0,9.0,260.0,1000.0,485.75,0.0,35,1.0,285.69,600.0
10151,201411,0,571.0,12,0.0,0.0,0.0,,900.0,,,35,0.0,,535.12
10152,201401,1,383.0,12,0.0,0.0,0.0,,902.18,,,43,0.0,,1804.36
10153,201401,0,211.0,12,0.0,0.0,0.0,,700.0,,,43,0.0,,1400.0
10154,201410,0,1784.0,3,10.0,7.0,9.0,261.0,300.0,737.78,0.0,35,1.0,816.55,
10155,201409,0,2932.0,12,9.0,8.0,6.0,642.0,2047.45,417.86,0.0,31,16.0,104.0,18353.79
10156,201406,1,482.0,12,0.0,0.0,0.0,,3000.0,,,59,0.0,,5677.66
10157,201402,0,642.0,12,0.0,0.0,0.0,,500.0,,,43,0.0,119.06,2100.0
10158,201403,0,294.0,12,0.0,0.0,0.0,,600.0,,,34,0.0,,600.0
10159,201404,0,245.0,5,0.0,0.0,0.0,,400.0,,,55,0.0,,400.0
10160,201412,1,191.0,8,0.0,0.0,0.0,,1000.0,,,37,0.0,,
10161,201402,0,535.0,12,0.0,0.0,0.0,,992.31,,,50,0.0,,1984.62
10162,201405,0,1320.0,10,0.0,3.0,10.0,283.0,610.0,548.46,102.67,38,0.0,269.06,610.0
10163,201402,1,390.0,12,0.0,0.0,0.0,,688.65,,,33,0.0,,1377.3
10164,201409,0,945.0,12,0.0,0.0,7.0,,2000.0,1025.55,0.0,58,0.0,818.27,5529.83
10165,201407,0,3507.0,3,19.0,0.0,0.0,,300.0,,,34,13.0,,300.0
10166,201402,0,819.0,12,0.0,0.0,3.0,,601.1,173.32,0.0,41,0.0,65.11,1202.2
10167,201406,0,950.0,7,0.0,0.0,7.0,,500.0,900.69,120.98,48,0.0,670.0,1000.0
10168,201403,0,294.0,6,0.0,0.0,0.0,,417.83,,,24,0.0,,417.83
10169,201404,1,942.0,12,0.0,0.0,7.0,,2000.0,570.26,159.99,51,0.0,509.06,2994.96
10170,201402,0,323.0,8,0.0,0.0,0.0,,330.0,,,43,0.0,,660.0
10171,201403,0,1621.0,12,4.0,9.0,11.0,967.0,2000.0,922.43,104.84,41,1.0,439.47,2460.0
10172,201403,0,299.0,6,0.0,0.0,0.0,,718.57,,,25,0.0,,718.57
10173,201407,1,3479.0,6,5.0,0.0,0.0,,500.0,484.32,174.37,60,2.0,291.0,500.0
10174,201407,1,148.0,12,0.0,0.0,0.0,,1200.0,,,60,0.0,,1200.0
10175,201408,0,1763.0,6,7.0,10.0,12.0,370.0,500.0,802.72,0.0,41,3.0,506.74,500.0
10176,201409,1,1685.0,12,3.0,5.0,7.0,161.0,800.0,244.01,52.08,41,4.0,183.17,1200.0
10177,201404,0,672.0,6,0.0,0.0,0.0,,500.0,,,29,0.0,241.21,500.0
10178,201403,1,1037.0,12,0.0,0.0,10.0,92.0,2000.0,512.34,29.19,52,0.0,313.85,3287.14
10179,201411,1,838.0,12,0.0,0.0,3.0,,1000.0,212.97,0.0,42,0.0,244.59,877.0
10180,201408,0,2682.0,3,34.0,0.0,2.0,,500.0,417.87,0.0,55,6.0,466.16,1000.0
10181,201406,0,2132.0,10,19.0,10.0,11.0,519.0,1000.0,497.13,27.93,48,3.0,426.52,3000.0
10182,201402,1,2177.0,12,9.0,0.0,3.0,,733.24,499.79,0.0,32,3.0,823.0,1466.48
10183,201408,1,1107.0,12,0.0,1.0,11.0,435.0,1000.0,664.6,198.88,57,0.0,632.0,1000.0
10184,201403,0,303.0,12,0.0,0.0,0.0,,1000.0,,,50,0.0,,1000.0
10185,201406,0,770.0,12,0.0,0.0,1.0,,400.0,375.44,0.0,37,0.0,496.1,400.0
10186,201404,0,1693.0,12,6.0,4.0,7.0,,1000.0,711.54,182.75,45,1.0,534.98,1792.68
10187,201408,0,1475.0,12,0.0,7.0,0.0,583.0,805.98,,,58,1.0,,3405.98
10188,201401,0,1985.0,12,15.0,8.0,11.0,139.0,1000.0,292.0,60.04,56,2.0,261.0,2000.0
10189,201410,1,305.0,12,0.0,0.0,0.0,,1000.0,,,54,0.0,,
10190,201412,0,453.0,6,0.0,0.0,0.0,,1000.0,,,48,0.0,,500.0
10191,201409,0,4158.0,12,6.0,0.0,11.0,74.0,1400.0,635.8,0.0,41,9.0,303.71,
10192,201405,0,3587.0,12,69.0,12.0,11.0,787.0,1500.0,505.78,0.0,41,2.0,295.33,1500.0
10193,201411,1,3644.0,10,67.0,8.0,0.0,823.0,2000.0,,,55,5.0,,5894.0
10194,201408,0,1637.0,12,5.0,9.0,12.0,328.0,2752.55,776.97,241.03,45,1.0,643.14,4796.32
10195,201410,0,397.0,12,0.0,0.0,0.0,,2085.0,,,58,0.0,,
10196,201407,0,226.0,12,0.0,0.0,0.0,,1000.0,,,34,0.0,,1000.0
10197,201412,0,3324.0,12,22.0,11.0,12.0,687.0,600.0,668.87,125.05,67,9.0,331.73,
10198,201411,1,770.0,12,0.0,0.0,2.0,,1076.72,211.44,0.0,69,0.0,497.85,2802.56
10199,201409,0,296.0,12,0.0,0.0,0.0,,600.0,,,41,0.0,,
10200,201405,0,738.0,12,0.0,0.0,1.0,,3000.0,458.94,0.0,69,0.0,1138.2,5000.0
10201,201401,0,400.0,6,0.0,0.0,0.0,,500.0,,,54,0.0,,1000.0
10202,201410,0,256.0,12,0.0,0.0,0.0,,2051.06,,,43,0.0,,
10203,201404,1,1724.0,12,8.0,9.0,12.0,394.0,1000.0,950.54,0.0,53,1.0,672.95,2919.13
10204,201410,1,556.0,12,0.0,0.0,0.0,,2000.0,,,44,0.0,124.6,500.0
10205,201405,0,4131.0,8,62.0,0.0,0.0,,350.0,,,43,8.0,0.66,350.0
10206,201408,0,1255.0,12,0.0,4.0,11.0,149.0,600.0,359.9,0.0,52,0.0,354.49,1290.0
10207,201407,0,1611.0,5,4.0,9.0,12.0,508.0,340.0,636.84,0.0,41,1.0,614.96,340.0
10208,201409,1,488.0,12,0.0,0.0,0.0,,2707.28,,,27,0.0,,1845.52
10209,201406,0,3086.0,10,42.0,12.0,12.0,950.0,1000.0,1249.0,120.16,39,4.0,765.05,6100.0
10210,201409,1,998.0,12,0.0,0.0,9.0,,2592.4,728.23,110.83,45,0.0,325.26,
10211,201412,1,810.0,10,0.0,0.0,3.0,,1000.0,837.16,212.3,41,0.0,895.61,
10212,201411,0,1056.0,12,0.0,0.0,10.0,125.0,900.0,,,46,0.0,,
10213,201403,0,443.0,12,0.0,0.0,0.0,,1000.0,,,50,0.0,,1850.46
10214,201408,0,562.0,10,0.0,0.0,0.0,,1000.0,,,49,0.0,0.0,1000.0
10215,201405,0,1111.0,6,0.0,0.0,12.0,172.0,1360.0,593.16,89.49,48,0.0,492.75,2260.0
10216,201409,0,194.0,12,0.0,0.0,0.0,,1047.8,,,37,0.0,,
10217,201412,1,517.0,12,0.0,0.0,0.0,,3000.0,,,63,0.0,,
10218,201407,0,397.0,12,0.0,0.0,0.0,,1500.0,,,67,0.0,,3200.0
10219,201408,0,2582.0,5,18.0,5.0,12.0,492.0,987.47,1120.53,24.98,47,15.0,996.82,2187.47
10220,201402,0,829.0,4,0.0,0.0,2.0,,550.0,156.51,0.0,36,0.0,384.36,1100.0
10221,201404,0,632.0,7,0.0,0.0,0.0,,500.0,,,43,0.0,70.0,500.0
10222,201407,1,224.0,12,0.0,0.0,0.0,,500.0,,,43,0.0,,500.0
10223,201411,0,1104.0,4,0.0,0.0,12.0,73.0,800.0,1045.47,180.71,47,0.0,796.64,3817.58
10224,201412,1,358.0,12,0.0,0.0,0.0,,1220.0,,,52,0.0,,
10225,201402,0,1173.0,12,0.0,1.0,6.0,32.0,1200.0,363.68,123.8,58,0.0,188.96,2415.47
10226,201410,0,604.0,12,0.0,0.0,0.0,,2000.0,,,59,0.0,87.21,1500.0
10227,201408,0,1418.0,12,0.0,6.0,12.0,784.0,1000.0,902.99,67.16,62,0.0,175.0,1000.0
10228,201410,0,870.0,12,0.0,0.0,5.0,,1000.0,408.72,19.65,41,0.0,489.36,
10229,201412,1,1276.0,6,0.0,4.0,9.0,503.0,1063.99,,,37,0.0,,
10230,201406,0,2515.0,12,6.0,10.0,11.0,325.0,1200.0,564.68,164.83,42,5.0,198.54,4490.22
10231,201401,1,188.0,12,0.0,0.0,0.0,,578.58,,,56,0.0,,578.58
10232,201402,0,416.0,12,0.0,0.0,0.0,,600.0,,,60,0.0,,1200.0
10233,201408,0,2176.0,12,7.0,7.0,8.0,278.0,500.0,139.96,0.0,62,4.0,332.81,500.0
10234,201408,0,2630.0,12,30.0,10.0,12.0,728.0,2000.0,411.84,0.0,44,7.0,464.23,2000.0
10235,201404,0,222.0,12,0.0,0.0,0.0,,600.0,,,68,0.0,,600.0
10236,201402,0,3061.0,10,24.0,8.0,11.0,263.0,1000.0,763.67,235.55,58,11.0,579.74,2000.0
10237,201402,1,701.0,12,0.0,0.0,0.0,,2919.88,,,46,0.0,415.58,
10238,201407,0,1307.0,12,0.0,5.0,12.0,402.0,800.0,98.94,0.0,54,0.0,61.89,800.0
10239,201407,1,577.0,6,0.0,0.0,0.0,,500.0,,,38,0.0,,500.0
10240,201402,1,1609.0,12,5.0,9.0,8.0,407.0,2000.0,259.67,70.04,77,1.0,63.61,6073.56
10241,201407,0,2550.0,12,10.0,0.0,8.0,,1500.0,433.89,0.0,67,2.0,179.41,3500.0
10242,201404,0,3732.0,12,41.0,11.0,6.0,220.0,2000.0,281.08,0.0,45,8.0,409.09,3500.0
10243,201410,0,613.0,12,0.0,0.0,0.0,,800.0,,,63,0.0,62.91,1000.0
10244,201410,1,4963.0,12,11.0,0.0,11.0,236.0,2500.0,331.85,0.0,49,11.0,452.6,1311.33
10245,201408,1,655.0,10,0.0,0.0,0.0,,800.0,,,65,0.0,143.5,800.0
10246,201405,0,2810.0,12,40.0,9.0,12.0,450.0,990.0,468.86,0.0,37,2.0,217.42,990.0
10247,201411,1,951.0,12,0.0,0.0,8.0,,2000.0,239.26,72.71,56,0.0,60.0,2400.0
10248,201406,0,764.0,12,0.0,0.0,2.0,,500.0,266.91,66.99,43,0.0,237.6,600.53
10249,201407,0,497.0,12,0.0,0.0,0.0,,2483.88,,,54,0.0,,2483.88
10250,201401,0,3518.0,12,31.0,1.0,6.0,59.0,2000.0,79.97,0.0,46,17.0,,10409.03
10251,201407,1,3977.0,12,60.0,10.0,12.0,784.0,1000.0,517.23,0.0,39,24.0,475.0,1000.0
10252,201412,1,1143.0,12,0.0,0.0,12.0,223.0,500.0,214.95,0.0,41,0.0,185.07,190.0
10253,201411,1,962.0,10,0.0,0.0,8.0,,1000.0,1467.79,85.57,42,0.0,496.94,
10254,201408,0,1140.0,12,0.0,1.0,12.0,336.0,1000.0,197.94,0.0,34,0.0,,3400.0
10255,201410,0,308.0,5,0.0,0.0,0.0,,400.0,,,37,0.0,,200.0
10256,201406,1,349.0,12,0.0,0.0,0.0,,2818.97,,,51,0.0,,4558.97
10257,201409,0,296.0,12,0.0,0.0,0.0,,2346.86,,,51,0.0,,500.0
10258,201402,1,386.0,5,0.0,0.0,0.0,,300.0,,,33,0.0,,300.0
10259,201407,0,293.0,12,0.0,0.0,0.0,,500.0,,,51,0.0,,679.9
10260,201405,0,993.0,12,0.0,0.0,8.0,,984.54,638.03,13.02,71,0.0,234.82,2184.54
10261,201405,0,3684.0,4,17.0,2.0,11.0,129.0,200.0,464.81,0.0,46,4.0,374.25,200.0
10262,201409,0,1625.0,12,5.0,0.0,8.0,,3000.0,249.69,79.72,68,1.0,,9000.0
10263,201404,0,177.0,5,0.0,0.0,0.0,,370.0,,,59,0.0,,370.0
10264,201405,1,1509.0,12,1.0,10.0,5.0,519.0,1300.0,206.81,0.0,42,1.0,431.97,2000.0
10265,201410,1,222.0,12,0.0,0.0,0.0,,955.0,,,65,0.0,,
10266,201410,1,175.0,12,0.0,0.0,0.0,,1000.0,,,30,0.0,,
10267,201406,0,895.0,10,0.0,0.0,5.0,,500.0,402.83,0.0,46,0.0,405.36,500.0
10268,201408,0,234.0,12,0.0,0.0,0.0,,1000.0,,,56,0.0,,
10269,201406,1,1207.0,12,0.0,4.0,12.0,416.0,1400.0,800.79,150.18,39,0.0,493.88,3600.0
10270,201412,0,,12,,,,,1452.41,,,41,,,2000.0
10271,201401,0,989.0,12,0.0,0.0,8.0,,500.0,463.86,0.0,69,0.0,253.62,1000.0
10272,201404,0,928.0,12,0.0,0.0,6.0,,2400.0,443.73,132.8,59,0.0,214.74,6800.0
10273,201409,0,1727.0,12,3.0,10.0,12.0,293.0,1375.51,315.93,0.0,58,2.0,160.35,6100.0
10274,201404,0,660.0,12,0.0,0.0,0.0,,1000.0,,,49,0.0,268.47,1000.0
10275,201409,0,2184.0,10,17.0,8.0,9.0,289.0,1000.0,605.78,0.0,38,6.0,442.9,
10276,201411,0,764.0,10,0.0,0.0,1.0,,500.0,106.15,0.0,41,0.0,238.27,700.0
10277,201407,0,437.0,5,0.0,0.0,0.0,,284.0,,,35,0.0,,284.0
10278,201404,0,833.0,12,0.0,0.0,3.0,,2967.76,373.88,89.68,42,0.0,340.37,3967.76
10279,201404,0,1714.0,12,8.0,10.0,11.0,555.0,3000.0,290.84,0.0,44,1.0,291.69,5000.0
10280,201405,0,918.0,6,0.0,0.0,6.0,,1858.14,525.06,73.16,64,0.0,284.69,3858.14
10281,201406,0,550.0,12,0.0,0.0,0.0,,868.82,,,42,0.0,,868.82
10282,201410,0,307.0,12,0.0,0.0,0.0,,1000.0,,,52,0.0,,
10283,201408,1,2895.0,7,41.0,11.0,12.0,450.0,1000.0,983.31,225.56,63,6.0,313.63,1000.0
10284,201402,0,997.0,12,0.0,0.0,9.0,,1100.0,227.89,0.0,62,0.0,405.63,2200.0
10285,201411,0,2345.0,12,21.0,9.0,12.0,581.0,1000.0,237.51,69.59,40,6.0,73.24,629.0
10286,201404,0,224.0,12,0.0,0.0,0.0,,600.0,,,60,0.0,,600.0
10287,201401,0,768.0,12,0.0,0.0,1.0,,1000.0,219.52,0.0,45,0.0,269.25,2000.0
10288,201406,0,1265.0,12,0.0,3.0,9.0,99.0,700.0,742.55,176.69,45,0.0,330.39,700.0
10289,201401,0,690.0,12,0.0,0.0,0.0,,778.85,,,42,0.0,77.03,2336.55
10290,201403,1,485.0,12,0.0,0.0,0.0,,2000.0,,,42,0.0,,2818.75
10291,201410,1,276.0,12,0.0,0.0,0.0,,1000.0,,,59,0.0,,
10292,201411,0,1506.0,12,0.0,8.0,11.0,230.0,2500.0,867.28,237.01,38,1.0,422.76,5000.0
10293,201405,0,432.0,12,0.0,0.0,0.0,,950.0,,,58,0.0,,2242.02
10294,201404,0,761.0,8,0.0,0.0,1.0,,220.0,143.98,0.0,44,0.0,158.24,351.08
10295,201403,0,2601.0,10,27.0,2.0,12.0,248.0,2500.0,695.78,0.0,60,9.0,394.05,6500.0
10296,201404,1,820.0,12,0.0,0.0,3.0,,1000.0,219.91,0.0,58,0.0,188.3,1000.0
10297,201402,0,891.0,12,0.0,0.0,11.0,,1000.0,231.84,78.85,57,0.0,209.51,2865.0
10298,201408,0,3114.0,7,30.0,2.0,12.0,,1000.0,71.97,0.0,49,20.0,69.12,3424.01
10299,201407,0,3280.0,12,9.0,0.0,0.0,,550.0,,,43,4.0,,550.0
10300,201402,0,4046.0,12,76.0,12.0,12.0,818.0,1000.0,877.57,43.75,38,4.0,438.38,2500.0
10301,201407,0,927.0,10,0.0,0.0,7.0,,1800.0,859.2,172.34,57,0.0,358.04,4286.0
10302,201410,0,680.0,12,0.0,0.0,0.0,,2400.0,,,53,0.0,30.59,1040.0
10303,201408,1,239.0,12,0.0,0.0,0.0,,1592.03,,,33,0.0,,1592.03
10304,201412,0,1176.0,12,0.0,2.0,5.0,203.0,900.0,13.99,0.0,41,0.0,,1650.86
10305,201411,0,908.0,10,0.0,0.0,6.0,,1300.0,367.79,14.44,37,0.0,106.56,700.0
10306,201406,1,2933.0,12,46.0,10.0,12.0,304.0,2000.0,286.72,0.0,43,3.0,143.9,5000.0
10307,201409,0,821.0,8,0.0,0.0,1.0,,900.0,18.0,0.0,53,0.0,201.11,1000.0
10308,201410,0,1180.0,12,0.0,1.0,9.0,369.0,1900.0,465.83,0.0,43,0.0,,1000.0
10309,201412,0,,8,,,,,1651.23,,,54,,,4845.08
10310,201405,0,794.0,3,0.0,0.0,3.0,,250.0,135.73,39.76,56,0.0,140.65,250.0
10311,201404,0,,10,,,,,1000.0,,,55,,,1568.19
10312,201402,0,3136.0,12,47.0,12.0,12.0,392.0,1000.0,751.64,0.0,41,4.0,172.75,2000.0
10313,201409,0,901.0,12,0.0,0.0,6.0,,1286.55,580.31,204.44,42,0.0,232.31,
10314,201410,1,407.0,12,0.0,0.0,0.0,,1000.0,,,57,0.0,,1556.62
10315,201406,0,501.0,12,0.0,0.0,0.0,,1748.48,,,31,0.0,,1748.48
10316,201405,0,2060.0,12,10.0,4.0,6.0,191.0,1775.83,289.76,101.82,50,5.0,218.77,1775.83
10317,201402,1,482.0,12,0.0,0.0,0.0,,1500.0,,,36,0.0,,5000.0
10318,201403,0,531.0,12,0.0,0.0,0.0,,600.0,,,43,0.0,23.4,600.0
10319,201405,0,1010.0,5,0.0,0.0,9.0,,400.0,609.46,0.0,39,0.0,269.46,600.0
10320,201407,0,959.0,10,0.0,0.0,8.0,,500.0,424.8,0.0,35,0.0,225.58,500.0
10321,201403,0,1102.0,12,0.0,1.0,9.0,319.0,1000.0,262.15,87.62,63,0.0,272.35,2940.0
10322,201406,0,1316.0,12,0.0,5.0,12.0,423.0,1000.0,519.81,30.96,51,0.0,382.85,1000.0
10323,201411,0,1419.0,8,0.0,2.0,10.0,202.0,1500.0,915.11,288.77,46,0.0,525.67,
10324,201406,0,3102.0,6,48.0,12.0,11.0,553.0,400.0,355.82,0.0,59,6.0,151.62,1187.0
10325,201406,1,635.0,12,0.0,0.0,0.0,,1000.0,,,58,0.0,41.39,1000.0
10326,201410,0,407.0,12,0.0,0.0,0.0,,1000.0,,,33,0.0,,300.0
10327,201407,1,2842.0,12,35.0,7.0,12.0,734.0,1500.0,542.8,0.0,39,9.0,435.7,2100.0
10328,201407,1,-9.0,8,0.0,0.0,0.0,,872.84,,,37,0.0,,872.84
10329,201410,0,1409.0,3,0.0,6.0,12.0,498.0,500.0,318.25,0.0,44,0.0,211.95,
10330,201404,1,1028.0,12,0.0,0.0,10.0,,1500.0,1342.33,46.93,66,0.0,96.0,6500.0
10331,201411,0,245.0,12,0.0,0.0,0.0,,1000.0,,,42,0.0,,
10332,201408,0,971.0,10,0.0,0.0,8.0,,1000.0,1079.39,244.66,39,0.0,830.0,1000.0
10333,201405,0,1981.0,3,3.0,0.0,0.0,,300.0,,,39,6.0,,300.0
10334,201402,0,2988.0,4,37.0,8.0,12.0,59.0,150.0,282.28,52.86,45,11.0,180.42,600.0
10335,201405,1,284.0,12,0.0,0.0,0.0,,1000.0,,,50,0.0,,1000.0
10336,201403,0,333.0,12,0.0,0.0,0.0,,320.0,,,44,0.0,,320.0
10337,201405,0,227.0,12,0.0,0.0,0.0,,500.0,,,41,0.0,,500.0
10338,201401,0,627.0,8,0.0,0.0,0.0,,1000.0,,,50,0.0,141.71,2000.0
10339,201406,0,235.0,3,0.0,0.0,0.0,,350.0,,,46,0.0,,350.0
10340,201409,0,205.0,12,0.0,0.0,0.0,,600.0,,,54,0.0,,
10341,201401,0,1430.0,12,0.0,9.0,12.0,561.0,400.0,587.72,181.96,35,0.0,273.94,1039.9
10342,201411,0,1593.0,12,2.0,8.0,12.0,403.0,1000.0,799.88,0.0,66,2.0,522.25,7148.83
10343,201407,1,487.0,12,0.0,0.0,0.0,,1638.08,,,34,0.0,,1638.08
10344,201411,0,3227.0,12,34.0,0.0,0.0,,1000.0,,,76,16.0,,2000.0
10345,201409,0,1345.0,12,0.0,4.0,11.0,376.0,1000.0,1163.08,393.24,43,0.0,667.0,1000.0
10346,201411,0,305.0,12,0.0,0.0,0.0,,1300.0,,,44,0.0,,1360.0
10347,201403,0,794.0,6,0.0,0.0,2.0,,400.0,103.96,0.0,49,0.0,111.22,620.0
10348,201401,0,1060.0,12,0.0,0.0,8.0,,2000.0,443.21,29.67,58,0.0,157.21,4000.0
10349,201405,0,1996.0,12,12.0,0.0,12.0,115.0,1400.0,575.45,119.44,52,1.0,173.67,5400.0
10350,201410,0,262.0,12,0.0,0.0,0.0,,1500.0,,,39,0.0,,
10351,201401,0,1634.0,12,5.0,8.0,11.0,142.0,1000.0,478.59,151.19,61,1.0,256.61,2000.0
10352,201411,1,176.0,12,0.0,0.0,0.0,,1264.64,,,45,0.0,,
10353,201401,0,1312.0,12,0.0,5.0,12.0,219.0,2900.69,705.78,0.0,52,0.0,467.63,17115.48
10354,201403,0,709.0,12,0.0,0.0,0.0,,800.0,330.96,99.07,65,0.0,289.93,800.0
10355,201412,1,2558.0,12,29.0,5.0,10.0,149.0,1500.0,283.02,83.11,37,7.0,227.98,5253.92
10356,201410,0,916.0,12,0.0,0.0,6.0,,1000.0,352.1,82.79,33,0.0,201.15,
10357,201404,1,363.0,12,0.0,0.0,0.0,,2000.0,,,34,0.0,,2000.0
10358,201412,0,1188.0,10,0.0,1.0,6.0,305.0,1000.0,,,33,0.0,,4417.06
10359,201412,1,285.0,12,0.0,0.0,0.0,,1000.0,,,31,0.0,,
10360,201404,1,342.0,6,0.0,0.0,0.0,,2000.0,,,57,0.0,,2000.0
10361,201403,1,2046.0,12,18.0,0.0,8.0,68.0,1751.36,59.32,5.97,42,1.0,63.19,2751.36
10362,201402,1,898.0,12,0.0,0.0,5.0,,500.0,222.54,0.0,55,0.0,337.64,1000.0
10363,201404,0,617.0,12,0.0,0.0,0.0,,518.11,,,29,0.0,129.16,518.11
10364,201407,0,922.0,10,0.0,0.0,5.0,,1000.0,188.92,0.0,43,0.0,112.57,1700.0
10365,201404,0,1509.0,12,1.0,11.0,12.0,465.0,2000.0,425.28,139.42,56,1.0,0.0,13500.0
10366,201410,0,3664.0,5,36.0,3.0,8.0,248.0,800.0,319.95,0.0,51,17.0,266.1,4800.0
10367,201407,0,3127.0,12,44.0,11.0,12.0,469.0,1000.0,1197.64,176.94,46,6.0,568.7,1000.0
10368,201411,0,241.0,12,0.0,0.0,0.0,,1500.0,,,58,0.0,,
10369,201410,0,523.0,12,0.0,0.0,0.0,,806.62,,,20,0.0,12.7,
10370,201405,0,984.0,12,0.0,0.0,9.0,,1500.0,881.36,173.53,48,0.0,593.73,1500.0
10371,201406,0,959.0,9,0.0,0.0,8.0,,500.0,520.77,41.16,40,0.0,598.92,850.0
10372,201409,0,1108.0,3,0.0,1.0,7.0,207.0,400.0,,,41,0.0,0.0,600.0
10373,201407,0,706.0,12,0.0,0.0,0.0,,1700.0,,,24,0.0,419.18,2284.21
10374,201411,0,1206.0,5,0.0,3.0,12.0,203.0,500.0,483.7,95.27,63,0.0,98.17,1000.0
10375,201409,0,416.0,12,0.0,0.0,0.0,,500.0,,,36,0.0,,
10376,201406,0,158.0,12,0.0,0.0,0.0,,1245.0,,,53,0.0,,1245.0
10377,201403,0,1944.0,4,10.0,9.0,12.0,733.0,300.0,675.57,221.72,68,4.0,905.74,300.0
10378,201408,1,613.0,12,0.0,0.0,0.0,,1172.32,,,44,0.0,95.85,3586.0
10379,201407,0,742.0,12,0.0,0.0,0.0,,1400.0,47.59,0.0,34,0.0,525.79,2310.0
10380,201410,0,,12,,,,,1308.0,,,43,,,1715.84
10381,201405,1,637.0,12,0.0,0.0,0.0,,2000.0,,,38,0.0,55.48,3700.0
10382,201411,0,4706.0,12,82.0,12.0,10.0,326.0,2500.0,265.88,0.0,59,20.0,320.0,6800.0
10383,201409,0,237.0,12,0.0,0.0,0.0,,590.0,,,65,0.0,,
10384,201403,0,3503.0,6,43.0,12.0,12.0,1442.0,1000.0,1113.57,0.0,63,17.0,590.83,1000.0
10385,201405,0,223.0,12,0.0,0.0,0.0,,700.0,,,48,0.0,,700.0
10386,201403,1,519.0,12,0.0,0.0,0.0,,1000.0,,,41,0.0,,1850.0
10387,201405,0,2931.0,12,42.0,2.0,12.0,511.0,1000.0,1527.89,436.23,51,2.0,1115.11,2414.38
10388,201410,0,1174.0,12,0.0,2.0,11.0,19.0,2792.07,270.8,90.82,59,0.0,295.77,5359.03
10389,201405,0,3831.0,10,23.0,3.0,12.0,505.0,1500.0,1052.24,329.43,42,10.0,600.77,1500.0
10390,201402,0,623.0,8,0.0,0.0,0.0,,1000.0,,,70,0.0,46.94,4000.0
10391,201404,0,2764.0,10,35.0,12.0,11.0,1160.0,500.0,,,71,5.0,631.01,1100.0
10392,201410,1,1078.0,12,0.0,0.0,12.0,,1692.0,1064.19,47.87,73,0.0,467.66,
10393,201404,0,1191.0,12,0.0,2.0,0.0,32.0,700.0,,,39,0.0,0.0,700.0
10394,201404,0,356.0,12,0.0,0.0,0.0,,500.0,,,42,0.0,,500.0
10395,201410,1,470.0,12,0.0,0.0,0.0,,1000.0,,,49,0.0,,
10396,201412,1,1258.0,12,0.0,4.0,12.0,240.0,2000.0,727.59,164.0,48,0.0,406.0,2500.0
10397,201409,0,4321.0,12,6.0,2.0,11.0,84.0,1500.0,569.92,0.0,35,4.0,354.4,2918.34
10398,201406,0,2975.0,12,45.0,12.0,12.0,616.0,1000.0,655.85,0.0,54,3.0,65.88,2200.0
10399,201410,1,1428.0,12,0.0,6.0,0.0,300.0,2477.92,,,40,0.0,,5783.72
10400,201406,0,773.0,12,0.0,0.0,4.0,,2300.0,829.6,287.74,64,0.0,607.8,3700.0
10401,201405,0,4143.0,12,10.0,0.0,0.0,,500.0,,,68,7.0,,1000.0
10402,201409,0,240.0,12,0.0,0.0,0.0,,2284.43,,,40,0.0,,
10403,201405,0,1567.0,12,2.0,10.0,3.0,659.0,1000.0,,,28,2.0,225.51,1000.0
10404,201411,1,323.0,12,0.0,0.0,0.0,,1000.0,,,48,0.0,,
10405,201406,0,459.0,8,0.0,0.0,0.0,,1000.0,,,34,0.0,,1250.0
10406,201407,0,956.0,8,0.0,0.0,7.0,,500.0,295.73,0.0,58,0.0,0.0,500.0
10407,201409,0,316.0,12,0.0,0.0,0.0,,1000.0,,,49,0.0,,
10408,201409,0,470.0,6,0.0,0.0,0.0,,500.0,,,49,0.0,,800.0
10409,201402,0,302.0,12,0.0,0.0,0.0,,530.0,,,42,0.0,,1060.0
10410,201410,1,279.0,12,0.0,0.0,0.0,,1000.0,,,72,0.0,,
10411,201403,1,207.0,8,0.0,0.0,0.0,,1000.0,,,40,0.0,,1000.0
10412,201402,0,1017.0,12,0.0,0.0,10.0,245.0,1693.15,305.55,101.67,60,0.0,202.59,3386.3
10413,201405,1,3504.0,8,11.0,0.0,7.0,,723.66,170.94,0.0,44,6.0,91.37,2323.66
10414,201406,0,700.0,12,0.0,0.0,2.0,,1000.0,193.36,70.98,59,0.0,210.0,1000.0
10415,201401,1,658.0,12,0.0,0.0,0.0,,1500.0,147.35,44.8,46,0.0,169.57,4000.0
10416,201409,1,105.0,12,0.0,0.0,0.0,,348.0,,,48,0.0,,99.95
10417,201403,0,245.0,12,0.0,0.0,0.0,,2000.0,,,58,0.0,,2000.0
10418,201409,0,2505.0,3,27.0,10.0,7.0,616.0,300.0,1544.68,74.04,57,5.0,1140.0,
10419,201403,0,602.0,12,0.0,0.0,0.0,,830.37,,,44,0.0,33.83,1660.74
10420,201404,0,474.0,12,0.0,0.0,4.0,,1114.47,,,38,0.0,,1114.47
10421,201402,1,466.0,12,0.0,0.0,0.0,,2058.87,,,50,0.0,,5563.27
10422,201405,0,545.0,12,0.0,0.0,0.0,,1000.0,,,36,0.0,,1000.0
10423,201402,0,348.0,12,0.0,0.0,0.0,,700.0,,,37,0.0,,700.0
10424,201402,0,638.0,12,0.0,0.0,0.0,,500.0,94.57,32.02,43,0.0,35.97,1000.0
10425,201404,1,306.0,10,0.0,0.0,0.0,,400.0,,,49,0.0,,1000.0
10426,201403,0,1763.0,6,7.0,7.0,10.0,301.0,600.0,45.0,0.0,55,4.0,51.09,1050.0
10427,201406,0,111.0,12,0.0,0.0,0.0,,300.0,,,39,0.0,,300.0
10428,201411,1,1722.0,12,5.0,2.0,6.0,122.0,1779.63,684.15,138.01,64,3.0,341.55,
10429,201409,0,2734.0,12,12.0,0.0,7.0,,2000.0,438.72,154.8,35,2.0,117.78,6800.0
10430,201409,0,1015.0,5,0.0,0.0,9.0,,800.0,177.27,0.0,54,0.0,51.8,2600.0
10431,201408,0,3210.0,12,50.0,12.0,11.0,1319.0,1000.0,1353.65,0.0,32,9.0,611.5,1000.0
10432,201412,0,760.0,12,0.0,0.0,1.0,,500.0,319.93,0.0,54,0.0,541.11,
10433,201401,0,1126.0,3,0.0,1.0,9.0,339.0,300.0,293.89,0.0,41,0.0,339.45,1128.0
10434,201405,0,1850.0,8,8.0,5.0,6.0,41.0,900.0,81.96,0.0,75,2.0,34.56,5250.0
10435,201402,1,2120.0,12,4.0,12.0,9.0,285.0,2000.0,246.8,0.0,42,2.0,248.97,4000.0
10436,201406,0,224.0,12,0.0,0.0,0.0,,1000.0,,,41,0.0,,1000.0
10437,201406,1,1936.0,12,8.0,2.0,10.0,397.0,1200.0,1000.75,0.0,42,8.0,542.56,2331.81
10438,201411,1,212.0,12,0.0,0.0,0.0,,1840.94,,,26,0.0,,
10439,201408,0,375.0,12,0.0,0.0,0.0,,1200.0,,,56,0.0,,2477.8
10440,201406,0,492.0,12,0.0,0.0,0.0,,1600.0,,,48,0.0,,1600.0
10441,201403,0,3118.0,10,34.0,9.0,9.0,852.0,1000.0,279.94,0.0,43,7.0,262.36,1000.0
10442,201407,1,3625.0,12,28.0,12.0,11.0,1008.0,3000.0,805.82,0.0,36,20.0,584.64,9960.39
10443,201412,0,1914.0,12,11.0,0.0,11.0,345.0,780.0,279.94,0.0,58,1.0,69.02,
10444,201404,1,346.0,12,0.0,0.0,0.0,,600.0,,,34,0.0,,600.0
10445,201402,0,437.0,10,0.0,0.0,0.0,,585.1,,,41,0.0,,1170.2
10446,201409,0,269.0,12,0.0,0.0,0.0,,1000.0,,,52,0.0,,346.2
10447,201402,0,3741.0,10,21.0,0.0,0.0,,500.0,,,43,6.0,99.73,1400.0
10448,201404,0,1917.0,12,10.0,10.0,1.0,182.0,1400.0,,,47,5.0,11.7,3515.56
10449,201405,0,4681.0,7,52.0,6.0,12.0,673.0,2000.0,838.9,0.0,47,48.0,350.81,7667.51
10450,201403,0,3941.0,12,63.0,0.0,2.0,,1500.0,450.86,0.0,42,4.0,570.41,
10451,201408,1,218.0,12,0.0,0.0,0.0,,1000.0,,,69,0.0,,
10452,201402,1,294.0,12,0.0,0.0,0.0,,1230.0,,,51,0.0,,2460.0
10453,201404,0,2771.0,12,36.0,7.0,11.0,,1000.0,1287.58,325.92,71,5.0,510.32,3533.92
10454,201412,1,948.0,12,0.0,0.0,7.0,,2272.0,697.92,0.0,45,0.0,329.03,2510.04
10455,201409,1,2825.0,12,13.0,0.0,1.0,,2800.0,179.41,59.43,52,3.0,164.85,3400.0
10456,201408,0,967.0,10,0.0,0.0,6.0,,700.0,428.82,0.0,47,0.0,870.46,1526.85
10457,201402,0,1993.0,10,6.0,7.0,2.0,404.0,800.0,,,46,12.0,,1600.0
10458,201405,0,2626.0,12,30.0,12.0,12.0,2303.0,2000.0,2291.29,0.0,54,5.0,1593.83,3500.0
10459,201401,1,466.0,10,0.0,0.0,0.0,,400.0,,,42,0.0,,800.0
10460,201402,0,3833.0,12,57.0,1.0,3.0,111.0,1000.0,965.85,323.05,55,17.0,692.69,2000.0
10461,201407,0,704.0,10,0.0,0.0,0.0,,1500.0,,,64,0.0,360.69,3500.0
10462,201408,1,3597.0,12,56.0,11.0,12.0,965.0,2000.0,1181.56,193.9,55,6.0,410.02,1399.82
10463,201401,1,1141.0,12,0.0,1.0,7.0,382.0,2296.83,497.77,85.9,52,0.0,,6574.52
10464,201408,0,886.0,12,0.0,0.0,8.0,,2500.0,339.29,109.85,56,0.0,136.96,7536.0
10465,201405,1,899.0,6,0.0,0.0,5.0,,300.0,92.97,0.0,32,0.0,134.84,500.0
10466,201408,1,297.0,5,0.0,0.0,0.0,,500.0,,,34,0.0,,1300.0
10467,201405,0,2109.0,6,11.0,0.0,7.0,,150.0,169.95,0.0,55,2.0,130.88,150.0
10468,201406,0,1129.0,9,0.0,0.0,2.0,99.0,500.0,,,48,0.0,0.0,1000.0
10469,201401,1,1926.0,12,9.0,6.0,12.0,217.0,2500.0,703.06,28.27,55,3.0,484.1,11738.54
10470,201406,0,743.0,12,0.0,0.0,1.0,,1000.0,100.76,0.0,47,0.0,293.82,1000.0
10471,201402,1,1529.0,12,1.0,12.0,11.0,634.0,1000.0,634.17,71.6,41,1.0,509.82,2000.0
10472,201401,0,239.0,12,0.0,0.0,0.0,,1072.08,,,50,0.0,,2144.16
10473,201410,0,2110.0,12,19.0,8.0,9.0,795.0,1348.0,189.91,0.0,42,3.0,94.21,1490.0
10474,201404,0,2092.0,12,18.0,2.0,8.0,,1500.0,427.49,131.57,50,2.0,215.01,1500.0
10475,201408,0,3240.0,6,9.0,0.0,0.0,,500.0,,,39,3.0,,500.0
10476,201405,0,229.0,12,0.0,0.0,0.0,,500.0,,,47,0.0,,500.0
10477,201404,0,2232.0,12,21.0,0.0,0.0,,3000.0,,,68,4.0,,3000.0
10478,201410,0,1804.0,12,7.0,0.0,0.0,,1500.0,,,55,1.0,,
10479,201410,0,701.0,12,0.0,0.0,0.0,,2000.0,,,32,0.0,134.15,
10480,201412,0,631.0,12,0.0,0.0,0.0,,500.0,,,58,0.0,83.78,
10481,201410,0,2619.0,6,18.0,4.0,0.0,,1000.0,,,54,17.0,,700.0
10482,201410,0,518.0,8,0.0,0.0,0.0,,600.0,,,46,0.0,,1098.52
10483,201408,1,1705.0,8,7.0,12.0,12.0,1323.0,600.0,625.82,0.0,64,1.0,339.0,600.0
10484,201405,1,571.0,12,0.0,0.0,0.0,,1000.0,,,47,0.0,0.0,1300.0
10485,201407,1,283.0,12,0.0,0.0,0.0,,2000.0,,,42,0.0,,2798.0
10486,201405,0,855.0,12,0.0,0.0,4.0,,2000.0,798.63,0.0,39,0.0,658.78,2000.0
10487,201411,0,3017.0,8,25.0,0.0,2.0,,1000.0,314.72,108.79,53,1.0,334.6,
10488,201409,0,433.0,3,0.0,0.0,0.0,,200.0,,,48,0.0,,
10489,201408,0,4959.0,12,15.0,0.0,0.0,,1000.0,,,60,3.0,0.0,2000.0
10490,201401,0,506.0,12,0.0,0.0,0.0,,2000.0,,,31,0.0,,4380.0
10491,201404,1,341.0,12,0.0,0.0,0.0,,1479.39,,,57,0.0,,1479.39
10492,201412,1,,12,,,,,1700.0,,,58,,,
10493,201404,0,1613.0,12,4.0,4.0,11.0,352.0,1600.0,483.86,0.0,72,1.0,321.2,1600.0
10494,201404,1,216.0,12,0.0,0.0,0.0,,690.0,,,38,0.0,,690.0
10495,201410,0,1656.0,12,1.0,0.0,7.0,,1000.0,419.98,0.0,37,4.0,304.45,1200.0
10496,201404,0,2340.0,6,20.0,10.0,11.0,786.0,300.0,519.47,89.56,59,9.0,654.02,300.0
10497,201403,0,3199.0,6,13.0,0.0,1.0,,1762.61,339.44,124.58,43,2.0,245.6,4004.22
10498,201406,0,423.0,10,0.0,0.0,0.0,,2000.0,,,52,0.0,,2000.0
10499,201403,0,624.0,5,0.0,0.0,0.0,,800.0,,,34,0.0,25.73,2200.0
10500,201402,1,1072.0,12,0.0,0.0,11.0,,1500.0,1461.34,393.54,57,0.0,526.0,5000.0
10501,201406,0,676.0,12,0.0,0.0,0.0,,1000.0,,,57,0.0,206.54,1800.0
10502,201411,1,830.0,10,0.0,0.0,3.0,,1000.0,476.87,0.0,40,0.0,465.39,500.0
10503,201407,0,1877.0,5,3.0,0.0,12.0,187.0,300.0,635.67,43.89,43,1.0,509.93,6700.0
10504,201403,0,376.0,12,0.0,0.0,0.0,,1700.0,,,35,0.0,,2580.16
10505,201404,0,406.0,12,0.0,0.0,0.0,,500.0,,,35,0.0,,500.0
10506,201406,0,686.0,3,0.0,0.0,0.0,,200.0,,,45,0.0,104.29,200.0
10507,201411,0,368.0,12,0.0,0.0,0.0,,700.0,,,45,0.0,,
10508,201401,0,3199.0,12,36.0,12.0,9.0,226.0,1000.0,683.79,0.0,46,3.0,,3041.66
10509,201404,0,339.0,12,0.0,0.0,0.0,,1500.0,,,56,0.0,,2000.0
10510,201407,1,2597.0,12,32.0,12.0,12.0,957.0,1218.11,741.44,205.59,32,2.0,309.17,1218.11
10511,201403,1,685.0,12,0.0,0.0,0.0,,2000.0,,,46,0.0,173.78,5779.04
10512,201402,0,347.0,12,0.0,0.0,0.0,,1000.0,,,47,0.0,,2000.0
10513,201406,0,235.0,12,0.0,0.0,0.0,,819.05,,,32,0.0,,819.05
10514,201411,0,290.0,6,0.0,0.0,0.0,,400.0,,,42,0.0,,704.14
10515,201412,0,665.0,12,0.0,0.0,0.0,,800.0,518.77,162.49,73,0.0,156.68,
10516,201401,0,2788.0,12,35.0,10.0,12.0,406.0,1000.0,1169.72,422.84,68,5.0,669.59,3624.1
10517,201403,0,665.0,12,0.0,0.0,0.0,,1000.0,,,51,0.0,94.15,1000.0
10518,201412,0,386.0,12,0.0,0.0,0.0,,1000.0,,,31,0.0,,570.71
10519,201404,1,235.0,12,0.0,0.0,0.0,,1000.0,,,46,0.0,,1000.0
10520,201411,1,840.0,8,0.0,0.0,3.0,,600.0,643.33,111.5,23,0.0,726.35,
10521,201403,0,2320.0,9,18.0,7.0,5.0,325.0,600.0,53.97,0.0,35,3.0,364.66,600.0
10522,201408,1,368.0,12,0.0,0.0,0.0,,800.0,,,68,0.0,,800.0
10523,201409,0,350.0,12,0.0,0.0,0.0,,935.2,,,58,0.0,,
10524,201412,0,1162.0,8,0.0,1.0,11.0,89.0,500.0,518.0,158.11,44,0.0,141.3,
10525,201407,0,1666.0,12,5.0,4.0,9.0,275.0,1800.0,235.93,0.0,37,1.0,167.06,2857.88
10526,201403,1,2261.0,12,22.0,5.0,8.0,587.0,2500.0,897.54,336.1,44,4.0,443.88,6200.0
10527,201408,1,237.0,12,0.0,0.0,0.0,,700.0,,,31,0.0,,700.0
10528,201408,0,3008.0,6,35.0,0.0,0.0,,400.0,,,39,3.0,,400.0
10529,201401,0,4293.0,12,19.0,0.0,0.0,,2547.67,,,36,9.0,45.0,5095.34
10530,201404,0,770.0,12,0.0,0.0,2.0,,2000.0,249.2,87.23,62,0.0,211.2,2000.0
10531,201406,0,3331.0,12,21.0,0.0,5.0,,1000.0,444.87,63.31,49,13.0,368.07,2000.0
10532,201405,0,1247.0,12,0.0,5.0,4.0,388.0,1284.88,25.97,0.0,29,0.0,,7196.98
10533,201402,0,468.0,12,0.0,0.0,0.0,,701.33,,,38,0.0,,1402.66
10534,201408,0,500.0,12,0.0,0.0,0.0,,1500.0,,,30,0.0,0.0,3000.0
10535,201410,0,387.0,12,0.0,0.0,0.0,,1500.0,,,32,0.0,,
10536,201406,0,644.0,6,0.0,0.0,0.0,,568.0,,,57,0.0,43.64,568.0
10537,201406,0,424.0,12,0.0,0.0,0.0,,1000.0,,,49,0.0,,1000.0
10538,201408,0,521.0,12,0.0,0.0,0.0,,800.0,,,44,0.0,,800.0
10539,201405,0,2427.0,10,16.0,0.0,0.0,,500.0,,,71,10.0,,500.0
10540,201404,0,539.0,12,0.0,0.0,0.0,,500.0,,,60,0.0,,500.0
10541,201408,0,631.0,10,0.0,0.0,0.0,,1040.0,,,60,0.0,275.65,1040.0
10542,201401,1,283.0,12,0.0,0.0,0.0,,1000.0,,,51,0.0,,2000.0
10543,201410,1,228.0,10,0.0,0.0,0.0,,889.0,,,56,0.0,,
10544,201404,0,384.0,3,0.0,0.0,0.0,,326.58,,,53,0.0,,326.58
10545,201401,0,390.0,12,0.0,0.0,0.0,,992.31,,,44,0.0,,1984.62
10546,201405,1,747.0,12,0.0,0.0,4.0,,1000.0,358.16,122.23,40,0.0,255.45,1645.46
10547,201410,1,954.0,12,0.0,0.0,8.0,,1500.0,955.28,291.59,44,0.0,301.05,1180.0
10548,201408,1,1388.0,12,0.0,9.0,12.0,991.0,1450.0,1080.82,0.0,62,0.0,696.93,2066.0
10549,201411,1,878.0,12,0.0,0.0,4.0,,1500.0,387.81,55.93,41,0.0,466.47,349.95
10550,201403,0,357.0,4,0.0,0.0,0.0,,400.0,,,44,0.0,,400.0
10551,201408,0,4234.0,12,7.0,0.0,0.0,,400.0,,,56,7.0,24.89,400.0
10552,201410,0,2222.0,6,1.0,3.0,8.0,288.0,1000.0,384.93,117.01,50,1.0,317.23,
10553,201412,0,1699.0,12,7.0,12.0,12.0,1381.0,2000.0,930.57,0.0,49,1.0,366.0,
10554,201405,0,526.0,12,0.0,0.0,0.0,,1690.0,,,53,0.0,,11190.0
10555,201409,0,1385.0,4,0.0,6.0,7.0,242.0,400.0,205.95,0.0,42,0.0,,3508.32
10556,201406,0,1071.0,9,0.0,0.0,11.0,,765.18,557.15,0.0,48,0.0,438.0,765.18
10557,201412,0,371.0,8,0.0,0.0,0.0,,1000.0,,,38,0.0,,
10558,201412,1,471.0,12,0.0,0.0,0.0,,1407.14,,,40,0.0,,
10559,201410,0,3713.0,12,47.0,6.0,12.0,152.0,2000.0,176.67,40.7,64,22.0,88.58,1126.0
10560,201410,0,3276.0,10,11.0,0.0,5.0,,500.0,149.99,0.0,39,2.0,112.78,
10561,201410,0,504.0,12,0.0,0.0,0.0,,2436.27,,,51,0.0,,500.0
10562,201407,0,251.0,12,0.0,0.0,0.0,,700.0,,,39,0.0,,700.0
10563,201405,1,2751.0,8,17.0,10.0,12.0,753.0,1000.0,755.9,154.19,47,6.0,209.91,2118.34
10564,201408,0,681.0,6,0.0,0.0,0.0,,600.0,,,50,0.0,54.0,6100.0
10565,201411,1,1138.0,12,0.0,0.0,5.0,61.0,1600.0,7.2,0.0,41,0.0,90.75,2300.0
10566,201412,0,1108.0,6,0.0,0.0,12.0,231.0,500.0,959.89,0.0,61,0.0,875.0,1500.0
10567,201409,1,193.0,12,0.0,0.0,0.0,,1000.0,,,58,0.0,,
10568,201406,0,1795.0,12,8.0,6.0,12.0,332.0,1000.0,295.92,0.0,37,3.0,311.64,1000.0
10569,201401,1,252.0,6,0.0,0.0,0.0,,300.0,,,43,0.0,,600.0
10570,201402,0,360.0,3,0.0,0.0,0.0,,300.0,,,36,0.0,,1600.0
10571,201403,0,586.0,12,0.0,0.0,0.0,,1000.0,,,36,0.0,0.0,2370.6
10572,201402,1,411.0,5,0.0,0.0,0.0,,1064.0,,,50,0.0,,1564.0
10573,201405,0,3602.0,12,49.0,11.0,10.0,417.0,1500.0,401.88,0.0,57,5.0,287.65,1500.0
10574,201402,1,2443.0,12,5.0,0.0,0.0,,1000.0,,,52,13.0,,2800.0
10575,201409,0,418.0,12,0.0,0.0,0.0,,1247.63,,,33,0.0,,500.0
10576,201407,0,537.0,12,0.0,0.0,0.0,,1000.0,,,33,0.0,,5057.06
10577,201406,0,352.0,12,0.0,0.0,0.0,,1000.0,,,62,0.0,,1000.0
10578,201408,0,2443.0,12,4.0,0.0,4.0,,900.0,,,47,25.0,0.0,3849.19
10579,201404,0,2474.0,12,27.0,7.0,12.0,338.0,1000.0,378.42,126.49,52,6.0,282.73,2932.02
10580,201404,0,890.0,10,0.0,0.0,10.0,,500.0,271.74,85.8,37,0.0,328.05,500.0
10581,201410,0,548.0,12,0.0,0.0,0.0,,1500.0,,,65,0.0,,
10582,201412,1,301.0,10,0.0,0.0,0.0,,1000.0,,,44,0.0,,4638.42
10583,201401,1,558.0,12,0.0,0.0,0.0,,1500.0,,,61,0.0,,4500.0
10584,201401,1,1477.0,12,0.0,8.0,12.0,669.0,2359.29,1160.31,0.0,37,0.0,316.88,4718.58
10585,201411,1,1085.0,12,0.0,0.0,7.0,65.0,2000.0,400.89,0.0,47,0.0,,4000.0
10586,201404,0,812.0,12,0.0,0.0,3.0,,1000.0,432.35,0.0,36,0.0,624.03,1000.0
10587,201405,0,3763.0,10,38.0,12.0,9.0,348.0,2000.0,406.8,0.0,32,8.0,275.0,3863.88
10588,201412,1,864.0,12,0.0,0.0,5.0,,956.72,324.88,64.99,51,0.0,514.01,1700.0
10589,201401,1,529.0,12,0.0,0.0,0.0,,612.32,,,32,0.0,,1224.64
10590,201404,0,2533.0,12,30.0,10.0,3.0,420.0,1000.0,49.99,0.0,38,4.0,,1600.0
10591,201408,0,1849.0,12,5.0,0.0,10.0,,1500.0,75.97,0.0,59,1.0,183.52,12285.74
10592,201406,0,348.0,12,0.0,0.0,0.0,,1994.32,,,43,0.0,,1994.32
10593,201404,1,2721.0,12,4.0,0.0,2.0,,1300.0,,,57,4.0,,2500.0
10594,201404,0,619.0,12,0.0,0.0,0.0,,1200.0,,,34,0.0,87.87,1200.0
10595,201407,1,729.0,12,0.0,0.0,0.0,,1950.0,195.94,0.0,26,0.0,411.1,1950.0
10596,201408,0,3379.0,12,56.0,10.0,12.0,1196.0,1000.0,,,50,6.0,274.41,3000.0
10597,201403,0,324.0,10,0.0,0.0,0.0,,500.0,,,31,0.0,,500.0
10598,201406,0,1129.0,12,0.0,0.0,12.0,120.0,1000.0,799.37,250.7,42,0.0,575.64,1500.0
10599,201410,0,1695.0,12,5.0,1.0,2.0,239.0,1200.0,,,31,3.0,,412.47
10600,201403,1,871.0,12,0.0,0.0,8.0,,500.0,508.69,179.37,47,0.0,242.82,500.0
10601,201412,0,315.0,12,0.0,0.0,0.0,,1723.46,,,33,0.0,,
10602,201411,0,1229.0,4,0.0,3.0,12.0,124.0,400.0,559.37,94.1,56,0.0,420.0,820.0
10603,201401,0,810.0,12,0.0,0.0,2.0,,2000.0,542.27,123.41,52,0.0,383.03,4000.0
10604,201404,0,2495.0,8,5.0,1.0,0.0,,600.0,,,39,7.0,,900.0
10605,201401,1,1001.0,10,0.0,0.0,7.0,148.0,1300.0,,,44,0.0,0.0,4242.53
10606,201408,1,461.0,5,0.0,0.0,0.0,,697.96,,,28,0.0,,697.96
10607,201404,1,289.0,12,0.0,0.0,0.0,,605.57,,,47,0.0,,605.57
10608,201401,0,330.0,10,0.0,0.0,0.0,,500.0,,,31,0.0,,1000.0
10609,201401,0,148.0,12,0.0,0.0,0.0,,700.0,,,35,0.0,,1500.0
10610,201409,1,798.0,10,0.0,0.0,2.0,,600.0,489.7,99.86,38,0.0,419.19,
10611,201402,1,494.0,6,0.0,0.0,0.0,,500.0,,,37,0.0,,1000.0
10612,201410,0,751.0,12,0.0,0.0,0.0,,1000.0,18.0,0.0,33,0.0,64.66,
10613,201402,0,300.0,12,0.0,0.0,0.0,,1300.0,,,55,0.0,,2600.0
10614,201408,1,611.0,12,0.0,0.0,0.0,,399.0,,,32,0.0,0.0,399.0
10615,201407,0,1936.0,12,9.0,1.0,11.0,,2700.0,1192.51,135.9,50,3.0,567.0,4200.0
10616,201406,0,3476.0,6,23.0,0.0,0.0,,500.0,43.98,0.0,33,14.0,45.93,500.0
10617,201406,0,3623.0,8,19.0,0.0,9.0,54.0,830.08,62.25,0.0,51,8.0,209.94,2581.48
10618,201409,1,1581.0,12,3.0,8.0,12.0,799.0,1000.0,1391.64,422.22,55,1.0,,3200.0
10619,201402,1,1518.0,12,1.0,5.0,11.0,144.0,1500.0,341.88,0.0,42,1.0,57.23,5400.0
10620,201404,0,1410.0,12,0.0,6.0,2.0,341.0,1652.0,,,23,0.0,77.8,1652.0
10621,201403,1,373.0,12,0.0,0.0,0.0,,600.0,,,39,0.0,,600.0
10622,201410,0,3340.0,12,42.0,0.0,0.0,,1190.0,,,36,2.0,,727.18
10623,201410,0,658.0,12,0.0,0.0,0.0,,2000.0,,,51,0.0,297.76,2000.0
10624,201410,0,369.0,8,0.0,0.0,0.0,,800.0,,,51,0.0,,
10625,201406,0,902.0,12,0.0,0.0,6.0,,2000.0,712.95,0.0,51,0.0,468.6,3000.0
10626,201409,0,655.0,12,0.0,0.0,0.0,,1500.0,,,30,0.0,143.56,2146.47
10627,201403,1,546.0,12,0.0,0.0,0.0,,2000.0,,,33,0.0,,2500.0
10628,201408,1,683.0,12,0.0,0.0,0.0,,603.08,132.37,40.43,34,0.0,123.0,823.59
10629,201404,0,754.0,12,0.0,0.0,1.0,,1500.0,57.77,0.0,48,0.0,106.62,1500.0
10630,201412,0,3449.0,12,45.0,0.0,7.0,,1700.0,686.34,0.0,63,14.0,537.08,1700.0
10631,201410,0,2653.0,12,23.0,2.0,6.0,53.0,2914.82,268.08,0.0,42,4.0,445.37,2400.0
10632,201410,0,2560.0,12,30.0,10.0,0.0,249.0,1700.0,,,46,6.0,0.0,3000.0
10633,201403,1,275.0,12,0.0,0.0,0.0,,609.05,,,43,0.0,,609.05
10634,201403,0,343.0,10,0.0,0.0,0.0,,1500.0,,,51,0.0,,1500.0
10635,201409,0,3561.0,6,53.0,5.0,4.0,432.0,1325.07,,,33,11.0,,787.48
10636,201401,0,1558.0,6,2.0,10.0,1.0,644.0,1332.65,,,42,1.0,,3881.56
10637,201403,1,182.0,12,0.0,0.0,0.0,,500.0,,,30,0.0,,500.0
10638,201409,0,541.0,12,0.0,0.0,0.0,,2000.0,,,47,0.0,,
10639,201408,0,577.0,5,0.0,0.0,0.0,,649.0,,,48,0.0,8.99,649.0
10640,201406,1,405.0,4,0.0,0.0,0.0,,999.12,,,35,0.0,,999.12
10641,201406,1,224.0,12,0.0,0.0,0.0,,2580.96,,,45,0.0,,2580.96
10642,201406,0,2718.0,12,11.0,9.0,11.0,644.0,1500.0,103.95,0.0,49,3.0,,3500.0
10643,201412,0,1680.0,10,3.0,8.0,10.0,444.0,1600.0,739.64,117.87,38,1.0,113.05,
10644,201407,1,77.0,5,0.0,0.0,0.0,,1000.0,,,44,0.0,17.98,1000.0
10645,201406,0,464.0,12,0.0,0.0,0.0,,866.59,,,40,0.0,,866.59
10646,201410,1,357.0,12,0.0,0.0,0.0,,1700.0,,,46,0.0,,
10647,201411,0,1521.0,12,1.0,8.0,0.0,568.0,2800.0,,,40,1.0,,7259.03
10648,201404,1,1040.0,12,0.0,0.0,10.0,157.0,900.0,178.36,56.4,49,0.0,138.77,900.0
10649,201405,0,504.0,12,0.0,0.0,0.0,,2000.0,,,55,0.0,,2777.43
10650,201404,0,707.0,5,0.0,0.0,0.0,,650.0,,,43,0.0,490.03,650.0
10651,201406,1,400.0,10,0.0,0.0,0.0,,500.0,,,29,0.0,,500.0
10652,201408,1,1867.0,12,10.0,7.0,11.0,245.0,870.0,340.0,0.0,62,3.0,143.84,870.0
10653,201405,0,337.0,5,0.0,0.0,0.0,,200.0,,,28,0.0,,200.0
10654,201412,0,1923.0,12,15.0,9.0,12.0,396.0,1700.0,987.34,168.62,55,1.0,586.57,7000.0
10655,201403,0,801.0,10,0.0,0.0,2.0,,800.0,204.0,0.0,36,0.0,283.84,800.0
10656,201412,0,2716.0,12,30.0,11.0,12.0,1410.0,2000.0,448.85,0.0,61,8.0,259.74,
10657,201407,1,263.0,12,0.0,0.0,0.0,,2000.0,,,52,0.0,,3000.0
10658,201401,0,3663.0,10,38.0,5.0,0.0,55.0,800.0,,,39,16.0,,2100.0
10659,201412,1,217.0,12,0.0,0.0,0.0,,1000.0,,,34,0.0,,
10660,201407,1,242.0,10,0.0,0.0,0.0,,600.0,,,50,0.0,,600.0
10661,201410,0,1060.0,12,0.0,0.0,7.0,,300.0,447.35,0.0,34,0.0,,400.0
10662,201410,0,669.0,3,0.0,0.0,0.0,,500.0,,,42,0.0,323.86,
10663,201408,1,,10,0.0,0.0,0.0,,1387.15,,,45,0.0,,3486.39
10664,201405,0,2844.0,10,27.0,12.0,11.0,1158.0,1000.0,505.87,0.0,38,5.0,617.2,1000.0
10665,201407,0,499.0,10,0.0,0.0,0.0,,700.0,,,43,0.0,,1451.94
10666,201406,0,183.0,12,0.0,0.0,0.0,,2500.0,,,25,0.0,,5300.0
10667,201405,1,279.0,10,0.0,0.0,0.0,,1000.0,,,47,0.0,,1000.0
10668,201407,1,1280.0,12,0.0,2.0,7.0,300.0,2177.97,373.88,0.0,36,0.0,375.78,3477.97
10669,201412,0,2808.0,3,37.0,10.0,12.0,360.0,706.03,696.07,46.57,68,6.0,550.25,
10670,201408,0,767.0,6,0.0,0.0,1.0,,500.0,49.99,0.0,44,0.0,40.92,1900.0
10671,201412,1,666.0,12,0.0,0.0,0.0,,1900.0,149.8,47.82,47,0.0,113.47,1200.0
10672,201408,0,1325.0,12,0.0,6.0,9.0,1088.0,1708.16,585.72,0.0,37,0.0,856.25,
10673,201406,0,3222.0,7,35.0,12.0,12.0,532.0,1000.0,280.78,49.82,55,12.0,322.52,1000.0
10674,201402,1,962.0,12,0.0,0.0,8.0,,1668.44,399.35,107.42,47,0.0,346.82,4748.04
10675,201411,0,4733.0,12,75.0,12.0,11.0,1256.0,600.0,465.67,0.0,42,11.0,140.33,
10676,201404,0,403.0,6,0.0,0.0,0.0,,489.62,,,34,0.0,,489.62
10677,201408,1,198.0,12,0.0,0.0,0.0,,800.0,,,39,0.0,,800.0
10678,201405,0,1481.0,12,0.0,9.0,5.0,,1529.0,693.76,0.0,49,1.0,413.1,6029.0
10679,201412,1,978.0,10,0.0,0.0,9.0,,1500.0,555.82,194.42,35,0.0,384.54,1700.0
10680,201410,0,561.0,12,0.0,0.0,0.0,,1000.0,,,52,0.0,0.0,
10681,201408,1,319.0,12,0.0,0.0,0.0,,2500.0,,,73,0.0,,3377.78
10682,201410,0,310.0,4,0.0,0.0,0.0,,328.0,,,37,0.0,,
10683,201407,0,1785.0,12,5.0,0.0,6.0,,2000.0,932.07,162.55,63,2.0,242.07,2000.0
10684,201402,1,1002.0,12,0.0,0.0,10.0,,1200.0,150.23,0.0,58,0.0,44.67,3380.8
10685,201411,1,1100.0,8,0.0,0.0,12.0,79.0,610.0,547.02,63.66,59,0.0,287.75,
10686,201410,0,2887.0,12,40.0,12.0,12.0,860.0,1000.0,1248.37,0.0,37,2.0,816.07,
10687,201404,0,316.0,12,0.0,0.0,0.0,,600.0,,,47,0.0,,600.0
10688,201409,0,538.0,12,0.0,0.0,0.0,,1000.0,,,35,0.0,,892.04
10689,201406,0,706.0,12,0.0,0.0,0.0,,981.07,,,39,0.0,243.2,981.07
10690,201403,0,243.0,12,0.0,0.0,0.0,,1083.0,,,56,0.0,,1083.0
10691,201412,0,2909.0,12,32.0,11.0,12.0,1519.0,1000.0,2008.71,199.78,51,15.0,1232.97,3000.0
10692,201402,1,652.0,12,0.0,0.0,0.0,,1200.0,,,42,0.0,70.96,1200.0
10693,201402,0,258.0,12,0.0,0.0,0.0,,681.29,,,44,0.0,,681.29
10694,201406,0,2776.0,12,33.0,12.0,12.0,675.0,1200.0,913.68,0.0,47,4.0,512.6,2400.0
10695,201407,0,494.0,12,0.0,0.0,0.0,,1300.0,,,55,0.0,,2300.0
10696,201407,0,,12,0.0,0.0,7.0,,800.0,,,60,0.0,179.34,800.0
10697,201407,1,462.0,12,0.0,0.0,0.0,,800.0,,,49,0.0,,800.0
10698,201404,0,291.0,5,0.0,0.0,0.0,,600.0,,,40,0.0,,600.0
10699,201412,0,371.0,12,0.0,0.0,0.0,,1000.0,,,46,0.0,,
10700,201409,1,3001.0,10,30.0,9.0,12.0,693.0,2000.0,457.49,0.0,47,16.0,486.81,
10701,201409,1,252.0,10,0.0,0.0,0.0,,1000.0,,,37,0.0,,
10702,201407,0,843.0,5,0.0,0.0,6.0,,500.0,569.1,204.74,39,0.0,277.0,500.0
10703,201411,0,4772.0,12,11.0,0.0,0.0,,700.0,,,72,10.0,39.89,
10704,201403,0,919.0,12,0.0,0.0,6.0,,1300.0,471.96,0.0,34,0.0,157.45,1300.0
10705,201405,0,214.0,7,0.0,0.0,0.0,,500.0,,,43,0.0,,500.0
10706,201412,0,599.0,6,0.0,0.0,0.0,,900.0,,,26,0.0,94.33,
10707,201405,0,895.0,12,0.0,0.0,6.0,,1800.0,237.05,0.0,27,0.0,91.19,2800.0
10708,201401,0,213.0,12,0.0,0.0,0.0,,927.86,,,43,0.0,,1855.72
10709,201403,0,181.0,4,0.0,0.0,0.0,,200.0,,,36,0.0,,200.0
10710,201408,1,458.0,12,0.0,0.0,0.0,,1000.0,,,36,0.0,,1500.0
10711,201409,1,571.0,12,0.0,0.0,0.0,,2970.0,,,33,0.0,0.0,3200.0
10712,201408,1,615.0,12,0.0,0.0,0.0,,800.0,,,38,0.0,73.35,1300.0
10713,201411,1,4393.0,12,22.0,0.0,0.0,,1632.19,,,33,2.0,,
10714,201408,0,1347.0,12,0.0,6.0,12.0,373.0,500.0,485.31,31.47,42,0.0,486.76,500.0
10715,201407,0,255.0,6,0.0,0.0,0.0,,500.0,,,47,0.0,,500.0
10716,201405,1,308.0,12,0.0,0.0,0.0,,600.0,,,46,0.0,,600.0
10717,201401,0,2698.0,12,33.0,10.0,12.0,341.0,1000.0,751.73,0.0,38,7.0,578.77,2000.0
10718,201405,0,478.0,12,0.0,0.0,0.0,,1300.0,,,69,0.0,,2300.0
10719,201407,0,576.0,12,0.0,0.0,0.0,,1200.0,,,25,0.0,0.0,2263.78
10720,201405,1,1266.0,12,0.0,5.0,12.0,485.0,1380.67,705.17,0.0,32,0.0,466.54,1380.67
10721,201410,0,676.0,12,0.0,0.0,0.0,,1000.0,,,47,0.0,276.52,
10722,201404,0,3177.0,12,30.0,11.0,8.0,251.0,1500.0,265.28,63.37,45,20.0,463.64,2651.28
10723,201403,1,365.0,12,0.0,0.0,0.0,,2700.0,,,47,0.0,,2700.0
10724,201401,1,241.0,12,0.0,0.0,0.0,,2479.78,,,60,0.0,,4959.56
10725,201402,0,4054.0,12,50.0,10.0,11.0,1972.0,2200.0,3765.17,1173.94,66,20.0,1251.97,12400.0
10726,201403,1,508.0,12,0.0,0.0,0.0,,2000.0,,,31,0.0,,2978.08
10727,201412,0,616.0,8,0.0,0.0,0.0,,800.0,,,36,0.0,160.17,1750.0
10728,201406,1,439.0,12,0.0,0.0,0.0,,1500.0,,,52,0.0,0.0,2300.0
10729,201402,1,638.0,12,0.0,0.0,0.0,,1000.0,,,34,0.0,176.74,2400.0
10730,201402,0,4213.0,10,20.0,2.0,10.0,86.0,800.0,745.04,35.14,30,17.0,720.94,1600.0
10731,201409,0,704.0,12,0.0,0.0,0.0,,2000.0,,,38,0.0,164.95,2629.66
10732,201411,1,4536.0,6,11.0,0.0,0.0,,1000.0,,,32,18.0,,200.0
10733,201402,1,389.0,12,0.0,0.0,0.0,,1000.0,,,38,0.0,,2000.0
10734,201406,0,515.0,10,0.0,0.0,0.0,,500.0,,,27,0.0,,500.0
10735,201407,0,1029.0,12,0.0,0.0,10.0,91.0,1724.65,203.07,61.11,40,0.0,29.01,5524.65
10736,201403,1,819.0,12,0.0,0.0,3.0,,2759.03,260.0,0.0,45,0.0,369.46,3759.03
10737,201402,1,1740.0,12,6.0,8.0,8.0,379.0,1000.0,447.77,92.91,28,2.0,319.33,2000.0
10738,201404,1,2573.0,12,17.0,8.0,11.0,654.0,1851.27,386.77,0.0,28,8.0,130.75,1851.27
